datetime,y_pred,y_test
2025-09-30T22:00:00Z,103.15532439233169,91.565
2025-09-30T23:00:00Z,99.45266947214814,86.285
2025-10-01T00:00:00Z,99.32554005844409,84.8725
2025-10-01T01:00:00Z,100.92721700440663,88.325
2025-10-01T02:00:00Z,104.79514411869202,87.655
2025-10-01T03:00:00Z,114.19839180637555,95.3275
2025-10-01T04:00:00Z,147.5879401006535,124.96
2025-10-01T05:00:00Z,175.4396071955175,173.29999999999998
2025-10-01T06:00:00Z,156.51980899139562,139.0875
2025-10-01T07:00:00Z,117.21310926387146,105.25
2025-10-01T08:00:00Z,91.08389346179635,86.035
2025-10-01T09:00:00Z,62.75525082190496,70.5675
2025-10-01T10:00:00Z,56.480060759013774,66.025
2025-10-01T11:00:00Z,62.10972977957198,68.4
2025-10-01T12:00:00Z,74.28864591716042,72.6275
2025-10-01T13:00:00Z,91.55469378025981,81.7225
2025-10-01T14:00:00Z,108.93128783303521,92.87
2025-10-01T15:00:00Z,143.52990442857248,135.39999999999998
2025-10-01T16:00:00Z,190.87084687503852,253.2375
2025-10-01T17:00:00Z,193.2749087938521,339.9925
2025-10-01T18:00:00Z,163.3401350440617,152.0225
2025-10-01T19:00:00Z,132.8713057704237,113.035
2025-10-01T20:00:00Z,115.03240670638242,98.51
2025-10-01T21:00:00Z,107.98819468090032,90.6475
2025-10-01T22:00:00Z,103.16455486822747,90.805
2025-10-01T23:00:00Z,96.55305856139522,88.0
2025-10-02T00:00:00Z,94.57032803666868,86.52499999999999
2025-10-02T01:00:00Z,96.46012124867694,88.56
2025-10-02T02:00:00Z,96.63663853625935,90.8075
2025-10-02T03:00:00Z,104.67138834646164,95.9725
2025-10-02T04:00:00Z,124.58017638212445,128.72
2025-10-02T05:00:00Z,157.97672490994927,181.0875
2025-10-02T06:00:00Z,137.0227088429777,136.67749999999998
2025-10-02T07:00:00Z,100.4294694548681,100.505
2025-10-02T08:00:00Z,74.94503295278892,91.48
2025-10-02T09:00:00Z,35.85326525148813,78.285
2025-10-02T10:00:00Z,28.735191799650075,65.77
2025-10-02T11:00:00Z,32.452699831459455,60.5
2025-10-02T12:00:00Z,49.701589298981055,71.28999999999999
2025-10-02T13:00:00Z,72.66302601542603,80.6625
2025-10-02T14:00:00Z,94.522945726655,91.445
2025-10-02T15:00:00Z,126.90862953358172,113.32
2025-10-02T16:00:00Z,166.28368894128607,167.925
2025-10-02T17:00:00Z,164.4889874607693,176.8375
2025-10-02T18:00:00Z,135.01677935057438,109.92
2025-10-02T19:00:00Z,115.3632595890363,90.855
2025-10-02T20:00:00Z,95.6378223172248,96.6575
2025-10-02T21:00:00Z,86.8889119439938,82.0925
2025-10-02T22:00:00Z,74.06962290387843,85.9325
2025-10-02T23:00:00Z,70.31140499784325,77.14
2025-10-03T00:00:00Z,66.48898243158601,71.75
2025-10-03T01:00:00Z,66.3710847678993,73.9075
2025-10-03T02:00:00Z,68.8899897269623,76.2875
2025-10-03T03:00:00Z,68.73713765268306,77.98
2025-10-03T04:00:00Z,75.18121239092243,93.78
2025-10-03T05:00:00Z,87.22296559014485,100.4175
2025-10-03T06:00:00Z,70.19675832057754,103.68
2025-10-03T07:00:00Z,53.72964788336662,83.9025
2025-10-03T08:00:00Z,22.812455170938982,59.9975
2025-10-03T09:00:00Z,12.116666847894127,40.5025
2025-10-03T10:00:00Z,7.6991008820273965,26.3525
2025-10-03T11:00:00Z,2.2990217623436777,16.502499999999998
2025-10-03T12:00:00Z,4.525271827427503,26.2025
2025-10-03T13:00:00Z,9.598255279396286,49.8825
2025-10-03T14:00:00Z,35.031901543581455,63.3925
2025-10-03T15:00:00Z,65.73969545653223,89.9
2025-10-03T16:00:00Z,81.20865316100901,120.76
2025-10-03T17:00:00Z,82.70782063536755,109.01
2025-10-03T18:00:00Z,64.13141362575067,75.03999999999999
2025-10-03T19:00:00Z,48.1590965778721,43.4425
2025-10-03T20:00:00Z,44.022814994410396,25.4025
2025-10-03T21:00:00Z,19.954430320999546,11.1075
2025-10-03T22:00:00Z,8.705847693274123,0.7250000000000001
2025-10-03T23:00:00Z,13.484344645810534,-0.01
2025-10-04T00:00:00Z,5.852531776082278,-0.0425
2025-10-04T01:00:00Z,3.877342224836182,-0.0975
2025-10-04T02:00:00Z,1.5741650998505108,-1.1275
2025-10-04T03:00:00Z,1.9196686688590212,-1.905
2025-10-04T04:00:00Z,2.065232437397036,-1.915
2025-10-04T05:00:00Z,1.603734319528833,-0.775
2025-10-04T06:00:00Z,9.544107484108995,-0.3
2025-10-04T07:00:00Z,8.707848582060219,-0.1625
2025-10-04T08:00:00Z,12.984196968526739,-0.09
2025-10-04T09:00:00Z,8.618418313332771,-0.0975
2025-10-04T10:00:00Z,-0.6403566638175189,-0.08
2025-10-04T11:00:00Z,-4.522493903094269,-0.44
2025-10-04T12:00:00Z,-8.049578057446244,-2.045
2025-10-04T13:00:00Z,1.2397122577612176,-2.605
2025-10-04T14:00:00Z,14.369742944943926,-0.095
2025-10-04T15:00:00Z,15.338081375264808,-0.0925
2025-10-04T16:00:00Z,24.835592375618045,1.105
2025-10-04T17:00:00Z,23.653487779927005,3.23
2025-10-04T18:00:00Z,21.571718870501375,0.3225
2025-10-04T19:00:00Z,16.759524729179482,-0.0949999999999999
2025-10-04T20:00:00Z,17.485250524930436,-0.0525
2025-10-04T21:00:00Z,8.64090315890016,-0.3425
2025-10-04T22:00:00Z,10.8774172042553,-0.7475
2025-10-04T23:00:00Z,8.106642900743573,-1.4025
2025-10-05T00:00:00Z,7.0889995470884095,-4.19
2025-10-05T01:00:00Z,6.7592164938906985,-4.3775
2025-10-05T02:00:00Z,9.839818891193689,-4.98
2025-10-05T03:00:00Z,9.214636893468484,-4.4575
2025-10-05T04:00:00Z,14.365746576063632,-3.76
2025-10-05T05:00:00Z,17.4894238738641,-1.505
2025-10-05T06:00:00Z,19.607936833067143,-0.0875
2025-10-05T07:00:00Z,18.234395447113474,-1.3925
2025-10-05T08:00:00Z,14.18747912191912,-3.33
2025-10-05T09:00:00Z,-1.4218424819271807,-2.0175
2025-10-05T10:00:00Z,-3.4192146673302837,-3.415
2025-10-05T11:00:00Z,-5.322119356480837,-3.3875
2025-10-05T12:00:00Z,-3.58238150390968,-2.9425
2025-10-05T13:00:00Z,0.0918022829469507,-2.3925
2025-10-05T14:00:00Z,16.64327632596844,-0.6875
2025-10-05T15:00:00Z,24.35192472422606,0.8525
2025-10-05T16:00:00Z,39.31203080646809,16.0825
2025-10-05T17:00:00Z,41.98183819813672,35.0475
2025-10-05T18:00:00Z,37.14627616972602,19.83
2025-10-05T19:00:00Z,28.22265133056448,5.4775
2025-10-05T20:00:00Z,25.40029161883917,5.202500000000001
2025-10-05T21:00:00Z,19.968671408627802,4.075
2025-10-05T22:00:00Z,17.404246194095528,20.845
2025-10-05T23:00:00Z,15.958189815635622,10.0475
2025-10-06T00:00:00Z,18.820983988823208,9.1025
2025-10-06T01:00:00Z,20.227306491138528,10.7325
2025-10-06T02:00:00Z,21.395698417168294,16.8
2025-10-06T03:00:00Z,27.858307009834174,22.6025
2025-10-06T04:00:00Z,72.99761287433319,68.585
2025-10-06T05:00:00Z,96.80374710123256,105.0525
2025-10-06T06:00:00Z,102.69498103087784,121.7675
2025-10-06T07:00:00Z,89.7495344153924,121.1175
2025-10-06T08:00:00Z,76.85022701676823,100.5275
2025-10-06T09:00:00Z,76.40104239224596,89.3025
2025-10-06T10:00:00Z,75.8678480161192,87.325
2025-10-06T11:00:00Z,71.1273518443448,84.5975
2025-10-06T12:00:00Z,77.54987714891965,92.3275
2025-10-06T13:00:00Z,85.09585481700259,94.5475
2025-10-06T14:00:00Z,98.61649469148354,104.7725
2025-10-06T15:00:00Z,127.98058617891616,120.29
2025-10-06T16:00:00Z,147.15193043248627,141.5875
2025-10-06T17:00:00Z,150.46684664468626,168.315
2025-10-06T18:00:00Z,144.21491499058334,133.6775
2025-10-06T19:00:00Z,121.98291438048864,120.2025
2025-10-06T20:00:00Z,111.09812415363614,118.665
2025-10-06T21:00:00Z,99.0760450622512,105.5
2025-10-06T22:00:00Z,105.57253654125469,100.2625
2025-10-06T23:00:00Z,101.0430606112584,93.9875
2025-10-07T00:00:00Z,97.41316932281738,89.8175
2025-10-07T01:00:00Z,95.16101306803073,89.55
2025-10-07T02:00:00Z,102.3338674893232,92.975
2025-10-07T03:00:00Z,114.21846823955387,96.74
2025-10-07T04:00:00Z,145.7626670937284,134.885
2025-10-07T05:00:00Z,173.08873437231807,228.555
2025-10-07T06:00:00Z,182.77346786939137,287.67
2025-10-07T07:00:00Z,162.8261880246481,212.1825
2025-10-07T08:00:00Z,144.41746742566585,154.66
2025-10-07T09:00:00Z,133.55954082050573,129.9075
2025-10-07T10:00:00Z,123.16273209707138,110.94
2025-10-07T11:00:00Z,116.70493395381264,106.1825
2025-10-07T12:00:00Z,114.70931144583737,105.3525
2025-10-07T13:00:00Z,116.0689378617434,113.16
2025-10-07T14:00:00Z,132.17401623339708,122.105
2025-10-07T15:00:00Z,154.32573203376876,151.84
2025-10-07T16:00:00Z,179.56571729701216,202.4175
2025-10-07T17:00:00Z,186.03042303072175,213.28
2025-10-07T18:00:00Z,161.02932427328238,146.34
2025-10-07T19:00:00Z,136.52520601732363,123.2425
2025-10-07T20:00:00Z,126.36059063169785,107.4225
2025-10-07T21:00:00Z,116.60314234791747,97.4825
2025-10-07T22:00:00Z,110.65876052401597,93.4525
2025-10-07T23:00:00Z,102.84370630781557,88.4375
2025-10-08T00:00:00Z,100.8131026358358,87.56
2025-10-08T01:00:00Z,100.30753405288382,86.975
2025-10-08T02:00:00Z,104.82093606802182,89.6725
2025-10-08T03:00:00Z,109.09238889888213,97.395
2025-10-08T04:00:00Z,137.31911525450187,117.1075
2025-10-08T05:00:00Z,187.19029280751352,155.58
2025-10-08T06:00:00Z,196.96124962772393,166.395
2025-10-08T07:00:00Z,178.59959665220072,135.17499999999998
2025-10-08T08:00:00Z,150.82655336981696,118.445
2025-10-08T09:00:00Z,129.2817469646523,103.325
2025-10-08T10:00:00Z,115.4502790485075,90.8225
2025-10-08T11:00:00Z,113.48119612728915,89.33500000000001
2025-10-08T12:00:00Z,112.88965182982871,90.4425
2025-10-08T13:00:00Z,121.86454379175328,99.4275
2025-10-08T14:00:00Z,132.00453020121222,117.465
2025-10-08T15:00:00Z,161.514823190323,149.48000000000002
2025-10-08T16:00:00Z,200.86747882424913,183.8075
2025-10-08T17:00:00Z,196.9538424408757,199.0025
2025-10-08T18:00:00Z,171.22922708222683,141.695
2025-10-08T19:00:00Z,151.34456417335105,114.74
2025-10-08T20:00:00Z,124.11121087744378,108.24
2025-10-08T21:00:00Z,114.65216450185312,97.8325
2025-10-08T22:00:00Z,102.7868376649763,97.215
2025-10-08T23:00:00Z,99.19189906808906,92.5825
2025-10-09T00:00:00Z,96.306136382831,93.2625
2025-10-09T01:00:00Z,94.03056306182754,90.8175
2025-10-09T02:00:00Z,96.71704335618283,92.7
2025-10-09T03:00:00Z,103.14528582830903,101.1525
2025-10-09T04:00:00Z,127.99523490854742,125.58
2025-10-09T05:00:00Z,166.5685983595568,145.0
2025-10-09T06:00:00Z,165.73418184751563,149.9
2025-10-09T07:00:00Z,136.92003441058642,132.4875
2025-10-09T08:00:00Z,114.68445926890614,109.6875
2025-10-09T09:00:00Z,104.18181827989687,96.9625
2025-10-09T10:00:00Z,92.39312040179068,91.0225
2025-10-09T11:00:00Z,83.42342366486389,83.3525
2025-10-09T12:00:00Z,80.93174605957601,83.2
2025-10-09T13:00:00Z,86.12133786785627,88.8275
2025-10-09T14:00:00Z,95.26839686895372,92.075
2025-10-09T15:00:00Z,115.91545664510316,110.01
2025-10-09T16:00:00Z,138.09773091751418,122.9075
2025-10-09T17:00:00Z,133.8192047241012,123.1125
2025-10-09T18:00:00Z,113.75395885100275,112.3625
2025-10-09T19:00:00Z,95.86067192730265,98.0925
2025-10-09T20:00:00Z,87.81773866596839,96.8325
2025-10-09T21:00:00Z,83.66248282682015,88.7
2025-10-09T22:00:00Z,80.8424127104964,88.01
2025-10-09T23:00:00Z,75.71712053158572,84.9675
2025-10-10T00:00:00Z,70.28986383938243,80.0875
2025-10-10T01:00:00Z,72.84716973841363,78.285
2025-10-10T02:00:00Z,72.2074338736565,79.21000000000001
2025-10-10T03:00:00Z,75.5505900341357,86.0725
2025-10-10T04:00:00Z,95.74383626910299,102.6375
2025-10-10T05:00:00Z,113.70795142070409,119.325
2025-10-10T06:00:00Z,115.7958187388815,122.6125
2025-10-10T07:00:00Z,101.0535078459472,107.765
2025-10-10T08:00:00Z,90.1452877776217,93.0075
2025-10-10T09:00:00Z,78.40577669701713,82.1175
2025-10-10T10:00:00Z,73.31340918366983,77.5325
2025-10-10T11:00:00Z,72.24004725014345,75.69
2025-10-10T12:00:00Z,72.704573695639,77.2575
2025-10-10T13:00:00Z,82.1659518209037,88.89500000000001
2025-10-10T14:00:00Z,93.41646522430469,97.8575
2025-10-10T15:00:00Z,109.52277439730037,118.2
2025-10-10T16:00:00Z,127.38703075954004,120.605
2025-10-10T17:00:00Z,123.17118920110921,123.29
2025-10-10T18:00:00Z,114.626135374236,115.39
2025-10-10T19:00:00Z,102.09393232595724,103.915
2025-10-10T20:00:00Z,98.6592759455387,97.7375
2025-10-10T21:00:00Z,92.11013763306866,93.35
2025-10-10T22:00:00Z,81.73852845394214,92.9675
2025-10-10T23:00:00Z,77.10273024456706,88.83500000000001
2025-10-11T00:00:00Z,75.4892148358561,87.3875
2025-10-11T01:00:00Z,74.65849172366478,84.175
2025-10-11T02:00:00Z,77.06713008803234,82.0275
2025-10-11T03:00:00Z,77.44741454773845,84.755
2025-10-11T04:00:00Z,80.47880672493595,90.265
2025-10-11T05:00:00Z,97.05496790246357,96.7525
2025-10-11T06:00:00Z,103.45343701479531,100.4
2025-10-11T07:00:00Z,88.87168306091704,92.96
2025-10-11T08:00:00Z,77.48155751036995,82.4325
2025-10-11T09:00:00Z,69.36044536645659,74.02
2025-10-11T10:00:00Z,54.320915530092826,55.4175
2025-10-11T11:00:00Z,41.37305097968009,46.7725
2025-10-11T12:00:00Z,42.21608791611004,51.03
2025-10-11T13:00:00Z,61.3250288581222,76.9425
2025-10-11T14:00:00Z,84.91891913404895,83.65
2025-10-11T15:00:00Z,108.2754041693112,114.005
2025-10-11T16:00:00Z,118.27789717006674,126.4375
2025-10-11T17:00:00Z,117.10147666718235,130.1725
2025-10-11T18:00:00Z,115.5689383425221,120.635
2025-10-11T19:00:00Z,110.68814305878821,112.545
2025-10-11T20:00:00Z,101.61564277056605,106.9075
2025-10-11T21:00:00Z,97.55144790877257,95.0975
2025-10-11T22:00:00Z,98.63141865732909,96.1775
2025-10-11T23:00:00Z,91.18707689123526,92.1675
2025-10-12T00:00:00Z,84.49275091501461,88.86
2025-10-12T01:00:00Z,79.77283857933227,85.13
2025-10-12T02:00:00Z,77.82785112731811,86.4125
2025-10-12T03:00:00Z,74.98666275933338,86.6575
2025-10-12T04:00:00Z,74.7543910895445,88.3
2025-10-12T05:00:00Z,81.91922015244526,89.1725
2025-10-12T06:00:00Z,83.4915873171221,88.66
2025-10-12T07:00:00Z,80.5425752875639,83.0625
2025-10-12T08:00:00Z,74.16721476715024,76.205
2025-10-12T09:00:00Z,60.47376486340399,71.9
2025-10-12T10:00:00Z,53.23858255956589,66.8875
2025-10-12T11:00:00Z,47.678388614995995,52.16
2025-10-12T12:00:00Z,52.55039430692057,62.475
2025-10-12T13:00:00Z,70.35498892629195,79.985
2025-10-12T14:00:00Z,84.80698450266333,88.0025
2025-10-12T15:00:00Z,106.86018421799136,105.55
2025-10-12T16:00:00Z,117.9895346667367,108.9
2025-10-12T17:00:00Z,123.59202949489095,116.64
2025-10-12T18:00:00Z,120.04251960423203,115.5275
2025-10-12T19:00:00Z,116.19755127997156,110.4475
2025-10-12T20:00:00Z,112.67698739728158,107.79
2025-10-12T21:00:00Z,104.37871107386047,93.445
2025-10-12T22:00:00Z,99.76868121669646,93.4525
2025-10-12T23:00:00Z,99.2323654333987,90.26
2025-10-13T00:00:00Z,93.39633863328027,90.8325
2025-10-13T01:00:00Z,90.82600127116926,89.1225
2025-10-13T02:00:00Z,90.51575735319686,93.4525
2025-10-13T03:00:00Z,98.22629480280746,98.095
2025-10-13T04:00:00Z,122.58440598955696,131.41
2025-10-13T05:00:00Z,163.45490892236984,218.6375
2025-10-13T06:00:00Z,176.75119583130112,199.5575
2025-10-13T07:00:00Z,145.00090230634362,150.185
2025-10-13T08:00:00Z,126.64782304284768,125.0975
2025-10-13T09:00:00Z,113.59310529280053,110.0
2025-10-13T10:00:00Z,101.13906034310965,95.1
2025-10-13T11:00:00Z,95.29829541212811,89.8575
2025-10-13T12:00:00Z,99.53120230799689,92.0975
2025-10-13T13:00:00Z,107.85484738509881,101.8425
2025-10-13T14:00:00Z,116.58159935551271,117.9025
2025-10-13T15:00:00Z,144.4517564386323,180.6
2025-10-13T16:00:00Z,209.50220797675473,305.74
2025-10-13T17:00:00Z,205.6778238232397,306.575
2025-10-13T18:00:00Z,166.37353437377084,186.9525
2025-10-13T19:00:00Z,139.73848323208176,137.175
2025-10-13T20:00:00Z,129.32901168138224,121.9875
2025-10-13T21:00:00Z,114.08892098166328,111.275
2025-10-13T22:00:00Z,110.51061557301537,109.1825
2025-10-13T23:00:00Z,108.23763751839569,103.015
2025-10-14T00:00:00Z,101.91956148434483,99.52
2025-10-14T01:00:00Z,98.21381847522902,98.8675
2025-10-14T02:00:00Z,99.30310258871796,100.0475
2025-10-14T03:00:00Z,105.22530668342596,101.4475
2025-10-14T04:00:00Z,132.62559975761246,123.2925
2025-10-14T05:00:00Z,173.81753348666155,160.195
2025-10-14T06:00:00Z,175.10102838596646,190.82
2025-10-14T07:00:00Z,144.79526921616582,156.445
2025-10-14T08:00:00Z,127.75762483163084,134.725
2025-10-14T09:00:00Z,117.56891689344225,119.845
2025-10-14T10:00:00Z,113.17332118121563,107.6475
2025-10-14T11:00:00Z,107.4757639345684,102.9975
2025-10-14T12:00:00Z,109.28637186504062,105.265
2025-10-14T13:00:00Z,115.40630397577421,122.275
2025-10-14T14:00:00Z,129.79341109623715,146.6
2025-10-14T15:00:00Z,172.29625401564556,219.195
2025-10-14T16:00:00Z,207.7774668908524,404.9575
2025-10-14T17:00:00Z,209.58287699819618,407.205
2025-10-14T18:00:00Z,211.57459548616362,225.48
2025-10-14T19:00:00Z,177.1412723838895,163.04
2025-10-14T20:00:00Z,141.26682672278162,129.85750000000002
2025-10-14T21:00:00Z,126.82197965439563,115.36
2025-10-14T22:00:00Z,123.89298626397311,115.4625
2025-10-14T23:00:00Z,120.0341916019998,111.865
2025-10-15T00:00:00Z,112.98429029249976,107.68
2025-10-15T01:00:00Z,113.06876422426681,103.6175
2025-10-15T02:00:00Z,117.8433799396237,106.48
2025-10-15T03:00:00Z,123.17973888496282,114.3975
2025-10-15T04:00:00Z,164.7628118733199,151.96
2025-10-15T05:00:00Z,218.55415813584335,278.74
2025-10-15T06:00:00Z,241.24878389438157,276.1975
2025-10-15T07:00:00Z,175.78851174697775,181.0525
2025-10-15T08:00:00Z,155.83737262651607,142.3575
2025-10-15T09:00:00Z,128.435548440689,126.105
2025-10-15T10:00:00Z,120.67896106289163,119.425
2025-10-15T11:00:00Z,117.69915973062976,112.8775
2025-10-15T12:00:00Z,118.23157007844667,115.3925
2025-10-15T13:00:00Z,126.70919061765248,122.6425
2025-10-15T14:00:00Z,147.22291003915547,135.6925
2025-10-15T15:00:00Z,181.1327869655433,170.0
2025-10-15T16:00:00Z,203.27203294590117,221.8775
2025-10-15T17:00:00Z,185.5833883577434,220.0
2025-10-15T18:00:00Z,167.63394357881623,152.845
2025-10-15T19:00:00Z,139.45533929106426,124.3425
2025-10-15T20:00:00Z,121.73572467298325,98.21
2025-10-15T21:00:00Z,114.04706831444663,88.17
2025-10-15T22:00:00Z,105.96612054683563,88.16499999999999
2025-10-15T23:00:00Z,97.74591852157758,85.8075
2025-10-16T00:00:00Z,90.56273830446808,88.0
2025-10-16T01:00:00Z,86.30573032694076,86.655
2025-10-16T02:00:00Z,87.17549077729207,88.335
2025-10-16T03:00:00Z,101.99310134390923,85.045
2025-10-16T04:00:00Z,119.99244991616746,96.1925
2025-10-16T05:00:00Z,142.8343895289131,116.1225
2025-10-16T06:00:00Z,148.79319836405267,132.76749999999998
2025-10-16T07:00:00Z,135.39302092527834,119.93
2025-10-16T08:00:00Z,118.91227148878498,92.2375
2025-10-16T09:00:00Z,104.68440842784302,88.3075
2025-10-16T10:00:00Z,99.33937215035641,83.4025
2025-10-16T11:00:00Z,96.85763523971683,81.47500000000001
2025-10-16T12:00:00Z,92.3908607747892,82.98
2025-10-16T13:00:00Z,98.38771629886675,83.0275
2025-10-16T14:00:00Z,108.74129645741449,89.0275
2025-10-16T15:00:00Z,131.405911198928,120.915
2025-10-16T16:00:00Z,139.08323046089862,130.0
2025-10-16T17:00:00Z,138.66374622951236,140.59
2025-10-16T18:00:00Z,128.07116416831474,125.595
2025-10-16T19:00:00Z,117.09349919499478,102.2325
2025-10-16T20:00:00Z,103.43716430504983,99.855
2025-10-16T21:00:00Z,96.02001176335695,93.3625
2025-10-16T22:00:00Z,94.77763632345092,88.14750000000001
2025-10-16T23:00:00Z,91.14864788326953,88.3125
2025-10-17T00:00:00Z,90.9639397680867,89.0575
2025-10-17T01:00:00Z,90.09663733913148,88.4575
2025-10-17T02:00:00Z,91.90011883457133,90.5875
2025-10-17T03:00:00Z,93.85398933708734,94.51
2025-10-17T04:00:00Z,108.3740812238845,107.91
2025-10-17T05:00:00Z,129.4561942799618,129.485
2025-10-17T06:00:00Z,143.5271088386603,144.835
2025-10-17T07:00:00Z,127.5360650677461,129.02
2025-10-17T08:00:00Z,106.00710179959907,117.18
2025-10-17T09:00:00Z,95.49640154607997,99.0375
2025-10-17T10:00:00Z,90.31983842429945,88.14
2025-10-17T11:00:00Z,86.15580722454298,86.7175
2025-10-17T12:00:00Z,88.46659268963249,87.805
2025-10-17T13:00:00Z,90.92311154788413,88.6425
2025-10-17T14:00:00Z,94.8992127471546,95.0
2025-10-17T15:00:00Z,126.45915257076018,117.1675
2025-10-17T16:00:00Z,133.8386687729635,129.31
2025-10-17T17:00:00Z,137.38209329656752,130.69
2025-10-17T18:00:00Z,128.7020696254329,116.9875
2025-10-17T19:00:00Z,112.65253848637317,104.055
2025-10-17T20:00:00Z,108.48024652737091,102.1825
2025-10-17T21:00:00Z,100.26584950072444,92.4975
2025-10-17T22:00:00Z,94.78933060339759,94.615
2025-10-17T23:00:00Z,92.39006928461247,89.86
2025-10-18T00:00:00Z,91.40746353781108,89.8125
2025-10-18T01:00:00Z,94.66924675543417,88.33500000000001
2025-10-18T02:00:00Z,94.41988564688576,88.35
2025-10-18T03:00:00Z,96.02868341754618,88.315
2025-10-18T04:00:00Z,99.7487169188513,91.955
2025-10-18T05:00:00Z,116.3176056024436,109.4725
2025-10-18T06:00:00Z,116.02749122565277,114.545
2025-10-18T07:00:00Z,103.71450671748222,102.2425
2025-10-18T08:00:00Z,83.45191269436201,91.4675
2025-10-18T09:00:00Z,65.03616284913008,80.7875
2025-10-18T10:00:00Z,41.28398549674765,73.94
2025-10-18T11:00:00Z,29.693226954020076,67.5325
2025-10-18T12:00:00Z,38.324768053740286,72.2975
2025-10-18T13:00:00Z,74.699091600923,83.5
2025-10-18T14:00:00Z,97.28678522432284,96.55
2025-10-18T15:00:00Z,127.14189215763129,120.64
2025-10-18T16:00:00Z,154.36526519214908,133.235
2025-10-18T17:00:00Z,141.25532179660928,124.8225
2025-10-18T18:00:00Z,126.80360336804236,112.995
2025-10-18T19:00:00Z,114.27430003499342,92.5525
2025-10-18T20:00:00Z,103.80222667964672,95.5775
2025-10-18T21:00:00Z,91.27010938168353,94.355
2025-10-18T22:00:00Z,84.43528018174834,92.3425
2025-10-18T23:00:00Z,78.76158909580884,87.58500000000001
2025-10-19T00:00:00Z,76.7855268279639,82.2925
2025-10-19T01:00:00Z,76.54164857170939,82.14
2025-10-19T02:00:00Z,75.31051051939973,83.2125
2025-10-19T03:00:00Z,72.53207797229094,83.4975
2025-10-19T04:00:00Z,73.57750272001505,85.25
2025-10-19T05:00:00Z,74.80163648928051,85.255
2025-10-19T06:00:00Z,73.28430593373008,87.1575
2025-10-19T07:00:00Z,66.19436866911846,78.4325
2025-10-19T08:00:00Z,56.671721530962735,69.6375
2025-10-19T09:00:00Z,46.48738861991546,60.3
2025-10-19T10:00:00Z,30.86257553956813,34.567499999999995
2025-10-19T11:00:00Z,18.92444936459803,20.295
2025-10-19T12:00:00Z,18.91678154387151,36.2175
2025-10-19T13:00:00Z,47.7077387011785,66.77250000000001
2025-10-19T14:00:00Z,68.91306915893438,89.93
2025-10-19T15:00:00Z,81.0977857276594,106.0725
2025-10-19T16:00:00Z,87.69594954587993,107.6875
2025-10-19T17:00:00Z,78.02264091275742,85.62
2025-10-19T18:00:00Z,69.04379326291189,75.5025
2025-10-19T19:00:00Z,58.07672730156825,73.15
2025-10-19T20:00:00Z,58.10714454169368,74.74249999999999
2025-10-19T21:00:00Z,54.98468888938943,60.855
2025-10-19T22:00:00Z,48.82930304131329,70.03750000000001
2025-10-19T23:00:00Z,48.309725762153526,63.975
2025-10-20T00:00:00Z,45.62590769582315,60.98
2025-10-20T01:00:00Z,41.77347200400948,60.0025
2025-10-20T02:00:00Z,41.57860967474605,60.6025
2025-10-20T03:00:00Z,49.864207973235345,74.81
2025-10-20T04:00:00Z,68.80927512787952,76.2525
2025-10-20T05:00:00Z,88.49593538422978,91.8675
2025-10-20T06:00:00Z,92.46315094755708,125.0975
2025-10-20T07:00:00Z,80.92123854354166,92.185
2025-10-20T08:00:00Z,69.29327309053463,73.15
2025-10-20T09:00:00Z,64.33043293327788,69.935
2025-10-20T10:00:00Z,60.24892312698274,60.2875
2025-10-20T11:00:00Z,59.20958642956372,65.27250000000001
2025-10-20T12:00:00Z,64.12056017962259,76.08500000000001
2025-10-20T13:00:00Z,73.54110422899282,97.14
2025-10-20T14:00:00Z,86.09144074222077,119.51
2025-10-20T15:00:00Z,106.66590109020389,131.1225
2025-10-20T16:00:00Z,106.13791410719834,125.09
2025-10-20T17:00:00Z,94.27465699375153,103.0
2025-10-20T18:00:00Z,82.93363344763472,82.29
2025-10-20T19:00:00Z,71.88183418606002,76.2525
2025-10-20T20:00:00Z,56.4404230826107,68.3775
2025-10-20T21:00:00Z,37.5150771541322,51.0
2025-11-03T23:00:00Z,41.44793795110219,16.53
2025-11-04T00:00:00Z,40.139008037040824,7.2575
2025-11-04T01:00:00Z,39.47827309723628,4.925
2025-11-04T02:00:00Z,40.81097565108446,6.3125
2025-11-04T03:00:00Z,48.360929412408275,21.1975
2025-11-04T04:00:00Z,60.66326770737693,58.4325
2025-11-04T05:00:00Z,80.81422304009297,81.0375
2025-11-04T06:00:00Z,98.22135595892348,114.3075
2025-11-04T07:00:00Z,88.45628010845437,110.0
2025-11-04T08:00:00Z,72.82074193767765,80.8475
2025-11-04T09:00:00Z,66.4551296739358,60.6475
2025-11-04T10:00:00Z,53.58887752572519,52.87
2025-11-04T11:00:00Z,48.094309516950105,50.1525
2025-11-04T12:00:00Z,59.658560049681505,66.9375
2025-11-04T13:00:00Z,81.10148701887009,81.05
2025-11-04T14:00:00Z,97.06374351971256,116.265
2025-11-04T15:00:00Z,111.06045640963238,127.475
2025-11-04T16:00:00Z,114.16806905273563,129.1
2025-11-04T17:00:00Z,118.65914949721146,122.7625
2025-11-04T18:00:00Z,110.12102344107556,106.6975
2025-11-04T19:00:00Z,95.27408812929419,96.7525
2025-11-04T20:00:00Z,87.31413787607046,91.365
2025-11-04T21:00:00Z,80.94491666114482,86.2375
2025-11-04T22:00:00Z,76.18715673209293,76.1225
2025-11-04T23:00:00Z,60.16737360477107,77.33
2025-11-05T00:00:00Z,58.03049209349149,75.8225
2025-11-05T01:00:00Z,53.93198640891359,74.35499999999999
2025-11-05T02:00:00Z,52.01426440802875,74.6825
2025-11-05T03:00:00Z,58.841643807699576,78.885
2025-11-05T04:00:00Z,71.492124818691,85.0
2025-11-05T05:00:00Z,86.6845337907684,91.3625
2025-11-05T06:00:00Z,101.11007940281965,115.9
2025-11-05T07:00:00Z,91.06666406221782,107.115
2025-11-05T08:00:00Z,74.20497949363849,74.54
2025-11-05T09:00:00Z,59.12587678980207,62.8825
2025-11-05T10:00:00Z,55.77860309282195,62.0075
2025-11-05T11:00:00Z,63.76383398538812,62.07
2025-11-05T12:00:00Z,78.48288979798035,77.3325
2025-11-05T13:00:00Z,90.7990633070734,96.1925
2025-11-05T14:00:00Z,123.80000172075886,115.395
2025-11-05T15:00:00Z,142.2596540319144,141.3825
2025-11-05T16:00:00Z,148.27719680890266,147.4175
2025-11-05T17:00:00Z,137.07975072895786,127.58
2025-11-05T18:00:00Z,121.78767634174577,114.755
2025-11-05T19:00:00Z,108.22083904931985,104.79
2025-11-05T20:00:00Z,99.60639579837441,98.9175
2025-11-05T21:00:00Z,95.11082060790669,88.8475
2025-11-05T22:00:00Z,90.08537731805879,87.7
2025-11-05T23:00:00Z,90.2384209812971,93.3725
2025-11-06T00:00:00Z,88.78541801532248,90.83
2025-11-06T01:00:00Z,88.68964904406441,91.3975
2025-11-06T02:00:00Z,87.38104009489068,90.505
2025-11-06T03:00:00Z,89.08580553104636,91.9
2025-11-06T04:00:00Z,94.78183000941388,92.17
2025-11-06T05:00:00Z,108.7214881579684,118.35
2025-11-06T06:00:00Z,138.6128145618638,130.2325
2025-11-06T07:00:00Z,124.52548033503388,119.68
2025-11-06T08:00:00Z,95.83210159888287,93.2125
2025-11-06T09:00:00Z,92.98714837435298,85.1575
2025-11-06T10:00:00Z,88.94795760351572,83.7
2025-11-06T11:00:00Z,90.25308762374141,83.9925
2025-11-06T12:00:00Z,91.70671366175849,87.17999999999999
2025-11-06T13:00:00Z,105.92288234076874,99.485
2025-11-06T14:00:00Z,128.39454904083846,128.24
2025-11-06T15:00:00Z,161.57540851902382,147.495
2025-11-06T16:00:00Z,160.6016128956635,154.255
2025-11-06T17:00:00Z,150.68499572177512,137.4475
2025-11-06T18:00:00Z,138.18401745311655,126.4625
2025-11-06T19:00:00Z,120.48734152251173,114.97
2025-11-06T20:00:00Z,108.41070418069295,100.98
2025-11-06T21:00:00Z,103.79134635028718,97.485
2025-11-06T22:00:00Z,100.28950613056996,90.5525
2025-11-06T23:00:00Z,105.57763847215276,90.1775
2025-11-07T00:00:00Z,102.07279587157609,88.8225
2025-11-07T01:00:00Z,102.2693110393726,89.6
2025-11-07T02:00:00Z,100.8930388531282,89.61250000000001
2025-11-07T03:00:00Z,103.48214599818733,90.41
2025-11-07T04:00:00Z,112.30312079608315,94.21
2025-11-07T05:00:00Z,140.11391917727912,112.265
2025-11-07T06:00:00Z,162.29350517969857,133.8825
2025-11-07T07:00:00Z,146.41427544230152,128.0475
2025-11-07T08:00:00Z,124.45049684138988,108.105
2025-11-07T09:00:00Z,110.0080864138306,93.38
2025-11-07T10:00:00Z,104.7949864841971,89.9875
2025-11-07T11:00:00Z,103.96044451509523,88.80250000000001
2025-11-07T12:00:00Z,104.61712917143055,92.0525
2025-11-07T13:00:00Z,117.91097937250284,103.1
2025-11-07T14:00:00Z,155.9339843756713,129.6225
2025-11-07T15:00:00Z,191.33271973505424,165.1225
2025-11-07T16:00:00Z,199.1191875483442,178.5375
2025-11-07T17:00:00Z,202.8862671956877,145.6825
2025-11-07T18:00:00Z,189.04136763242929,131.4825
2025-11-07T19:00:00Z,154.0341954018396,119.4275
2025-11-07T20:00:00Z,136.69847324069414,106.6525
2025-11-07T21:00:00Z,129.46822679633357,98.275
2025-11-07T22:00:00Z,117.66272046083206,92.0525
2025-11-07T23:00:00Z,115.33982432431473,96.53
2025-11-08T00:00:00Z,108.87651402165287,96.325
2025-11-08T01:00:00Z,108.5455009930894,93.9975
2025-11-08T02:00:00Z,107.02009021458885,93.9725
2025-11-08T03:00:00Z,107.61434965631139,95.0375
2025-11-08T04:00:00Z,111.35606891868458,94.195
2025-11-08T05:00:00Z,121.00285495544111,95.2775
2025-11-08T06:00:00Z,134.6030939322411,103.8425
2025-11-08T07:00:00Z,140.1101560118505,105.5
2025-11-08T08:00:00Z,122.79949641504813,103.62
2025-11-08T09:00:00Z,116.18457377177941,102.1775
2025-11-08T10:00:00Z,113.53883187464346,96.9475
2025-11-08T11:00:00Z,109.00268147109684,95.16
2025-11-08T12:00:00Z,112.53226228422824,95.9125
2025-11-08T13:00:00Z,119.51572132833115,101.5425
2025-11-08T14:00:00Z,143.8477653679036,117.6175
2025-11-08T15:00:00Z,166.03548517850612,124.635
2025-11-08T16:00:00Z,177.18569082258233,134.915
2025-11-08T17:00:00Z,169.33517692849438,136.5325
2025-11-08T18:00:00Z,157.96928327051677,131.98000000000002
2025-11-08T19:00:00Z,146.00840607072985,122.9675
2025-11-08T20:00:00Z,130.2937743672204,113.305
2025-11-08T21:00:00Z,121.32893325374995,106.26
2025-11-08T22:00:00Z,114.78002765684283,96.905
2025-11-08T23:00:00Z,110.25145648277152,96.345
2025-11-09T00:00:00Z,107.0295165172416,94.555
2025-11-09T01:00:00Z,106.37831759502835,92.8325
2025-11-09T02:00:00Z,105.96278412297657,91.1325
2025-11-09T03:00:00Z,106.78074607464079,91.6475
2025-11-09T04:00:00Z,107.21108683481341,91.685
2025-11-09T05:00:00Z,107.70089261005766,89.9375
2025-11-09T06:00:00Z,118.86163487349461,88.615
2025-11-09T07:00:00Z,122.85699977306942,97.2725
2025-11-09T08:00:00Z,123.59106678646512,97.6175
2025-11-09T09:00:00Z,123.5246094124346,97.0325
2025-11-09T10:00:00Z,119.49149275389965,97.305
2025-11-09T11:00:00Z,115.65758391052574,97.8375
2025-11-09T12:00:00Z,118.96579607594687,96.4025
2025-11-09T13:00:00Z,121.5654687247018,97.315
2025-11-09T14:00:00Z,142.00440496953928,97.795
2025-11-09T15:00:00Z,157.10278210671197,109.8475
2025-11-09T16:00:00Z,164.61252503288557,125.1
2025-11-09T17:00:00Z,164.15184189370643,126.1
2025-11-09T18:00:00Z,161.804711744104,117.955
2025-11-09T19:00:00Z,145.1993521304342,106.0
2025-11-09T20:00:00Z,136.08823202635404,93.5375
2025-11-09T21:00:00Z,126.68051329672693,92.315
2025-11-09T22:00:00Z,113.43145783412383,89.93
2025-11-09T23:00:00Z,107.43405089665444,88.98
2025-11-10T00:00:00Z,104.56922075961448,87.63499999999999
2025-11-10T01:00:00Z,103.75568493882666,88.9025
2025-11-10T02:00:00Z,102.0870509170749,87.5225
2025-11-10T03:00:00Z,103.68930629089651,87.1775
2025-11-10T04:00:00Z,120.13786369161303,92.3125
2025-11-10T05:00:00Z,144.1963808927506,113.4525
2025-11-10T06:00:00Z,163.8867900327803,142.995
2025-11-10T07:00:00Z,159.04145979936538,157.875
2025-11-10T08:00:00Z,144.6469084512546,144.2975
2025-11-10T09:00:00Z,136.87385011045785,126.2725
2025-11-10T10:00:00Z,135.3527103685231,115.245
2025-11-10T11:00:00Z,130.52503583226076,105.9225
2025-11-10T12:00:00Z,130.85414635656477,108.41
2025-11-10T13:00:00Z,137.95725044663078,115.565
2025-11-10T14:00:00Z,141.82538839704856,126.2525
2025-11-10T15:00:00Z,149.19243107642683,133.35500000000002
2025-11-10T16:00:00Z,156.67547626609974,139.4025
2025-11-10T17:00:00Z,159.74528294814888,120.725
2025-11-10T18:00:00Z,148.11122821455888,103.6625
2025-11-10T19:00:00Z,129.53784788721697,90.11
2025-11-10T20:00:00Z,109.59053418633295,88.9875
2025-11-10T21:00:00Z,104.11840373932608,88.39250000000001
2025-11-10T22:00:00Z,97.96613060501326,83.87
2025-11-10T23:00:00Z,91.25605686571053,83.19
2025-11-11T00:00:00Z,85.95191114191962,79.9825
2025-11-11T01:00:00Z,83.73368504731208,75.80250000000001
2025-11-11T02:00:00Z,77.87827170871171,74.87
2025-11-11T03:00:00Z,79.91647397893016,75.495
2025-11-11T04:00:00Z,88.55637101824958,77.07249999999999
2025-11-11T05:00:00Z,105.46138461299165,86.7875
2025-11-11T06:00:00Z,127.81441714542875,105.21
2025-11-11T07:00:00Z,130.7583141198624,113.7975
2025-11-11T08:00:00Z,124.29141734939104,103.115
2025-11-11T09:00:00Z,109.81032323848581,91.4725
2025-11-11T10:00:00Z,102.8028112087404,87.9225
2025-11-11T11:00:00Z,101.49625319036052,86.66
2025-11-11T12:00:00Z,103.53082094791903,89.93
2025-11-11T13:00:00Z,115.4574471420133,101.235
2025-11-11T14:00:00Z,137.90657071266952,124.275
2025-11-11T15:00:00Z,153.9867942875514,143.0725
2025-11-11T16:00:00Z,158.85642069380498,143.2575
2025-11-11T17:00:00Z,145.67816589299088,114.9975
2025-11-11T18:00:00Z,130.22741035039473,105.0325
2025-11-11T19:00:00Z,109.78983050544063,98.175
2025-11-11T20:00:00Z,104.8792100710848,96.3825
2025-11-11T21:00:00Z,98.70371249407442,92.06
2025-11-11T22:00:00Z,92.16049219483973,75.5
2025-11-11T23:00:00Z,81.9436269980672,74.9775
2025-11-12T00:00:00Z,79.9216860207549,68.315
2025-11-12T01:00:00Z,76.42438586266093,64.41
2025-11-12T02:00:00Z,75.78996066040196,62.4
2025-11-12T03:00:00Z,72.37795824253959,62.3
2025-11-12T04:00:00Z,77.8351715557395,69.30000000000001
2025-11-12T05:00:00Z,92.93666616983145,76.9975
2025-11-12T06:00:00Z,109.54158774490995,107.26
2025-11-12T07:00:00Z,101.80291150338098,100.7225
2025-11-12T08:00:00Z,81.45380643468779,78.1125
2025-11-12T09:00:00Z,64.78336418782627,71.5275
2025-11-12T10:00:00Z,61.20835825624718,60.005
2025-11-12T11:00:00Z,59.86521727350044,59.135
2025-11-12T12:00:00Z,73.47081410030083,73.7675
2025-11-12T13:00:00Z,81.06982420883114,80.425
2025-11-12T14:00:00Z,99.0885241085608,104.97
2025-11-12T15:00:00Z,114.46611227332515,113.625
2025-11-12T16:00:00Z,117.34131837600212,115.395
2025-11-12T17:00:00Z,108.8537596788526,104.8675
2025-11-12T18:00:00Z,98.61349900478973,88.9275
2025-11-12T19:00:00Z,86.49339962741881,80.945
2025-11-12T20:00:00Z,76.32333430043137,76.905
2025-11-12T21:00:00Z,70.17619945712676,75.545
2025-11-12T22:00:00Z,63.18479274452351,56.935
2025-11-12T23:00:00Z,46.80875035584503,32.917500000000004
2025-11-13T00:00:00Z,40.7661872376229,18.9725
2025-11-13T01:00:00Z,36.45995603808177,11.1875
2025-11-13T02:00:00Z,34.344677363336004,7.78
2025-11-13T03:00:00Z,41.50908157501982,6.0
2025-11-13T04:00:00Z,59.24836076385289,25.9725
2025-11-13T05:00:00Z,75.60610640809239,50.885000000000005
2025-11-13T06:00:00Z,91.90414649136567,76.845
2025-11-13T07:00:00Z,84.07166984686855,66.0825
2025-11-13T08:00:00Z,62.18796696054035,53.61
2025-11-13T09:00:00Z,36.78967822568718,50.3225
2025-11-13T10:00:00Z,29.394257604634333,42.96
2025-11-13T11:00:00Z,34.20546245993627,48.09
2025-11-13T12:00:00Z,54.17831719474317,60.5725
2025-11-13T13:00:00Z,66.65614414313367,77.33500000000001
2025-11-13T14:00:00Z,85.25692101025277,101.665
2025-11-13T15:00:00Z,116.53768557218325,111.5125
2025-11-13T16:00:00Z,131.22761330016095,130.1
2025-11-13T17:00:00Z,137.69954593586658,131.8025
2025-11-13T18:00:00Z,132.13433465687075,129.8875
2025-11-13T19:00:00Z,122.08032977253093,111.845
2025-11-13T20:00:00Z,112.85565607267009,116.6075
2025-11-13T21:00:00Z,109.67093138470076,110.585
2025-11-13T22:00:00Z,105.18002203133499,102.7725
2025-11-13T23:00:00Z,98.78313051419985,98.4425
2025-11-14T00:00:00Z,96.9017053990202,95.8025
2025-11-14T01:00:00Z,96.06166845585469,94.9325
2025-11-14T02:00:00Z,95.63723348457005,91.53
2025-11-14T03:00:00Z,102.72148994309048,92.13
2025-11-14T04:00:00Z,108.94082512351132,91.6025
2025-11-14T05:00:00Z,123.54928308835252,112.7775
2025-11-14T06:00:00Z,150.83600995361252,138.3475
2025-11-14T07:00:00Z,144.04937055485385,136.385
2025-11-14T08:00:00Z,124.18423084319915,120.9025
2025-11-14T09:00:00Z,108.99403456752728,112.0275
2025-11-14T10:00:00Z,107.0848132606619,106.035
2025-11-14T11:00:00Z,102.91035911606873,101.225
2025-11-14T12:00:00Z,103.97722669351239,105.4225
2025-11-14T13:00:00Z,113.25656681730516,107.0625
2025-11-14T14:00:00Z,132.24505274133338,115.3925
2025-11-14T15:00:00Z,149.89172121363066,115.965
2025-11-14T16:00:00Z,154.3602426874354,131.57
2025-11-14T17:00:00Z,147.5732756810117,119.81
2025-11-14T18:00:00Z,137.55184561229845,106.49
2025-11-14T19:00:00Z,122.13008516666893,98.915
2025-11-14T20:00:00Z,114.40656902215632,93.1625
2025-11-14T21:00:00Z,101.857836687244,97.015
2025-11-14T22:00:00Z,88.16363425272125,78.65
2025-11-14T23:00:00Z,80.14520942659176,77.3775
2025-11-15T00:00:00Z,73.74002639231587,77.95
2025-11-15T01:00:00Z,72.50473492270172,74.7175
2025-11-15T02:00:00Z,67.22758834183617,73.03
2025-11-15T03:00:00Z,63.665033426033474,72.2
2025-11-15T04:00:00Z,61.038111396262536,70.615
2025-11-15T05:00:00Z,71.62142812564713,68.1575
2025-11-15T06:00:00Z,75.45614420035217,77.055
2025-11-15T07:00:00Z,84.68158758245983,80.065
2025-11-15T08:00:00Z,88.1066792267304,85.235
2025-11-15T09:00:00Z,87.38308973743983,85.6125
2025-11-15T10:00:00Z,89.00190246598055,85.4225
2025-11-15T11:00:00Z,88.41989645758697,84.1925
2025-11-15T12:00:00Z,88.24619364945258,90.6675
2025-11-15T13:00:00Z,88.28114670859433,94.6525
2025-11-15T14:00:00Z,99.71258706571997,101.1925
2025-11-15T15:00:00Z,111.71276921992519,109.7925
2025-11-15T16:00:00Z,120.42612957191183,121.8
2025-11-15T17:00:00Z,125.21676371063833,121.5225
2025-11-15T18:00:00Z,118.51441052595071,114.065
2025-11-15T19:00:00Z,109.39451528854883,109.125
2025-11-15T20:00:00Z,105.29878749360518,102.885
2025-11-15T21:00:00Z,105.00576476709165,101.7175
2025-11-15T22:00:00Z,98.77300157116531,97.8675
2025-11-15T23:00:00Z,91.09979980815804,93.7475
2025-11-16T00:00:00Z,91.7311839390539,95.0
2025-11-16T01:00:00Z,91.79117992146233,93.35
2025-11-16T02:00:00Z,91.41081912001478,91.45
2025-11-16T03:00:00Z,90.33441810612781,88.215
2025-11-16T04:00:00Z,90.15252599594547,91.13
2025-11-16T05:00:00Z,95.13692272644911,85.6725
2025-11-16T06:00:00Z,100.17716919647894,92.4875
2025-11-16T07:00:00Z,107.00438846533879,98.49
2025-11-16T08:00:00Z,105.7051198811324,101.185
2025-11-16T09:00:00Z,105.36333778555175,99.2775
2025-11-16T10:00:00Z,104.51813833590748,102.5675
2025-11-16T11:00:00Z,104.10026995968911,102.4675
2025-11-16T12:00:00Z,107.2916900946304,103.9975
2025-11-16T13:00:00Z,109.19636638030651,109.265
2025-11-16T14:00:00Z,118.89741935855079,116.72
2025-11-16T15:00:00Z,133.353150431724,124.495
2025-11-16T16:00:00Z,146.40255236563678,129.3725
2025-11-16T17:00:00Z,147.3690929688156,125.21
2025-11-16T18:00:00Z,136.47129938627188,115.33
2025-11-16T19:00:00Z,125.26279830343229,102.7175
2025-11-16T20:00:00Z,117.4018212615178,91.41
2025-11-16T21:00:00Z,108.99217278911206,94.385
2025-11-16T22:00:00Z,97.29702460882245,86.5275
2025-11-16T23:00:00Z,87.70923300946212,88.29
2025-11-17T00:00:00Z,81.38127232954395,80.5575
2025-11-17T01:00:00Z,77.93336320737356,74.0875
2025-11-17T02:00:00Z,78.54472406702791,71.32249999999999
2025-11-17T03:00:00Z,76.44393467073496,74.095
2025-11-17T04:00:00Z,87.5907331697186,83.6
2025-11-17T05:00:00Z,116.04695584780343,89.59
2025-11-17T06:00:00Z,138.5002098874324,114.8675
2025-11-17T07:00:00Z,144.64009839432123,126.9925
2025-11-17T08:00:00Z,134.18594419503967,121.6875
2025-11-17T09:00:00Z,120.1214478273067,105.215
2025-11-17T10:00:00Z,108.03399472696233,84.3925
2025-11-17T11:00:00Z,99.06087078896405,77.805
2025-11-17T12:00:00Z,95.78924057721201,77.785
2025-11-17T13:00:00Z,101.5175877158257,87.035
2025-11-17T14:00:00Z,116.53373164321769,97.52
2025-11-17T15:00:00Z,132.288440595113,107.32
2025-11-17T16:00:00Z,131.66348194886558,117.355
2025-11-17T17:00:00Z,131.67182832670375,116.4925
2025-11-17T18:00:00Z,124.77425194224016,110.7025
2025-11-17T19:00:00Z,113.87153815748012,102.89
2025-11-17T20:00:00Z,100.8090815067777,92.6975
2025-11-17T21:00:00Z,99.01885484921819,89.7075
2025-11-17T22:00:00Z,89.50142448456123,81.14
2025-11-17T23:00:00Z,86.83834928059791,84.88499999999999
2025-11-18T00:00:00Z,84.6956367595674,82.83
2025-11-18T01:00:00Z,81.98633924058272,79.0375
2025-11-18T02:00:00Z,81.7283841972793,77.7175
2025-11-18T03:00:00Z,80.12631084989991,80.5125
2025-11-18T04:00:00Z,87.32887331970605,83.4725
2025-11-18T05:00:00Z,99.63790719451502,91.0475
2025-11-18T06:00:00Z,122.72962521434718,104.735
2025-11-18T07:00:00Z,132.94225509580602,119.84
2025-11-18T08:00:00Z,120.17969895270775,107.45
2025-11-18T09:00:00Z,107.49258437012823,92.1275
2025-11-18T10:00:00Z,100.80385420521084,88.7975
2025-11-18T11:00:00Z,99.33631098059102,89.2
2025-11-18T12:00:00Z,98.84877217198921,90.6
2025-11-18T13:00:00Z,105.76686829683956,96.575
2025-11-18T14:00:00Z,124.02096908249568,120.595
2025-11-18T15:00:00Z,148.04956055474622,141.9125
2025-11-18T16:00:00Z,151.2018141020422,151.66
2025-11-18T17:00:00Z,141.85162002625455,143.8025
2025-11-18T18:00:00Z,129.14470691599058,131.15
2025-11-18T19:00:00Z,117.86808310370537,107.13
2025-11-18T20:00:00Z,108.5575015830544,94.6425
2025-11-18T21:00:00Z,104.25098865835719,97.4825
2025-11-18T22:00:00Z,101.11110483789578,89.9625
2025-11-18T23:00:00Z,89.71908959613734,87.3775
2025-11-19T00:00:00Z,86.35879910201807,86.225
2025-11-19T01:00:00Z,82.89536452332146,84.1675
2025-11-19T02:00:00Z,84.34946274716684,83.185
2025-11-19T03:00:00Z,88.38520666386938,84.3925
2025-11-19T04:00:00Z,92.93900033066994,87.0025
2025-11-19T05:00:00Z,97.2795401884389,99.03
2025-11-19T06:00:00Z,115.05403760678807,127.03
2025-11-19T07:00:00Z,118.48519821487557,136.67000000000002
2025-11-19T08:00:00Z,104.47768579730712,115.1625
2025-11-19T09:00:00Z,100.31270344190337,97.5225
2025-11-19T10:00:00Z,96.20382306424436,91.62
2025-11-19T11:00:00Z,95.14264181857448,89.59
2025-11-19T12:00:00Z,96.96403162031713,93.5975
2025-11-19T13:00:00Z,99.19109722986444,104.62
2025-11-19T14:00:00Z,116.69990189558885,113.05
2025-11-19T15:00:00Z,128.7371039358519,117.8075
2025-11-19T16:00:00Z,131.30809562131248,127.5675
2025-11-19T17:00:00Z,131.4433639647512,119.19
2025-11-19T18:00:00Z,124.03381804364355,119.05
2025-11-19T19:00:00Z,113.28465599693936,105.6875
2025-11-19T20:00:00Z,103.41320844558008,100.225
2025-11-19T21:00:00Z,100.87493109090256,99.17
2025-11-19T22:00:00Z,97.92357059406464,91.885
2025-11-19T23:00:00Z,92.90747104355167,90.6275
2025-11-20T00:00:00Z,88.3331604082852,88.0925
2025-11-20T01:00:00Z,87.62893452311239,87.0325
2025-11-20T02:00:00Z,87.7607443231402,86.795
2025-11-20T03:00:00Z,92.6640970512488,87.125
2025-11-20T04:00:00Z,100.7214016138074,90.5025
2025-11-20T05:00:00Z,116.36144316921117,103.6825
2025-11-20T06:00:00Z,146.64431316219634,144.4075
2025-11-20T07:00:00Z,152.72766929486647,155.715
2025-11-20T08:00:00Z,136.29374391874995,153.655
2025-11-20T09:00:00Z,123.25942152607588,141.27
2025-11-20T10:00:00Z,118.86608340577823,129.3025
2025-11-20T11:00:00Z,114.51986179443745,125.055
2025-11-20T12:00:00Z,115.57360637182508,126.1
2025-11-20T13:00:00Z,127.97175024086802,134.2025
2025-11-20T14:00:00Z,140.57093699387218,149.685
2025-11-20T15:00:00Z,149.0489774027672,175.82999999999998
2025-11-20T16:00:00Z,167.32875167342513,175.4725
2025-11-20T17:00:00Z,172.680050839841,163.25
2025-11-20T18:00:00Z,166.37913748966685,156.01749999999998
2025-11-20T19:00:00Z,148.23855121645562,137.1025
2025-11-20T20:00:00Z,136.41641338254175,120.7525
2025-11-20T21:00:00Z,124.78747297786664,108.235
2025-11-20T22:00:00Z,116.04536692595597,93.7625
2025-11-20T23:00:00Z,112.6440128640095,101.5525
2025-11-21T00:00:00Z,109.01550259946046,94.14
2025-11-21T01:00:00Z,107.15661096044103,90.2825
2025-11-21T02:00:00Z,106.6300600822055,90.185
2025-11-21T03:00:00Z,111.11818667136315,93.625
2025-11-21T04:00:00Z,122.87449281231574,101.865
2025-11-21T05:00:00Z,142.474612402709,133.525
2025-11-21T06:00:00Z,179.5005321493557,180.42
2025-11-21T07:00:00Z,184.2107150667689,205.3825
2025-11-21T08:00:00Z,156.0584962725253,181.83
2025-11-21T09:00:00Z,145.89438339478158,151.015
2025-11-21T10:00:00Z,125.96438300821764,137.72
2025-11-21T11:00:00Z,124.17609065118175,130.3425
2025-11-21T12:00:00Z,125.85218614491363,135.57500000000002
2025-11-21T13:00:00Z,143.92438124801623,153.7525
2025-11-21T14:00:00Z,159.81405007536392,196.8375
2025-11-21T15:00:00Z,196.0627196540171,251.87
2025-11-21T16:00:00Z,210.15666130744535,250.0075
2025-11-21T17:00:00Z,204.47951237118184,205.0875
2025-11-21T18:00:00Z,170.83715348192226,171.3675
2025-11-21T19:00:00Z,156.07722203065651,141.95
2025-11-21T20:00:00Z,134.90777958703976,117.3075
2025-11-21T21:00:00Z,122.7846704758031,104.9
2025-11-21T22:00:00Z,112.68414280947647,95.0325
2025-11-21T23:00:00Z,112.74140981920438,102.2475
2025-11-22T00:00:00Z,107.97991023097663,94.6
2025-11-22T01:00:00Z,102.0096151502353,88.44
2025-11-22T02:00:00Z,98.477531419021,85.2775
2025-11-22T03:00:00Z,96.46488987323104,86.0975
2025-11-22T04:00:00Z,100.11127055319328,85.2775
2025-11-22T05:00:00Z,112.49175965807981,90.5225
2025-11-22T06:00:00Z,119.94565955754607,106.7475
2025-11-22T07:00:00Z,118.10620136494995,104.21
2025-11-22T08:00:00Z,101.54752592717172,89.1175
2025-11-22T09:00:00Z,79.3613636343023,82.00999999999999
2025-11-22T10:00:00Z,81.36669130399018,78.58
2025-11-22T11:00:00Z,79.51896949255716,76.2825
2025-11-22T12:00:00Z,73.51611823204838,75.3675
2025-11-22T13:00:00Z,81.73651966324421,81.645
2025-11-22T14:00:00Z,106.70558956303657,88.965
2025-11-22T15:00:00Z,125.87894674998029,105.0
2025-11-22T16:00:00Z,125.70888558295124,114.455
2025-11-22T17:00:00Z,123.66007923805192,109.2525
2025-11-22T18:00:00Z,114.71506186066898,98.33
2025-11-22T19:00:00Z,95.56663422623372,86.61
2025-11-22T20:00:00Z,84.04260516678504,89.2475
2025-11-22T21:00:00Z,83.33389034597887,89.4275
2025-11-22T22:00:00Z,79.17985920139476,82.23
2025-11-22T23:00:00Z,79.03350974135732,81.5275
2025-11-23T00:00:00Z,76.82979008388423,74.35249999999999
2025-11-23T01:00:00Z,74.00858345350073,70.44
2025-11-23T02:00:00Z,69.93302589708392,63.23
2025-11-23T03:00:00Z,69.62869328373995,60.885
2025-11-23T04:00:00Z,69.18897478034029,64.21
2025-11-23T05:00:00Z,73.34077989295093,62.03
2025-11-23T06:00:00Z,75.46070408324402,67.9825
2025-11-23T07:00:00Z,72.4278218573147,67.8325
2025-11-23T08:00:00Z,61.79087257783955,65.96
2025-11-23T09:00:00Z,60.205638212544656,65.985
2025-11-23T10:00:00Z,62.98021062082129,66.69
2025-11-23T11:00:00Z,60.0907332548299,67.8625
2025-11-23T12:00:00Z,64.11114906025057,65.45750000000001
2025-11-23T13:00:00Z,73.492138880874,69.42750000000001
2025-11-23T14:00:00Z,80.93973765082512,77.28999999999999
2025-11-23T15:00:00Z,84.28534885149625,77.8875
2025-11-23T16:00:00Z,85.87086509418515,80.84
2025-11-23T17:00:00Z,83.9267944781473,82.54249999999999
2025-11-23T18:00:00Z,81.50964423173492,83.7975
2025-11-23T19:00:00Z,77.22663445123867,77.4125
2025-11-23T20:00:00Z,76.39201925470655,74.16
2025-11-23T21:00:00Z,76.88747950841321,75.1675
2025-11-23T22:00:00Z,77.27801156335296,71.2625
2025-11-23T23:00:00Z,75.740222817595,72.4575
2025-11-24T00:00:00Z,76.36333998100565,70.0625
2025-11-24T01:00:00Z,77.45603013053255,72.255
2025-11-24T02:00:00Z,73.66721867692011,73.275
2025-11-24T03:00:00Z,78.7743714633004,73.755
2025-11-24T04:00:00Z,81.96990233528147,80.065
2025-11-24T05:00:00Z,103.58607445780622,90.3075
2025-11-24T06:00:00Z,124.642422478703,104.3925
2025-11-24T07:00:00Z,133.0447164284547,107.785
2025-11-24T08:00:00Z,126.30143200394575,110.26
2025-11-24T09:00:00Z,122.31276533934567,117.4475
2025-11-24T10:00:00Z,119.28228898052843,128.0375
2025-11-24T11:00:00Z,119.84998523113883,134.235
2025-11-24T12:00:00Z,121.92889686479612,149.9925
2025-11-24T13:00:00Z,132.04985674165678,173.5375
2025-11-24T14:00:00Z,144.00131765449328,195.8125
2025-11-24T15:00:00Z,153.43034181094134,225.775
2025-11-24T16:00:00Z,169.67048174182116,263.4825
2025-11-24T17:00:00Z,192.6259106312561,230.5875
2025-11-24T18:00:00Z,167.26376163188695,188.305
2025-11-24T19:00:00Z,146.93371775881434,151.185
2025-11-24T20:00:00Z,133.5301508375662,135.235
2025-11-24T21:00:00Z,125.64987639340248,123.035
2025-11-24T22:00:00Z,114.61198511465831,105.405
2025-11-24T23:00:00Z,110.1992977372268,100.9
2025-11-25T00:00:00Z,105.97911412935373,99.1525
2025-11-25T01:00:00Z,104.78821028811682,97.5875
2025-11-25T02:00:00Z,103.41491885913254,96.0975
2025-11-25T03:00:00Z,109.14950213019131,99.51
2025-11-25T04:00:00Z,116.6213135781882,106.73
2025-11-25T05:00:00Z,141.111552295291,122.4075
2025-11-25T06:00:00Z,188.55344048361803,291.02
2025-11-25T07:00:00Z,197.34718700491635,333.275
2025-11-25T08:00:00Z,186.48760393837733,292.65
2025-11-25T09:00:00Z,184.46339537848405,273.085
2025-11-25T10:00:00Z,192.97693009043468,326.6275
2025-11-25T11:00:00Z,194.1027394653948,351.0
2025-11-25T12:00:00Z,205.81101577905633,317.65250000000003
2025-11-25T13:00:00Z,220.96630528950556,300.0
2025-11-25T14:00:00Z,246.94807270845348,309.995
2025-11-25T15:00:00Z,249.5800768652128,325.0825
2025-11-25T16:00:00Z,244.36468950200742,373.3125
2025-11-25T17:00:00Z,235.25326572597953,297.905
2025-11-25T18:00:00Z,233.84055937809126,249.3725
2025-11-25T19:00:00Z,200.62944860375035,172.835
2025-11-25T20:00:00Z,150.04051878475633,135.02
2025-11-25T21:00:00Z,140.57637005981124,119.155
2025-11-25T22:00:00Z,128.89532238856725,102.035
2025-11-25T23:00:00Z,119.68914149607801,92.855
2025-11-26T00:00:00Z,115.49482436606593,89.94999999999999
2025-11-26T01:00:00Z,111.83583252980317,88.325
2025-11-26T02:00:00Z,111.86181407355052,89.435
2025-11-26T03:00:00Z,122.98421008570281,89.80250000000001
2025-11-26T04:00:00Z,137.06542896090411,97.25
2025-11-26T05:00:00Z,150.89481712939272,129.8225
2025-11-26T06:00:00Z,266.7490779821612,191.17
2025-11-26T07:00:00Z,273.7472877241127,237.2225
2025-11-26T08:00:00Z,251.90117818839127,211.8475
2025-11-26T09:00:00Z,241.69219809871402,197.1375
2025-11-26T10:00:00Z,237.1183093606278,170.4975
2025-11-26T11:00:00Z,233.4614867741904,164.6825
2025-11-26T12:00:00Z,237.8539743467565,168.2375
2025-11-26T13:00:00Z,241.49364084349867,184.49
2025-11-26T14:00:00Z,253.56968918375935,223.7225
2025-11-26T15:00:00Z,258.17848479048826,294.3775
2025-11-26T16:00:00Z,248.3486673567217,294.61
2025-11-26T17:00:00Z,243.81209854958,228.93
2025-11-26T18:00:00Z,237.9041045529395,183.675
2025-11-26T19:00:00Z,183.23533462139295,141.26
2025-11-26T20:00:00Z,144.90397038509082,114.9475
2025-11-26T21:00:00Z,129.2477536386557,101.9925
2025-11-26T22:00:00Z,113.1595066596255,90.1875
2025-11-26T23:00:00Z,98.97863470488561,89.945
2025-11-27T00:00:00Z,97.26453573516939,84.275
2025-11-27T01:00:00Z,93.10832525599703,79.9475
2025-11-27T02:00:00Z,91.7498842547234,77.3425
2025-11-27T03:00:00Z,91.45686402593816,79.94749999999999
2025-11-27T04:00:00Z,96.73777617028377,82.0775
2025-11-27T05:00:00Z,114.71013392944917,112.22
2025-11-27T06:00:00Z,138.71634589883243,122.0
2025-11-27T07:00:00Z,145.51012447108644,123.105
2025-11-27T08:00:00Z,132.82025457899817,106.9525
2025-11-27T09:00:00Z,122.54870278100428,90.9475
2025-11-27T10:00:00Z,115.84247655770702,88.66499999999999
2025-11-27T11:00:00Z,103.38640648447941,87.0625
2025-11-27T12:00:00Z,101.90320832434469,85.75999999999999
2025-11-27T13:00:00Z,109.90305958284712,89.2475
2025-11-27T14:00:00Z,113.31560027948998,90.6
2025-11-27T15:00:00Z,121.69942882278824,90.43
2025-11-27T16:00:00Z,122.28797104918888,97.5075
2025-11-27T17:00:00Z,117.10653568465824,101.3925
2025-11-27T18:00:00Z,110.08403980253948,88.27
2025-11-27T19:00:00Z,95.72167779530992,85.39750000000001
2025-11-27T20:00:00Z,81.41294926942828,80.625
2025-11-27T21:00:00Z,78.55057184701302,85.105
2025-11-27T22:00:00Z,69.72436328029897,69.45750000000001
2025-11-27T23:00:00Z,61.13356698267438,60.84
2025-11-28T00:00:00Z,61.6962585260774,55.0
2025-11-28T01:00:00Z,60.95215532757596,52.93
2025-11-28T02:00:00Z,63.660460518858336,47.8825
2025-11-28T03:00:00Z,68.50137627441815,58.375
2025-11-28T04:00:00Z,80.14485290668178,61.04
2025-11-28T05:00:00Z,88.39116011401597,82.8625
2025-11-28T06:00:00Z,116.9176610976404,87.82
2025-11-28T07:00:00Z,125.88242552046225,100.475
2025-11-28T08:00:00Z,120.77328538294799,103.4
2025-11-28T09:00:00Z,114.8967277493143,97.845
2025-11-28T10:00:00Z,112.87252663782017,102.82
2025-11-28T11:00:00Z,110.60229827191282,98.7125
2025-11-28T12:00:00Z,111.64615806864185,99.45
2025-11-28T13:00:00Z,115.99123874347855,98.79
2025-11-28T14:00:00Z,122.03187936764498,104.67
2025-11-28T15:00:00Z,122.98766466763551,103.4
2025-11-28T16:00:00Z,122.78274756459417,96.1575
2025-11-28T17:00:00Z,122.61930046125632,98.125
2025-11-28T18:00:00Z,120.53290582444264,93.32
2025-11-28T19:00:00Z,105.776253688501,88.45750000000001
2025-11-28T20:00:00Z,91.03405079215148,85.41
2025-11-28T21:00:00Z,82.9587605776611,85.545
2025-11-28T22:00:00Z,76.62452965345467,77.83
2025-11-28T23:00:00Z,76.45087893584908,81.72999999999999
2025-11-29T00:00:00Z,68.33734917272338,80.89750000000001
2025-11-29T01:00:00Z,69.5670251783518,81.33500000000001
2025-11-29T02:00:00Z,72.5284341614539,82.5575
2025-11-29T03:00:00Z,74.49353530116196,85.6975
2025-11-29T04:00:00Z,79.23325252323657,89.9975
2025-11-29T05:00:00Z,89.66046301025435,90.8875
2025-11-29T06:00:00Z,100.63141845489837,96.175
2025-11-29T07:00:00Z,106.54594410035158,89.15
2025-11-29T08:00:00Z,106.89168241223187,101.5825
2025-11-29T09:00:00Z,102.39966184555836,101.44
2025-11-29T10:00:00Z,104.03474314336707,95.2625
2025-11-29T11:00:00Z,99.05373850292669,86.0975
2025-11-29T12:00:00Z,96.97042863030559,87.9575
2025-11-29T13:00:00Z,98.1995191173771,91.7275
2025-11-29T14:00:00Z,104.33553190820041,102.7225
2025-11-29T15:00:00Z,107.75861708110244,102.645
2025-11-29T16:00:00Z,107.80977184167268,107.085
2025-11-29T17:00:00Z,105.49611446826617,98.13
2025-11-29T18:00:00Z,96.62706510476394,88.43
2025-11-29T19:00:00Z,89.79352225188948,81.1125
2025-11-29T20:00:00Z,83.61710531657678,80.8
2025-11-29T21:00:00Z,80.91393809861025,83.49000000000001
2025-11-29T22:00:00Z,77.54244185771442,77.72749999999999
2025-11-29T23:00:00Z,66.12810334500669,75.9725
2025-11-30T00:00:00Z,60.95330023972964,69.7825
2025-11-30T01:00:00Z,58.289725821831674,67.4375
2025-11-30T02:00:00Z,55.86409796194715,65.355
2025-11-30T03:00:00Z,50.8845446577716,67.0
2025-11-30T04:00:00Z,54.8752093982484,74.2925
2025-11-30T05:00:00Z,66.02337873024771,75.5775
2025-11-30T06:00:00Z,76.13956484577153,75.975
2025-11-30T07:00:00Z,82.48171888090124,79.84
2025-11-30T08:00:00Z,81.31680250796353,80.65
2025-11-30T09:00:00Z,81.09240177590709,84.4225
2025-11-30T10:00:00Z,82.71687750065361,81.5425
2025-11-30T11:00:00Z,86.94186616092951,80.695
2025-11-30T12:00:00Z,88.22745355716896,82.5175
2025-11-30T13:00:00Z,92.6266823654832,87.5475
2025-11-30T14:00:00Z,98.25881492698136,93.5775
2025-11-30T15:00:00Z,101.0769698326484,92.81
2025-11-30T16:00:00Z,106.94910872895167,104.0475
2025-11-30T17:00:00Z,105.96428894399746,106.2125
2025-11-30T18:00:00Z,97.84173787888552,104.1275
2025-11-30T19:00:00Z,93.0046568574763,97.525
2025-11-30T20:00:00Z,92.32446809671612,92.93
2025-11-30T21:00:00Z,90.1538935926578,92.5975
2025-11-30T22:00:00Z,86.40961862866007,87.1275
2025-11-30T23:00:00Z,80.63486994500916,87.995
2025-12-01T00:00:00Z,82.16137657980933,86.02250000000001
2025-12-01T01:00:00Z,81.54388929266621,81.34
2025-12-01T02:00:00Z,79.98359224606395,85.14
2025-12-01T03:00:00Z,81.46816421041004,80.2575
2025-12-01T04:00:00Z,90.79514199082669,88.745
2025-12-01T05:00:00Z,106.51918927243584,88.625
2025-12-01T06:00:00Z,124.6369085597322,127.86
2025-12-01T07:00:00Z,126.59164771734989,139.3325
2025-12-01T08:00:00Z,112.71230008114433,105.095
2025-12-01T09:00:00Z,108.6714841754941,93.7325
2025-12-01T10:00:00Z,105.4586534045607,85.96
2025-12-01T11:00:00Z,107.26922798982774,85.01750000000001
2025-12-01T12:00:00Z,110.02837601170422,90.07
2025-12-01T13:00:00Z,118.12046722352291,107.2175
2025-12-01T14:00:00Z,122.67777145248483,120.3225
2025-12-01T15:00:00Z,125.08421036820069,112.965
2025-12-01T16:00:00Z,123.09982649619523,94.4125
2025-12-01T17:00:00Z,121.31618868557894,88.9925
2025-12-01T18:00:00Z,114.91683874108395,86.7675
2025-12-01T19:00:00Z,94.64993649955036,82.3
2025-12-01T20:00:00Z,84.71559692287119,75.95
2025-12-01T21:00:00Z,80.77526094845653,76.43
2025-12-01T22:00:00Z,70.8822494236338,71.80250000000001
2025-12-08T23:00:00Z,62.347560924441446,73.69749999999999
2025-12-09T00:00:00Z,62.93096061136117,72.785
2025-12-09T01:00:00Z,66.16475410828434,73.7125
2025-12-09T02:00:00Z,68.37768925332847,74.845
2025-12-09T03:00:00Z,70.7485209676922,73.72
2025-12-09T04:00:00Z,78.65264562421787,80.205
2025-12-09T05:00:00Z,91.53373047445099,98.8475
2025-12-09T06:00:00Z,104.83977419442479,105.79
2025-12-09T07:00:00Z,108.30824175664675,129.75
2025-12-09T08:00:00Z,100.82795291061953,111.335
2025-12-09T09:00:00Z,94.01858431717537,103.06
2025-12-09T10:00:00Z,92.55863915802983,103.34
2025-12-09T11:00:00Z,90.83557955447226,97.83
2025-12-09T12:00:00Z,92.23193949904264,101.1
2025-12-09T13:00:00Z,94.37910403557424,100.22
2025-12-09T14:00:00Z,106.65682935071928,110.885
2025-12-09T15:00:00Z,106.620136289008,108.3
2025-12-09T16:00:00Z,108.79370744887119,104.5675
2025-12-09T17:00:00Z,109.17070995052406,96.91
2025-12-09T18:00:00Z,103.06342749623806,85.1025
2025-12-09T19:00:00Z,91.0712002382505,83.67
2025-12-09T20:00:00Z,81.0385311833785,79.35499999999999
2025-12-09T21:00:00Z,74.27449149463247,73.3325
2025-12-09T22:00:00Z,63.01862346982812,55.42
2025-12-09T23:00:00Z,61.34369197221,43.9
2025-12-10T00:00:00Z,55.149956229569504,36.48
2025-12-10T01:00:00Z,53.31435264794904,31.0
2025-12-10T02:00:00Z,49.472543525603264,35.1125
2025-12-10T03:00:00Z,57.06847954779381,48.09
2025-12-10T04:00:00Z,73.85139661847026,69.65
2025-12-10T05:00:00Z,90.7005075081994,79.12
2025-12-10T06:00:00Z,119.06303215082443,87.505
2025-12-10T07:00:00Z,121.36407652513397,94.3325
2025-12-10T08:00:00Z,114.89041735129392,94.225
2025-12-10T09:00:00Z,110.40529317543812,87.72749999999999
2025-12-10T10:00:00Z,105.55545670723565,80.9975
2025-12-10T11:00:00Z,104.5304050540586,79.5
2025-12-10T12:00:00Z,109.18676012838245,81.4425
2025-12-10T13:00:00Z,113.55032309419533,90.2225
2025-12-10T14:00:00Z,119.02004522394552,100.665
2025-12-10T15:00:00Z,123.03452439573026,104.0025
2025-12-10T16:00:00Z,121.97746650999764,105.6725
2025-12-10T17:00:00Z,119.29765547645438,104.695
2025-12-10T18:00:00Z,118.33750465575123,96.7725
2025-12-10T19:00:00Z,107.76210092123961,87.75
2025-12-10T20:00:00Z,95.91889354458561,86.31
2025-12-10T21:00:00Z,89.59256100513194,82.485
2025-12-10T22:00:00Z,87.15764077711138,76.425
2025-12-10T23:00:00Z,72.41435115555569,73.975
2025-12-11T00:00:00Z,68.88187148096583,73.41749999999999
2025-12-11T01:00:00Z,69.3577213480444,72.515
2025-12-11T02:00:00Z,67.69931778149399,75.2075
2025-12-11T03:00:00Z,74.65321558742512,76.9125
2025-12-11T04:00:00Z,81.52229566661462,80.5925
2025-12-11T05:00:00Z,98.1615106551775,90.09
2025-12-11T06:00:00Z,110.9661941803525,98.11
2025-12-11T07:00:00Z,121.85970701202474,110.3575
2025-12-11T08:00:00Z,119.28729632532747,106.1675
2025-12-11T09:00:00Z,109.89407317941259,93.18
2025-12-11T10:00:00Z,109.25418511603212,91.9175
2025-12-11T11:00:00Z,106.79112253186545,89.4
2025-12-11T12:00:00Z,108.80553645586511,90.22
2025-12-11T13:00:00Z,110.68594397851784,97.7875
2025-12-11T14:00:00Z,116.07596301312877,111.265
2025-12-11T15:00:00Z,122.51486506826367,114.7
2025-12-11T16:00:00Z,124.52239526583524,115.405
2025-12-11T17:00:00Z,126.64706353520629,112.5675
2025-12-11T18:00:00Z,121.73932835289754,107.79
2025-12-11T19:00:00Z,108.34310623762535,103.6425
2025-12-11T20:00:00Z,100.15494411566985,94.3925
2025-12-11T21:00:00Z,100.42974056514561,93.585
2025-12-11T22:00:00Z,97.61764705106543,93.735
2025-12-11T23:00:00Z,96.71870535426191,83.78
2025-12-12T00:00:00Z,95.92673365559169,86.22
2025-12-12T01:00:00Z,95.05333044961843,87.9
2025-12-12T02:00:00Z,95.22945963289747,90.1825
2025-12-12T03:00:00Z,96.27858662490199,90.7075
2025-12-12T04:00:00Z,107.40502533105578,92.2125
2025-12-12T05:00:00Z,122.00481993670452,101.2275
2025-12-12T06:00:00Z,141.4618894859368,121.325
2025-12-12T07:00:00Z,151.29455903333337,130.8525
2025-12-12T08:00:00Z,147.11318527841792,126.9025
2025-12-12T09:00:00Z,135.71291205596714,121.955
2025-12-12T10:00:00Z,127.89968752252433,118.305
2025-12-12T11:00:00Z,129.04705235690716,113.0675
2025-12-12T12:00:00Z,133.22525558299446,118.26
2025-12-12T13:00:00Z,144.726484587961,126.8225
2025-12-12T14:00:00Z,160.45018314495576,131.9475
2025-12-12T15:00:00Z,171.0322443714174,145.4875
2025-12-12T16:00:00Z,164.99215204841454,146.825
2025-12-12T17:00:00Z,163.19787997047854,133.1
2025-12-12T18:00:00Z,152.2472947749789,128.0575
2025-12-12T19:00:00Z,132.82364429365902,117.0025
2025-12-12T20:00:00Z,117.41181920871755,114.93
2025-12-12T21:00:00Z,114.43469246591042,103.82
2025-12-12T22:00:00Z,104.35251982830943,91.7525
2025-12-12T23:00:00Z,99.328559911393,92.2825
2025-12-13T00:00:00Z,98.66399675706259,90.5025
2025-12-13T01:00:00Z,95.90966735345313,87.39
2025-12-13T02:00:00Z,94.14109596348273,87.0425
2025-12-13T03:00:00Z,91.49083645735685,85.0
2025-12-13T04:00:00Z,95.40772869832529,84.66749999999999
2025-12-13T05:00:00Z,103.40539280085723,79.1425
2025-12-13T06:00:00Z,109.7324996814952,81.135
2025-12-13T07:00:00Z,118.39215748199202,95.9525
2025-12-13T08:00:00Z,116.58111287286336,106.77
2025-12-13T09:00:00Z,112.96820454679158,102.585
2025-12-13T10:00:00Z,112.20709522771008,98.0925
2025-12-13T11:00:00Z,111.30928658149068,93.7575
2025-12-13T12:00:00Z,111.30853764907786,92.935
2025-12-13T13:00:00Z,115.54667144987904,95.7575
2025-12-13T14:00:00Z,123.84442727440668,114.6575
2025-12-13T15:00:00Z,135.12972794602803,119.7075
2025-12-13T16:00:00Z,140.102167343076,118.4475
2025-12-13T17:00:00Z,133.8273951577251,112.255
2025-12-13T18:00:00Z,123.38703038346263,103.63
2025-12-13T19:00:00Z,110.85039398384565,91.7075
2025-12-13T20:00:00Z,106.61995188026597,90.5575
2025-12-13T21:00:00Z,102.13620995447357,93.685
2025-12-13T22:00:00Z,93.35227570858432,84.3875
2025-12-13T23:00:00Z,88.24350467063812,91.195
2025-12-14T00:00:00Z,82.05439753713478,90.5225
2025-12-14T01:00:00Z,79.30565523268088,81.9
2025-12-14T02:00:00Z,76.38938887634077,79.95
2025-12-14T03:00:00Z,74.33463696528436,77.305
2025-12-14T04:00:00Z,73.22226569642638,78.7625
2025-12-14T05:00:00Z,74.99954060805665,77.175
2025-12-14T06:00:00Z,79.80719016837571,77.4725
2025-12-14T07:00:00Z,84.634159877646,81.76
2025-12-14T08:00:00Z,86.96516143759976,82.345
2025-12-14T09:00:00Z,84.9600256050879,80.005
2025-12-14T10:00:00Z,84.54356877582221,84.0775
2025-12-14T11:00:00Z,84.52939920044203,87.27250000000001
2025-12-14T12:00:00Z,84.98780802186123,86.95750000000001
2025-12-14T13:00:00Z,87.95505559423219,88.65
2025-12-14T14:00:00Z,93.5687698413976,92.0975
2025-12-14T15:00:00Z,97.52187697185853,99.2825
2025-12-14T16:00:00Z,100.0243722794549,102.785
2025-12-14T17:00:00Z,98.29719051696514,103.2925
2025-12-14T18:00:00Z,95.32815703874402,92.99
2025-12-14T19:00:00Z,89.01787707797328,90.3975
2025-12-14T20:00:00Z,82.72367613333398,84.4025
2025-12-14T21:00:00Z,78.76935506209287,82.65
2025-12-14T22:00:00Z,69.06375501132837,75.75
2025-12-14T23:00:00Z,63.74958438222606,72.5
2025-12-15T00:00:00Z,62.70289563648932,71.8775
2025-12-15T01:00:00Z,61.39896125829041,71.0375
2025-12-15T02:00:00Z,59.6227920702656,70.6675
2025-12-15T03:00:00Z,64.73040138408976,75.28
2025-12-15T04:00:00Z,76.80516474065476,76.8025
2025-12-15T05:00:00Z,92.1289976435488,86.525
2025-12-15T06:00:00Z,102.47004839555203,98.79
2025-12-15T07:00:00Z,114.3811994668472,101.1275
2025-12-15T08:00:00Z,98.62138747820502,96.65
2025-12-15T09:00:00Z,94.56459348803573,89.61500000000001
2025-12-15T10:00:00Z,90.27396013639735,79.7225
2025-12-15T11:00:00Z,91.22950205029359,79.77
2025-12-15T12:00:00Z,92.61527756980925,88.26
2025-12-15T13:00:00Z,95.54002714615753,95.4375
2025-12-15T14:00:00Z,104.41070536505197,107.3
2025-12-15T15:00:00Z,109.7333165602147,108.655
2025-12-15T16:00:00Z,110.18246897927831,104.2125
2025-12-15T17:00:00Z,110.56710633915945,98.1575
2025-12-15T18:00:00Z,102.42473991084222,90.4175
2025-12-15T19:00:00Z,95.50600519670873,84.25
2025-12-15T20:00:00Z,88.68636940158972,85.17
2025-12-15T21:00:00Z,86.05270311937605,84.9775
2025-12-15T22:00:00Z,80.43430423558912,80.4625
2025-12-15T23:00:00Z,78.83351869740315,80.67
2025-12-16T00:00:00Z,78.58207419649786,79.05250000000001
2025-12-16T01:00:00Z,78.6977876302632,77.0975
2025-12-16T02:00:00Z,79.04503004901184,79.0525
2025-12-16T03:00:00Z,81.37593949967264,80.3875
2025-12-16T04:00:00Z,88.63779710843356,82.3125
2025-12-16T05:00:00Z,95.92891527038067,88.4
2025-12-16T06:00:00Z,118.25642941245445,91.385
2025-12-16T07:00:00Z,135.41260256919043,100.4675
2025-12-16T08:00:00Z,113.19483533464668,101.265
2025-12-16T09:00:00Z,105.49498042120311,92.345
2025-12-16T10:00:00Z,101.48279331626004,90.6075
2025-12-16T11:00:00Z,99.8982072288472,91.5125
2025-12-16T12:00:00Z,111.01985425030047,99.885
2025-12-16T13:00:00Z,117.78055145412273,124.3975
2025-12-16T14:00:00Z,133.88648926439805,139.3775
2025-12-16T15:00:00Z,137.37384161152653,155.3125
2025-12-16T16:00:00Z,144.40294504535711,162.20499999999998
2025-12-16T17:00:00Z,147.28141078921396,142.25
2025-12-16T18:00:00Z,138.46838946401272,137.0975
2025-12-16T19:00:00Z,126.04240699359153,128.85
2025-12-16T20:00:00Z,118.02620496697025,118.9425
2025-12-16T21:00:00Z,111.52875245662135,115.575
2025-12-16T22:00:00Z,102.43890475186188,103.42
2025-12-16T23:00:00Z,90.9814639732201,89.0025
2025-12-17T00:00:00Z,91.95765005438867,89.79
2025-12-17T01:00:00Z,91.18009589507376,86.4925
2025-12-17T02:00:00Z,90.91458665285997,85.025
2025-12-17T03:00:00Z,91.07755051049826,88.0775
2025-12-17T04:00:00Z,97.2037279096131,90.4975
2025-12-17T05:00:00Z,115.78188442641148,95.4875
2025-12-17T06:00:00Z,129.00060862526766,108.825
2025-12-17T07:00:00Z,135.9237858119953,133.46
2025-12-17T08:00:00Z,122.81691287120671,126.295
2025-12-17T09:00:00Z,112.9752130396653,124.535
2025-12-17T10:00:00Z,109.84175365341795,118.15
2025-12-17T11:00:00Z,110.11641986086309,111.895
2025-12-17T12:00:00Z,115.82805024549658,122.6575
2025-12-17T13:00:00Z,119.49924074030373,129.97
2025-12-17T14:00:00Z,140.2750642442884,127.5025
2025-12-17T15:00:00Z,147.2827467077746,126.4975
2025-12-17T16:00:00Z,151.96299967383845,122.825
2025-12-17T17:00:00Z,140.64906508543984,111.4
2025-12-17T18:00:00Z,131.98687203060018,97.505
2025-12-17T19:00:00Z,113.80293574000106,94.71
2025-12-17T20:00:00Z,102.06041591016032,94.7025
2025-12-17T21:00:00Z,98.75116555339515,93.2175
2025-12-17T22:00:00Z,86.67981900748106,85.0
2025-12-17T23:00:00Z,77.52467202419194,77.755
2025-12-18T00:00:00Z,73.37030423883093,69.065
2025-12-18T01:00:00Z,65.98376242741031,60.1275
2025-12-18T02:00:00Z,60.36291195022519,48.89
2025-12-18T03:00:00Z,58.49371566236007,44.8175
2025-12-18T04:00:00Z,60.517981621833314,50.8275
2025-12-18T05:00:00Z,75.83964562691719,63.24250000000001
2025-12-18T06:00:00Z,82.44064533172424,81.525
2025-12-18T07:00:00Z,86.14193324049737,90.7425
2025-12-18T08:00:00Z,82.29688225990795,88.5575
2025-12-18T09:00:00Z,75.93010071883782,78.2825
2025-12-18T10:00:00Z,75.58507802835487,78.2875
2025-12-18T11:00:00Z,74.82422282620527,77.4225
2025-12-18T12:00:00Z,75.09103966431019,79.47749999999999
2025-12-18T13:00:00Z,84.07289747680613,103.755
2025-12-18T14:00:00Z,92.78738507650655,114.4925
2025-12-18T15:00:00Z,94.89966056115311,110.8825
2025-12-18T16:00:00Z,91.781105855769,103.4175
2025-12-18T17:00:00Z,86.00846775469677,88.255
2025-12-18T18:00:00Z,81.55606709917431,80.14
2025-12-18T19:00:00Z,67.35208150260257,67.6825
2025-12-18T20:00:00Z,56.30791831357562,53.255
2025-12-18T21:00:00Z,49.2034236951216,51.8
2025-12-18T22:00:00Z,28.86907525151436,18.6525
2025-12-18T23:00:00Z,24.76048607043399,9.84
2025-12-19T00:00:00Z,22.118385617334404,5.8575
2025-12-19T01:00:00Z,20.402718980365446,4.33
2025-12-19T02:00:00Z,19.79469113236286,3.515
2025-12-19T03:00:00Z,20.58908944906339,4.115
2025-12-19T04:00:00Z,38.38490686235728,10.775
2025-12-19T05:00:00Z,66.99356283463626,40.28
2025-12-19T06:00:00Z,85.33135399090354,76.7125
2025-12-19T07:00:00Z,97.09703691683346,89.5425
2025-12-19T08:00:00Z,92.57354419977746,89.38499999999999
2025-12-19T09:00:00Z,92.11044303251825,89.23
2025-12-19T10:00:00Z,92.16334623305808,87.49000000000001
2025-12-19T11:00:00Z,93.37100021761782,84.57249999999999
2025-12-19T12:00:00Z,99.1625615598985,87.625
2025-12-19T13:00:00Z,105.40176439754224,93.3475
2025-12-19T14:00:00Z,110.99864607480932,97.4025
2025-12-19T15:00:00Z,115.892685075085,100.3325
2025-12-19T16:00:00Z,117.57194082434158,106.905
2025-12-19T17:00:00Z,118.98315725322081,107.48
2025-12-19T18:00:00Z,113.4420091027252,105.1225
2025-12-19T19:00:00Z,106.92195531003661,102.91
2025-12-19T20:00:00Z,101.22587102975038,98.4625
2025-12-19T21:00:00Z,98.9527014524685,96.2775
2025-12-19T22:00:00Z,93.36858415516127,90.18
2025-12-19T23:00:00Z,91.63416353452742,84.8125
2025-12-20T00:00:00Z,88.0313822502378,83.4
2025-12-20T01:00:00Z,89.17350829215543,85.0025
2025-12-20T02:00:00Z,91.24565298373366,87.4875
2025-12-20T03:00:00Z,91.90630388105026,88.46000000000001
2025-12-20T04:00:00Z,95.68185093655303,89.915
2025-12-20T05:00:00Z,98.11538919921121,95.975
2025-12-20T06:00:00Z,104.20923125623968,104.0
2025-12-20T07:00:00Z,116.62573784485699,113.2075
2025-12-20T08:00:00Z,121.17115156811376,114.8
2025-12-20T09:00:00Z,116.00862291115301,112.6675
2025-12-20T10:00:00Z,109.83073660676476,110.9875
2025-12-20T11:00:00Z,108.87105470139153,110.2675
2025-12-20T12:00:00Z,109.14329333318256,114.9825
2025-12-20T13:00:00Z,112.29237331576894,119.4825
2025-12-20T14:00:00Z,128.8211596026901,120.6375
2025-12-20T15:00:00Z,131.64738178783006,120.205
2025-12-20T16:00:00Z,132.10695594565374,122.3925
2025-12-20T17:00:00Z,129.57701153768377,118.265
2025-12-20T18:00:00Z,117.9150900662298,104.11
2025-12-20T19:00:00Z,108.43198251487104,96.3825
2025-12-20T20:00:00Z,100.86718951615035,93.01
2025-12-20T21:00:00Z,98.0844325788472,92.245
2025-12-20T22:00:00Z,93.20439886197579,90.6725
2025-12-20T23:00:00Z,92.8136932899122,95.7
2025-12-21T00:00:00Z,89.38608337636295,90.045
2025-12-21T01:00:00Z,89.30395233890646,86.485
2025-12-21T02:00:00Z,87.62369000859321,85.39500000000001
2025-12-21T03:00:00Z,87.38690525202158,85.6275
2025-12-21T04:00:00Z,89.26236687661925,86.825
2025-12-21T05:00:00Z,96.38281522882046,88.14
2025-12-21T06:00:00Z,99.64773064395415,92.8525
2025-12-21T07:00:00Z,107.21010900593981,102.1475
2025-12-21T08:00:00Z,105.43543230767386,107.01
2025-12-21T09:00:00Z,101.89478071689297,102.5825
2025-12-21T10:00:00Z,97.48309587688456,101.3
2025-12-21T11:00:00Z,97.1368453567355,98.4825
2025-12-21T12:00:00Z,99.0759999193378,94.8675
2025-12-21T13:00:00Z,101.48848400663515,98.8925
2025-12-21T14:00:00Z,107.0363839541008,100.87
2025-12-21T15:00:00Z,104.89531068490561,97.515
2025-12-21T16:00:00Z,104.03501644420784,97.0675
2025-12-21T17:00:00Z,97.59212296204974,90.795
2025-12-21T18:00:00Z,90.27570764998539,86.14
2025-12-21T19:00:00Z,83.9851543053474,81.655
2025-12-21T20:00:00Z,81.6038421883788,78.8625
2025-12-21T21:00:00Z,73.84689654745256,77.495
2025-12-21T22:00:00Z,66.07311368090924,70.905
2025-12-21T23:00:00Z,65.4624644402931,70.22749999999999
2025-12-22T00:00:00Z,63.7829540215709,68.8275
2025-12-22T01:00:00Z,65.50817902844277,67.785
2025-12-22T02:00:00Z,65.47667627510148,66.31
2025-12-22T03:00:00Z,68.59423229997549,71.5175
2025-12-22T04:00:00Z,79.33554543794693,74.1125
2025-12-22T05:00:00Z,90.2274546832871,78.1875
2025-12-22T06:00:00Z,100.6436445607533,90.4475
2025-12-22T07:00:00Z,112.61502751637894,93.3425
2025-12-22T08:00:00Z,108.1882812324209,90.7925
2025-12-22T09:00:00Z,104.64667946387516,89.2475
2025-12-22T10:00:00Z,103.81694742888789,85.0
2025-12-22T11:00:00Z,101.8428760428949,86.34
2025-12-22T12:00:00Z,99.39494761965399,88.615
2025-12-22T13:00:00Z,99.73710200458586,92.1225
2025-12-22T14:00:00Z,107.59554568776262,99.5375
2025-12-22T15:00:00Z,106.51085349252557,101.18
2025-12-22T16:00:00Z,106.74271079162553,107.8925
2025-12-22T17:00:00Z,105.02343467752596,100.9
2025-12-22T18:00:00Z,99.92256863384902,93.79
2025-12-22T19:00:00Z,97.2066276853927,89.47749999999999
2025-12-22T20:00:00Z,91.14795721153779,84.86
2025-12-22T21:00:00Z,90.53084052501957,84.8225
2025-12-22T22:00:00Z,85.29788325101279,77.9675
2025-12-22T23:00:00Z,80.96307787542636,72.2325
2025-12-23T00:00:00Z,78.32867315447655,65.0325
2025-12-23T01:00:00Z,74.05918048464986,62.005
2025-12-23T02:00:00Z,73.24686762297006,59.06
2025-12-23T03:00:00Z,72.0475720954353,58.1125
2025-12-23T04:00:00Z,73.77341696544413,59.0225
2025-12-23T05:00:00Z,84.72947999108118,67.8475
2025-12-23T06:00:00Z,91.27294517057356,78.0175
2025-12-23T07:00:00Z,98.02617965603028,83.875
2025-12-23T08:00:00Z,96.35691909554514,85.465
2025-12-23T09:00:00Z,94.21711708230171,83.8375
2025-12-23T10:00:00Z,91.73355924818902,81.86749999999999
2025-12-23T11:00:00Z,90.39665939054164,80.485
2025-12-23T12:00:00Z,89.9607406276078,79.2125
2025-12-23T13:00:00Z,89.93376920044524,79.215
2025-12-23T14:00:00Z,95.39889496799628,81.8275
2025-12-23T15:00:00Z,95.73524885844161,83.6875
2025-12-23T16:00:00Z,96.08261223135239,82.4675
2025-12-23T17:00:00Z,95.22750146419703,83.945
2025-12-23T18:00:00Z,90.69561696098438,82.465
2025-12-23T19:00:00Z,87.02466750313097,78.005
2025-12-23T20:00:00Z,84.12796453983464,69.93
2025-12-23T21:00:00Z,84.61340555503777,71.83500000000001
2025-12-23T22:00:00Z,79.6103643343782,64.0925
2025-12-23T23:00:00Z,76.7233280779196,60.2475
2025-12-24T00:00:00Z,75.71725955397012,55.8625
2025-12-24T01:00:00Z,74.24983908526715,56.8
2025-12-24T02:00:00Z,75.45689805045095,55.84
2025-12-24T03:00:00Z,77.3751815184308,55.8475
2025-12-24T04:00:00Z,79.21941110346077,55.85
2025-12-24T05:00:00Z,79.56402659903794,57.215
2025-12-24T06:00:00Z,88.67646404367659,67.44500000000001
2025-12-24T07:00:00Z,97.1341994249359,81.0
2025-12-24T08:00:00Z,93.6977421608332,82.47
2025-12-24T09:00:00Z,91.87414290088644,76.02250000000001
2025-12-24T10:00:00Z,87.04863975299803,69.2875
2025-12-24T11:00:00Z,82.19335197294622,68.5125
2025-12-24T12:00:00Z,80.67137789833488,67.9875
2025-12-24T13:00:00Z,88.10290503355722,73.7575
2025-12-24T14:00:00Z,92.10691685847462,83.0525
2025-12-24T15:00:00Z,91.26276663249733,87.9
2025-12-24T16:00:00Z,91.2017443911182,89.1325
2025-12-24T17:00:00Z,90.40666580207431,78.9075
2025-12-24T18:00:00Z,84.99618640241073,71.77250000000001
2025-12-24T19:00:00Z,83.60577900163456,68.1575
2025-12-24T20:00:00Z,81.85003424893591,67.9875
2025-12-24T21:00:00Z,80.43270487864781,69.0075
2025-12-24T22:00:00Z,81.83491089078098,65.1625
2025-12-24T23:00:00Z,65.60446933913192,63.22
2025-12-25T00:00:00Z,54.9019319133963,58.4425
2025-12-25T01:00:00Z,52.603810256011904,56.8575
2025-12-25T02:00:00Z,52.068867159803666,55.845
2025-12-25T03:00:00Z,51.15825359195717,54.53
2025-12-25T04:00:00Z,50.27294000924806,52.605
2025-12-25T05:00:00Z,51.004769085283435,49.165
2025-12-25T06:00:00Z,73.75557086149618,54.0275
2025-12-25T07:00:00Z,81.51580900258982,64.205
2025-12-25T08:00:00Z,78.44424365771624,64.7075
2025-12-25T09:00:00Z,66.21831743410686,53.765
2025-12-25T10:00:00Z,61.11516084195856,48.9825
2025-12-25T11:00:00Z,64.69861617153663,48.4875
2025-12-25T12:00:00Z,69.68429089808986,47.865
2025-12-25T13:00:00Z,79.314481220567,68.5475
2025-12-25T14:00:00Z,86.22499299209927,89.41499999999999
2025-12-25T15:00:00Z,89.53735598464156,92.235
2025-12-25T16:00:00Z,90.06119714201068,94.005
2025-12-25T17:00:00Z,90.09369424787053,94.055
2025-12-25T18:00:00Z,90.95660937016105,91.715
2025-12-25T19:00:00Z,90.0581598899334,91.0325
2025-12-25T20:00:00Z,88.3964708126281,92.7
2025-12-25T21:00:00Z,88.37444135431721,96.1525
2025-12-25T22:00:00Z,84.23542202574997,91.47
2025-12-25T23:00:00Z,87.02982365699683,97.1
2025-12-26T00:00:00Z,83.41913240257826,91.0525
2025-12-26T01:00:00Z,83.30497191060367,85.8175
2025-12-26T02:00:00Z,83.29129161871262,83.05250000000001
2025-12-26T03:00:00Z,82.7585365792494,82.3925
2025-12-26T04:00:00Z,84.51979945375403,82.83500000000001
2025-12-26T05:00:00Z,85.14153015142581,85.02
2025-12-26T06:00:00Z,87.17403825368746,93.115
2025-12-26T07:00:00Z,93.20625560270189,98.9
2025-12-26T08:00:00Z,91.83789855343092,96.73
2025-12-26T09:00:00Z,82.33687851136526,89.25
2025-12-26T10:00:00Z,81.94356926115594,84.9925
2025-12-26T11:00:00Z,82.38335576757251,82.3125
2025-12-26T12:00:00Z,81.88372708609502,83.0975
2025-12-26T13:00:00Z,92.93499393422974,92.7
2025-12-26T14:00:00Z,101.84385462257052,109.1425
2025-12-26T15:00:00Z,106.67665343624934,116.7725
2025-12-26T16:00:00Z,110.78582642248296,120.47
2025-12-26T17:00:00Z,113.37439456236743,116.9725
2025-12-26T18:00:00Z,111.11480374335314,116.2625
2025-12-26T19:00:00Z,108.46648047138444,113.725
2025-12-26T20:00:00Z,104.77793717936814,111.5
2025-12-26T21:00:00Z,104.99900482986374,108.255
2025-12-26T22:00:00Z,100.56619582425208,99.3675
2025-12-26T23:00:00Z,102.33460611719318,96.69
2025-12-27T00:00:00Z,102.2869539265396,91.725
2025-12-27T01:00:00Z,96.94844373537053,84.7075
2025-12-27T02:00:00Z,96.23958556078016,82.7175
2025-12-27T03:00:00Z,93.77085944605281,83.9975
2025-12-27T04:00:00Z,95.63692100195054,83.17
2025-12-27T05:00:00Z,95.19117062557838,88.015
2025-12-27T06:00:00Z,100.31234307991967,99.505
2025-12-27T07:00:00Z,107.01618382171117,102.32
2025-12-27T08:00:00Z,95.64689229152809,93.81
2025-12-27T09:00:00Z,87.48002962822542,80.0325
2025-12-27T10:00:00Z,86.19714394826188,75.395
2025-12-27T11:00:00Z,83.4300968414501,74.54
2025-12-27T12:00:00Z,84.3182144431479,76.7375
2025-12-27T13:00:00Z,83.35941565715567,81.19999999999999
2025-12-27T14:00:00Z,88.24036576449335,94.5425
2025-12-27T15:00:00Z,96.1940983424999,103.0075
2025-12-27T16:00:00Z,101.94476430876949,105.925
2025-12-27T17:00:00Z,106.32833357547487,108.4275
2025-12-27T18:00:00Z,103.00793799379532,105.0
2025-12-27T19:00:00Z,99.64123634277846,102.5875
2025-12-27T20:00:00Z,103.84369867149746,93.895
2025-12-27T21:00:00Z,103.18750841240026,95.4175
2025-12-27T22:00:00Z,93.95298768176792,91.295
2025-12-27T23:00:00Z,92.48351192364369,84.33500000000001
2025-12-28T00:00:00Z,88.01751521010384,83.37
2025-12-28T01:00:00Z,88.16986468782392,79.96000000000001
2025-12-28T02:00:00Z,91.11825310700648,78.8175
2025-12-28T03:00:00Z,90.70629009670336,80.4475
2025-12-28T04:00:00Z,93.11592805956732,83.61
2025-12-28T05:00:00Z,95.68305118966812,86.47749999999999
2025-12-28T06:00:00Z,104.69140937070006,92.15
2025-12-28T07:00:00Z,112.13032232215913,97.3625
2025-12-28T08:00:00Z,110.67340968573004,96.565
2025-12-28T09:00:00Z,104.54545248179103,88.2125
2025-12-28T10:00:00Z,99.83960463345717,88.3675
2025-12-28T11:00:00Z,94.45428018780835,80.0225
2025-12-28T12:00:00Z,95.04306057086339,80.025
2025-12-28T13:00:00Z,100.20805483720275,86.6775
2025-12-28T14:00:00Z,107.63232445875674,100.87
2025-12-28T15:00:00Z,111.55104827720724,110.8825
2025-12-28T16:00:00Z,113.68002168144405,113.7025
2025-12-28T17:00:00Z,115.57365023133755,114.455
2025-12-28T18:00:00Z,113.87799172958012,109.3325
2025-12-28T19:00:00Z,107.28471897477307,105.01
2025-12-28T20:00:00Z,98.42988489226497,99.0275
2025-12-28T21:00:00Z,95.24692997212631,98.2825
2025-12-28T22:00:00Z,88.23581314693851,88.44
2025-12-28T23:00:00Z,83.16439637814084,89.88
2025-12-29T00:00:00Z,79.76526780463361,84.98249999999999
2025-12-29T01:00:00Z,73.50506650425116,84.1825
2025-12-29T02:00:00Z,71.56769922377416,82.19
2025-12-29T03:00:00Z,72.78539636541757,83.6225
2025-12-29T04:00:00Z,82.4929022117408,90.7925
2025-12-29T05:00:00Z,97.67318864805524,96.3325
2025-12-29T06:00:00Z,110.63242690978936,104.7175
2025-12-29T07:00:00Z,121.11415795999432,113.8775
2025-12-29T08:00:00Z,108.99708347038184,111.01
2025-12-29T09:00:00Z,102.49532941669402,97.645
2025-12-29T10:00:00Z,100.78456869509736,90.345
2025-12-29T11:00:00Z,97.3581414149903,87.6575
2025-12-29T12:00:00Z,96.62403583604505,88.52250000000001
2025-12-29T13:00:00Z,98.41894079807074,96.1025
2025-12-29T14:00:00Z,106.73728845727572,103.5075
2025-12-29T15:00:00Z,111.18649224513848,108.655
2025-12-29T16:00:00Z,114.30585240008568,107.0075
2025-12-29T17:00:00Z,116.13866474665858,103.3075
2025-12-29T18:00:00Z,109.33335576330428,95.1475
2025-12-29T19:00:00Z,105.33294130271682,90.3725
2025-12-29T20:00:00Z,99.95622169186223,83.245
2025-12-29T21:00:00Z,95.98971772227596,87.91499999999999
2025-12-29T22:00:00Z,86.91592858029365,83.3425
2025-12-29T23:00:00Z,82.9634522453318,77.8625
2025-12-30T00:00:00Z,73.70355251770496,73.215
2025-12-30T01:00:00Z,71.48030967488918,71.855
2025-12-30T02:00:00Z,69.87419631812783,69.3575
2025-12-30T03:00:00Z,73.7558183033868,68.5375
2025-12-30T04:00:00Z,78.67733752204104,71.99
2025-12-30T05:00:00Z,90.39029697160903,80.02
2025-12-30T06:00:00Z,103.50053131480068,87.97
2025-12-30T07:00:00Z,112.36456636137588,94.8775
2025-12-30T08:00:00Z,105.98677693795955,94.3925
2025-12-30T09:00:00Z,98.83747778125633,85.82
2025-12-30T10:00:00Z,94.57949773721657,79.38
2025-12-30T11:00:00Z,91.599260349242,76.155
2025-12-30T12:00:00Z,93.14226709381911,76.7575
2025-12-30T13:00:00Z,97.21577508576581,88.9675
2025-12-30T14:00:00Z,107.80663038524672,102.325
2025-12-30T15:00:00Z,115.00112951874605,109.1
2025-12-30T16:00:00Z,116.42573688026701,110.715
2025-12-30T17:00:00Z,116.60552289001586,109.12
2025-12-30T18:00:00Z,109.34510912352243,105.6075
2025-12-30T19:00:00Z,106.201808803568,101.04
2025-12-30T20:00:00Z,98.23422962418863,93.3225
2025-12-30T21:00:00Z,97.38930299115334,92.045
2025-12-30T22:00:00Z,94.05944752357405,85.8075
2025-12-30T23:00:00Z,86.3169357728735,88.0825
2025-12-31T00:00:00Z,82.12664835114168,84.3375
2025-12-31T01:00:00Z,79.0883400353541,80.2125
2025-12-31T02:00:00Z,74.57973531581109,76.58
2025-12-31T03:00:00Z,70.17596135166018,74.9325
2025-12-31T04:00:00Z,73.28945762143343,77.3775
2025-12-31T05:00:00Z,81.07711126349126,81.86749999999999
2025-12-31T06:00:00Z,84.98776649259402,85.2825
2025-12-31T07:00:00Z,90.81715655547622,95.7925
2025-12-31T08:00:00Z,91.83934160608233,95.335
2025-12-31T09:00:00Z,88.9729803604783,89.26249999999999
2025-12-31T10:00:00Z,85.27716644604504,83.48
2025-12-31T11:00:00Z,83.05228368096746,83.0475
2025-12-31T12:00:00Z,82.92056259388445,85.17
2025-12-31T13:00:00Z,86.85517443889282,85.17750000000001
2025-12-31T14:00:00Z,91.56117674720217,90.8325
2025-12-31T15:00:00Z,92.79417345148269,100.705
2025-12-31T16:00:00Z,95.78235212491778,110.1
2025-12-31T17:00:00Z,97.98374647680514,107.5275
2025-12-31T18:00:00Z,97.17727448231255,95.99
2025-12-31T19:00:00Z,92.29657459401051,86.8025
2025-12-31T20:00:00Z,82.10628912818754,79.7975
2025-12-31T21:00:00Z,76.26143307179326,81.39
2025-12-31T22:00:00Z,65.60138809343266,76.4475
2025-12-31T23:00:00Z,47.85375048246517,58.2775
2026-01-19T23:00:00Z,123.14755076148346,115.06
2026-01-20T00:00:00Z,121.10170564556847,114.335
2026-01-20T01:00:00Z,121.22671502776794,110.355
2026-01-20T02:00:00Z,121.58054441257995,109.8675
2026-01-20T03:00:00Z,127.24989232538191,113.1725
2026-01-20T04:00:00Z,132.83270841111033,125.28
2026-01-20T05:00:00Z,157.76929447387533,190.105
2026-01-20T06:00:00Z,206.60044118321895,240.8775
2026-01-20T07:00:00Z,218.4389969996074,262.785
2026-01-20T08:00:00Z,176.2948440334082,179.535
2026-01-20T09:00:00Z,145.30088684916234,132.17
2026-01-20T10:00:00Z,130.18620879313244,107.9525
2026-01-20T11:00:00Z,126.51304268081357,103.6225
2026-01-20T12:00:00Z,131.52408079474984,105.755
2026-01-20T13:00:00Z,149.87075686061502,136.7225
2026-01-20T14:00:00Z,174.17397839516917,178.26
2026-01-20T15:00:00Z,212.764603010148,276.735
2026-01-20T16:00:00Z,217.20791599210048,249.63
2026-01-20T17:00:00Z,216.59636260162432,193.925
2026-01-20T18:00:00Z,187.0276546115981,181.9175
2026-01-20T19:00:00Z,164.15820643936775,155.10000000000002
2026-01-20T20:00:00Z,148.79109564766821,139.89
2026-01-20T21:00:00Z,146.06092396387618,117.1925
2026-01-20T22:00:00Z,132.75095766889893,107.8375
2026-01-20T23:00:00Z,128.52767387396852,101.49
2026-01-21T00:00:00Z,128.0718970535513,101.7175
2026-01-21T01:00:00Z,124.65585592879992,98.7575
2026-01-21T02:00:00Z,123.86700117959059,100.91
2026-01-21T03:00:00Z,127.880574938553,98.845
2026-01-21T04:00:00Z,134.19570268427788,98.6925
2026-01-21T05:00:00Z,158.06437306309067,107.8725
2026-01-21T06:00:00Z,181.27541956558963,160.0
2026-01-21T07:00:00Z,188.74074939775983,176.3975
2026-01-21T08:00:00Z,167.24266685509048,142.89249999999998
2026-01-21T09:00:00Z,133.3597028512994,118.3
2026-01-21T10:00:00Z,117.4052139300428,100.9925
2026-01-21T11:00:00Z,112.57392884716893,99.13
2026-01-21T12:00:00Z,116.37047095146356,103.475
2026-01-21T13:00:00Z,128.03354280823356,108.6225
2026-01-21T14:00:00Z,149.931469361493,126.9275
2026-01-21T15:00:00Z,171.82765697924054,145.035
2026-01-21T16:00:00Z,176.451237051524,139.11
2026-01-21T17:00:00Z,174.38678529448805,138.9075
2026-01-21T18:00:00Z,162.2246456959047,127.83
2026-01-21T19:00:00Z,143.03097261760126,105.4475
2026-01-21T20:00:00Z,130.0905509465307,102.44
2026-01-21T21:00:00Z,120.74515947282612,104.76
2026-01-21T22:00:00Z,110.98925093290491,99.375
2026-01-21T23:00:00Z,106.99749947147454,92.7975
2026-01-22T00:00:00Z,102.8625255290663,92.5275
2026-01-22T01:00:00Z,101.9714434541145,91.45
2026-01-22T02:00:00Z,103.12702840796915,91.82
2026-01-22T03:00:00Z,103.86935874309705,92.85
2026-01-22T04:00:00Z,108.66417277004203,93.1875
2026-01-22T05:00:00Z,122.93196342847024,100.6775
2026-01-22T06:00:00Z,147.7052991154269,125.52
2026-01-22T07:00:00Z,161.3649247350071,137.1225
2026-01-22T08:00:00Z,139.74048141897273,114.4175
2026-01-22T09:00:00Z,118.0932565083707,95.2575
2026-01-22T10:00:00Z,108.25625858125642,89.075
2026-01-22T11:00:00Z,99.16263954710065,83.8575
2026-01-22T12:00:00Z,103.9985746882818,88.065
2026-01-22T13:00:00Z,112.61325520280533,94.91
2026-01-22T14:00:00Z,130.8409715237462,107.78
2026-01-22T15:00:00Z,149.52177492942695,130.8975
2026-01-22T16:00:00Z,153.8528680354375,136.365
2026-01-22T17:00:00Z,151.23087867210847,129.6675
2026-01-22T18:00:00Z,144.60661447992584,121.5675
2026-01-22T19:00:00Z,128.38042253399573,109.35
2026-01-22T20:00:00Z,123.47400270315117,106.945
2026-01-22T21:00:00Z,120.06014480420426,103.3225
2026-01-22T22:00:00Z,114.90019749380382,97.3075
2026-01-22T23:00:00Z,110.3573809057281,97.8875
2026-01-23T00:00:00Z,108.9642679580664,97.245
2026-01-23T01:00:00Z,105.73397978927383,95.9475
2026-01-23T02:00:00Z,105.06121621507661,95.0025
2026-01-23T03:00:00Z,107.1897929054859,95.6225
2026-01-23T04:00:00Z,110.07765998151496,96.9975
2026-01-23T05:00:00Z,121.48472676628644,108.1975
2026-01-23T06:00:00Z,140.32676030739742,133.0
2026-01-23T07:00:00Z,151.03042506693401,152.9375
2026-01-23T08:00:00Z,137.03115938096548,142.4875
2026-01-23T09:00:00Z,119.13002880290635,115.3775
2026-01-23T10:00:00Z,108.00995777495547,100.1275
2026-01-23T11:00:00Z,101.27825364316803,96.2125
2026-01-23T12:00:00Z,104.12705045338055,95.76
2026-01-23T13:00:00Z,113.53497868471266,97.08
2026-01-23T14:00:00Z,124.73723050684555,108.7675
2026-01-23T15:00:00Z,138.98002866534114,124.0475
2026-01-23T16:00:00Z,140.4863119363531,136.08499999999998
2026-01-23T17:00:00Z,140.59628979870837,128.48250000000002
2026-01-23T18:00:00Z,134.8574814379116,116.8025
2026-01-23T19:00:00Z,123.81612477371092,107.2225
2026-01-23T20:00:00Z,117.00212220439873,103.96
2026-01-23T21:00:00Z,111.55476604628552,104.79
2026-01-23T22:00:00Z,109.14407920307374,96.995
2026-01-23T23:00:00Z,104.05945904234186,99.8
2026-01-24T00:00:00Z,102.77011517527097,99.035
2026-01-24T01:00:00Z,100.84693745273323,98.315
2026-01-24T02:00:00Z,101.52227406959783,97.825
2026-01-24T03:00:00Z,101.74990721296066,97.5475
2026-01-24T04:00:00Z,101.5234536335088,98.91
2026-01-24T05:00:00Z,106.9106053676324,100.3975
2026-01-24T06:00:00Z,119.91551659773452,104.06
2026-01-24T07:00:00Z,126.30582091585804,110.9975
2026-01-24T08:00:00Z,130.86945437395352,123.0925
2026-01-24T09:00:00Z,124.49273960869819,119.24
2026-01-24T10:00:00Z,117.35410009931422,110.2975
2026-01-24T11:00:00Z,115.37671198305797,106.2175
2026-01-24T12:00:00Z,114.60405888169882,101.8725
2026-01-24T13:00:00Z,117.94935747769837,105.12
2026-01-24T14:00:00Z,126.00755803403858,118.2275
2026-01-24T15:00:00Z,145.81026089983533,131.905
2026-01-24T16:00:00Z,148.1409750700248,146.7225
2026-01-24T17:00:00Z,148.76899710410447,141.7475
2026-01-24T18:00:00Z,143.29418803861734,131.9325
2026-01-24T19:00:00Z,131.2289262151466,118.6725
2026-01-24T20:00:00Z,125.16502836764658,110.5375
2026-01-24T21:00:00Z,120.77550876243562,110.31
2026-01-24T22:00:00Z,117.11722717843486,104.15
2026-01-24T23:00:00Z,116.95816787083966,101.4425
2026-01-25T00:00:00Z,113.04225511865845,101.7575
2026-01-25T01:00:00Z,111.33240011900003,101.315
2026-01-25T02:00:00Z,109.8283857564688,101.77
2026-01-25T03:00:00Z,110.35593347325099,100.8625
2026-01-25T04:00:00Z,111.5853892171153,100.5125
2026-01-25T05:00:00Z,113.92655605739166,99.965
2026-01-25T06:00:00Z,115.9939154884204,102.06
2026-01-25T07:00:00Z,124.68991869304267,103.7575
2026-01-25T08:00:00Z,134.13413678823812,108.8875
2026-01-25T09:00:00Z,131.2978786661427,113.1925
2026-01-25T10:00:00Z,123.44498098135679,116.0175
2026-01-25T11:00:00Z,122.67421169597176,120.03
2026-01-25T12:00:00Z,117.85130878154315,116.1075
2026-01-25T13:00:00Z,117.21196441417821,114.315
2026-01-25T14:00:00Z,125.23558447125605,111.7525
2026-01-25T15:00:00Z,138.17864631756265,116.9
2026-01-25T16:00:00Z,144.1786667576195,131.2125
2026-01-25T17:00:00Z,147.75925997011961,137.375
2026-01-25T18:00:00Z,143.30950550086465,132.575
2026-01-25T19:00:00Z,134.208482046184,124.0175
2026-01-25T20:00:00Z,123.45658850530988,114.0225
2026-01-25T21:00:00Z,121.89362933483943,111.9425
2026-01-25T22:00:00Z,116.56782464516041,104.49
2026-01-25T23:00:00Z,115.1010965923832,103.925
2026-01-26T00:00:00Z,110.46136854269079,101.1125
2026-01-26T01:00:00Z,108.69373837037703,98.7275
2026-01-26T02:00:00Z,105.00268447494547,95.8525
2026-01-26T03:00:00Z,104.69190593726287,95.0325
2026-01-26T04:00:00Z,111.57354592257474,97.1925
2026-01-26T05:00:00Z,136.81482078742312,114.2775
2026-01-26T06:00:00Z,158.74101062013477,153.1975
2026-01-26T07:00:00Z,162.3560589240205,175.1325
2026-01-26T08:00:00Z,157.36486356474063,177.9675
2026-01-26T09:00:00Z,151.34183649072406,178.0125
2026-01-26T10:00:00Z,145.87992863707944,170.3425
2026-01-26T11:00:00Z,145.1917831122575,156.03
2026-01-26T12:00:00Z,147.0112592744499,149.39499999999998
2026-01-26T13:00:00Z,152.07664166023739,147.78
2026-01-26T14:00:00Z,157.57254034092688,159.97
2026-01-26T15:00:00Z,168.46351750826642,166.32999999999998
2026-01-26T16:00:00Z,185.93748414714798,178.6975
2026-01-26T17:00:00Z,188.59574125505617,178.0225
2026-01-26T18:00:00Z,181.837104912445,169.9725
2026-01-26T19:00:00Z,167.75970753183321,154.16500000000002
2026-01-26T20:00:00Z,147.4426721929496,137.1125
2026-01-26T21:00:00Z,139.9004530388853,121.5
2026-01-26T22:00:00Z,131.16899955035197,111.685
2026-01-26T23:00:00Z,131.545234802415,118.7675
2026-01-27T00:00:00Z,129.1819625431456,113.7025
2026-01-27T01:00:00Z,127.4350591621712,112.1575
2026-01-27T02:00:00Z,122.91117398985104,111.4875
2026-01-27T03:00:00Z,123.88908079849536,110.545
2026-01-27T04:00:00Z,130.4439853393293,111.65
2026-01-27T05:00:00Z,158.7223679743658,133.61
2026-01-27T06:00:00Z,191.41274711183996,159.875
2026-01-27T07:00:00Z,216.19745841993284,176.635
2026-01-27T08:00:00Z,198.47573668182207,171.195
2026-01-27T09:00:00Z,178.5951424862156,148.45749999999998
2026-01-27T10:00:00Z,165.0677790683376,133.29
2026-01-27T11:00:00Z,151.18083292413883,123.03
2026-01-27T12:00:00Z,146.87157276805073,112.4875
2026-01-27T13:00:00Z,147.56723706233151,131.0825
2026-01-27T14:00:00Z,155.65253641164156,127.4475
2026-01-27T15:00:00Z,160.5334578132585,132.98
2026-01-27T16:00:00Z,174.13182262166913,152.62
2026-01-27T17:00:00Z,172.69614966773577,141.14
2026-01-27T18:00:00Z,161.28096495160452,138.8825
2026-01-27T19:00:00Z,146.19192472932667,121.5875
2026-01-27T20:00:00Z,131.64956949908625,119.3675
2026-01-27T21:00:00Z,127.28204379678739,120.7
2026-01-27T22:00:00Z,119.64195719734715,111.85
2026-01-27T23:00:00Z,117.3864995636931,105.475
2026-01-28T00:00:00Z,115.51136635991695,104.465
2026-01-28T01:00:00Z,111.48989026725634,104.465
2026-01-28T02:00:00Z,112.54816815022741,102.24
2026-01-28T03:00:00Z,111.49010110135877,104.7125
2026-01-28T04:00:00Z,115.29185227736325,106.6
2026-01-28T05:00:00Z,134.0348145410695,113.6975
2026-01-28T06:00:00Z,173.41522267671235,143.5975
2026-01-28T07:00:00Z,182.6802003054882,171.0025
2026-01-28T08:00:00Z,176.77599716241184,173.64499999999998
2026-01-28T09:00:00Z,160.08075743264908,172.325
2026-01-28T10:00:00Z,146.73053286308368,166.24
2026-01-28T11:00:00Z,144.7343412888007,157.0875
2026-01-28T12:00:00Z,139.72393047993836,147.9125
2026-01-28T13:00:00Z,143.9176517196468,145.035
2026-01-28T14:00:00Z,148.2548921905771,141.13750000000002
2026-01-28T15:00:00Z,153.91595144217763,147.1275
2026-01-28T16:00:00Z,164.0009610166781,164.2225
2026-01-28T17:00:00Z,162.09281808995343,170.425
2026-01-28T18:00:00Z,154.3652935588682,161.225
2026-01-28T19:00:00Z,135.07199247599937,134.265
2026-01-28T20:00:00Z,128.5626652899689,119.01
2026-01-28T21:00:00Z,124.83164255684082,117.0
2026-01-28T22:00:00Z,117.68455570373709,110.9575
2026-01-28T23:00:00Z,112.26176859172708,104.55
2026-01-29T00:00:00Z,109.61338535688841,104.0
2026-01-29T01:00:00Z,110.14659755657577,101.88
2026-01-29T02:00:00Z,111.86860132409944,100.0225
2026-01-29T03:00:00Z,113.35730429948333,100.9325
2026-01-29T04:00:00Z,117.76160717324977,104.6375
2026-01-29T05:00:00Z,134.02651691136617,116.12
2026-01-29T06:00:00Z,163.31604432624232,149.595
2026-01-29T07:00:00Z,181.14049210747385,165.6825
2026-01-29T08:00:00Z,174.14046378609407,168.035
2026-01-29T09:00:00Z,169.90946779131713,160.675
2026-01-29T10:00:00Z,166.27196304263242,152.7925
2026-01-29T11:00:00Z,160.38643943775168,143.035
2026-01-29T12:00:00Z,151.9117228333775,142.815
2026-01-29T13:00:00Z,151.8367843396611,142.9925
2026-01-29T14:00:00Z,158.71028713259756,147.6125
2026-01-29T15:00:00Z,163.9281260577971,153.1025
2026-01-29T16:00:00Z,177.65169852311965,159.4775
2026-01-29T17:00:00Z,176.95679668931825,157.24
2026-01-29T18:00:00Z,163.0370736755179,150.0375
2026-01-29T19:00:00Z,140.73435363469412,126.5575
2026-01-29T20:00:00Z,130.42866417613948,113.57
2026-01-29T21:00:00Z,125.16548296682606,109.315
2026-01-29T22:00:00Z,116.22985978734222,102.9775
2026-01-29T23:00:00Z,113.84339616087995,111.065
2026-01-30T00:00:00Z,112.33516124555425,103.3125
2026-01-30T01:00:00Z,111.56170728122261,100.8525
2026-01-30T02:00:00Z,109.95042323439041,97.3875
2026-01-30T03:00:00Z,112.66881435380402,97.3
2026-01-30T04:00:00Z,115.7532549912663,96.2775
2026-01-30T05:00:00Z,130.7028619844584,111.125
2026-01-30T06:00:00Z,160.62485591300197,131.7775
2026-01-30T07:00:00Z,167.20533204518887,143.755
2026-01-30T08:00:00Z,163.2757388584351,147.035
2026-01-30T09:00:00Z,153.16909906761765,132.63
2026-01-30T10:00:00Z,139.81847755003952,126.1
2026-01-30T11:00:00Z,132.89339062697707,118.205
2026-01-30T12:00:00Z,130.87956585366896,110.39
2026-01-30T13:00:00Z,129.8916886107567,110.3175
2026-01-30T14:00:00Z,135.01070367514643,111.195
2026-01-30T15:00:00Z,140.1268656141243,114.9375
2026-01-30T16:00:00Z,142.440572136782,124.81
2026-01-30T17:00:00Z,137.83694878185787,122.8875
2026-01-30T18:00:00Z,130.85899374241478,113.0875
2026-01-30T19:00:00Z,118.58786539170403,108.5975
2026-01-30T20:00:00Z,107.50895266261001,101.6825
2026-01-30T21:00:00Z,102.49360701998279,101.09
2026-01-30T22:00:00Z,98.81506963480902,92.695
2026-01-30T23:00:00Z,101.42653261652386,96.9525
2026-01-31T00:00:00Z,95.8953586848815,97.3775
2026-01-31T01:00:00Z,92.417895763147,94.5075
2026-01-31T02:00:00Z,91.9980699913797,94.08
2026-01-31T03:00:00Z,90.71009403797956,93.325
2026-01-31T04:00:00Z,93.43991344067445,94.0575
2026-01-31T05:00:00Z,96.71373698036187,93.45
2026-01-31T06:00:00Z,105.28010126536068,92.9025
2026-01-31T07:00:00Z,111.80804071109158,103.955
2026-01-31T08:00:00Z,116.05591069953634,109.0625
2026-01-31T09:00:00Z,113.42612769333675,114.215
2026-01-31T10:00:00Z,110.94792950933663,113.47
2026-01-31T11:00:00Z,108.38788372484953,111.2775
2026-01-31T12:00:00Z,105.25931374592379,107.39
2026-01-31T13:00:00Z,106.10854836547857,110.305
2026-01-31T14:00:00Z,115.21276348745651,113.1675
2026-01-31T15:00:00Z,127.44721542673348,119.3575
2026-01-31T16:00:00Z,138.204311058927,134.605
2026-01-31T17:00:00Z,138.5820811190461,138.0375
2026-01-31T18:00:00Z,135.97155210290785,133.95
2026-01-31T19:00:00Z,122.16884500526069,125.645
2026-01-31T20:00:00Z,116.09341138680628,114.2075
2026-01-31T21:00:00Z,115.44275466143189,114.145
2026-01-31T22:00:00Z,110.06276832448128,105.9
2026-01-31T23:00:00Z,105.18827005207346,96.09
2026-02-01T00:00:00Z,101.15130946325526,94.0075
2026-02-01T01:00:00Z,101.39808124242147,98.4025
2026-02-01T02:00:00Z,101.18047249559348,96.0575
2026-02-01T03:00:00Z,101.46151957239351,98.3125
2026-02-01T04:00:00Z,100.29498968294517,98.2225
2026-02-01T05:00:00Z,102.62656995008214,96.015
2026-02-01T06:00:00Z,105.96512707834574,99.5
2026-02-01T07:00:00Z,111.56618341611743,105.255
2026-02-01T08:00:00Z,117.67028669202003,109.235
2026-02-01T09:00:00Z,119.65446264534394,109.845
2026-02-01T10:00:00Z,116.57540371373307,108.1575
2026-02-01T11:00:00Z,114.02786285343629,107.125
2026-02-01T12:00:00Z,111.85735536239599,100.3875
2026-02-01T13:00:00Z,108.21341726816078,102.235
2026-02-01T14:00:00Z,117.84876114529213,108.9575
2026-02-01T15:00:00Z,124.9179313894165,114.6675
2026-02-01T16:00:00Z,137.37116903143925,129.4875
2026-02-01T17:00:00Z,138.635982314066,136.8425
2026-02-01T18:00:00Z,130.35529432052925,137.39
2026-02-01T19:00:00Z,123.04688161777419,125.5925
2026-02-01T20:00:00Z,111.02559379625853,113.8575
2026-02-01T21:00:00Z,108.9913959471531,113.885
2026-02-01T22:00:00Z,104.48822503633502,106.5525
2026-02-01T23:00:00Z,95.68523010819561,99.5925
2026-02-02T00:00:00Z,92.24159366712018,97.9925
2026-02-02T01:00:00Z,88.7364121108722,95.0925
2026-02-02T02:00:00Z,88.01972834162245,91.0
2026-02-02T03:00:00Z,89.2805924351721,91.7325
2026-02-02T04:00:00Z,100.56835354083688,94.7225
2026-02-02T05:00:00Z,118.58768265511759,106.575
2026-02-02T06:00:00Z,136.2626451763227,122.885
2026-02-02T07:00:00Z,143.76886704814444,136.8675
2026-02-02T08:00:00Z,134.1218986398854,140.155
2026-02-02T09:00:00Z,124.182523452011,124.54
2026-02-02T10:00:00Z,111.95629277647805,114.6675
2026-02-02T11:00:00Z,103.53795842163858,109.2125
2026-02-02T12:00:00Z,98.90687075556025,104.0
2026-02-02T13:00:00Z,102.8181572038202,102.9025
2026-02-02T14:00:00Z,112.62025187788521,105.0775
2026-02-02T15:00:00Z,123.88918782286405,109.7775
2026-02-02T16:00:00Z,129.77878389552268,118.1975
2026-02-02T17:00:00Z,134.07752800429034,118.9675
2026-02-02T18:00:00Z,127.44622611072464,105.0
2026-02-02T19:00:00Z,107.28623371928063,102.255
2026-02-02T20:00:00Z,96.61690041982666,102.015
2026-02-02T21:00:00Z,95.6777232912958,101.2275
2026-02-02T22:00:00Z,89.94075583574862,91.385
2026-02-02T23:00:00Z,88.16893525645175,91.7175
2026-02-03T00:00:00Z,89.20115500552991,89.36500000000001
2026-02-03T01:00:00Z,85.82120288845334,84.0075
2026-02-03T02:00:00Z,82.26077370789683,79.9375
2026-02-03T03:00:00Z,82.3074620657918,76.84
2026-02-03T04:00:00Z,88.14312375301505,82.16
2026-02-03T05:00:00Z,96.85323619044075,91.16
2026-02-03T06:00:00Z,118.83658771273885,97.6925
2026-02-03T07:00:00Z,127.23660108878461,106.2725
2026-02-03T08:00:00Z,124.8899733240638,108.225
2026-02-03T09:00:00Z,111.01085527887217,99.94
2026-02-03T10:00:00Z,103.84480537623278,90.83
2026-02-03T11:00:00Z,101.6384254780219,87.94749999999999
2026-02-03T12:00:00Z,98.80607398186534,89.905
2026-02-03T13:00:00Z,102.64476393146002,93.1525
2026-02-03T14:00:00Z,104.33998030684697,100.41
2026-02-03T15:00:00Z,112.07554275015785,106.615
2026-02-03T16:00:00Z,126.4854723199188,125.7725
2026-02-03T17:00:00Z,126.58336902016858,126.3475
2026-02-03T18:00:00Z,120.93590081049054,123.2275
2026-02-03T19:00:00Z,111.39644289261908,112.9
2026-02-03T20:00:00Z,107.55075071087472,103.2925
2026-02-03T21:00:00Z,105.46708635931564,100.895
2026-02-03T22:00:00Z,103.3414788522758,94.8125
2026-02-03T23:00:00Z,100.36120465180888,95.0025
2026-02-04T00:00:00Z,98.77131522373146,92.7875
2026-02-04T01:00:00Z,99.35570432523168,92.9625
2026-02-04T02:00:00Z,100.83184564327028,94.6225
2026-02-04T03:00:00Z,105.82397497062169,93.9575
2026-02-04T04:00:00Z,111.61347972608037,96.585
2026-02-04T05:00:00Z,124.08631635564288,105.285
2026-02-04T06:00:00Z,144.66470446706893,122.935
2026-02-04T07:00:00Z,154.51954631164438,131.605
2026-02-04T08:00:00Z,149.19494798975916,122.6725
2026-02-04T09:00:00Z,138.02715663535366,110.0
2026-02-04T10:00:00Z,127.17681152305283,98.7075
2026-02-04T11:00:00Z,122.76081036934933,91.915
2026-02-04T12:00:00Z,122.18593117180171,91.3825
2026-02-04T13:00:00Z,129.9801200963268,96.0775
2026-02-04T14:00:00Z,136.35965413501805,102.875
2026-02-04T15:00:00Z,142.73517413110886,114.185
2026-02-04T16:00:00Z,153.04403127133833,124.6175
2026-02-04T17:00:00Z,149.88502573125737,117.04
2026-02-04T18:00:00Z,144.03194212676163,104.52
2026-02-04T19:00:00Z,124.62499946432534,96.2875
2026-02-04T20:00:00Z,118.06458529223043,94.7525
2026-02-04T21:00:00Z,112.18616666716129,93.8225
2026-02-04T22:00:00Z,107.67131823983281,86.3075
2026-02-04T23:00:00Z,106.34440107344855,90.3025
2026-02-05T00:00:00Z,106.53474848925657,88.4375
2026-02-05T01:00:00Z,105.78709645838855,87.4325
2026-02-05T02:00:00Z,107.27308363476514,87.795
2026-02-05T03:00:00Z,108.4333675908612,89.565
2026-02-05T04:00:00Z,119.45935140068985,91.51
2026-02-05T05:00:00Z,131.09119152281573,102.845
2026-02-05T06:00:00Z,159.99673476534127,113.32
2026-02-05T07:00:00Z,169.65429151494214,125.365
2026-02-05T08:00:00Z,163.1689952989011,121.52
2026-02-05T09:00:00Z,153.73400603374495,118.1925
2026-02-05T10:00:00Z,141.10473975393106,121.0675
2026-02-05T11:00:00Z,134.74115363723473,108.2525
2026-02-05T12:00:00Z,133.80015709244512,109.7575
2026-02-05T13:00:00Z,136.41960922408134,110.1025
2026-02-05T14:00:00Z,144.2654914152983,116.98
2026-02-05T15:00:00Z,153.49423732696732,126.0
2026-02-05T16:00:00Z,163.947260725977,140.5
2026-02-05T17:00:00Z,162.10354802029548,136.64499999999998
2026-02-05T18:00:00Z,155.83232237545275,132.9075
2026-02-05T19:00:00Z,139.5618773883075,120.81
2026-02-05T20:00:00Z,133.75055643183592,107.7825
2026-02-05T21:00:00Z,128.63177204699048,105.88
2026-02-05T22:00:00Z,124.1740720817325,100.0375
2026-02-05T23:00:00Z,126.71158734901994,99.31
2026-02-06T00:00:00Z,120.15466163517428,99.1275
2026-02-06T01:00:00Z,119.49045849151058,98.0875
2026-02-06T02:00:00Z,117.91593122110119,98.2275
2026-02-06T03:00:00Z,119.74618795568841,98.7425
2026-02-06T04:00:00Z,127.76434297859852,102.3325
2026-02-06T05:00:00Z,147.61886200057592,115.4225
2026-02-06T06:00:00Z,170.63201274539807,139.4625
2026-02-06T07:00:00Z,176.28704337394174,144.74
2026-02-06T08:00:00Z,165.96123256265213,144.2025
2026-02-06T09:00:00Z,159.36019538041694,142.0925
2026-02-06T10:00:00Z,152.77360410592206,138.91
2026-02-06T11:00:00Z,150.32461988678,136.21
2026-02-06T12:00:00Z,145.84221571445306,135.89249999999998
2026-02-06T13:00:00Z,145.79495143607988,135.66750000000002
2026-02-06T14:00:00Z,154.92905981613347,139.4725
2026-02-06T15:00:00Z,163.24209584339678,133.9625
2026-02-06T16:00:00Z,179.08616426895185,137.1875
2026-02-06T17:00:00Z,167.63662639217688,132.19
2026-02-06T18:00:00Z,161.75965098353942,125.6275
2026-02-06T19:00:00Z,145.66138754903193,110.9825
2026-02-06T20:00:00Z,135.91411154373858,108.85
2026-02-06T21:00:00Z,130.08847816151194,106.2625
2026-02-06T22:00:00Z,121.04828307262517,102.2375
2026-02-06T23:00:00Z,119.55995317974481,101.4925
2026-02-07T00:00:00Z,117.65132372580433,100.0
2026-02-07T01:00:00Z,115.95497691219937,98.0425
2026-02-07T02:00:00Z,115.41007040545504,96.885
2026-02-07T03:00:00Z,116.02586750210737,96.395
2026-02-07T04:00:00Z,120.40679361592699,96.725
2026-02-07T05:00:00Z,127.59799548991415,97.095
2026-02-07T06:00:00Z,139.84966010414297,105.5475
2026-02-07T07:00:00Z,152.20383433149635,114.08
2026-02-07T08:00:00Z,156.74647418732428,117.975
2026-02-07T09:00:00Z,152.6990782683572,110.0625
2026-02-07T10:00:00Z,144.71478455439467,104.5325
2026-02-07T11:00:00Z,135.1972748436536,100.1175
2026-02-07T12:00:00Z,131.9665424756023,97.3875
2026-02-07T13:00:00Z,134.23380471973533,99.9275
2026-02-07T14:00:00Z,142.1403504685651,106.3325
2026-02-07T15:00:00Z,150.81576279858007,120.29
2026-02-07T16:00:00Z,161.2357372484335,134.03750000000002
2026-02-07T17:00:00Z,158.9576320883926,135.33249999999998
2026-02-07T18:00:00Z,156.31021727551666,127.4975
2026-02-07T19:00:00Z,137.01363195631106,113.395
2026-02-07T20:00:00Z,133.19088155009914,104.39
2026-02-07T21:00:00Z,127.87505979195122,104.0725
2026-02-07T22:00:00Z,122.83139522550687,98.76
2026-02-07T23:00:00Z,114.75392014117887,102.035
2026-02-08T00:00:00Z,111.1291645393289,99.045
2026-02-08T01:00:00Z,109.47899324701257,97.5675
2026-02-08T02:00:00Z,108.14233555141608,96.425
2026-02-08T03:00:00Z,107.57035575843996,94.86
2026-02-08T04:00:00Z,106.98105855436329,95.75
2026-02-08T05:00:00Z,108.36373026534909,95.0
2026-02-08T06:00:00Z,115.7762999784489,95.805
2026-02-08T07:00:00Z,126.22384660084427,100.3475
2026-02-08T08:00:00Z,130.12412380813294,101.9875
2026-02-08T09:00:00Z,125.91068836475492,102.645
2026-02-08T10:00:00Z,124.5753015487368,99.6
2026-02-08T11:00:00Z,123.15767137633406,96.5725
2026-02-08T12:00:00Z,114.30493005535533,95.45
2026-02-08T13:00:00Z,114.13402425838642,97.22
2026-02-08T14:00:00Z,123.98278471846618,103.3225
2026-02-08T15:00:00Z,136.53057384511612,111.785
2026-02-08T16:00:00Z,148.00139442727215,127.6325
2026-02-08T17:00:00Z,149.07759637041647,131.26749999999998
2026-02-08T18:00:00Z,148.27039378993226,126.9075
2026-02-08T19:00:00Z,138.0071083495074,113.2825
2026-02-08T20:00:00Z,127.69613020614716,107.6275
2026-02-08T21:00:00Z,127.04904676040539,105.14
2026-02-08T22:00:00Z,121.9794572543455,99.9825
2026-02-08T23:00:00Z,119.44101817753855,96.745
2026-02-09T00:00:00Z,115.95278595901154,95.4525
2026-02-09T01:00:00Z,114.40003899517674,95.7025
2026-02-09T02:00:00Z,115.15162543083585,95.4675
2026-02-09T03:00:00Z,114.4631058529484,96.565
2026-02-09T04:00:00Z,121.29692279129601,104.735
2026-02-09T05:00:00Z,149.3794722196156,132.235
2026-02-09T06:00:00Z,175.9236495517419,158.595
2026-02-09T07:00:00Z,185.0529254874465,182.71
2026-02-09T08:00:00Z,170.08840602399522,169.2075
2026-02-09T09:00:00Z,163.50883431909102,157.29
2026-02-09T10:00:00Z,151.18155832614963,144.38
2026-02-09T11:00:00Z,145.82183756984102,137.0725
2026-02-09T12:00:00Z,142.3675886904556,135.025
2026-02-09T13:00:00Z,143.23256975015903,137.6575
2026-02-09T14:00:00Z,152.12987631080404,149.0775
2026-02-09T15:00:00Z,175.88068264208079,168.9825
2026-02-09T16:00:00Z,192.79371986620032,227.2125
2026-02-09T17:00:00Z,199.48739065179285,182.225
2026-02-09T18:00:00Z,190.03038750374776,165.81
2026-02-09T19:00:00Z,156.94956957646076,144.1275
2026-02-09T20:00:00Z,146.46836591159695,134.6
2026-02-09T21:00:00Z,139.73701717801663,122.895
2026-02-09T22:00:00Z,130.7988249740915,108.9225
2026-02-09T23:00:00Z,119.7522909826062,104.6425
2026-02-10T00:00:00Z,116.93968474812942,103.745
2026-02-10T01:00:00Z,116.07382509609099,102.7475
2026-02-10T02:00:00Z,115.68856219825868,102.435
2026-02-10T03:00:00Z,117.07780671812974,102.435
2026-02-10T04:00:00Z,126.76060327241255,105.4275
2026-02-10T05:00:00Z,151.51885387644836,119.9175
2026-02-10T06:00:00Z,171.77693960710366,134.89
2026-02-10T07:00:00Z,183.96582469461856,143.8275
2026-02-10T08:00:00Z,167.85793180280376,132.08249999999998
2026-02-10T09:00:00Z,155.3908862844952,129.0875
2026-02-10T10:00:00Z,139.26355458447696,119.4425
2026-02-10T11:00:00Z,130.45813992708779,109.2225
2026-02-10T12:00:00Z,126.84343532057476,109.47
2026-02-10T13:00:00Z,137.54047542719786,116.2225
2026-02-10T14:00:00Z,149.83540327645312,128.115
2026-02-10T15:00:00Z,165.47734932149194,127.6625
2026-02-10T16:00:00Z,174.45782482428194,135.2425
2026-02-10T17:00:00Z,168.3395743034484,131.7125
2026-02-10T18:00:00Z,161.90731572304065,120.3275
2026-02-10T19:00:00Z,143.7193758813824,111.2525
2026-02-10T20:00:00Z,128.36366386348817,107.1575
2026-02-10T21:00:00Z,128.00526469971032,106.69
2026-02-10T22:00:00Z,120.73297931900538,100.5275
2026-02-10T23:00:00Z,108.12208814056017,96.7825
2026-02-11T00:00:00Z,108.44407583727879,96.63
2026-02-11T01:00:00Z,107.98828795779296,95.605
2026-02-11T02:00:00Z,106.7981699900558,94.68
2026-02-11T03:00:00Z,106.45451384339252,94.845
2026-02-11T04:00:00Z,108.4595771598712,99.1425
2026-02-11T05:00:00Z,126.59166817663461,110.4775
2026-02-11T06:00:00Z,138.8973812773191,129.0
2026-02-11T07:00:00Z,153.4100964478152,137.0675
2026-02-11T08:00:00Z,146.45305207651148,131.4375
2026-02-11T09:00:00Z,136.4543944446445,127.5
2026-02-11T10:00:00Z,129.83040193321983,125.94
2026-02-11T11:00:00Z,125.08474009437525,115.8625
2026-02-11T12:00:00Z,123.80392001083133,116.7
2026-02-11T13:00:00Z,125.59624827867921,116.7
2026-02-11T14:00:00Z,130.10883847602716,118.185
2026-02-11T15:00:00Z,134.43506289771813,122.315
2026-02-11T16:00:00Z,143.04103412195747,127.9
2026-02-11T17:00:00Z,144.6010052497233,125.465
2026-02-11T18:00:00Z,130.89109173549411,112.02
2026-02-11T19:00:00Z,120.79582128181495,104.9275
2026-02-11T20:00:00Z,115.18591824957674,104.38
2026-02-11T21:00:00Z,107.69750812224991,101.9975
2026-02-11T22:00:00Z,100.71257895666831,95.3075
2026-02-11T23:00:00Z,92.7796204832938,88.1925
2026-02-12T00:00:00Z,89.04187659693027,87.58
2026-02-12T01:00:00Z,89.10298896981288,86.2025
2026-02-12T02:00:00Z,87.82196661171336,84.8925
2026-02-12T03:00:00Z,87.28807216830134,86.0125
2026-02-12T04:00:00Z,98.12424238354983,89.43
2026-02-12T05:00:00Z,115.61541152160865,99.8625
2026-02-12T06:00:00Z,134.81781714182338,116.0075
2026-02-12T07:00:00Z,140.74880721042524,123.0725
2026-02-12T08:00:00Z,137.06641291108318,121.205
2026-02-12T09:00:00Z,131.72523826085603,117.52
2026-02-12T10:00:00Z,128.95231112865838,111.1525
2026-02-12T11:00:00Z,122.98201220937159,105.515
2026-02-12T12:00:00Z,122.57709159294798,103.555
2026-02-12T13:00:00Z,125.98793061863753,105.2125
2026-02-12T14:00:00Z,129.3126444692257,107.98
2026-02-12T15:00:00Z,133.91368611357734,110.785
2026-02-12T16:00:00Z,140.0114701626108,123.05
2026-02-12T17:00:00Z,142.33572766150667,125.6625
2026-02-12T18:00:00Z,135.42276674075356,120.8725
2026-02-12T19:00:00Z,120.06546354930485,109.1025
2026-02-12T20:00:00Z,109.74808754787207,99.6925
2026-02-12T21:00:00Z,106.4630857965931,97.175
2026-02-12T22:00:00Z,99.65153204724956,89.33250000000001
2026-02-12T23:00:00Z,90.33617351342862,83.8575
2026-02-13T00:00:00Z,88.52493114151808,83.66
2026-02-13T01:00:00Z,88.15930887986416,82.2175
2026-02-13T02:00:00Z,90.76419176631613,81.855
2026-02-13T03:00:00Z,92.95829314819139,83.35
2026-02-13T04:00:00Z,102.08772398981951,87.1875
2026-02-13T05:00:00Z,117.8603061400355,98.7275
2026-02-13T06:00:00Z,146.9679934796286,117.7275
2026-02-13T07:00:00Z,151.97668444357345,123.85
2026-02-13T08:00:00Z,149.61608087155014,119.15
2026-02-13T09:00:00Z,143.77669857451718,106.3925
2026-02-13T10:00:00Z,137.39647483737775,101.03
2026-02-13T11:00:00Z,134.25262742517344,97.3
2026-02-13T12:00:00Z,134.1794494077518,97.495
2026-02-13T13:00:00Z,135.56954554745147,102.09
2026-02-13T14:00:00Z,143.59177758994588,118.0975
2026-02-13T15:00:00Z,152.25457429951587,125.905
2026-02-13T16:00:00Z,162.60362009443384,131.985
2026-02-13T17:00:00Z,161.73533045534992,136.02249999999998
2026-02-13T18:00:00Z,155.48479938586502,131.89249999999998
2026-02-13T19:00:00Z,140.28765400417797,126.0
2026-02-13T20:00:00Z,131.41347138830798,117.58
2026-02-13T21:00:00Z,126.19376973217119,109.9475
2026-02-13T22:00:00Z,120.31261563871142,100.8575
2026-02-13T23:00:00Z,112.45792088409863,96.9925
2026-02-14T00:00:00Z,105.93280491257138,91.83
2026-02-14T01:00:00Z,104.05617819900358,89.09
2026-02-14T02:00:00Z,103.10587054748395,88.6725
2026-02-14T03:00:00Z,102.37154972081056,87.5075
2026-02-14T04:00:00Z,104.56438833392144,88.75
2026-02-14T05:00:00Z,109.85281479933202,90.2175
2026-02-14T06:00:00Z,121.71423060236941,93.1175
2026-02-14T07:00:00Z,130.9549883021266,101.8325
2026-02-14T08:00:00Z,131.56735400267542,107.49
2026-02-14T09:00:00Z,128.20774563609666,103.97
2026-02-14T10:00:00Z,120.06965240093578,98.1625
2026-02-14T11:00:00Z,115.09079403667468,95.16
2026-02-14T12:00:00Z,113.36643192478782,93.9725
2026-02-14T13:00:00Z,116.12493346705212,97.1125
2026-02-14T14:00:00Z,125.2830128830187,104.9525
2026-02-14T15:00:00Z,136.7905287699112,116.8875
2026-02-14T16:00:00Z,148.7551765061329,126.1
2026-02-14T17:00:00Z,150.6694283013091,131.9275
2026-02-14T18:00:00Z,151.50696494039215,128.72
2026-02-14T19:00:00Z,142.9142627310867,123.1925
2026-02-14T20:00:00Z,129.17807834402532,116.98
2026-02-14T21:00:00Z,123.17529818165963,111.2025
2026-02-14T22:00:00Z,117.04183861806911,101.1
2026-02-14T23:00:00Z,113.80226089384398,101.7775
2026-02-15T00:00:00Z,111.09731982298315,99.9475
2026-02-15T01:00:00Z,108.01313929002946,100.755
2026-02-15T02:00:00Z,105.71106592718698,98.025
2026-02-15T03:00:00Z,106.23620210568382,96.52
2026-02-15T04:00:00Z,107.6104275839146,94.355
2026-02-15T05:00:00Z,108.80365879807918,94.1675
2026-02-15T06:00:00Z,110.47558010430969,96.115
2026-02-15T07:00:00Z,114.76967727175246,96.8
2026-02-15T08:00:00Z,107.06128644391606,93.065
2026-02-15T09:00:00Z,93.05834779153571,83.0175
2026-02-15T10:00:00Z,83.75074421893096,74.7225
2026-02-15T11:00:00Z,79.11281036317077,67.37
2026-02-15T12:00:00Z,75.54494312891573,64.4075
2026-02-15T13:00:00Z,75.57255745916737,64.4225
2026-02-15T14:00:00Z,85.93821996469971,71.9525
2026-02-15T15:00:00Z,95.74661249874673,84.205
2026-02-15T16:00:00Z,106.73820463603585,96.385
2026-02-15T17:00:00Z,96.27404133963749,98.2025
2026-02-15T18:00:00Z,84.98188987182519,83.6125
2026-02-15T19:00:00Z,80.58328469825045,71.0025
2026-02-15T20:00:00Z,79.06179771929173,67.2625
2026-02-15T21:00:00Z,76.77334219833926,65.61500000000001
2026-02-15T22:00:00Z,75.19274664719578,58.04
2026-02-15T23:00:00Z,67.97747417374956,68.93
2026-02-16T00:00:00Z,67.95422243046389,65.375
2026-02-16T01:00:00Z,67.7408938282653,64.41
2026-02-16T02:00:00Z,65.93190324760661,64.4125
2026-02-16T03:00:00Z,66.42840667329196,66.0525
2026-02-16T04:00:00Z,74.64674326754198,69.985
2026-02-16T05:00:00Z,81.84131787060731,79.3275
2026-02-16T06:00:00Z,95.70919206079678,94.0725
2026-02-16T07:00:00Z,109.85580440964833,101.0325
2026-02-16T08:00:00Z,110.40212208621286,104.425
2026-02-16T09:00:00Z,109.29008373387585,101.54
2026-02-16T10:00:00Z,105.9871196820484,94.86
2026-02-16T11:00:00Z,108.433468166981,92.0025
2026-02-16T12:00:00Z,109.53359215105114,94.4025
2026-02-16T13:00:00Z,114.03718209607716,96.0125
2026-02-16T14:00:00Z,122.89089598233186,104.075
2026-02-16T15:00:00Z,134.74120148104532,115.3025
2026-02-16T16:00:00Z,138.1985525659453,130.355
2026-02-16T17:00:00Z,139.22792583167086,129.1175
2026-02-16T18:00:00Z,135.87537794405532,126.355
2026-02-16T19:00:00Z,130.39607060056366,115.6325
2026-02-16T20:00:00Z,122.38413306377487,103.8975
2026-02-16T21:00:00Z,118.93596150204526,101.92
2026-02-16T22:00:00Z,108.82201242461078,92.755
2026-02-23T23:00:00Z,80.84952452869848,82.3575
2026-02-24T00:00:00Z,85.49789445229572,83.9625
2026-02-24T01:00:00Z,87.19485661187714,85.975
2026-02-24T02:00:00Z,94.75172784893839,86.45
2026-02-24T03:00:00Z,102.69191587256277,88.205
2026-02-24T04:00:00Z,110.37616863743804,94.17
2026-02-24T05:00:00Z,130.3930039175433,111.1225
2026-02-24T06:00:00Z,158.51813915764677,133.0975
2026-02-24T07:00:00Z,177.78396485133442,147.475
2026-02-24T08:00:00Z,164.60884197305143,140.72
2026-02-24T09:00:00Z,145.76637052552888,128.7675
2026-02-24T10:00:00Z,128.0242202960392,111.395
2026-02-24T11:00:00Z,123.14959490708893,100.19
2026-02-24T12:00:00Z,117.29512094570269,99.3
2026-02-24T13:00:00Z,118.92138524879371,95.005
2026-02-24T14:00:00Z,122.9956714593491,107.0725
2026-02-24T15:00:00Z,136.36488479357354,125.8075
2026-02-24T16:00:00Z,165.28761468107564,182.22
2026-02-24T17:00:00Z,176.11284708656808,184.0475
2026-02-24T18:00:00Z,164.02383390087215,144.4175
2026-02-24T19:00:00Z,145.78290865859282,118.9575
2026-02-24T20:00:00Z,129.59720562618588,108.725
2026-02-24T21:00:00Z,121.70450947390134,101.705
2026-02-24T22:00:00Z,112.40241472812343,93.9025
2026-02-24T23:00:00Z,110.61262270944158,92.1425
2026-02-25T00:00:00Z,106.93751031884607,87.4025
2026-02-25T01:00:00Z,106.91511136644772,84.83250000000001
2026-02-25T02:00:00Z,106.11608348691676,88.095
2026-02-25T03:00:00Z,108.64105100705297,88.61
2026-02-25T04:00:00Z,119.23012031645752,93.1725
2026-02-25T05:00:00Z,132.99230449875574,113.8175
2026-02-25T06:00:00Z,164.59068714290163,130.7325
2026-02-25T07:00:00Z,157.06292676599395,119.8525
2026-02-25T08:00:00Z,137.8612030168727,107.175
2026-02-25T09:00:00Z,117.54761170957937,90.83
2026-02-25T10:00:00Z,96.91339257752199,79.8475
2026-02-25T11:00:00Z,85.88837709748836,65.80250000000001
2026-02-25T12:00:00Z,76.1913375137099,60.1975
2026-02-25T13:00:00Z,83.19215800862877,67.8475
2026-02-25T14:00:00Z,99.45874699331476,80.9825
2026-02-25T15:00:00Z,126.05387517515206,101.37
2026-02-25T16:00:00Z,159.05631760893976,118.6425
2026-02-25T17:00:00Z,157.71052922925344,121.77
2026-02-25T18:00:00Z,136.96759443982856,107.1525
2026-02-25T19:00:00Z,116.29038774138571,94.255
2026-02-25T20:00:00Z,100.63423408159066,87.28
2026-02-25T21:00:00Z,96.84829577335607,86.8275
2026-02-25T22:00:00Z,89.31244316112617,79.12
2026-02-25T23:00:00Z,84.25173414995125,76.4225
2026-02-26T00:00:00Z,78.30759330292082,72.39
2026-02-26T01:00:00Z,76.92511055645735,68.74249999999999
2026-02-26T02:00:00Z,75.93490720260405,67.9325
2026-02-26T03:00:00Z,77.73563239726863,67.3775
2026-02-26T04:00:00Z,84.22700652878537,75.855
2026-02-26T05:00:00Z,97.92516819554552,100.8175
2026-02-26T06:00:00Z,114.25419590639747,110.1
2026-02-26T07:00:00Z,105.4627965179138,97.4475
2026-02-26T08:00:00Z,89.44874806494077,80.42500000000001
2026-02-26T09:00:00Z,81.31659401654923,67.85
2026-02-26T10:00:00Z,66.33652213124375,53.345
2026-02-26T11:00:00Z,55.18516474990834,20.0375
2026-02-26T12:00:00Z,56.31383918994653,14.0525
2026-02-26T13:00:00Z,67.5998490035223,44.6375
2026-02-26T14:00:00Z,89.31148978440369,71.3075
2026-02-26T15:00:00Z,107.92465946708113,94.7325
2026-02-26T16:00:00Z,128.06598210812822,111.1375
2026-02-26T17:00:00Z,131.21565065312484,113.095
2026-02-26T18:00:00Z,120.10797054793223,107.985
2026-02-26T19:00:00Z,104.62023932706194,93.4475
2026-02-26T20:00:00Z,96.80996762628972,84.0775
2026-02-26T21:00:00Z,89.33450837369111,80.45750000000001
2026-02-26T22:00:00Z,81.05640329460648,71.575
2026-02-26T23:00:00Z,57.999351810741395,55.1475
2026-02-27T00:00:00Z,57.48282287589851,56.0075
2026-02-27T01:00:00Z,57.248625924898406,57.3025
2026-02-27T02:00:00Z,58.676945450391855,60.0
2026-02-27T03:00:00Z,60.606406792041774,61.795
2026-02-27T04:00:00Z,71.70416130424448,65.9925
2026-02-27T05:00:00Z,88.21619662281562,76.565
2026-02-27T06:00:00Z,95.7805214597474,88.525
2026-02-27T07:00:00Z,88.68014655521552,79.33
2026-02-27T08:00:00Z,64.04305699097196,64.415
2026-02-27T09:00:00Z,48.14832991291984,31.5475
2026-02-27T10:00:00Z,24.689050652414323,0.97
2026-02-27T11:00:00Z,7.740388439807804,-0.0125
2026-02-27T12:00:00Z,5.9777703104998015,-0.01
2026-02-27T13:00:00Z,23.509355518664925,7.7375
2026-02-27T14:00:00Z,58.89890516782445,59.755
2026-02-27T15:00:00Z,97.700323895998,92.0
2026-02-27T16:00:00Z,125.0601598391798,115.195
2026-02-27T17:00:00Z,131.7038778861032,118.1
2026-02-27T18:00:00Z,119.07059318481402,109.2525
2026-02-27T19:00:00Z,105.85681594123895,100.03
2026-02-27T20:00:00Z,97.75750956829494,90.9625
2026-02-27T21:00:00Z,92.70514239754124,87.51
2026-02-27T22:00:00Z,83.09362487605857,80.0025
2026-02-27T23:00:00Z,84.92150087309112,80.02
2026-02-28T00:00:00Z,81.04480897660649,76.305
2026-02-28T01:00:00Z,77.17799282373528,74.7275
2026-02-28T02:00:00Z,75.04699306170707,71.775
2026-02-28T03:00:00Z,75.64901512569114,71.8925
2026-02-28T04:00:00Z,77.56033619540875,72.25
2026-02-28T05:00:00Z,82.29014845827841,72.9225
2026-02-28T06:00:00Z,87.34179710554803,76.29
2026-02-28T07:00:00Z,72.03814528035892,57.115
2026-02-28T08:00:00Z,49.603375039307686,17.7975
2026-02-28T09:00:00Z,22.50866500825347,-0.01
2026-02-28T10:00:00Z,10.739059847371255,-0.0275
2026-02-28T11:00:00Z,9.179485788823335,-0.2525
2026-02-28T12:00:00Z,8.583428390304121,-0.2225
2026-02-28T13:00:00Z,10.802538452249019,-0.0075
2026-02-28T14:00:00Z,25.696464715517173,14.8625
2026-02-28T15:00:00Z,62.03383768976813,65.6475
2026-02-28T16:00:00Z,81.02286377637199,89.935
2026-02-28T17:00:00Z,88.42010825493571,95.1925
2026-02-28T18:00:00Z,78.86003073692828,85.1675
2026-02-28T19:00:00Z,71.17871868529821,69.1175
2026-02-28T20:00:00Z,62.02522325090281,64.6675
2026-02-28T21:00:00Z,64.16677021672908,64.6625
2026-02-28T22:00:00Z,56.57038274384502,60.6725
2026-02-28T23:00:00Z,51.1178241007374,47.6475
2026-03-01T00:00:00Z,48.56841836188025,51.55
2026-03-01T01:00:00Z,54.7388364053423,54.2475
2026-03-01T02:00:00Z,66.45857274587001,57.072500000000005
2026-03-01T03:00:00Z,71.65215204192295,61.085
2026-03-01T04:00:00Z,76.71007107517792,65.18
2026-03-01T05:00:00Z,82.52860162749325,66.00750000000001
2026-03-01T06:00:00Z,88.83692792297559,64.9975
2026-03-01T07:00:00Z,82.09832039322762,52.535
2026-03-01T08:00:00Z,66.90532191673302,19.98
2026-03-01T09:00:00Z,41.98175404443593,0.0
2026-03-01T10:00:00Z,29.807018742723795,-0.025
2026-03-01T11:00:00Z,21.85779903255796,-0.365
2026-03-01T12:00:00Z,18.47291314386477,-0.7875
2026-03-01T13:00:00Z,28.120568031524925,-0.005
2026-03-01T14:00:00Z,55.43000790868968,25.9525
2026-03-01T15:00:00Z,90.99135222669534,74.84
2026-03-01T16:00:00Z,112.20205809814586,103.76
2026-03-01T17:00:00Z,118.3227484355714,110.2025
2026-03-01T18:00:00Z,110.76683310325812,101.685
2026-03-01T19:00:00Z,103.75237144058174,90.735
2026-03-01T20:00:00Z,94.70436439891698,81.315
2026-03-01T21:00:00Z,89.74586393183525,74.66499999999999
2026-03-01T22:00:00Z,80.87381794768979,68.1475
2026-03-01T23:00:00Z,72.50498515343448,65.13
2026-03-02T00:00:00Z,71.49672903292415,66.94500000000001
2026-03-02T01:00:00Z,74.58548266944041,69.0075
2026-03-02T02:00:00Z,73.47533113484296,69.5675
2026-03-02T03:00:00Z,84.67193165473687,74.03
2026-03-02T04:00:00Z,96.18652649980089,85.03
2026-03-02T05:00:00Z,110.03108437075598,100.1675
2026-03-02T06:00:00Z,126.45585298277572,138.6525
2026-03-02T07:00:00Z,120.85918370272246,124.8625
2026-03-02T08:00:00Z,95.8391384204924,89.4625
2026-03-02T09:00:00Z,71.93769092402528,69.9
2026-03-02T10:00:00Z,49.87716100971116,53.5625
2026-03-02T11:00:00Z,22.052457985612442,29.067500000000003
2026-03-02T12:00:00Z,22.047887941487044,40.2525
2026-03-02T13:00:00Z,56.557166712424575,64.03
2026-03-02T14:00:00Z,92.23224124837961,84.9875
2026-03-02T15:00:00Z,113.1633639860463,109.1525
2026-03-02T16:00:00Z,140.65349613386763,173.5
2026-03-02T17:00:00Z,153.8331912294226,187.995
2026-03-02T18:00:00Z,140.28750112394988,143.61
2026-03-02T19:00:00Z,118.33147663576567,107.685
2026-03-02T20:00:00Z,109.15452651704624,96.4675
2026-03-02T21:00:00Z,105.92451228100951,96.8
2026-03-02T22:00:00Z,103.0935333288566,88.89500000000001
2026-03-02T23:00:00Z,109.16276738558179,89.0625
2026-03-03T00:00:00Z,108.79668149424786,90.1225
2026-03-03T01:00:00Z,108.24823821665899,89.425
2026-03-03T02:00:00Z,110.17967111650117,92.815
2026-03-03T03:00:00Z,113.5716177942899,95.7225
2026-03-03T04:00:00Z,122.56754931110066,103.32
2026-03-03T05:00:00Z,140.2272063424178,136.0475
2026-03-03T06:00:00Z,172.52672789730184,156.3975
2026-03-03T07:00:00Z,150.0204916774145,136.78
2026-03-03T08:00:00Z,123.82741675343284,99.52
2026-03-03T09:00:00Z,100.28842068920922,78.17
2026-03-03T10:00:00Z,63.662154825197646,55.9225
2026-03-03T11:00:00Z,37.30283112712614,32.365
2026-03-03T12:00:00Z,39.0206695442295,35.6625
2026-03-03T13:00:00Z,73.22243167441678,64.14500000000001
2026-03-03T14:00:00Z,106.57047071537313,86.7675
2026-03-03T15:00:00Z,132.35027888201014,114.18
2026-03-03T16:00:00Z,187.46792850936254,158.615
2026-03-03T17:00:00Z,214.34999014482935,204.2575
2026-03-03T18:00:00Z,192.14802099811885,173.37
2026-03-03T19:00:00Z,150.80781137698648,131.725
2026-03-03T20:00:00Z,135.49212202310494,116.18
2026-03-03T21:00:00Z,127.06252145384943,111.32
2026-03-03T22:00:00Z,125.37814077746818,104.695
2026-03-03T23:00:00Z,136.0534072792404,129.01
2026-03-04T00:00:00Z,134.24138131289615,127.8225
2026-03-04T01:00:00Z,129.60616158239807,125.3225
2026-03-04T02:00:00Z,132.46835293535955,124.735
2026-03-04T03:00:00Z,134.54041484304787,128.2025
2026-03-04T04:00:00Z,145.35544685331388,141.16
2026-03-04T05:00:00Z,166.29577389804376,200.2975
2026-03-04T06:00:00Z,199.14600581613496,267.485
2026-03-04T07:00:00Z,169.61289913609914,193.3475
2026-03-04T08:00:00Z,137.2483482764786,150.76
2026-03-04T09:00:00Z,122.89549378141939,110.4175
2026-03-04T10:00:00Z,83.61791354171704,78.2975
2026-03-04T11:00:00Z,49.449984754019255,42.495
2026-03-04T12:00:00Z,52.739824078115284,32.975
2026-03-04T13:00:00Z,77.26826800240184,65.405
2026-03-04T14:00:00Z,113.15908642190742,99.1125
2026-03-04T15:00:00Z,139.43735873574423,137.21
2026-03-04T16:00:00Z,186.83334676609144,244.265
2026-03-04T17:00:00Z,240.57331623162895,310.86
2026-03-04T18:00:00Z,201.52153102702937,239.6275
2026-03-04T19:00:00Z,162.7185160943497,169.86
2026-03-04T20:00:00Z,147.59897053853246,151.8775
2026-03-04T21:00:00Z,142.32932340355245,142.24
2026-03-04T22:00:00Z,139.6261182848641,124.8075
2026-03-04T23:00:00Z,135.6756870823414,116.485
2026-03-05T00:00:00Z,133.05853467279775,109.9325
2026-03-05T01:00:00Z,129.19089152649963,109.2625
2026-03-05T02:00:00Z,129.19109270811833,108.785
2026-03-05T03:00:00Z,134.16254896183244,111.0625
2026-03-05T04:00:00Z,137.93859818941007,126.9325
2026-03-05T05:00:00Z,154.38490094620795,154.3875
2026-03-05T06:00:00Z,174.07127877300826,175.54500000000002
2026-03-05T07:00:00Z,149.05588998908956,139.32999999999998
2026-03-05T08:00:00Z,118.60545535109392,97.0925
2026-03-05T09:00:00Z,76.93651545134054,64.145
2026-03-05T10:00:00Z,34.06981837581204,22.955
2026-03-05T11:00:00Z,15.848668491341266,2.1225
2026-03-05T12:00:00Z,15.155816427433138,2.825
2026-03-05T13:00:00Z,27.112012798454604,38.835
2026-03-05T14:00:00Z,91.04776243591097,90.0025
2026-03-05T15:00:00Z,132.4444033807814,137.75
2026-03-05T16:00:00Z,173.94287387260448,180.375
2026-03-05T17:00:00Z,173.0725153784556,192.02
2026-03-05T18:00:00Z,157.09562768335735,165.0
2026-03-05T19:00:00Z,143.26704189058603,135.245
2026-03-05T20:00:00Z,129.96766905051834,130.59
2026-03-05T21:00:00Z,129.1749922334367,130.1425
2026-03-05T22:00:00Z,128.50048730035127,119.7
2026-03-05T23:00:00Z,116.53754079941304,104.125
2026-03-06T00:00:00Z,122.65742175454518,106.0
2026-03-06T01:00:00Z,126.23194232873469,108.5225
2026-03-06T02:00:00Z,128.37905902198258,109.525
2026-03-06T03:00:00Z,131.88994204512787,115.5
2026-03-06T04:00:00Z,136.66764665838662,129.6575
2026-03-06T05:00:00Z,156.98743988135982,157.285
2026-03-06T06:00:00Z,170.88249785588982,177.025
2026-03-06T07:00:00Z,138.05471488664108,138.2875
2026-03-06T08:00:00Z,122.62728662049452,111.9625
2026-03-06T09:00:00Z,84.48811234030913,96.5
2026-03-06T10:00:00Z,44.2306411441522,66.7125
2026-03-06T11:00:00Z,24.065609774892536,52.64
2026-03-06T12:00:00Z,24.863110595159142,48.6525
2026-03-06T13:00:00Z,55.53626869362502,73.9375
2026-03-06T14:00:00Z,110.24120080238832,107.0675
2026-03-06T15:00:00Z,135.70357071968493,130.39749999999998
2026-03-06T16:00:00Z,182.37085856036794,177.4375
2026-03-06T17:00:00Z,242.17745006049512,229.5525
2026-03-06T18:00:00Z,189.00772584791747,189.765
2026-03-06T19:00:00Z,162.10694721910573,153.11
2026-03-06T20:00:00Z,151.06308022169287,134.1925
2026-03-06T21:00:00Z,141.40384929285642,127.245
2026-03-06T22:00:00Z,137.99129157887836,126.075
2026-03-06T23:00:00Z,137.4660374552663,135.1625
2026-03-07T00:00:00Z,134.90630143693156,130.6775
2026-03-07T01:00:00Z,134.3884147389802,125.6725
2026-03-07T02:00:00Z,133.14008738296081,124.39
2026-03-07T03:00:00Z,132.02969990399362,124.7475
2026-03-07T04:00:00Z,134.80587091927316,129.575
2026-03-07T05:00:00Z,144.76362824079945,135.62
2026-03-07T06:00:00Z,148.46120038208267,129.5575
2026-03-07T07:00:00Z,136.40524220223068,112.9025
2026-03-07T08:00:00Z,109.17159805353084,102.7875
2026-03-07T09:00:00Z,65.57860221508547,74.445
2026-03-07T10:00:00Z,31.29905361696129,30.5425
2026-03-07T11:00:00Z,18.910433389997443,13.03
2026-03-07T12:00:00Z,14.085586458065421,1.4175
2026-03-07T13:00:00Z,22.18787890736738,18.1775
2026-03-07T14:00:00Z,86.41867806365748,83.285
2026-03-07T15:00:00Z,131.6540961926956,126.315
2026-03-07T16:00:00Z,166.98815041763078,147.37
2026-03-07T17:00:00Z,192.3260134065112,180.8725
2026-03-07T18:00:00Z,175.47375963333576,166.725
2026-03-07T19:00:00Z,158.37158274168326,148.1975
2026-03-07T20:00:00Z,140.04091015228664,137.61
2026-03-07T21:00:00Z,136.02382898261692,134.1975
2026-03-07T22:00:00Z,133.19149495491536,130.645
2026-03-07T23:00:00Z,134.189017581193,135.9925
2026-03-08T00:00:00Z,131.04913753217218,132.7325
2026-03-08T01:00:00Z,127.9632448469644,131.1925
2026-03-08T02:00:00Z,128.165098163871,130.0925
2026-03-08T03:00:00Z,127.93923505175981,129.335
2026-03-08T04:00:00Z,133.12814884592336,129.635
2026-03-08T05:00:00Z,136.65402331676398,131.0975
2026-03-08T06:00:00Z,136.18157071171245,116.985
2026-03-08T07:00:00Z,125.58144308224087,108.5625
2026-03-08T08:00:00Z,99.0413244131945,90.7175
2026-03-08T09:00:00Z,37.69081372957936,62.94
2026-03-08T10:00:00Z,13.964334410238617,18.0275
2026-03-08T11:00:00Z,6.465667595170677,8.3325
2026-03-08T12:00:00Z,0.47648672729303776,-0.005
2026-03-08T13:00:00Z,16.87620396082263,6.48
2026-03-08T14:00:00Z,72.79051161133663,64.25999999999999
2026-03-08T15:00:00Z,126.91566319633583,117.2025
2026-03-08T16:00:00Z,144.6669918614848,146.3125
2026-03-08T17:00:00Z,152.8133080913649,160.26
2026-03-08T18:00:00Z,150.67428654045858,154.0525
2026-03-08T19:00:00Z,144.00707325006573,138.7925
2026-03-08T20:00:00Z,133.95343598438663,127.435
2026-03-08T21:00:00Z,130.49128856876436,121.115
2026-03-08T22:00:00Z,128.7167713839259,113.5725
2026-03-08T23:00:00Z,120.85231678052195,114.0875
2026-03-09T00:00:00Z,120.6365686063851,109.2725
2026-03-09T01:00:00Z,124.5315544320879,109.12
2026-03-09T02:00:00Z,124.10344244289398,110.48
2026-03-09T03:00:00Z,127.42820362192526,116.39
2026-03-09T04:00:00Z,136.60941066355534,136.9975
2026-03-09T05:00:00Z,155.93354392329906,163.925
2026-03-09T06:00:00Z,164.17024806165966,191.58
2026-03-09T07:00:00Z,145.1484386818983,162.605
2026-03-09T08:00:00Z,123.40907325872307,127.0725
2026-03-09T09:00:00Z,80.73530413054408,101.1175
2026-03-09T10:00:00Z,39.09743698917971,81.0475
2026-03-09T11:00:00Z,26.733885405759025,67.69
2026-03-09T12:00:00Z,36.86014858373187,67.2925
2026-03-09T13:00:00Z,70.15517080836722,81.375
2026-03-09T14:00:00Z,110.51454991851179,112.9925
2026-03-09T15:00:00Z,144.05480849787625,143.4375
2026-03-09T16:00:00Z,193.45990992950988,187.025
2026-03-09T17:00:00Z,236.80673722269904,243.9725
2026-03-09T18:00:00Z,230.4490677676942,222.405
2026-03-09T19:00:00Z,178.06130585748025,180.89
2026-03-09T20:00:00Z,157.52903384369625,152.1575
2026-03-09T21:00:00Z,148.95034616606068,143.27
2026-03-09T22:00:00Z,141.35981758272283,132.695
2026-03-09T23:00:00Z,140.5102937018521,138.58
2026-03-10T00:00:00Z,138.2826674406375,130.44
2026-03-10T01:00:00Z,138.8202605290877,127.6125
2026-03-10T02:00:00Z,137.61591383139188,126.9
2026-03-10T03:00:00Z,141.7580496961047,128.48250000000002
2026-03-10T04:00:00Z,149.7675053569563,140.70999999999998
2026-03-10T05:00:00Z,180.67113648013924,168.1025
2026-03-10T06:00:00Z,181.3270571848298,180.17
2026-03-10T07:00:00Z,154.72389129757136,173.32
2026-03-10T08:00:00Z,136.8174656074077,140.53750000000002
2026-03-10T09:00:00Z,107.87499042950286,118.25
2026-03-10T10:00:00Z,68.25289938303686,103.7925
2026-03-10T11:00:00Z,60.63778150368922,91.44
2026-03-10T12:00:00Z,74.71327401312973,97.0375
2026-03-10T13:00:00Z,90.09454931531154,107.165
2026-03-10T14:00:00Z,127.07037220605577,121.4925
2026-03-10T15:00:00Z,148.51083850118567,144.3925
2026-03-10T16:00:00Z,178.77951658454452,179.0025
2026-03-10T17:00:00Z,199.37744847212753,218.2275
2026-03-10T18:00:00Z,189.29339371252064,201.13
2026-03-10T19:00:00Z,176.78623992338163,159.5475
2026-03-10T20:00:00Z,149.61569333863025,139.9675
2026-03-10T21:00:00Z,143.8947366845485,123.255
2026-03-10T22:00:00Z,134.8315670680799,98.5825
2026-03-10T23:00:00Z,108.17584208077417,83.9575
2026-03-11T00:00:00Z,98.1747523632031,70.805
2026-03-11T01:00:00Z,89.73218580031843,65.425
2026-03-11T02:00:00Z,85.25836601313682,63.5725
2026-03-11T03:00:00Z,87.3752364702701,56.0725
2026-03-11T04:00:00Z,88.23436418667454,64.535
2026-03-11T05:00:00Z,108.59099972870389,70.8675
2026-03-11T06:00:00Z,116.49598955312645,80.87
2026-03-11T07:00:00Z,102.33473499892378,75.5025
2026-03-11T08:00:00Z,69.89479796803496,57.945
2026-03-11T09:00:00Z,43.96586449444747,26.2275
2026-03-11T10:00:00Z,32.18096345296283,12.1975
2026-03-11T11:00:00Z,26.61501365515805,9.9125
2026-03-11T12:00:00Z,31.67602049729492,16.1375
2026-03-11T13:00:00Z,39.46556645771198,47.2725
2026-03-11T14:00:00Z,71.77635762614906,79.33
2026-03-11T15:00:00Z,100.60131501896655,104.105
2026-03-11T16:00:00Z,134.06367611980193,128.7775
2026-03-11T17:00:00Z,154.8398518830674,153.13750000000002
2026-03-11T18:00:00Z,154.9739201364522,156.72
2026-03-11T19:00:00Z,141.750737297793,132.19
2026-03-11T20:00:00Z,132.7526749294005,123.0275
2026-03-11T21:00:00Z,123.77524570694753,119.3025
2026-03-11T22:00:00Z,113.04581213592057,104.0025
2026-03-11T23:00:00Z,108.05967250514834,100.185
2026-03-12T00:00:00Z,101.99241089386192,92.0425
2026-03-12T01:00:00Z,99.62920774023213,88.8125
2026-03-12T02:00:00Z,98.66931638791972,88.61
2026-03-12T03:00:00Z,98.74565260263249,89.6625
2026-03-12T04:00:00Z,109.90379277755123,99.8225
2026-03-12T05:00:00Z,130.01160040850772,130.6675
2026-03-12T06:00:00Z,134.10487109796085,137.14
2026-03-12T07:00:00Z,118.07494746498071,104.805
2026-03-12T08:00:00Z,79.28599282500558,79.9975
2026-03-12T09:00:00Z,31.853282550253137,28.475
2026-03-12T10:00:00Z,21.59474085413604,0.3425
2026-03-12T11:00:00Z,16.69635488281878,-1.0925
2026-03-12T12:00:00Z,17.49152279741588,-2.4925
2026-03-12T13:00:00Z,19.76032262589351,-0.9025
2026-03-12T14:00:00Z,26.5102253827801,3.6
2026-03-12T15:00:00Z,62.42440067592068,51.165
2026-03-12T16:00:00Z,93.64476783761774,108.5775
2026-03-12T17:00:00Z,110.73750420684772,114.865
2026-03-12T18:00:00Z,105.17576438538714,105.9975
2026-03-12T19:00:00Z,89.12878745490386,86.57
2026-03-12T20:00:00Z,76.84134217540706,69.79
2026-03-12T21:00:00Z,60.16966715211718,62.555
2026-03-12T22:00:00Z,39.64579338911537,17.9025
2026-03-12T23:00:00Z,37.4696816172233,6.29
2026-03-13T00:00:00Z,31.076167479657457,4.1025
2026-03-13T01:00:00Z,27.077293704398635,2.8875
2026-03-13T02:00:00Z,26.479827586214746,1.1475
2026-03-13T03:00:00Z,23.49946990837836,1.46
2026-03-13T04:00:00Z,30.013438016495726,2.9075
2026-03-13T05:00:00Z,53.862322861778026,8.46
2026-03-13T06:00:00Z,61.870330515104946,19.9375
2026-03-13T07:00:00Z,37.72171348357486,6.415
2026-03-13T08:00:00Z,30.070948540734413,-0.24
2026-03-13T09:00:00Z,25.344031798120817,-4.9975
2026-03-13T10:00:00Z,14.983314261007916,-9.0
2026-03-13T11:00:00Z,16.52519984013094,-8.3475
2026-03-13T12:00:00Z,17.159495774950354,-2.5525
2026-03-13T13:00:00Z,26.921978301464232,1.1725
2026-03-13T14:00:00Z,62.20174863701806,47.07
2026-03-13T15:00:00Z,101.09385199168516,101.31
2026-03-13T16:00:00Z,144.71501096667174,141.93
2026-03-13T17:00:00Z,160.8253662556944,161.4925
2026-03-13T18:00:00Z,159.52675035600578,165.745
2026-03-13T19:00:00Z,149.30147034119113,145.7225
2026-03-13T20:00:00Z,144.1410625322905,130.335
2026-03-13T21:00:00Z,136.68614386379136,123.4225
2026-03-13T22:00:00Z,125.51696131175842,115.8075
2026-03-13T23:00:00Z,124.15227947574334,112.945
2026-03-14T00:00:00Z,118.32219225770838,109.07
2026-03-14T01:00:00Z,117.29109427796104,103.99
2026-03-14T02:00:00Z,115.00458722135525,101.8625
2026-03-14T03:00:00Z,114.6352265167749,105.115
2026-03-14T04:00:00Z,121.87539932393908,109.0675
2026-03-14T05:00:00Z,129.06369553879352,111.52
2026-03-14T06:00:00Z,134.6097193153161,116.7075
2026-03-14T07:00:00Z,130.67982855869457,121.88
2026-03-14T08:00:00Z,122.50976031567694,116.14
2026-03-14T09:00:00Z,107.41050548102747,107.5225
2026-03-14T10:00:00Z,107.45194739267617,103.525
2026-03-14T11:00:00Z,102.7071833992195,104.195
2026-03-14T12:00:00Z,103.08182193981135,103.43
2026-03-14T13:00:00Z,109.5109840544562,105.6775
2026-03-14T14:00:00Z,120.64843232298831,114.22
2026-03-14T15:00:00Z,141.71013612228393,130.0
2026-03-14T16:00:00Z,157.03401349419732,138.65
2026-03-14T17:00:00Z,172.76238868702774,161.1
2026-03-14T18:00:00Z,170.0068678803052,169.83499999999998
2026-03-14T19:00:00Z,154.4262552885633,150.265
2026-03-14T20:00:00Z,145.82049788707576,137.4525
2026-03-14T21:00:00Z,146.93820556522724,135.2375
2026-03-14T22:00:00Z,141.95287686414733,128.04500000000002
2026-03-14T23:00:00Z,142.00154225900656,137.3425
2026-03-15T00:00:00Z,140.32898357716817,133.73000000000002
2026-03-15T01:00:00Z,138.9085545646443,124.96
2026-03-15T02:00:00Z,137.8297544419898,123.5275
2026-03-15T03:00:00Z,138.43382926748822,122.1775
2026-03-15T04:00:00Z,138.32832393110104,124.12
2026-03-15T05:00:00Z,139.5160484599738,124.3875
2026-03-15T06:00:00Z,139.5201381267017,118.46
2026-03-15T07:00:00Z,134.41394377410128,109.095
2026-03-15T08:00:00Z,131.56982229874993,94.77
2026-03-15T09:00:00Z,118.8491504971522,87.305
2026-03-15T10:00:00Z,106.90563697322467,72.21
2026-03-15T11:00:00Z,95.36702891891686,52.9675
2026-03-15T12:00:00Z,87.16128021488284,36.4575
2026-03-15T13:00:00Z,81.35228624960533,37.1975
2026-03-15T14:00:00Z,98.88378698107624,63.0775
2026-03-15T15:00:00Z,120.32943528838942,89.245
2026-03-15T16:00:00Z,136.809143899153,127.9125
2026-03-15T17:00:00Z,143.91881204167157,149.115
2026-03-15T18:00:00Z,137.60689497202412,131.87
2026-03-15T19:00:00Z,114.89017984627873,108.4825
2026-03-15T20:00:00Z,99.31459699408163,91.875
2026-03-15T21:00:00Z,88.26666719633343,82.8625
2026-03-15T22:00:00Z,72.65673972361239,64.015
2026-03-15T23:00:00Z,62.00385259929217,34.165
2026-03-16T00:00:00Z,43.694895522514535,23.3275
2026-03-16T01:00:00Z,35.76360482574988,17.59
2026-03-16T02:00:00Z,46.17722019553267,14.1375
2026-03-16T03:00:00Z,40.80198763472281,20.0575
2026-03-16T04:00:00Z,68.19470391707259,37.4275
2026-03-16T05:00:00Z,100.53728674269158,66.19
2026-03-16T06:00:00Z,111.48314075439674,95.5675
2026-03-16T07:00:00Z,108.22670406867779,95.9775
2026-03-16T08:00:00Z,82.65725297264416,73.105
2026-03-16T09:00:00Z,62.75904509807495,42.595
2026-03-16T10:00:00Z,49.3003813308381,17.365000000000002
2026-03-16T11:00:00Z,34.99468167285025,12.035
2026-03-16T12:00:00Z,29.582719402431206,15.88
2026-03-16T13:00:00Z,44.50726742619037,42.1725
2026-03-16T14:00:00Z,72.13935491135021,64.445
2026-03-16T15:00:00Z,113.41200548171162,106.21
2026-03-16T16:00:00Z,155.4936791321913,138.6025
2026-03-16T17:00:00Z,179.32409063011585,165.035
2026-03-16T18:00:00Z,175.30043672634645,179.8875
2026-03-16T19:00:00Z,160.47892920644136,154.785
2026-03-16T20:00:00Z,145.04031245980843,125.7125
2026-03-16T21:00:00Z,142.89126124408625,121.9125
2026-03-16T22:00:00Z,135.2765640988595,99.765
2026-03-16T23:00:00Z,133.43646040707716,113.665
2026-03-17T00:00:00Z,126.560775519039,105.585
2026-03-17T01:00:00Z,125.81561524438715,106.4225
2026-03-17T02:00:00Z,122.90699632569846,106.5225
2026-03-17T03:00:00Z,128.76574965580227,110.03
2026-03-17T04:00:00Z,134.5796891131604,119.915
2026-03-17T05:00:00Z,148.821223767817,147.965
2026-03-17T06:00:00Z,151.9065066712542,167.98
2026-03-17T07:00:00Z,138.04590226710445,152.5125
2026-03-17T08:00:00Z,125.37649360033977,124.0725
2026-03-17T09:00:00Z,116.06540789073401,108.64
2026-03-17T10:00:00Z,101.71782956906755,100.65
2026-03-17T11:00:00Z,97.62623291699788,95.2275
2026-03-17T12:00:00Z,97.56490839999363,96.765
2026-03-17T13:00:00Z,98.82379011734857,99.325
2026-03-17T14:00:00Z,119.75427136964825,112.1075
2026-03-17T15:00:00Z,138.31776504350614,131.7775
2026-03-17T16:00:00Z,171.03150426636336,162.2025
2026-03-17T17:00:00Z,191.6823082284556,207.2975
2026-03-17T18:00:00Z,185.61540543179143,170.3825
2026-03-17T19:00:00Z,156.72073859379242,144.2375
2026-03-17T20:00:00Z,139.40998900505713,129.79000000000002
2026-03-17T21:00:00Z,127.89750443106229,114.24
2026-03-17T22:00:00Z,114.1784796664152,100.4575
2026-03-17T23:00:00Z,100.99501233008324,89.8
2026-03-18T00:00:00Z,93.14362014668683,86.72749999999999
2026-03-18T01:00:00Z,91.08372104545252,85.685
2026-03-18T02:00:00Z,90.67224941442164,86.8675
2026-03-18T03:00:00Z,98.6700616839878,88.83500000000001
2026-03-18T04:00:00Z,112.0907150579184,100.055
2026-03-18T05:00:00Z,133.6504863084882,130.74
2026-03-18T06:00:00Z,134.07977933496693,133.5925
2026-03-18T07:00:00Z,106.23905790868677,99.9375
2026-03-18T08:00:00Z,78.1190856841355,62.95
2026-03-18T09:00:00Z,44.27988220782745,9.9975
2026-03-18T10:00:00Z,26.413496499259107,-1.62
2026-03-18T11:00:00Z,23.706948091245387,-2.31
2026-03-18T12:00:00Z,21.077177236757844,-2.7125
2026-03-18T13:00:00Z,27.827492396258677,0.2224999999999999
2026-03-18T14:00:00Z,66.90316285844992,47.19499999999999
2026-03-18T15:00:00Z,118.11344287079011,107.0325
2026-03-18T16:00:00Z,151.8972540496382,145.2125
2026-03-18T17:00:00Z,192.55458375240192,177.6225
2026-03-18T18:00:00Z,171.09863557765038,170.1975
2026-03-18T19:00:00Z,148.9659273701875,148.49
2026-03-18T20:00:00Z,138.36752774228265,132.0575
2026-03-18T21:00:00Z,135.03672607959095,123.775
2026-03-18T22:00:00Z,124.87864400902052,113.375
2026-03-18T23:00:00Z,121.35285632201281,109.25
2026-03-19T00:00:00Z,117.06554891481102,112.64
2026-03-19T01:00:00Z,118.5399567842465,113.9925
2026-03-19T02:00:00Z,122.51029579800444,115.525
2026-03-19T03:00:00Z,123.30175420726967,123.275
2026-03-19T04:00:00Z,134.99820921998977,132.78
2026-03-19T05:00:00Z,167.21755002856236,160.1275
2026-03-19T06:00:00Z,165.44028320065013,158.2425
2026-03-19T07:00:00Z,131.46230126183468,138.6025
2026-03-19T08:00:00Z,102.47322993389267,90.9025
2026-03-19T09:00:00Z,42.273647789296966,55.3
2026-03-19T10:00:00Z,20.427976066214534,7.869999999999999
2026-03-19T11:00:00Z,9.57631787758768,0.0
2026-03-19T12:00:00Z,10.178760671703404,2.53
2026-03-19T13:00:00Z,30.242733202158117,43.715
2026-03-19T14:00:00Z,80.60434803041852,85.9475
2026-03-19T15:00:00Z,125.93051431620175,120.3475
2026-03-19T16:00:00Z,162.5702126180508,152.175
2026-03-19T17:00:00Z,201.50831466938251,209.2675
2026-03-19T18:00:00Z,187.6612212839894,214.3825
2026-03-19T19:00:00Z,165.10688701593693,163.37
2026-03-19T20:00:00Z,151.32528599918209,149.04000000000002
2026-03-19T21:00:00Z,142.1246553478863,139.55
2026-03-19T22:00:00Z,133.87368181697803,132.2375
2026-03-19T23:00:00Z,128.5858202259666,143.5625
2026-03-20T00:00:00Z,130.4914923662268,137.96
2026-03-20T01:00:00Z,128.71954492532382,135.6425
2026-03-20T02:00:00Z,129.48828577067377,137.475
2026-03-20T03:00:00Z,133.43834584460296,138.905
2026-03-20T04:00:00Z,141.57918117132266,154.59
2026-03-20T05:00:00Z,163.87716541124246,192.295
2026-03-20T06:00:00Z,162.30938024747252,197.6425
2026-03-20T07:00:00Z,140.46231006804754,161.3025
2026-03-20T08:00:00Z,117.62814091283005,132.0075
2026-03-20T09:00:00Z,91.10667191671972,101.085
2026-03-20T10:00:00Z,53.339747094784116,78.4725
2026-03-20T11:00:00Z,40.961757074687554,65.61
2026-03-20T12:00:00Z,43.89276164035892,65.61
2026-03-20T13:00:00Z,60.11550157939906,87.4
2026-03-20T14:00:00Z,100.14796933465881,117.155
2026-03-20T15:00:00Z,130.9335267119315,144.675
2026-03-20T16:00:00Z,161.69895184214744,174.8175
2026-03-20T17:00:00Z,194.12540596011303,211.005
2026-03-20T18:00:00Z,190.86892162805412,212.31
2026-03-20T19:00:00Z,174.83873115917322,180.035
2026-03-20T20:00:00Z,158.92568070799422,163.05
2026-03-20T21:00:00Z,148.93896118191049,151.8525
2026-03-20T22:00:00Z,143.44664679486652,148.125
2026-03-20T23:00:00Z,146.59218966610206,142.3975
2026-03-21T00:00:00Z,142.15693082513422,138.3425
2026-03-21T01:00:00Z,137.58220070809614,136.085
2026-03-21T02:00:00Z,139.7180468707069,132.0575
2026-03-21T03:00:00Z,140.35524394837825,131.1925
2026-03-21T04:00:00Z,142.4559993076614,137.665
2026-03-21T05:00:00Z,153.25360057534897,142.34
2026-03-21T06:00:00Z,150.36218019947876,139.6625
2026-03-21T07:00:00Z,131.1364582137207,127.265
2026-03-21T08:00:00Z,114.96973153991095,100.5775
2026-03-21T09:00:00Z,87.09483431727975,76.4725
2026-03-21T10:00:00Z,64.74110226300756,45.9
2026-03-21T11:00:00Z,53.3907633303606,23.49
2026-03-21T12:00:00Z,52.71621125368363,24.27
2026-03-21T13:00:00Z,74.0248030190752,62.9275
2026-03-21T14:00:00Z,104.69670777906937,90.0
2026-03-21T15:00:00Z,125.88866356580952,115.665
2026-03-21T16:00:00Z,149.75735307435446,146.025
2026-03-21T17:00:00Z,170.5814639512659,171.6175
2026-03-21T18:00:00Z,167.4447124937338,163.10500000000002
2026-03-21T19:00:00Z,153.86573729063792,141.8275
2026-03-21T20:00:00Z,138.39176704998715,126.875
2026-03-21T21:00:00Z,127.95532342910265,120.2425
2026-03-21T22:00:00Z,118.86101531269009,108.0
2026-03-21T23:00:00Z,112.3652951113922,100.4125
2026-03-22T00:00:00Z,109.24764181873802,95.755
2026-03-22T01:00:00Z,106.27552107012235,94.2025
2026-03-22T02:00:00Z,107.08940604565869,95.26
2026-03-22T03:00:00Z,107.15600634454636,98.5975
2026-03-22T04:00:00Z,107.07176703027285,101.6625
2026-03-22T05:00:00Z,109.36457849164826,100.105
2026-03-22T06:00:00Z,100.8212485650086,84.71
2026-03-22T07:00:00Z,82.09217958475926,41.33
2026-03-22T08:00:00Z,32.02177416049137,6.7725
2026-03-22T09:00:00Z,-2.183428700260727,-0.43
2026-03-22T10:00:00Z,-26.866635629437347,-4.3625
2026-03-22T11:00:00Z,-45.045363515016966,-11.76
2026-03-22T12:00:00Z,-43.86746846547419,-10.31
2026-03-22T13:00:00Z,-17.37224007680223,-2.1775
2026-03-22T14:00:00Z,27.871969715283996,11.25
2026-03-22T15:00:00Z,101.49783228471121,93.1525
2026-03-22T16:00:00Z,142.23752044881246,145.635
2026-03-22T17:00:00Z,164.5921026735956,174.19
2026-03-22T18:00:00Z,165.88381076224238,173.3825
2026-03-22T19:00:00Z,154.66835391513894,164.7325
2026-03-22T20:00:00Z,145.045270012552,155.3775
2026-03-22T21:00:00Z,141.48251619723095,146.7975
2026-03-22T22:00:00Z,138.40268872520733,143.505
2026-03-22T23:00:00Z,133.23153430399344,131.13750000000002
2026-03-23T00:00:00Z,127.80712189752707,125.9
2026-03-23T01:00:00Z,127.42132656115072,125.16
2026-03-23T02:00:00Z,126.45268975163602,128.5875
2026-03-23T03:00:00Z,126.93976662044275,138.26749999999998
2026-03-23T04:00:00Z,134.30239001260531,155.72
2026-03-23T05:00:00Z,153.01352522227722,182.29
2026-03-23T06:00:00Z,153.10206689784235,186.185
2026-03-23T07:00:00Z,129.24475285816698,147.60500000000002
2026-03-23T08:00:00Z,84.53635566952534,108.0
2026-03-23T09:00:00Z,38.716789706750426,81.4325
2026-03-23T10:00:00Z,17.49960355864457,48.0825
2026-03-23T11:00:00Z,17.04916954665474,49.255
2026-03-23T12:00:00Z,26.68207275605453,74.875
2026-03-23T13:00:00Z,54.650190676211935,94.98
2026-03-23T14:00:00Z,105.00854497411109,114.4525
2026-03-23T15:00:00Z,129.85433582767905,138.5425
2026-03-23T16:00:00Z,166.59731164214224,190.775
2026-03-23T17:00:00Z,212.96467229932824,263.01
2026-03-23T18:00:00Z,231.34536015477312,241.56
2026-03-23T19:00:00Z,192.31690555541297,206.5875
2026-03-23T20:00:00Z,168.3023811005565,177.32
2026-03-23T21:00:00Z,157.93806682768616,155.74
2026-03-23T22:00:00Z,149.3386084476187,140.45
2026-03-23T23:00:00Z,137.517218519026,141.0625
2026-03-24T00:00:00Z,133.02984284153865,124.3175
2026-03-24T01:00:00Z,124.2435634845836,109.9975
2026-03-24T02:00:00Z,121.59436738012494,101.64
2026-03-24T03:00:00Z,116.20482680298248,100.375
2026-03-24T04:00:00Z,115.49012836514663,100.9725
2026-03-24T05:00:00Z,131.1143116327504,110.8175
2026-03-24T06:00:00Z,122.61327582508412,113.0475
2026-03-24T07:00:00Z,97.38778636567555,97.4575
2026-03-24T08:00:00Z,64.38501926652589,70.905
2026-03-24T09:00:00Z,28.339319112937993,23.7275
2026-03-24T10:00:00Z,17.21315868733767,1.195
2026-03-24T11:00:00Z,9.693895501195136,-0.01
2026-03-24T12:00:00Z,13.052786341498594,-0.02
2026-03-24T13:00:00Z,25.43398359846266,-0.0025
2026-03-24T14:00:00Z,35.445859872860936,19.9975
2026-03-24T15:00:00Z,70.32523353225827,77.4325
2026-03-24T16:00:00Z,101.89297147525319,112.84
2026-03-24T17:00:00Z,113.64006108394157,135.8425
2026-03-24T18:00:00Z,103.9548967720142,137.9925
2026-03-24T19:00:00Z,83.41682340305321,101.1
2026-03-24T20:00:00Z,62.366292891502184,74.4975
2026-03-24T21:00:00Z,37.961336493512704,66.1025
2026-03-24T22:00:00Z,34.16856311555607,22.0975
2026-03-24T23:00:00Z,29.136630604933146,1.81
2026-03-25T00:00:00Z,27.081851610232768,0.3675
2026-03-25T01:00:00Z,26.11968871951092,-0.0025
2026-03-25T02:00:00Z,20.183176384414196,-0.01
2026-03-25T03:00:00Z,22.584369249760787,-0.005
2026-03-25T04:00:00Z,24.014755498472624,0.365
2026-03-25T05:00:00Z,33.76774971439501,3.6425
2026-03-25T06:00:00Z,43.89387093369072,8.9025
2026-03-25T07:00:00Z,43.538536107357444,0.9075
2026-03-25T08:00:00Z,24.752423726257874,-0.03
2026-03-25T09:00:00Z,21.38557400874231,-0.0275
2026-03-25T10:00:00Z,19.750086461722134,-0.01
2026-03-25T11:00:00Z,22.00003341048937,-0.01
2026-03-25T12:00:00Z,18.050785316034425,-0.01
2026-03-25T13:00:00Z,22.894226242352744,0.0075
2026-03-25T14:00:00Z,28.813412549374945,4.775
2026-03-25T15:00:00Z,49.17385405930212,41.9025
2026-03-25T16:00:00Z,86.49411812982747,98.8375
2026-03-25T17:00:00Z,118.9138314590314,134.82999999999998
2026-03-25T18:00:00Z,126.0122185066792,161.925
2026-03-25T19:00:00Z,117.92645846001491,134.9075
2026-03-25T20:00:00Z,106.82941173226826,114.46
2026-03-25T21:00:00Z,92.7953432330677,108.1
2026-03-25T22:00:00Z,77.14949908982534,88.80250000000001
2026-03-25T23:00:00Z,82.00604281612203,99.6375
2026-03-26T00:00:00Z,76.02677282070873,95.0725
2026-03-26T01:00:00Z,72.03224243408305,91.605
2026-03-26T02:00:00Z,69.45902273357564,94.87
2026-03-26T03:00:00Z,75.84634147902199,97.5775
2026-03-26T04:00:00Z,83.0402725696209,105.2675
2026-03-26T05:00:00Z,99.80639937745627,120.28
2026-03-26T06:00:00Z,107.87761754235676,137.345
2026-03-26T07:00:00Z,86.88174921773559,125.79
2026-03-26T08:00:00Z,55.32934420887127,87.41499999999999
2026-03-26T09:00:00Z,31.940276256877098,41.8525
2026-03-26T10:00:00Z,26.164910285883693,13.74
2026-03-26T11:00:00Z,25.83392154826521,3.12
2026-03-26T12:00:00Z,22.530274096395132,0.6300000000000001
2026-03-26T13:00:00Z,24.617319906180313,5.9025
2026-03-26T14:00:00Z,39.04556802633896,37.435
2026-03-26T15:00:00Z,64.36159064562494,75.8175
2026-03-26T16:00:00Z,115.55381816211234,115.9225
2026-03-26T17:00:00Z,143.595432860136,155.4175
2026-03-26T18:00:00Z,156.31724527602307,167.22
2026-03-26T19:00:00Z,147.57471438519326,153.745
2026-03-26T20:00:00Z,131.85624671038272,130.505
2026-03-26T21:00:00Z,131.03492806153355,124.3725
2026-03-26T22:00:00Z,124.13014067917725,115.025
2026-03-26T23:00:00Z,131.3560934920181,119.3925
2026-03-27T00:00:00Z,131.37068954114216,119.5
2026-03-27T01:00:00Z,135.62944098034455,117.3425
2026-03-27T02:00:00Z,139.26249314413832,117.8325
2026-03-27T03:00:00Z,143.07377082385898,120.2475
2026-03-27T04:00:00Z,149.79429495094388,136.4625
2026-03-27T05:00:00Z,167.13106864543192,172.63
2026-03-27T06:00:00Z,161.4982143696123,176.395
2026-03-27T07:00:00Z,146.0311822660263,147.5575
2026-03-27T08:00:00Z,114.68055938229331,114.0025
2026-03-27T09:00:00Z,69.45189363298475,87.25999999999999
2026-03-27T10:00:00Z,31.33135209654196,72.81
2026-03-27T11:00:00Z,28.42828424195706,63.31999999999999
2026-03-27T12:00:00Z,27.90706194408974,59.6
2026-03-27T13:00:00Z,35.13728463478733,74.075
2026-03-27T14:00:00Z,82.92181279586981,92.3225
2026-03-27T15:00:00Z,113.66130046567031,103.0825
2026-03-27T16:00:00Z,146.22340566439743,139.05
2026-03-27T17:00:00Z,165.0558563959047,158.9325
2026-03-27T18:00:00Z,162.3896345873427,168.245
2026-03-27T19:00:00Z,151.94376841185561,142.89
2026-03-27T20:00:00Z,141.57895932723113,118.995
2026-03-27T21:00:00Z,130.98750592481719,116.66
2026-03-27T22:00:00Z,125.65560650009633,106.0125
2026-03-27T23:00:00Z,116.89089395281712,95.135
2026-03-28T00:00:00Z,112.37706738169956,92.665
2026-03-28T01:00:00Z,107.73230808452395,89.5475
2026-03-28T02:00:00Z,107.24289638612662,87.2625
2026-03-28T03:00:00Z,108.12637052698426,88.1175
2026-03-28T04:00:00Z,109.89253865867788,91.6125
2026-03-28T05:00:00Z,115.0762724583048,87.92
2026-03-28T06:00:00Z,115.08688268835553,79.185
2026-03-28T07:00:00Z,99.77119097612201,68.3
2026-03-28T08:00:00Z,90.29152030329722,44.9075
2026-03-28T09:00:00Z,76.24983926258798,17.5825
2026-03-28T10:00:00Z,62.482357807040344,7.6425
2026-03-28T11:00:00Z,61.1230417827233,6.695
2026-03-28T12:00:00Z,59.797165448540824,7.8475
2026-03-28T13:00:00Z,74.78651125294903,20.475
2026-03-28T14:00:00Z,106.19687988636721,54.2425
2026-03-28T15:00:00Z,124.23135014809704,81.05250000000001
2026-03-28T16:00:00Z,150.54339074158236,110.34
2026-03-28T17:00:00Z,168.40145956679203,138.925
2026-03-28T18:00:00Z,171.73434447867328,154.07
2026-03-28T19:00:00Z,158.19492056644054,143.9525
2026-03-28T20:00:00Z,145.04670297463167,131.595
2026-03-28T21:00:00Z,141.1540111672702,125.33
2026-03-28T22:00:00Z,125.48111631950317,119.58
2026-03-28T23:00:00Z,122.745889636839,114.56
2026-03-29T00:00:00Z,118.6362423852978,107.6975
2026-03-29T01:00:00Z,115.8728485788579,101.165
2026-03-29T02:00:00Z,115.58392902919742,105.225
2026-03-29T03:00:00Z,117.66621219796268,104.605
2026-03-29T04:00:00Z,122.51803729587832,109.755
2026-03-29T05:00:00Z,126.20718787385353,115.03
2026-03-29T06:00:00Z,124.14723815072094,114.8425
2026-03-29T07:00:00Z,106.27501717704273,94.3975
2026-03-29T08:00:00Z,86.31826169031534,74.8075
2026-03-29T09:00:00Z,65.71135532512015,44.6975
2026-03-29T10:00:00Z,27.67845372806623,9.73
2026-03-29T11:00:00Z,19.66278092089911,-0.005
2026-03-29T12:00:00Z,13.19773643919188,-1.785
2026-03-29T13:00:00Z,14.593390785274815,-2.1
2026-03-29T14:00:00Z,18.68101998382357,0.8724999999999999
2026-03-29T15:00:00Z,55.95159046814884,33.31
2026-03-29T16:00:00Z,107.92012980587224,89.25999999999999
2026-03-29T17:00:00Z,120.95339872498461,105.6775
2026-03-29T18:00:00Z,111.47216831828094,95.18
2026-03-29T19:00:00Z,82.48729748691711,74.8125
2026-03-29T20:00:00Z,70.82147694324317,66.85
2026-03-29T21:00:00Z,42.36471144762194,25.635
2026-03-29T22:00:00Z,36.21010256737792,9.1975
2026-03-29T23:00:00Z,35.412383707160785,2.3000000000000003
2026-03-30T00:00:00Z,37.50207557521475,5.02
2026-03-30T01:00:00Z,34.033462220794235,3.825
2026-03-30T02:00:00Z,36.32718178495457,4.3575
2026-03-30T03:00:00Z,43.89189258606785,18.4225
2026-03-30T04:00:00Z,75.7135557224417,66.87
2026-03-30T05:00:00Z,104.71358493361846,90.3125
2026-03-30T06:00:00Z,115.25985881055406,109.2225
2026-03-30T07:00:00Z,108.86989433306555,96.8375
2026-03-30T08:00:00Z,92.43370117729498,73.8475
2026-03-30T09:00:00Z,66.15834834832732,45.9975
2026-03-30T10:00:00Z,39.40651213387649,23.5875
2026-03-30T11:00:00Z,30.989184729608883,11.4
2026-03-30T12:00:00Z,32.2238950792257,7.5425
2026-03-30T13:00:00Z,39.06225719744057,12.9375
2026-03-30T14:00:00Z,62.23068958032787,35.145
2026-03-30T15:00:00Z,91.77597199358647,77.45
2026-03-30T16:00:00Z,127.13779788116943,104.8275
2026-03-30T17:00:00Z,155.30066235314467,121.6525
2026-03-30T18:00:00Z,153.3795417769079,125.6075
2026-03-30T19:00:00Z,139.43227672983227,126.165
2026-03-30T20:00:00Z,129.5132093253359,121.175
2026-03-30T21:00:00Z,116.68321820681813,108.88
2026-03-30T22:00:00Z,107.79382130572493,109.245
2026-03-30T23:00:00Z,99.24685943337376,102.68
2026-03-31T00:00:00Z,96.70587127163692,101.26
2026-03-31T01:00:00Z,98.82616536584064,100.535
2026-03-31T02:00:00Z,100.24054106515614,101.68
2026-03-31T03:00:00Z,108.13057229365768,108.0425
2026-03-31T04:00:00Z,123.4980382461046,137.1975
2026-03-31T05:00:00Z,146.82433701134164,152.125
2026-03-31T06:00:00Z,148.92919339664343,163.79
2026-03-31T07:00:00Z,126.5771409104586,135.555
2026-03-31T08:00:00Z,100.97580210770646,104.255
2026-03-31T09:00:00Z,66.15062745843326,87.35
2026-03-31T10:00:00Z,38.805332573288496,78.67
2026-03-31T11:00:00Z,28.643281724903527,55.225
2026-03-31T12:00:00Z,28.03613922844654,53.4875
2026-03-31T13:00:00Z,28.85182213671103,63.0525
2026-03-31T14:00:00Z,59.44405695813359,82.2175
2026-03-31T15:00:00Z,109.40723681131658,110.9675
2026-03-31T16:00:00Z,145.59561482939688,151.0
2026-03-31T17:00:00Z,167.38755578462377,175.0025
2026-03-31T18:00:00Z,171.26308720854843,176.005
2026-03-31T19:00:00Z,153.97196736357296,171.725
2026-03-31T20:00:00Z,146.99341259878014,158.32999999999998
2026-03-31T21:00:00Z,144.51191902673048,148.475
2026-03-31T22:00:00Z,146.65231097793225,145.51
2026-03-31T23:00:00Z,141.63621198278804,129.48749999999998
2026-04-01T00:00:00Z,139.99867828562174,125.345
2026-04-01T01:00:00Z,142.20245514258505,129.4275
2026-04-01T02:00:00Z,142.6610324102889,136.025
2026-04-01T03:00:00Z,149.61122595386507,149.115
2026-04-01T04:00:00Z,174.4118175694682,180.835
2026-04-01T05:00:00Z,186.02682604379805,226.9475
2026-04-01T06:00:00Z,179.58233780877492,199.9775
2026-04-01T07:00:00Z,156.00306039908992,171.515
2026-04-01T08:00:00Z,136.46470976458,139.8
2026-04-01T09:00:00Z,118.33997684153073,128.0775
2026-04-01T10:00:00Z,86.16306732389224,115.0525
2026-04-01T11:00:00Z,64.88106169234712,93.835
2026-04-01T12:00:00Z,53.703199078361145,86.3325
2026-04-01T13:00:00Z,69.59390497398385,93.8375
2026-04-01T14:00:00Z,99.78401943078694,105.515
2026-04-01T15:00:00Z,135.81293467835607,130.12
2026-04-01T16:00:00Z,161.9863223973502,152.095
2026-04-01T17:00:00Z,194.36042665763927,188.665
2026-04-01T18:00:00Z,193.7972296237316,181.1925
2026-04-01T19:00:00Z,171.83713249465774,165.8225
2026-04-01T20:00:00Z,163.85496092996038,152.8225
2026-04-01T21:00:00Z,147.0211995549863,133.7825
2026-04-01T22:00:00Z,141.51653164794988,127.1725
2026-04-01T23:00:00Z,137.47042636710094,118.995
2026-04-02T00:00:00Z,134.86112479687534,114.13
2026-04-02T01:00:00Z,135.45924885802543,109.185
2026-04-02T02:00:00Z,135.32933778742228,107.41
2026-04-02T03:00:00Z,139.69279279464308,119.2925
2026-04-02T04:00:00Z,164.42468654731647,152.0525
2026-04-02T05:00:00Z,176.9965834892294,160.0075
2026-04-02T06:00:00Z,156.14679505025782,157.6575
2026-04-02T07:00:00Z,129.54414470253738,114.2775
2026-04-02T08:00:00Z,97.43978910141452,90.6625
2026-04-02T09:00:00Z,70.17966127889039,74.25
2026-04-02T10:00:00Z,55.99494679960807,59.745000000000005
2026-04-02T11:00:00Z,46.674121085124696,42.455
2026-04-02T12:00:00Z,41.99728207237828,52.86
2026-04-02T13:00:00Z,79.0365569893763,73.77
2026-04-02T14:00:00Z,99.51307220094117,92.7575
2026-04-02T15:00:00Z,125.81198499815672,108.81
2026-04-02T16:00:00Z,146.1498716378419,134.385
2026-04-02T17:00:00Z,165.07662164139742,161.84
2026-04-02T18:00:00Z,162.59324590008833,159.635
2026-04-02T19:00:00Z,153.03534089141857,146.5225
2026-04-02T20:00:00Z,143.51673964378176,134.9975
2026-04-02T21:00:00Z,138.92894161631938,123.97
2026-04-02T22:00:00Z,133.8808609862969,133.6
2026-04-02T23:00:00Z,129.52792287836073,121.985
2026-04-03T00:00:00Z,126.97468941741467,119.515
2026-04-03T01:00:00Z,126.52438372086971,117.6675
2026-04-03T02:00:00Z,128.0845507764265,120.1825
2026-04-03T03:00:00Z,126.81704853174271,123.4025
2026-04-03T04:00:00Z,132.02940535746376,133.125
2026-04-03T05:00:00Z,142.62827842011188,135.8625
2026-04-03T06:00:00Z,128.7636562365406,131.04250000000002
2026-04-03T07:00:00Z,102.09553529497767,113.18
2026-04-03T08:00:00Z,76.13297608479269,85.585
2026-04-03T09:00:00Z,34.80111647864459,52.9575
2026-04-03T10:00:00Z,24.580385971474136,27.01
2026-04-03T11:00:00Z,16.757675110244985,9.945
2026-04-03T12:00:00Z,13.537821510318752,1.6525
2026-04-03T13:00:00Z,15.548357673999423,3.05
2026-04-03T14:00:00Z,22.291745236779544,23.942500000000003
2026-04-03T15:00:00Z,48.15990950426376,66.7975
2026-04-03T16:00:00Z,78.79836758141697,88.9725
2026-04-03T17:00:00Z,99.72242610299152,99.39
2026-04-03T18:00:00Z,91.83090065116988,96.3375
2026-04-03T19:00:00Z,78.79525659374997,84.2025
2026-04-03T20:00:00Z,71.7067647455503,81.28
2026-04-03T21:00:00Z,43.673150714158,60.5875
2026-04-03T22:00:00Z,37.61973991460944,9.7275
2026-04-03T23:00:00Z,33.12620931570328,8.955
2026-04-04T00:00:00Z,32.52650895484608,6.4325
2026-04-04T01:00:00Z,35.2339969134165,1.9875
2026-04-04T02:00:00Z,35.818653517399824,6.4025
2026-04-04T03:00:00Z,41.06885915938193,11.735
2026-04-04T04:00:00Z,42.449422594658785,13.3625
2026-04-04T05:00:00Z,49.186283137257064,19.2675
2026-04-04T06:00:00Z,60.50041019581571,16.695
2026-04-04T07:00:00Z,50.814060417867466,6.6
2026-04-04T08:00:00Z,36.00232484654599,1.81
2026-04-04T09:00:00Z,23.276030745794483,-0.01
2026-04-04T10:00:00Z,19.24387011470828,-0.2475
2026-04-04T11:00:00Z,17.095079616590546,-0.035
2026-04-04T12:00:00Z,16.058157227053368,-0.0175
2026-04-04T13:00:00Z,19.207106458043253,0.025
2026-04-04T14:00:00Z,26.85087334378856,10.69
2026-04-04T15:00:00Z,78.02228744757997,62.735
2026-04-04T16:00:00Z,127.0400024313026,109.595
2026-04-04T17:00:00Z,149.52347086089446,149.8725
2026-04-04T18:00:00Z,146.27353145717274,135.74
2026-04-04T19:00:00Z,123.41199403505107,103.8375
2026-04-04T20:00:00Z,100.17328257977447,76.8075
2026-04-04T21:00:00Z,79.10115994922889,41.8325
2026-04-04T22:00:00Z,37.41703942847547,1.0575
2026-04-04T23:00:00Z,30.946229492168243,-0.005
2026-04-05T00:00:00Z,24.862814959942845,-0.3625
2026-04-05T01:00:00Z,21.055415247759015,-1.2075
2026-04-05T02:00:00Z,17.561580303751953,-1.6175
2026-04-05T03:00:00Z,16.068841068703165,-2.0425
2026-04-05T04:00:00Z,15.50284985322789,-2.995
2026-04-05T05:00:00Z,11.304247552554271,-1.29
2026-04-05T06:00:00Z,7.465141306760236,-2.43
2026-04-05T07:00:00Z,5.883129145103654,-10.5575
2026-04-05T08:00:00Z,-2.25299581097158,-39.9675
2026-04-05T09:00:00Z,-2.4512571317097205,-71.3425
2026-04-05T10:00:00Z,-5.314276141628131,-84.9525
2026-04-05T11:00:00Z,-11.194562333246978,-105.175
2026-04-05T12:00:00Z,-10.18567061465508,-98.705
2026-04-05T13:00:00Z,-5.219888399599,-66.9075
2026-04-05T14:00:00Z,-4.622157564836627,-29.98
2026-04-05T15:00:00Z,1.6899039706351875,-6.5875
2026-04-05T16:00:00Z,30.38792615904255,-0.1025
2026-04-05T17:00:00Z,43.77598427200546,20.0425
2026-04-05T18:00:00Z,49.43320542291169,33.35
2026-04-05T19:00:00Z,47.92057755975237,30.205
2026-04-05T20:00:00Z,35.85533585262844,30.3775
2026-04-05T21:00:00Z,28.88076392504442,19.0225
2026-04-05T22:00:00Z,28.166605264028433,3.24
2026-04-05T23:00:00Z,27.168359044630883,1.985
2026-04-06T00:00:00Z,29.21387563199325,1.04
2026-04-06T01:00:00Z,28.32787660079399,1.36
2026-04-06T02:00:00Z,29.583544471008153,1.06
2026-04-06T03:00:00Z,33.999977205115684,2.11
2026-04-06T04:00:00Z,40.505404675995976,1.985
2026-04-06T05:00:00Z,49.13688785162222,1.3325
2026-04-06T06:00:00Z,39.206897365067036,-0.9425
2026-04-06T07:00:00Z,14.1273037068314,-11.105
2026-04-06T08:00:00Z,2.229025775595444,-26.0025
2026-04-06T09:00:00Z,-17.09438815548066,-59.760000000000005
2026-04-06T10:00:00Z,-42.14074479769761,-79.515
2026-04-06T11:00:00Z,-50.404341518585355,-125.6375
2026-04-06T12:00:00Z,-55.17039895833467,-123.535
2026-04-06T13:00:00Z,-30.919933317513085,-84.6175
2026-04-06T14:00:00Z,-6.391000687819904,-28.72
2026-04-06T15:00:00Z,23.08170814745211,-5.609999999999999
2026-04-06T16:00:00Z,72.95116011583539,48.625
2026-04-06T17:00:00Z,117.90972275028273,107.6875
2026-04-06T18:00:00Z,134.67192932378586,116.005
2026-04-06T19:00:00Z,133.70595501710633,109.2225
2026-04-06T20:00:00Z,125.12258792210396,113.8475
2026-04-06T21:00:00Z,115.67317101260056,108.805
2026-04-06T22:00:00Z,114.86835624550764,106.4
2026-04-06T23:00:00Z,113.72474516935684,101.295
2026-04-07T00:00:00Z,107.64283289507881,101.6475
2026-04-07T01:00:00Z,108.44847004791046,102.28
2026-04-07T02:00:00Z,113.00778312156739,105.135
2026-04-07T03:00:00Z,125.95775667407801,117.7675
2026-04-07T04:00:00Z,170.23313350488752,143.9125
2026-04-07T05:00:00Z,182.39539834343958,178.2625
2026-04-07T06:00:00Z,157.5679888776043,127.8575
2026-04-07T07:00:00Z,112.99558399116214,81.8025
2026-04-07T08:00:00Z,33.350319651912244,24.8875
2026-04-07T09:00:00Z,16.76792288074587,-0.0074999999999999
2026-04-07T10:00:00Z,-8.397040972994802,-3.01
2026-04-07T11:00:00Z,-42.34539582987835,-11.2875
2026-04-07T12:00:00Z,-13.096462856219961,-11.23
2026-04-07T13:00:00Z,-4.0224115897711705,-4.205
2026-04-07T14:00:00Z,16.33442807421133,3.8
2026-04-07T15:00:00Z,93.13070865414602,79.9025
2026-04-07T16:00:00Z,142.63355564942776,137.995
2026-04-07T17:00:00Z,179.3079325657364,194.0275
2026-04-07T18:00:00Z,177.94879366066255,188.8825
2026-04-07T19:00:00Z,158.03987751546885,144.0025
2026-04-07T20:00:00Z,149.69020457081314,129.01
2026-04-07T21:00:00Z,144.03373813777137,118.2
2026-04-07T22:00:00Z,131.88921613113223,107.17
2026-04-07T23:00:00Z,132.0941384126235,102.21
2026-04-08T00:00:00Z,128.5265756561182,100.82
2026-04-08T01:00:00Z,133.40023030579567,103.4975
2026-04-08T02:00:00Z,141.98327695302015,107.5125
2026-04-08T03:00:00Z,148.33053512046683,116.9275
2026-04-08T04:00:00Z,161.87958951892102,149.79500000000002
2026-04-08T05:00:00Z,168.73681763254388,168.7975
2026-04-08T06:00:00Z,148.65078182763114,138.5075
2026-04-08T07:00:00Z,103.61775198096899,97.45
2026-04-08T08:00:00Z,29.668551842176605,51.12
2026-04-08T09:00:00Z,22.95585696146187,-0.0499999999999998
2026-04-08T10:00:00Z,-7.0137654097247655,-18.8275
2026-04-08T11:00:00Z,-19.512308546578055,-32.78
2026-04-08T12:00:00Z,-19.760826614486064,-29.735
2026-04-08T13:00:00Z,16.43974139321172,-13.155
2026-04-08T14:00:00Z,32.69922396292556,13.3525
2026-04-08T15:00:00Z,107.15053736655467,91.875
2026-04-08T16:00:00Z,148.0631640153124,134.2475
2026-04-08T17:00:00Z,168.95027961300906,170.0075
2026-04-08T18:00:00Z,166.93444488583714,160.5525
2026-04-08T19:00:00Z,151.59348766866879,137.10250000000002
2026-04-08T20:00:00Z,130.51924483319993,121.3925
2026-04-08T21:00:00Z,114.62297965676412,109.475
2026-04-08T22:00:00Z,102.84301278010723,104.8975
2026-04-08T23:00:00Z,98.89051339216958,101.1025
2026-04-09T00:00:00Z,101.44037283123276,101.095
2026-04-09T01:00:00Z,103.35288935033226,101.8625
2026-04-09T02:00:00Z,110.46985570617129,105.1
2026-04-09T03:00:00Z,123.41834522002385,115.8725
2026-04-09T04:00:00Z,145.5488289450384,135.29500000000002
2026-04-09T05:00:00Z,154.97840565960615,146.6
2026-04-09T06:00:00Z,140.3623224577554,128.09
2026-04-09T07:00:00Z,111.37490931896228,99.675
2026-04-09T08:00:00Z,72.94133980733395,54.9975
2026-04-09T09:00:00Z,17.19830509522314,1.2075
2026-04-09T10:00:00Z,12.769977901760406,-1.03
2026-04-09T11:00:00Z,7.065327921340957,-7.865
2026-04-09T12:00:00Z,8.788910059391327,-8.1375
2026-04-09T13:00:00Z,14.392822013111262,-1.3025
2026-04-09T14:00:00Z,41.63617671935709,27.08
2026-04-09T15:00:00Z,99.10555275295474,82.5275
2026-04-09T16:00:00Z,132.55942459971766,115.355
2026-04-09T17:00:00Z,149.23326879475144,137.1675
2026-04-09T18:00:00Z,145.35750632442353,127.325
2026-04-09T19:00:00Z,123.28025314911004,110.95
2026-04-09T20:00:00Z,106.22309071780207,100.23
2026-04-09T21:00:00Z,92.89592207929874,81.05250000000001
2026-04-09T22:00:00Z,85.0739179582784,81.88
2026-04-09T23:00:00Z,77.93529528556753,79.32
2026-04-10T00:00:00Z,75.43743716636526,78.83
2026-04-10T01:00:00Z,81.18774363573029,78.5525
2026-04-10T02:00:00Z,87.3347098916858,81.1225
2026-04-10T03:00:00Z,94.87566826054253,88.7675
2026-04-10T04:00:00Z,114.53273663426984,112.1575
2026-04-10T05:00:00Z,129.9757055160726,126.4375
2026-04-10T06:00:00Z,141.67633609794657,123.16
2026-04-10T07:00:00Z,137.0773669593766,119.265
2026-04-10T08:00:00Z,118.90638184472641,109.84
2026-04-10T09:00:00Z,98.98659034941356,102.99
2026-04-10T10:00:00Z,84.12428815415413,92.09
2026-04-10T11:00:00Z,81.18489494870781,88.9375
2026-04-10T12:00:00Z,74.64074334870553,87.4
2026-04-10T13:00:00Z,80.84778620261844,94.0175
2026-04-10T14:00:00Z,95.2224687929535,108.78
2026-04-10T15:00:00Z,119.38615485803504,130.1025
2026-04-10T16:00:00Z,142.6251443539752,155.29
2026-04-10T17:00:00Z,174.5260741757961,227.7675
2026-04-10T18:00:00Z,179.89082658365726,245.115
2026-04-10T19:00:00Z,155.5081565815472,176.4775
2026-04-10T20:00:00Z,144.5134119759905,149.305
2026-04-10T21:00:00Z,129.1092623784853,131.96
2026-04-10T22:00:00Z,120.76684312507096,134.015
2026-04-10T23:00:00Z,117.28878645911567,120.6325
2026-04-11T00:00:00Z,111.92509220422782,114.3825
2026-04-11T01:00:00Z,106.68421425488428,112.35
2026-04-11T02:00:00Z,102.68729265012551,110.8375
2026-04-11T03:00:00Z,103.66688957681815,108.36
2026-04-11T04:00:00Z,109.76117805090429,106.605
2026-04-11T05:00:00Z,103.41350081609747,93.2375
2026-04-11T06:00:00Z,75.40688280926462,69.61
2026-04-11T07:00:00Z,37.679649416301594,21.57
2026-04-11T08:00:00Z,23.097926365060538,-0.1574999999999997
2026-04-11T09:00:00Z,-9.499873845404274,-8.307500000000001
2026-04-11T10:00:00Z,-48.139697290141335,-40.2525
2026-04-11T11:00:00Z,-55.443630450366314,-79.965
2026-04-11T12:00:00Z,-56.507943065669025,-77.635
2026-04-11T13:00:00Z,-22.049058028483884,-45.8275
2026-04-11T14:00:00Z,15.0150607515449,-15.7975
2026-04-11T15:00:00Z,23.0461789166704,-0.7149999999999999
2026-04-11T16:00:00Z,70.01237433153773,43.697500000000005
2026-04-11T17:00:00Z,98.51742613110541,73.8175
2026-04-11T18:00:00Z,97.43899022010777,74.7875
2026-04-11T19:00:00Z,62.69536411928072,65.2325
2026-04-11T20:00:00Z,59.82508100421516,68.6275
2026-04-11T21:00:00Z,62.89205986737934,68.625
2026-04-11T22:00:00Z,74.477562646475,72.52250000000001
2026-04-11T23:00:00Z,74.67604009452374,76.57249999999999
2026-04-12T00:00:00Z,80.7629625361075,80.4225
2026-04-12T01:00:00Z,86.04104936346319,85.26
2026-04-12T02:00:00Z,86.25559489563929,95.1025
2026-04-12T03:00:00Z,92.75187515918887,98.05
2026-04-12T04:00:00Z,101.1174613948753,98.7
2026-04-12T05:00:00Z,105.97553866203364,94.3175
2026-04-12T06:00:00Z,99.33154108638321,76.10249999999999
2026-04-12T07:00:00Z,92.74210060617956,53.3225
2026-04-12T08:00:00Z,77.42712594581116,30.2325
2026-04-12T09:00:00Z,64.3920174546187,22.415
2026-04-12T10:00:00Z,53.80857375067208,14.975
2026-04-12T11:00:00Z,44.44522790386772,1.97
2026-04-12T12:00:00Z,53.2017869219072,4.625
2026-04-12T13:00:00Z,62.50665680252434,15.905
2026-04-12T14:00:00Z,82.54221018079096,67.55
2026-04-12T15:00:00Z,108.1131204697509,110.1775
2026-04-12T16:00:00Z,125.20942426231315,135.3875
2026-04-12T17:00:00Z,141.6748684655729,144.765
2026-04-12T18:00:00Z,140.9928941908778,146.8025
2026-04-12T19:00:00Z,131.82457797524648,136.73250000000002
2026-04-12T20:00:00Z,125.49606598073528,130.6075
2026-04-12T21:00:00Z,120.37260015543326,121.0175
2026-04-12T22:00:00Z,116.70481054963993,116.5425
2026-04-12T23:00:00Z,115.65839436708082,109.795
2026-04-13T00:00:00Z,110.61678605929308,107.315
2026-04-13T01:00:00Z,110.55700975721892,107.59
2026-04-13T02:00:00Z,115.20165317285223,110.02
2026-04-13T03:00:00Z,122.3096348844387,119.0725
2026-04-13T04:00:00Z,138.5431399544829,136.115
2026-04-13T05:00:00Z,153.13611896303405,145.12
2026-04-13T06:00:00Z,150.31159232891127,173.88
2026-04-13T07:00:00Z,129.3436893888409,160.965
2026-04-13T08:00:00Z,122.87631776013771,138.63
2026-04-13T09:00:00Z,112.61834368229857,116.0
2026-04-13T10:00:00Z,98.08925925936309,104.735
2026-04-13T11:00:00Z,92.62299967847261,97.3925
2026-04-13T12:00:00Z,94.62621563142848,101.695
2026-04-13T13:00:00Z,98.79254584944232,104.6375
2026-04-13T14:00:00Z,103.97152794941178,114.5975
2026-04-13T15:00:00Z,122.82615663600062,130.3775
2026-04-13T16:00:00Z,134.04402545424995,148.2
2026-04-13T17:00:00Z,153.51603193848894,164.5225
2026-04-13T18:00:00Z,149.89528353260124,156.61
2026-04-13T19:00:00Z,134.26318172040254,139.0475
2026-04-13T20:00:00Z,132.41321866630483,129.76
2026-04-13T21:00:00Z,123.52497404549943,122.6275
2026-04-13T22:00:00Z,128.20430039579432,116.0625
2026-04-13T23:00:00Z,122.37415631966766,113.665
2026-04-14T00:00:00Z,123.90140607417752,114.99
2026-04-14T01:00:00Z,124.14745002896889,113.385
2026-04-14T02:00:00Z,124.66294178259864,114.68
2026-04-14T03:00:00Z,134.80646161609985,118.1475
2026-04-14T04:00:00Z,149.12807499063814,138.72
2026-04-14T05:00:00Z,162.1360950962021,163.0225
2026-04-14T06:00:00Z,167.22586433078646,164.495
2026-04-14T07:00:00Z,151.8544569618943,144.32999999999998
2026-04-14T08:00:00Z,133.84305243192196,128.82999999999998
2026-04-14T09:00:00Z,123.08719119456639,117.3325
2026-04-14T10:00:00Z,116.18981178404313,109.5075
2026-04-14T11:00:00Z,108.85335949689227,104.7
2026-04-14T12:00:00Z,109.88429892672752,108.91
2026-04-14T13:00:00Z,118.47173904700524,115.5675
2026-04-14T14:00:00Z,128.28762525130043,121.695
2026-04-14T15:00:00Z,140.6077985831633,137.4375
2026-04-14T16:00:00Z,164.43086783776494,160.015
2026-04-14T17:00:00Z,191.37141215546092,224.7525
2026-04-14T18:00:00Z,193.6292641639361,234.2775
2026-04-14T19:00:00Z,166.7633828108236,165.9475
2026-04-14T20:00:00Z,151.96044066246645,148.2575
2026-04-14T21:00:00Z,143.93615092127862,135.37
2026-04-14T22:00:00Z,131.57479024591606,121.6
2026-04-14T23:00:00Z,126.07877732467017,116.4575
2026-04-15T00:00:00Z,121.55248076708172,111.7675
2026-04-15T01:00:00Z,120.96630771435566,110.0175
2026-04-15T02:00:00Z,124.00583755636761,110.8425
2026-04-15T03:00:00Z,132.80709195407633,123.18
2026-04-15T04:00:00Z,161.51891936597707,148.44
2026-04-15T05:00:00Z,180.38113470822242,159.5525
2026-04-15T06:00:00Z,146.4498240628473,140.1
2026-04-15T07:00:00Z,118.7165256251748,116.32
2026-04-15T08:00:00Z,92.29949180966045,100.8025
2026-04-15T09:00:00Z,56.99302619051102,78.94
2026-04-15T10:00:00Z,50.80315682447408,58.3175
2026-04-15T11:00:00Z,49.21171222687692,50.2325
2026-04-15T12:00:00Z,52.87820176216977,67.25750000000001
2026-04-15T13:00:00Z,77.955322739655,81.4925
2026-04-15T14:00:00Z,111.77712693376374,99.255
2026-04-15T15:00:00Z,133.01939502654074,124.84
2026-04-15T16:00:00Z,164.4166288435319,141.9
2026-04-15T17:00:00Z,201.27655012721453,180.07999999999998
2026-04-15T18:00:00Z,192.15767492287853,180.8
2026-04-15T19:00:00Z,166.69453364123825,148.07999999999998
2026-04-15T20:00:00Z,143.41473874845343,132.685
2026-04-15T21:00:00Z,131.10686849769013,117.77
2026-04-15T22:00:00Z,123.19931236159712,106.215
2026-04-15T23:00:00Z,118.60578810586401,101.3975
2026-04-16T00:00:00Z,111.89561561363797,99.595
2026-04-16T01:00:00Z,110.63458898920955,98.365
2026-04-16T02:00:00Z,114.33909224175471,100.9025
2026-04-16T03:00:00Z,128.5492751410778,110.605
2026-04-16T04:00:00Z,150.61938221827836,139.475
2026-04-16T05:00:00Z,166.7797826530675,145.02249999999998
2026-04-16T06:00:00Z,152.178315439637,133.635
2026-04-16T07:00:00Z,120.41402505660942,110.195
2026-04-16T08:00:00Z,96.2621184183276,96.3525
2026-04-16T09:00:00Z,64.52050389991028,75.6725
2026-04-16T10:00:00Z,42.72738678905368,60.5125
2026-04-16T11:00:00Z,29.713561097163034,45.7675
2026-04-16T12:00:00Z,33.32704392149506,53.9725
2026-04-16T13:00:00Z,57.5246768361222,70.87
2026-04-16T14:00:00Z,89.03437163517775,89.7575
2026-04-16T15:00:00Z,118.69982777739223,111.555
2026-04-16T16:00:00Z,151.10750205892504,131.145
2026-04-16T17:00:00Z,180.30417958637997,166.9275
2026-04-16T18:00:00Z,189.73981476805045,187.3175
2026-04-16T19:00:00Z,170.4728718599539,155.01
2026-04-16T20:00:00Z,148.82945066487395,138.76
2026-04-16T21:00:00Z,133.95700248265652,127.3625
2026-04-16T22:00:00Z,127.43420867461143,121.7725
2026-04-16T23:00:00Z,121.58561395570655,115.5225
2026-04-17T00:00:00Z,119.30457657731766,112.5325
2026-04-17T01:00:00Z,117.87613938210191,108.5125
2026-04-17T02:00:00Z,117.79073631010895,111.4675
2026-04-17T03:00:00Z,128.0740835522016,120.1925
2026-04-17T04:00:00Z,160.4665706191264,146.5675
2026-04-17T05:00:00Z,163.43862994228118,148.555
2026-04-17T06:00:00Z,139.66453344890874,127.1575
2026-04-17T07:00:00Z,107.6149535324563,101.9025
2026-04-17T08:00:00Z,73.64017018796964,90.7825
2026-04-17T09:00:00Z,34.9621856283585,57.88
2026-04-17T10:00:00Z,28.066049747106455,30.87
2026-04-17T11:00:00Z,26.05863207183896,26.445
2026-04-17T12:00:00Z,25.825470597393313,31.3725
2026-04-17T13:00:00Z,45.51563558163465,59.9975
2026-04-17T14:00:00Z,91.00099126517806,81.82
2026-04-17T15:00:00Z,121.59148019743708,102.31
2026-04-17T16:00:00Z,155.74178340673524,126.755
2026-04-17T17:00:00Z,191.35150714185687,157.405
2026-04-17T18:00:00Z,195.14682865901312,157.1125
2026-04-17T19:00:00Z,161.2589030281219,138.0075
2026-04-17T20:00:00Z,143.0007872683846,123.93
2026-04-17T21:00:00Z,134.43316445157217,112.71
2026-04-17T22:00:00Z,126.28312079362883,116.245
2026-04-17T23:00:00Z,122.3770452371303,110.8775
2026-04-18T00:00:00Z,119.79375107143078,109.6625
2026-04-18T01:00:00Z,117.59809036742435,107.695
2026-04-18T02:00:00Z,117.29245770129984,108.8725
2026-04-18T03:00:00Z,118.54170210842484,110.905
2026-04-18T04:00:00Z,128.63338800449077,110.83
2026-04-18T05:00:00Z,121.86371104156248,105.7425
2026-04-18T06:00:00Z,114.59739805679487,92.2875
2026-04-18T07:00:00Z,86.23354229440211,75.1275
2026-04-18T08:00:00Z,45.528499206071814,39.5675
2026-04-18T09:00:00Z,25.771671823031,3.94
2026-04-18T10:00:00Z,18.635021831541202,-3.3825000000000003
2026-04-18T11:00:00Z,12.934538196912056,-4.08
2026-04-18T12:00:00Z,15.582568208713564,-0.1
2026-04-18T13:00:00Z,28.19553339773077,18.8975
2026-04-18T14:00:00Z,73.24548186734742,44.8875
2026-04-18T15:00:00Z,109.2885647158475,90.805
2026-04-18T16:00:00Z,135.14579671139077,119.595
2026-04-18T17:00:00Z,161.4042319925656,131.54
2026-04-18T18:00:00Z,161.3583518664875,144.89
2026-04-18T19:00:00Z,146.58738637026033,140.29500000000002
2026-04-18T20:00:00Z,137.52011787702375,129.9925
2026-04-18T21:00:00Z,130.4248827822513,125.0
2026-04-18T22:00:00Z,132.5001366873748,116.56
2026-04-18T23:00:00Z,126.06967958828079,109.95
2026-04-19T00:00:00Z,120.4893525240851,109.205
2026-04-19T01:00:00Z,120.82039665767935,106.3225
2026-04-19T02:00:00Z,121.5087759516383,105.415
2026-04-19T03:00:00Z,120.2177453687102,106.55
2026-04-19T04:00:00Z,119.65127576440827,104.7825
2026-04-19T05:00:00Z,116.80494149133577,100.0325
2026-04-19T06:00:00Z,113.19297406142502,96.63
2026-04-19T07:00:00Z,102.48008158518498,93.8425
2026-04-19T08:00:00Z,87.714088007616,71.385
2026-04-19T09:00:00Z,62.96376027720586,31.985
2026-04-19T10:00:00Z,46.59288016952895,5.735
2026-04-19T11:00:00Z,18.48311908775716,-0.8475
2026-04-19T12:00:00Z,15.293595767470855,-3.005
2026-04-19T13:00:00Z,15.126918080852128,-2.255
2026-04-19T14:00:00Z,17.730281502596085,16.02
2026-04-19T15:00:00Z,70.3895750635046,73.7575
2026-04-19T16:00:00Z,107.71407511315124,103.855
2026-04-19T17:00:00Z,130.4924782424446,117.3525
2026-04-19T18:00:00Z,146.39782108053345,124.1125
2026-04-19T19:00:00Z,139.6273775783389,121.5475
2026-04-19T20:00:00Z,138.97707913912816,119.3625
2026-04-19T21:00:00Z,129.19346491452694,111.2325
2026-04-19T22:00:00Z,112.50632460694078,106.3075
2026-04-19T23:00:00Z,104.1145446405996,101.1125
2026-04-20T00:00:00Z,101.27222059699253,99.0125
2026-04-20T01:00:00Z,100.33087403061847,99.04
2026-04-20T02:00:00Z,105.03112712158577,102.3025
2026-04-20T03:00:00Z,113.68196104713684,111.6
2026-04-20T04:00:00Z,131.47824924814643,129.385
2026-04-20T05:00:00Z,150.20614957656835,142.2075
2026-04-20T06:00:00Z,139.30797848708983,134.32
2026-04-20T07:00:00Z,110.19788508574281,110.015
2026-04-20T08:00:00Z,87.16095892442418,90.1975
2026-04-20T09:00:00Z,69.33007755475552,75.88749999999999
2026-04-20T10:00:00Z,47.41865405164474,51.182500000000005
2026-04-20T11:00:00Z,38.93677809432826,32.595
2026-04-20T12:00:00Z,39.741738613577624,29.57
2026-04-20T13:00:00Z,49.54136835002434,46.475
2026-04-20T14:00:00Z,69.41675472819394,78.325
2026-04-20T15:00:00Z,97.17967448750477,97.245
2026-04-20T16:00:00Z,116.9590069677874,112.91
2026-04-20T17:00:00Z,148.2620376601351,123.4075
2026-04-20T18:00:00Z,150.21364319507552,127.18
2026-04-20T19:00:00Z,131.29653271480393,121.94
2026-04-20T20:00:00Z,124.78206460871665,115.9725
2026-04-20T21:00:00Z,110.49034228899718,106.7925
2026-04-20T22:00:00Z,109.82336414077261,99.0
2026-04-20T23:00:00Z,110.00863867566859,98.6425
2026-04-21T00:00:00Z,107.6931829504829,98.3725
2026-04-21T01:00:00Z,107.92009050188516,99.075
2026-04-21T02:00:00Z,109.90519526562018,100.19
2026-04-21T03:00:00Z,117.2606471810196,108.4475
2026-04-21T04:00:00Z,138.388768636117,127.085
2026-04-21T05:00:00Z,153.02670823272285,135.3275
2026-04-21T06:00:00Z,128.53528733229138,118.9475
2026-04-21T07:00:00Z,100.5507217382728,97.305
2026-04-21T08:00:00Z,65.96730409069701,59.895
2026-04-21T09:00:00Z,35.10238175342458,19.602500000000003
2026-04-21T10:00:00Z,20.205837027145897,-0.0974999999999999
2026-04-21T11:00:00Z,16.56981513502819,-1.7525
2026-04-21T12:00:00Z,19.648208406346896,-3.7
2026-04-21T13:00:00Z,27.523047772713873,-1.8625
2026-04-21T14:00:00Z,63.860184824600694,14.535
2026-04-21T15:00:00Z,98.60250314822642,69.83
2026-04-21T16:00:00Z,133.97984802400185,102.645
2026-04-21T17:00:00Z,163.38439903239947,134.11
2026-04-21T18:00:00Z,169.59123643379206,144.775
2026-04-21T19:00:00Z,146.49696212031017,129.62
2026-04-21T20:00:00Z,138.2015721931935,119.845
2026-04-21T21:00:00Z,127.91892847346168,111.8725
2026-04-21T22:00:00Z,121.20916792698615,107.095
2026-04-21T23:00:00Z,120.59357186817377,104.11
2026-04-22T00:00:00Z,119.00110311876472,104.2
2026-04-22T01:00:00Z,120.16522102530877,104.8475
2026-04-22T02:00:00Z,121.70437623317689,109.6925
2026-04-22T03:00:00Z,127.41297095447888,121.2325
2026-04-22T04:00:00Z,149.33349241194776,139.8425
2026-04-22T05:00:00Z,146.5366386268081,134.7975
2026-04-22T06:00:00Z,116.87836688898619,113.865
2026-04-22T07:00:00Z,80.63880787610502,79.555
2026-04-22T08:00:00Z,31.58597060388437,20.155
2026-04-22T09:00:00Z,10.05726969449266,-2.42
2026-04-22T10:00:00Z,-39.40680444348748,-8.8325
2026-04-22T11:00:00Z,-42.5538011650053,-20.985
2026-04-22T12:00:00Z,-42.17185114009396,-19.0
2026-04-22T13:00:00Z,-13.126979942854245,-4.92
2026-04-22T14:00:00Z,20.48620779056118,-0.0099999999999998
2026-04-22T15:00:00Z,85.08974765398288,57.405
2026-04-22T16:00:00Z,120.9087588888505,105.2975
2026-04-22T17:00:00Z,159.2360333079622,140.1175
2026-04-22T18:00:00Z,167.1055858948456,153.91
2026-04-22T19:00:00Z,149.38762995768667,128.51
2026-04-22T20:00:00Z,139.24104424868636,114.45
2026-04-22T21:00:00Z,128.2252332110168,105.0775
2026-04-22T22:00:00Z,115.93984217420008,100.14
2026-04-22T23:00:00Z,112.10996070900637,97.625
2026-04-23T00:00:00Z,107.56166847507764,96.735
2026-04-23T01:00:00Z,105.1832593378564,96.2075
2026-04-23T02:00:00Z,106.19930592057086,95.85
2026-04-23T03:00:00Z,117.16049492324659,104.16
2026-04-23T04:00:00Z,131.2944651420333,119.0
2026-04-23T05:00:00Z,137.08555414443703,119.4
2026-04-23T06:00:00Z,114.34218146148606,109.6975
2026-04-23T07:00:00Z,54.14500918000773,63.2925
2026-04-23T08:00:00Z,15.276323783319585,-0.5625
2026-04-23T09:00:00Z,-9.135278633102022,-6.175
2026-04-23T10:00:00Z,-42.45408034494516,-29.0075
2026-04-23T11:00:00Z,-46.430426708227195,-49.56
2026-04-23T12:00:00Z,-46.37970291522404,-48.8625
2026-04-23T13:00:00Z,-26.657479854973268,-22.89
2026-04-23T14:00:00Z,4.060246732397676,-1.93
2026-04-23T15:00:00Z,35.723810036204604,21.9675
2026-04-23T16:00:00Z,99.48699568006914,93.5725
2026-04-23T17:00:00Z,134.07253367403288,121.5
2026-04-23T18:00:00Z,140.09797008656216,136.955
2026-04-23T19:00:00Z,128.5341524198206,116.2875
2026-04-23T20:00:00Z,115.49114298428614,108.235
2026-04-23T21:00:00Z,112.40256773274425,99.4575
2026-04-23T22:00:00Z,102.24774980433202,102.455
2026-04-23T23:00:00Z,100.53567304992637,100.13
2026-04-24T00:00:00Z,99.81579063382837,100.71
2026-04-24T01:00:00Z,101.55458064932118,101.69
2026-04-24T02:00:00Z,105.10586725519647,105.3575
2026-04-24T03:00:00Z,113.81308467179208,116.305
2026-04-24T04:00:00Z,133.31340136410438,131.8725
2026-04-24T05:00:00Z,145.50422086935515,137.9875
2026-04-24T06:00:00Z,126.13575517981639,117.685
2026-04-24T07:00:00Z,91.90525491830309,80.905
2026-04-24T08:00:00Z,35.70121318796099,19.5725
2026-04-24T09:00:00Z,11.556469379223678,-0.035
2026-04-24T10:00:00Z,-1.2251401151617465,-6.9075
2026-04-24T11:00:00Z,-19.344931401943846,-26.14
2026-04-24T12:00:00Z,-22.143830355695236,-30.0025
2026-04-24T13:00:00Z,-6.431419465529835,-16.555
2026-04-24T14:00:00Z,16.452332582098006,-1.6124999999999998
2026-04-24T15:00:00Z,53.410772106838806,50.9075
2026-04-24T16:00:00Z,111.3387837295689,104.8175
2026-04-24T17:00:00Z,144.9059091615605,133.81
2026-04-24T18:00:00Z,157.88196221871948,137.34
2026-04-24T19:00:00Z,140.56051810354163,131.025
2026-04-24T20:00:00Z,128.55784500817379,121.8775
2026-04-24T21:00:00Z,122.59978150117472,113.4425
2026-04-24T22:00:00Z,110.87066119620032,100.625
2026-04-24T23:00:00Z,107.6728960010195,95.54
2026-04-25T00:00:00Z,100.13013629133819,95.12
2026-04-25T01:00:00Z,94.05434743003644,95.1575
2026-04-25T02:00:00Z,94.50295344790774,88.4575
2026-04-25T03:00:00Z,96.2143025348407,88.03
2026-04-25T04:00:00Z,98.46923473043591,83.1825
2026-04-25T05:00:00Z,93.28722626441652,71.3625
2026-04-25T06:00:00Z,64.7684409647718,20.035
2026-04-25T07:00:00Z,27.50957489536484,-0.0424999999999999
2026-04-25T08:00:00Z,9.884510621433027,-7.27
2026-04-25T09:00:00Z,-31.26957199040568,-42.1425
2026-04-25T10:00:00Z,-50.40859601397271,-100.5125
2026-04-25T11:00:00Z,-51.01996939265828,-176.4425
2026-04-25T12:00:00Z,-53.66064314602528,-190.865
2026-04-25T13:00:00Z,-47.43898629575997,-133.8025
2026-04-25T14:00:00Z,-2.770519489160783,-53.975
2026-04-25T15:00:00Z,26.51996620290447,-5.245
2026-04-25T16:00:00Z,61.1577216673491,4.615
2026-04-25T17:00:00Z,95.01240052072302,65.19749999999999
2026-04-25T18:00:00Z,102.69636528796883,75.42
2026-04-25T19:00:00Z,89.69448696038077,72.005
2026-04-25T20:00:00Z,86.05778347806495,72.6775
2026-04-25T21:00:00Z,80.6573634300529,69.97999999999999
2026-04-25T22:00:00Z,95.86597609976239,79.44
2026-04-25T23:00:00Z,88.04277416043843,83.595
2026-04-26T00:00:00Z,93.06896531201765,87.1
2026-04-26T01:00:00Z,97.58924735049072,90.4875
2026-04-26T02:00:00Z,105.02581539226102,94.1525
2026-04-26T03:00:00Z,112.2306779732928,98.64
2026-04-26T04:00:00Z,113.44128708462264,94.185
2026-04-26T05:00:00Z,111.47163291329902,83.1525
2026-04-26T06:00:00Z,79.69166833645167,54.3125
2026-04-26T07:00:00Z,27.499112422685755,-0.01
2026-04-26T08:00:00Z,-14.116345960726964,-28.185
2026-04-26T09:00:00Z,-38.46316362787786,-127.365
2026-04-26T10:00:00Z,-44.05098739382494,-259.96000000000004
2026-04-26T11:00:00Z,-53.33606531933275,-413.77
2026-04-26T12:00:00Z,-52.24735165793652,-413.245
2026-04-26T13:00:00Z,-37.552225169880124,-235.8925
2026-04-26T14:00:00Z,9.605009872839144,-37.305
2026-04-26T15:00:00Z,69.19660996122718,11.177499999999998
2026-04-26T16:00:00Z,126.83972642235514,113.0975
2026-04-26T17:00:00Z,167.76591922626466,150.2875
2026-04-26T18:00:00Z,175.72033744123786,157.815
2026-04-26T19:00:00Z,156.77114393233165,140.6525
2026-04-26T20:00:00Z,150.62789192499628,126.4075
2026-04-26T21:00:00Z,135.4470932840967,122.875
2026-04-26T22:00:00Z,127.3006758436722,118.4475
2026-04-26T23:00:00Z,123.87374854218317,113.03
2026-04-27T00:00:00Z,121.2075459766952,112.71
2026-04-27T01:00:00Z,120.8084171670069,112.825
2026-04-27T02:00:00Z,125.01089428244256,116.74
2026-04-27T03:00:00Z,140.16356074893443,125.6675
2026-04-27T04:00:00Z,176.62252132088418,165.5675
2026-04-27T05:00:00Z,177.39251817573034,153.69
2026-04-27T06:00:00Z,151.31120805566553,126.5475
2026-04-27T07:00:00Z,90.59845976547294,92.5275
2026-04-27T08:00:00Z,36.41731394041946,59.1425
2026-04-27T09:00:00Z,11.210916556420777,4.14
2026-04-27T10:00:00Z,2.5524807459277774,-0.0975
2026-04-27T11:00:00Z,-12.345072047361967,-0.83
2026-04-27T12:00:00Z,3.7832422669046863,-0.1625
2026-04-27T13:00:00Z,16.884840185682812,5.1425
2026-04-27T14:00:00Z,65.70753448060371,68.66499999999999
2026-04-27T15:00:00Z,110.8071946402842,107.185
2026-04-27T16:00:00Z,145.71112123674806,129.8525
2026-04-27T17:00:00Z,176.6684258318084,172.3
2026-04-27T18:00:00Z,180.5016754780088,188.1175
2026-04-27T19:00:00Z,154.38370848388962,148.46
2026-04-27T20:00:00Z,138.20372779819624,125.6475
2026-04-27T21:00:00Z,130.75406165439477,115.2025
2026-04-27T22:00:00Z,119.76771918078278,112.66
2026-04-27T23:00:00Z,116.66854735526394,106.9025
2026-04-28T00:00:00Z,113.47528807499697,102.98
2026-04-28T01:00:00Z,115.1462049585261,102.83
2026-04-28T02:00:00Z,115.95198708963476,105.2775
2026-04-28T03:00:00Z,126.45070616085725,111.835
2026-04-28T04:00:00Z,141.46564255878843,122.1
2026-04-28T05:00:00Z,140.29059987734462,121.43
2026-04-28T06:00:00Z,124.8007072092001,112.315
2026-04-28T07:00:00Z,87.94763123529415,79.7775
2026-04-28T08:00:00Z,29.492659371211808,21.815
2026-04-28T09:00:00Z,7.300739908762028,-1.085
2026-04-28T10:00:00Z,-14.941416051421296,-14.0425
2026-04-28T11:00:00Z,-21.212934208255476,-29.0
2026-04-28T12:00:00Z,-21.26255520727024,-29.0075
2026-04-28T13:00:00Z,-4.79553199283653,-17.33
2026-04-28T14:00:00Z,7.737967985075591,-4.655
2026-04-28T15:00:00Z,62.6231301231327,33.315
2026-04-28T16:00:00Z,101.81236369348359,90.1
2026-04-28T17:00:00Z,139.103291185701,117.4
2026-04-28T18:00:00Z,150.45943750341354,120.9725
2026-04-28T19:00:00Z,128.95896847260673,115.8275
2026-04-28T20:00:00Z,113.26594840315417,111.295
2026-04-28T21:00:00Z,103.35749744115854,101.77
2026-04-28T22:00:00Z,99.35694685729884,98.2075
2026-04-28T23:00:00Z,99.82316500559621,96.725
2026-04-29T00:00:00Z,100.68991089676365,97.9175
2026-04-29T01:00:00Z,103.97561808095051,98.5275
2026-04-29T02:00:00Z,109.3440540374671,100.65
2026-04-29T03:00:00Z,119.37760305184257,107.905
2026-04-29T04:00:00Z,139.18447792464067,139.7975
2026-04-29T05:00:00Z,144.08246999377866,126.8475
2026-04-29T06:00:00Z,117.6408142513744,112.365
2026-04-29T07:00:00Z,64.96785306001912,66.42
2026-04-29T08:00:00Z,14.356740879804795,-1.0775
2026-04-29T09:00:00Z,-11.930793663190773,-11.5675
2026-04-29T10:00:00Z,-28.62552352538537,-33.765
2026-04-29T11:00:00Z,-53.37871042045391,-60.3625
2026-04-29T12:00:00Z,-48.357397702347974,-55.4325
2026-04-29T13:00:00Z,-19.36181604886258,-36.22
2026-04-29T14:00:00Z,1.6583148088848194,-11.25
2026-04-29T15:00:00Z,49.76902844439627,19.645
2026-04-29T16:00:00Z,103.68173356910937,91.145
2026-04-29T17:00:00Z,144.07463192779278,125.81
2026-04-29T18:00:00Z,151.91930787496744,145.5925
2026-04-29T19:00:00Z,138.0938921136865,129.95
2026-04-29T20:00:00Z,117.60564702248274,115.6575
2026-04-29T21:00:00Z,111.83204808915748,105.0975
2026-04-29T22:00:00Z,110.17359713134036,100.32
2026-04-29T23:00:00Z,110.52576391178536,100.11
2026-04-30T00:00:00Z,109.03469071139979,98.57
2026-04-30T01:00:00Z,112.2810617080022,99.4775
2026-04-30T02:00:00Z,109.81398742091237,104.09
2026-04-30T03:00:00Z,123.4038371832695,114.1025
2026-04-30T04:00:00Z,146.7996484402301,139.12
2026-04-30T05:00:00Z,140.65240822567438,122.285
2026-04-30T06:00:00Z,109.6751702406055,96.2175
2026-04-30T07:00:00Z,39.209991273667185,45.555
2026-04-30T08:00:00Z,4.303831466252838,-0.0375
2026-04-30T09:00:00Z,-22.11660298124299,-3.875
2026-04-30T10:00:00Z,-47.36141396786826,-16.2525
2026-04-30T11:00:00Z,-46.71326810270508,-32.02
2026-04-30T12:00:00Z,-47.129456397354936,-28.93
2026-04-30T13:00:00Z,-15.002587439768615,-12.05
2026-04-30T14:00:00Z,3.507109340151464,-2.2925
2026-04-30T15:00:00Z,35.22278126010666,20.58
2026-04-30T16:00:00Z,109.48898842888714,92.43
2026-04-30T17:00:00Z,149.81964909435936,139.0875
2026-04-30T18:00:00Z,161.8022611774503,178.62
2026-04-30T19:00:00Z,151.06765972166482,145.84
2026-04-30T20:00:00Z,130.56205439613785,118.92
2026-04-30T21:00:00Z,118.1286172793942,109.6075
2026-04-30T22:00:00Z,111.52539719637507,107.2275
2026-04-30T23:00:00Z,111.10065437450412,103.085
2026-05-01T00:00:00Z,109.77757874851866,101.385
2026-05-01T01:00:00Z,108.54596267604718,99.245
2026-05-01T02:00:00Z,108.8421979582868,97.98
2026-05-01T03:00:00Z,112.11375296146433,97.495
2026-05-01T04:00:00Z,115.63591840191617,103.7675
2026-05-01T05:00:00Z,94.05597588236343,80.34
2026-05-01T06:00:00Z,54.94836282650469,35.3325
2026-05-01T07:00:00Z,14.336287558207873,-0.0275
2026-05-01T08:00:00Z,-30.95619638807341,-21.18
2026-05-01T09:00:00Z,-54.818682876536926,-108.6175
2026-05-01T10:00:00Z,-73.16666479445828,-318.58
2026-05-01T11:00:00Z,-82.76163020001047,-499.0
2026-05-01T12:00:00Z,-86.85287462158058,-474.9675
2026-05-01T13:00:00Z,-78.4460345175684,-205.8775
2026-05-01T14:00:00Z,-22.75023682306137,-26.2475
2026-05-01T15:00:00Z,14.107972204899813,5.555
2026-05-01T16:00:00Z,101.54491398736299,92.53
2026-05-01T17:00:00Z,151.77243827126978,154.19
2026-05-01T18:00:00Z,167.89231787742727,173.325
2026-05-01T19:00:00Z,148.8699995168093,142.95
2026-05-01T20:00:00Z,130.59325554994192,113.2225
2026-05-01T21:00:00Z,105.72194510487019,96.9825
2026-05-01T22:00:00Z,98.2488764650629,117.425
2026-05-01T23:00:00Z,89.64776530703898,103.7125
2026-05-02T00:00:00Z,80.59778531505205,99.4775
2026-05-02T01:00:00Z,79.79868491335252,93.335
2026-05-02T02:00:00Z,78.76604748490945,93.545
2026-05-02T03:00:00Z,78.87363878910249,93.6975
2026-05-02T04:00:00Z,76.55238609883897,91.78
2026-05-02T05:00:00Z,51.54491703528935,78.0125
2026-05-02T06:00:00Z,15.977229737497332,18.27
2026-05-02T07:00:00Z,7.102610541873517,1.27
2026-05-02T08:00:00Z,-27.78881086348376,-2.3875
2026-05-02T09:00:00Z,-63.504926862543115,-21.9125
2026-05-02T10:00:00Z,-69.34766060037546,-83.6075
2026-05-02T11:00:00Z,-73.47693807091282,-130.0275
2026-05-02T12:00:00Z,-69.4538931978184,-86.8425
2026-05-02T13:00:00Z,-47.50031632315492,-14.0375
2026-05-02T14:00:00Z,-2.864436467849494,0.0325
2026-05-02T15:00:00Z,27.319171689907076,54.945
2026-05-02T16:00:00Z,109.59348670554766,127.14
2026-05-02T17:00:00Z,151.62340450485164,165.0
2026-05-02T18:00:00Z,162.10224045275532,195.45
2026-05-02T19:00:00Z,153.4538846799661,154.32
2026-05-02T20:00:00Z,134.90172524722806,139.96
2026-05-02T21:00:00Z,125.78765451642184,123.865
2026-05-02T22:00:00Z,123.44589677490268,121.195
2026-05-02T23:00:00Z,122.970728878246,116.0325
2026-05-03T00:00:00Z,119.87640915611757,110.1625
2026-05-03T01:00:00Z,117.78139477828714,108.4775
2026-05-03T02:00:00Z,118.0304367729831,106.2925
2026-05-03T03:00:00Z,116.72498925833338,107.0725
2026-05-03T04:00:00Z,113.76070728005278,101.7
2026-05-03T05:00:00Z,101.70091356814417,85.3375
2026-05-03T06:00:00Z,45.226525725129115,71.7375
2026-05-03T07:00:00Z,15.343636889506069,32.6575
2026-05-03T08:00:00Z,5.229156100413459,1.2875
2026-05-03T09:00:00Z,-21.92383693678599,-1.4275
2026-05-03T10:00:00Z,-42.773792561094666,-6.79
2026-05-03T11:00:00Z,-53.92516919475197,-14.435
2026-05-03T12:00:00Z,-27.956814335157347,-10.8825
2026-05-03T13:00:00Z,-15.782464127140592,-3.9675
2026-05-03T14:00:00Z,4.327206752368943,9.1325
2026-05-03T15:00:00Z,45.371199780320765,80.7075
2026-05-03T16:00:00Z,109.96426453563465,120.5725
2026-05-03T17:00:00Z,141.76927281642372,134.795
2026-05-03T18:00:00Z,156.40499083625627,140.87
2026-05-03T19:00:00Z,148.90050135265687,137.31
2026-05-03T20:00:00Z,132.78155006265166,130.3775
2026-05-03T21:00:00Z,122.59145653755519,121.115
2026-05-03T22:00:00Z,116.20994234731843,117.355
2026-05-03T23:00:00Z,115.75918919392036,108.41
2026-05-04T00:00:00Z,112.96433589278384,110.5575
2026-05-04T01:00:00Z,111.74343831064431,106.3475
2026-05-04T02:00:00Z,114.73992432675959,109.9075
2026-05-04T03:00:00Z,130.90763262205581,128.8825
2026-05-04T04:00:00Z,161.9719146753319,149.5475
2026-05-04T05:00:00Z,161.07544885148798,151.26749999999998
2026-05-04T06:00:00Z,147.77208587833013,134.6025
2026-05-04T07:00:00Z,112.67314082186371,113.625
2026-05-04T08:00:00Z,87.6289093818735,99.99
2026-05-04T09:00:00Z,59.670529924428486,93.095
2026-05-04T10:00:00Z,43.59340943975954,75.065
2026-05-04T11:00:00Z,41.36587477455933,69.4075
2026-05-04T12:00:00Z,66.32984164537757,81.0775
2026-05-04T13:00:00Z,90.14421801091007,94.0025
2026-05-04T14:00:00Z,110.23012714664878,107.9675
2026-05-04T15:00:00Z,130.55268344502275,128.9925
2026-05-04T16:00:00Z,158.88597261215347,169.0
2026-05-04T17:00:00Z,188.43428376953648,245.03
2026-05-04T18:00:00Z,200.78129825339795,266.83500000000004
2026-05-04T19:00:00Z,174.96648045184634,194.3
2026-05-04T20:00:00Z,157.99154817393247,153.04500000000002
2026-05-04T21:00:00Z,141.5765330704209,137.2
2026-05-04T22:00:00Z,144.757687944052,131.36
2026-05-04T23:00:00Z,137.24599942003547,126.2
2026-05-05T00:00:00Z,136.8255898206825,122.11
2026-05-05T01:00:00Z,135.30259611258674,122.045
2026-05-05T02:00:00Z,139.8667552921759,123.9
2026-05-05T03:00:00Z,148.51643806229276,133.9025
2026-05-05T04:00:00Z,169.721740503084,160.1125
2026-05-05T05:00:00Z,167.23892818401117,160.765
2026-05-05T06:00:00Z,151.6461152285346,147.23250000000002
2026-05-05T07:00:00Z,140.03340437391495,129.61
2026-05-05T08:00:00Z,124.15385538409815,114.12
2026-05-05T09:00:00Z,118.72768233898546,108.2575
2026-05-05T10:00:00Z,105.3507302517138,99.0925
2026-05-05T11:00:00Z,107.39472179957295,98.055
2026-05-05T12:00:00Z,116.34576473504426,97.745
2026-05-05T13:00:00Z,124.60527490789096,105.99
2026-05-05T14:00:00Z,131.8159093238815,111.9775
2026-05-05T15:00:00Z,138.21957825422186,128.67000000000002
2026-05-05T16:00:00Z,151.23087728660624,145.7625
2026-05-05T17:00:00Z,174.61206854663232,163.685
2026-05-05T18:00:00Z,165.02392541863793,163.9025
2026-05-05T19:00:00Z,152.03689726679545,146.9975
2026-05-05T20:00:00Z,140.78167942844814,132.745
2026-05-05T21:00:00Z,133.52478188440358,115.2925
2026-05-05T22:00:00Z,126.09595812357956,120.035
2026-05-05T23:00:00Z,120.73601183875016,114.23
2026-05-06T00:00:00Z,116.6998526778086,113.165
2026-05-06T01:00:00Z,114.30264763139775,112.995
2026-05-06T02:00:00Z,112.81939921173459,113.34
2026-05-06T03:00:00Z,118.88080365106721,118.225
2026-05-06T04:00:00Z,137.30747000264765,131.14
2026-05-06T05:00:00Z,155.7040982904511,142.45
2026-05-06T06:00:00Z,145.25746838162735,141.55
2026-05-06T07:00:00Z,126.56276710637201,121.305
2026-05-06T08:00:00Z,108.84883999416405,108.8
2026-05-06T09:00:00Z,94.5078410384026,104.12
2026-05-06T10:00:00Z,83.39149768514423,100.0925
2026-05-06T11:00:00Z,82.44088895015672,89.34
2026-05-06T12:00:00Z,87.4599822488157,91.33
2026-05-06T13:00:00Z,93.03104750541384,103.125
2026-05-06T14:00:00Z,110.79370380639006,112.6625
2026-05-06T15:00:00Z,128.8087922601286,125.0525
2026-05-06T16:00:00Z,140.24508788194052,137.91
2026-05-06T17:00:00Z,155.20614570909004,154.605
2026-05-06T18:00:00Z,154.54455267601236,156.915
2026-05-06T19:00:00Z,146.8147923327727,154.61
2026-05-06T20:00:00Z,139.17420524344243,143.4125
2026-05-06T21:00:00Z,132.59345919538998,128.26
2026-05-06T22:00:00Z,121.2551837775189,125.1525
2026-05-06T23:00:00Z,118.36233173800495,116.485
2026-05-07T00:00:00Z,117.84402113439081,115.2575
2026-05-07T01:00:00Z,116.64860180121718,116.49
2026-05-07T02:00:00Z,116.6774148210247,119.1375
2026-05-07T03:00:00Z,128.92239554163146,126.875
2026-05-07T04:00:00Z,146.01966031339185,151.0
2026-05-07T05:00:00Z,155.27235652358627,167.29250000000002
2026-05-07T06:00:00Z,155.44770175402863,155.5925
2026-05-07T07:00:00Z,135.60710410312663,136.41
2026-05-07T08:00:00Z,125.02974046140437,120.1325
2026-05-07T09:00:00Z,116.17595302247135,113.525
2026-05-07T10:00:00Z,112.84512052800815,103.9225
2026-05-07T11:00:00Z,104.01613527676977,101.915
2026-05-07T12:00:00Z,101.82526325416468,101.73
2026-05-07T13:00:00Z,104.648802170627,107.445
2026-05-07T14:00:00Z,115.58713302472131,117.9975
2026-05-07T15:00:00Z,127.38931332738854,132.56
2026-05-07T16:00:00Z,142.8160325367125,148.70499999999998
2026-05-07T17:00:00Z,172.18696189661466,185.655
2026-05-07T18:00:00Z,191.36764822207755,221.4775
2026-05-07T19:00:00Z,173.67195591664654,182.715
2026-05-07T20:00:00Z,150.00608885264324,154.435
2026-05-07T21:00:00Z,139.6559236120433,142.7575
2026-05-07T22:00:00Z,132.78069238694445,130.3425
2026-05-07T23:00:00Z,126.32362497309461,120.66
2026-05-08T00:00:00Z,123.00122515707518,118.215
2026-05-08T01:00:00Z,123.22504616260737,116.9775
2026-05-08T02:00:00Z,126.73172410796761,118.565
2026-05-08T03:00:00Z,136.3999231823392,126.185
2026-05-08T04:00:00Z,150.0991761140737,143.6
2026-05-08T05:00:00Z,152.15333389258336,147.0275
2026-05-08T06:00:00Z,135.85270195375438,137.4
2026-05-08T07:00:00Z,107.26314072292752,115.2475
2026-05-08T08:00:00Z,70.87717692422093,97.7475
2026-05-08T09:00:00Z,50.076611544730646,75.81
2026-05-08T10:00:00Z,41.215922470999686,65.37
2026-05-08T11:00:00Z,38.98784574876309,58.7075
2026-05-08T12:00:00Z,36.329281121336294,64.34
2026-05-08T13:00:00Z,53.0827003939502,81.8925
2026-05-08T14:00:00Z,79.07595067254154,94.0625
2026-05-08T15:00:00Z,108.17257215673584,109.5
2026-05-08T16:00:00Z,131.02232059023117,127.815
2026-05-08T17:00:00Z,158.9660964475517,143.54250000000002
2026-05-08T18:00:00Z,175.69125884940757,152.9775
2026-05-08T19:00:00Z,146.2034137832676,138.9
2026-05-08T20:00:00Z,130.0771940285831,127.5025
2026-05-08T21:00:00Z,125.5110749357832,119.14
2026-05-08T22:00:00Z,121.03353537510787,127.6925
2026-05-08T23:00:00Z,118.94611124479226,123.4075
2026-05-09T00:00:00Z,116.82476990345482,123.48
2026-05-09T01:00:00Z,116.75403969657592,124.3525
2026-05-09T02:00:00Z,119.55422624435901,125.7375
2026-05-09T03:00:00Z,124.18598022588206,126.4525
2026-05-09T04:00:00Z,126.29345428637617,127.5225
2026-05-09T05:00:00Z,115.66419673642987,118.67
2026-05-09T06:00:00Z,88.94464046358466,107.6725
2026-05-09T07:00:00Z,44.56633136105397,68.3075
2026-05-09T08:00:00Z,16.074649816321266,9.9275
2026-05-09T09:00:00Z,-19.122245763056384,-0.015
2026-05-09T10:00:00Z,-20.397363266045097,-0.0625
2026-05-09T11:00:00Z,-21.37479538996834,-0.09
2026-05-09T12:00:00Z,-8.17160335693795,-0.0125
2026-05-09T13:00:00Z,3.3533425130759884,0.0025
2026-05-09T14:00:00Z,29.71290182956898,27.715000000000003
2026-05-09T15:00:00Z,64.89544441410023,93.69
2026-05-09T16:00:00Z,111.08492977067174,123.19
2026-05-09T17:00:00Z,148.686144332516,138.5075
2026-05-09T18:00:00Z,165.2353082364703,146.965
2026-05-09T19:00:00Z,157.02686857345532,143.485
2026-05-09T20:00:00Z,137.06881892294996,136.3
2026-05-09T21:00:00Z,129.77915862647225,127.0875
2026-05-09T22:00:00Z,129.78803158982151,128.0925
2026-05-09T23:00:00Z,129.03693211260747,125.4475
2026-05-10T00:00:00Z,124.93480529890645,125.4325
2026-05-10T01:00:00Z,126.56016777283655,123.4825
2026-05-10T02:00:00Z,126.4341736909202,124.1975
2026-05-10T03:00:00Z,125.82489755152254,123.94
2026-05-10T04:00:00Z,120.73474412960178,115.14
2026-05-10T05:00:00Z,108.04869632622085,101.1675
2026-05-10T06:00:00Z,74.75992667225745,70.835
2026-05-10T07:00:00Z,15.836559427485092,11.18
2026-05-10T08:00:00Z,0.17874469334338272,0.0025
2026-05-10T09:00:00Z,-24.20101604655941,-0.6699999999999999
2026-05-10T10:00:00Z,-35.54108855849058,-1.88
2026-05-10T11:00:00Z,-44.81817704386214,-2.165
2026-05-10T12:00:00Z,-18.202281234270764,-1.4
2026-05-10T13:00:00Z,4.623040187636885,-0.255
2026-05-10T14:00:00Z,10.729663550380263,1.8825
2026-05-10T15:00:00Z,74.49107831846749,71.005
2026-05-10T16:00:00Z,109.6094658929453,110.9425
2026-05-10T17:00:00Z,136.68598763605002,122.0
2026-05-10T18:00:00Z,143.39728713017865,129.3175
2026-05-10T19:00:00Z,139.81703903677368,128.515
2026-05-10T20:00:00Z,136.23934520306767,124.14
2026-05-10T21:00:00Z,129.66828594651776,119.8375
2026-05-10T22:00:00Z,120.58294279007919,118.785
2026-05-10T23:00:00Z,122.84989449227807,112.335
2026-05-11T00:00:00Z,120.56793424403567,110.4275
2026-05-11T01:00:00Z,117.57684790706828,112.6575
2026-05-11T02:00:00Z,121.97590474607672,113.0925
2026-05-11T03:00:00Z,140.24673658560644,122.1375
2026-05-11T04:00:00Z,162.5079469092808,136.475
2026-05-11T05:00:00Z,172.0218902961929,154.0475
2026-05-11T06:00:00Z,165.50021189481123,150.0125
2026-05-11T07:00:00Z,134.9184734729091,136.79999999999998
2026-05-11T08:00:00Z,118.5724838987153,126.3075
2026-05-11T09:00:00Z,102.44913535691562,113.4325
2026-05-11T10:00:00Z,90.90959503779733,105.485
2026-05-11T11:00:00Z,76.03665977926352,98.78
2026-05-11T12:00:00Z,66.70372281402538,95.98
2026-05-11T13:00:00Z,66.39916001721042,96.2
2026-05-11T14:00:00Z,88.89333795386644,100.49
2026-05-11T15:00:00Z,103.73235396651577,116.3025
2026-05-11T16:00:00Z,113.63714253602164,122.98
2026-05-11T17:00:00Z,136.7632324335512,130.7175
2026-05-11T18:00:00Z,140.68196808752117,131.12
2026-05-11T19:00:00Z,122.14531575118826,127.8725
2026-05-11T20:00:00Z,107.22248911716514,120.765
2026-05-11T21:00:00Z,99.66874961691879,108.9525
2026-05-11T22:00:00Z,91.94382836656418,99.065
2026-05-11T23:00:00Z,85.48094910066384,95.275
2026-05-12T00:00:00Z,83.60122266034092,91.73
2026-05-12T01:00:00Z,83.08836235874406,89.8975
2026-05-12T02:00:00Z,88.71047176745611,91.375
2026-05-12T03:00:00Z,95.91174240999638,94.0025
2026-05-12T04:00:00Z,113.3370614267998,111.2625
2026-05-12T05:00:00Z,117.41004495072625,122.575
2026-05-12T06:00:00Z,101.00571834923707,112.145
2026-05-12T07:00:00Z,78.76474347000925,94.075
2026-05-12T08:00:00Z,60.31348853925282,79.5575
2026-05-12T09:00:00Z,55.79742784015356,63.535
2026-05-12T10:00:00Z,39.86439684733624,45.91
2026-05-12T11:00:00Z,30.86454070628955,27.33
2026-05-12T12:00:00Z,27.100052399376736,19.9725
2026-05-12T13:00:00Z,27.871698100068247,44.760000000000005
2026-05-12T14:00:00Z,34.852369611176435,74.405
2026-05-12T15:00:00Z,70.6107455289914,96.0
2026-05-12T16:00:00Z,109.6028721599631,114.88
2026-05-12T17:00:00Z,138.5625439053619,136.2775
2026-05-12T18:00:00Z,153.92003996476427,142.985
2026-05-12T19:00:00Z,145.14020681263372,142.7425
2026-05-12T20:00:00Z,137.10929815310323,131.225
2026-05-12T21:00:00Z,121.37409005394157,118.345
2026-05-12T22:00:00Z,112.66266510362037,114.33
2026-05-12T23:00:00Z,100.08353273836596,106.2175
2026-05-13T00:00:00Z,102.5319552203535,104.3575
2026-05-13T01:00:00Z,101.63541284043545,107.435
2026-05-13T02:00:00Z,106.95675218339552,111.195
2026-05-13T03:00:00Z,114.53823638320966,120.0
2026-05-13T04:00:00Z,132.3513174360108,137.1825
2026-05-13T05:00:00Z,142.71425282933535,141.1225
2026-05-13T06:00:00Z,125.72222480306223,126.7
2026-05-13T07:00:00Z,102.88084880922736,102.525
2026-05-13T08:00:00Z,72.44956052993246,86.44
2026-05-13T09:00:00Z,61.90932222382929,83.7775
2026-05-13T10:00:00Z,55.826157370504255,74.10249999999999
2026-05-13T11:00:00Z,50.963698618916055,71.77250000000001
2026-05-13T12:00:00Z,52.267108375484554,70.2025
2026-05-13T13:00:00Z,59.5524043854295,82.2675
2026-05-13T14:00:00Z,88.91142944526456,92.375
2026-05-13T15:00:00Z,112.41815736632189,112.6025
2026-05-13T16:00:00Z,137.4764298405248,132.355
2026-05-13T17:00:00Z,154.16589782009095,151.4925
2026-05-13T18:00:00Z,167.53036588827956,171.26749999999998
2026-05-13T19:00:00Z,157.40272207114003,160.04500000000002
2026-05-13T20:00:00Z,143.3752075311575,142.20499999999998
2026-05-13T21:00:00Z,133.40939296182341,123.095
2026-05-13T22:00:00Z,120.16506955807846,130.54
2026-05-13T23:00:00Z,115.8298592961016,121.75
2026-05-14T00:00:00Z,114.64583846850033,119.225
2026-05-14T01:00:00Z,112.22232977026346,115.6375
2026-05-14T02:00:00Z,111.01949348943737,112.9175
2026-05-14T03:00:00Z,112.37870525249419,112.045
2026-05-14T04:00:00Z,111.95160048186692,111.405
2026-05-14T05:00:00Z,98.37925474367354,108.09
2026-05-14T06:00:00Z,80.81592222460601,99.2575
2026-05-14T07:00:00Z,65.12060222557781,85.15
2026-05-14T08:00:00Z,39.56493096687781,58.6425
2026-05-14T09:00:00Z,27.00967919939695,35.5675
2026-05-14T10:00:00Z,21.462674514422687,16.055
2026-05-14T11:00:00Z,14.36329803135592,7.5525
2026-05-14T12:00:00Z,15.526740030035489,4.6025
2026-05-14T13:00:00Z,18.333066997787846,17.8475
2026-05-14T14:00:00Z,32.59611869663881,66.9125
2026-05-14T15:00:00Z,89.62084290024654,94.76
2026-05-14T16:00:00Z,116.49400313838869,126.0
2026-05-14T17:00:00Z,147.0896013080034,142.5825
2026-05-14T18:00:00Z,170.14256253316955,150.4475
2026-05-14T19:00:00Z,165.94576346262988,152.2025
2026-05-14T20:00:00Z,149.24776790051726,150.91
2026-05-14T21:00:00Z,143.6881510081488,136.32
2026-05-14T22:00:00Z,144.7616804423501,137.9725
2026-05-14T23:00:00Z,139.15789832707537,131.3725
2026-05-15T00:00:00Z,132.61509761731665,126.3125
2026-05-15T01:00:00Z,128.22613216514603,121.9375
2026-05-15T02:00:00Z,129.65165470376263,123.7125
2026-05-15T03:00:00Z,138.69564876723342,127.16
2026-05-15T04:00:00Z,142.81044324746495,136.1
2026-05-15T05:00:00Z,140.7040830635164,132.515
2026-05-15T06:00:00Z,127.3498829786129,123.995
2026-05-15T07:00:00Z,98.68400081540065,104.54
2026-05-15T08:00:00Z,72.4148108082982,81.7825
2026-05-15T09:00:00Z,44.26284899174276,66.8175
2026-05-15T10:00:00Z,28.873257288784153,54.3025
2026-05-15T11:00:00Z,23.954620428634577,40.3225
2026-05-15T12:00:00Z,23.936333431836452,40.1475
2026-05-15T13:00:00Z,32.086657843189506,51.0025
2026-05-15T14:00:00Z,66.22766582387824,77.32
2026-05-15T15:00:00Z,100.9093641012114,105.0475
2026-05-15T16:00:00Z,124.81352218826767,125.0425
2026-05-15T17:00:00Z,144.98605834550705,143.31
2026-05-15T18:00:00Z,151.85449682621595,153.455
2026-05-15T19:00:00Z,151.2548720321813,151.14499999999998
2026-05-15T20:00:00Z,147.09034894440407,144.685
2026-05-15T21:00:00Z,136.5264281333998,135.5125
2026-05-15T22:00:00Z,126.08263391105838,130.0
2026-05-15T23:00:00Z,123.32125757870332,121.7875
2026-05-16T00:00:00Z,118.50333334068486,117.5625
2026-05-16T01:00:00Z,113.01489584822819,116.0025
2026-05-16T02:00:00Z,111.36248542111522,114.02
2026-05-16T03:00:00Z,110.69182423365923,109.3425
2026-05-16T04:00:00Z,103.43218098414215,105.7075
2026-05-16T05:00:00Z,95.60501389524045,100.045
2026-05-16T06:00:00Z,73.0942047464588,86.9525
2026-05-16T07:00:00Z,41.26135561475215,43.9525
2026-05-16T08:00:00Z,26.285622095706128,4.2025
2026-05-16T09:00:00Z,19.050716777000503,-0.03
2026-05-16T10:00:00Z,11.720034266874952,-1.195
2026-05-16T11:00:00Z,6.1128824876996255,-2.2
2026-05-16T12:00:00Z,3.17432619516806,-1.9325
2026-05-16T13:00:00Z,5.420720971753131,-0.9975
2026-05-16T14:00:00Z,15.133558451867312,4.779999999999999
2026-05-16T15:00:00Z,30.976957789952724,60.0925
2026-05-16T16:00:00Z,90.96846919517455,100.2225
2026-05-16T17:00:00Z,129.73781121782596,126.47
2026-05-16T18:00:00Z,152.1724532172027,139.9975
2026-05-16T19:00:00Z,156.3121079133789,140.6875
2026-05-16T20:00:00Z,148.97495716927494,135.99
2026-05-16T21:00:00Z,139.7338595323937,127.7
2026-05-16T22:00:00Z,132.98866301169946,127.7175
2026-05-16T23:00:00Z,124.11706889359404,119.0625
2026-05-17T00:00:00Z,122.4038719472025,115.565
2026-05-17T01:00:00Z,120.95797459667195,113.8975
2026-05-17T02:00:00Z,118.92434279533248,109.17
2026-05-17T03:00:00Z,120.57954199497493,105.445
2026-05-17T04:00:00Z,112.3987258298032,98.7925
2026-05-17T05:00:00Z,95.8115785031442,80.795
2026-05-17T06:00:00Z,54.232382551651185,53.8425
2026-05-17T07:00:00Z,22.699774294020525,18.97
2026-05-17T08:00:00Z,14.410298627917282,3.49
2026-05-17T09:00:00Z,8.167751428908865,0.56
2026-05-17T10:00:00Z,7.075409717914391,0.8225
2026-05-17T11:00:00Z,2.9790619154647118,0.0
2026-05-17T12:00:00Z,6.820861510620156,0.98
2026-05-17T13:00:00Z,14.229369326363788,11.31
2026-05-17T14:00:00Z,31.39194502082234,52.4375
2026-05-17T15:00:00Z,82.64776471967147,100.315
2026-05-17T16:00:00Z,124.90245845978589,129.3875
2026-05-17T17:00:00Z,145.68419226037645,143.0675
2026-05-17T18:00:00Z,163.78060951734744,155.8
2026-05-17T19:00:00Z,165.97622350895347,156.70499999999998
2026-05-17T20:00:00Z,155.15620018320277,151.3675
2026-05-17T21:00:00Z,143.48566440014082,142.575
2026-05-17T22:00:00Z,135.8632535064728,134.6575
2026-05-17T23:00:00Z,133.67622801799556,125.9725
2026-05-18T00:00:00Z,129.71949859321785,125.9975
2026-05-18T01:00:00Z,132.2258925403333,126.3925
2026-05-18T02:00:00Z,134.92184360475466,129.36
2026-05-18T03:00:00Z,143.53687506521857,137.0225
2026-05-18T04:00:00Z,156.44577852762126,152.51749999999998
2026-05-18T05:00:00Z,162.42781394416272,160.075
2026-05-18T06:00:00Z,147.95560163819096,152.105
2026-05-18T07:00:00Z,116.30875318482563,125.88
2026-05-18T08:00:00Z,91.85236408513718,107.85
2026-05-18T09:00:00Z,78.31632907607258,100.0525
2026-05-18T10:00:00Z,69.4440021936866,94.895
2026-05-18T11:00:00Z,66.1967892576825,94.9775
2026-05-18T12:00:00Z,70.413722280136,96.77
2026-05-18T13:00:00Z,84.53483485783924,102.405
2026-05-18T14:00:00Z,103.41617606736988,113.965
2026-05-18T15:00:00Z,132.04992457787543,134.065
2026-05-18T16:00:00Z,142.15729680596104,152.1375
2026-05-18T17:00:00Z,171.47084305593665,192.8525
2026-05-18T18:00:00Z,196.48156874797616,250.8975
2026-05-18T19:00:00Z,181.0627646084917,214.3375
2026-05-18T20:00:00Z,157.7225830083682,160.6475
2026-05-18T21:00:00Z,149.65260931093889,148.89499999999998
2026-05-18T22:00:00Z,145.78218555169263,148.2525
2026-05-18T23:00:00Z,143.02359629709423,141.9425
2026-05-19T00:00:00Z,141.7155972627856,139.3225
2026-05-19T01:00:00Z,140.6817640230771,138.54000000000002
2026-05-19T02:00:00Z,139.82269434466917,141.5675
2026-05-19T03:00:00Z,148.7705758248298,146.92000000000002
2026-05-19T04:00:00Z,157.72030925635357,164.46
2026-05-19T05:00:00Z,152.2383945868674,153.7725
2026-05-19T06:00:00Z,140.78978998354762,131.855
2026-05-19T07:00:00Z,112.97206631696602,108.7425
2026-05-19T08:00:00Z,78.7762693141197,94.265
2026-05-19T09:00:00Z,70.63051495819653,82.08500000000001
2026-05-19T10:00:00Z,63.46500074805075,73.145
2026-05-19T11:00:00Z,59.32883202089574,73.7375
2026-05-19T12:00:00Z,63.00365489058522,79.81
2026-05-19T13:00:00Z,83.85554630209789,87.57
2026-05-19T14:00:00Z,104.11918325147573,102.25
2026-05-19T15:00:00Z,128.05974228643313,127.2925
2026-05-19T16:00:00Z,143.2700433615193,144.95
2026-05-19T17:00:00Z,168.41570124326074,172.485
2026-05-19T18:00:00Z,186.25314030334556,180.9025
2026-05-19T19:00:00Z,165.488389414905,163.63
2026-05-19T20:00:00Z,142.4943519173384,145.545
2026-05-19T21:00:00Z,135.8218576250063,131.8025
2026-05-19T22:00:00Z,125.16102689251969,123.73
2026-05-19T23:00:00Z,121.03551222935626,114.635
2026-05-20T00:00:00Z,118.36763652155341,109.7525
2026-05-20T01:00:00Z,116.13898787579055,109.9725
2026-05-20T02:00:00Z,116.19956448745633,110.41
2026-05-20T03:00:00Z,125.10988688484908,119.05
2026-05-20T04:00:00Z,141.39101984070453,134.9875
2026-05-20T05:00:00Z,148.1232448122028,136.975
2026-05-20T06:00:00Z,139.1108904800578,125.5125
2026-05-20T07:00:00Z,120.20334215422605,109.06
2026-05-20T08:00:00Z,102.61326141291006,89.7
2026-05-20T09:00:00Z,89.68297916434591,75.46249999999999
2026-05-20T10:00:00Z,68.94823667583748,64.005
2026-05-20T11:00:00Z,57.39189226110084,44.9975
2026-05-20T12:00:00Z,51.68742314931628,33.5125
2026-05-20T13:00:00Z,53.62063821648119,45.66
2026-05-20T14:00:00Z,77.1124970508016,65.01
2026-05-20T15:00:00Z,104.09893240190499,99.3975
2026-05-20T16:00:00Z,131.2598366506307,130.2125
2026-05-20T17:00:00Z,154.24487768152903,149.5675
2026-05-20T18:00:00Z,183.3820418267228,167.9225
2026-05-20T19:00:00Z,169.43415846527807,165.0
2026-05-20T20:00:00Z,149.78131157339465,150.02
2026-05-20T21:00:00Z,139.9986786491623,139.0025
2026-05-20T22:00:00Z,125.30820270322074,133.0275
2026-05-20T23:00:00Z,120.14901669055065,121.66
2026-05-21T00:00:00Z,116.87127191860873,116.0225
2026-05-21T01:00:00Z,114.8272835568823,113.55
2026-05-21T02:00:00Z,118.4430753430588,116.01
2026-05-21T03:00:00Z,129.31809218726426,128.405
2026-05-21T04:00:00Z,141.553270630509,142.815
2026-05-21T05:00:00Z,141.9080326283256,143.6175
2026-05-21T06:00:00Z,125.82264906740703,131.3875
2026-05-21T07:00:00Z,101.26579401684164,104.14
2026-05-21T08:00:00Z,72.14346299786735,81.1975
2026-05-21T09:00:00Z,48.201598731321866,42.752500000000005
2026-05-21T10:00:00Z,35.20163165582406,12.1375
2026-05-21T11:00:00Z,21.846759947539134,7.369999999999999
2026-05-21T12:00:00Z,21.417935766535965,8.8125
2026-05-21T13:00:00Z,33.71957677982666,35.2
2026-05-21T14:00:00Z,64.72370736392838,71.7075
2026-05-21T15:00:00Z,109.99957827909621,104.995
2026-05-21T16:00:00Z,131.36198082972777,135.8875
2026-05-21T17:00:00Z,156.11194871746557,163.35500000000002
2026-05-21T18:00:00Z,189.9592852685759,204.695
2026-05-21T19:00:00Z,177.84590259844504,188.4175
2026-05-21T20:00:00Z,161.80193028010842,166.035
2026-05-21T21:00:00Z,149.5200151414976,146.39249999999998
2026-05-21T22:00:00Z,149.3526882490641,144.315
2026-05-21T23:00:00Z,149.8818712038871,136.9
2026-05-22T00:00:00Z,146.24600658086786,131.6375
2026-05-22T01:00:00Z,142.65692575219038,128.95000000000002
2026-05-22T02:00:00Z,146.163896562001,131.4975
2026-05-22T03:00:00Z,150.92204422851262,135.7175
2026-05-22T04:00:00Z,149.49407704148052,144.35500000000002
2026-05-22T05:00:00Z,137.89668266897877,138.1775
2026-05-22T06:00:00Z,123.74510970959297,123.135
2026-05-22T07:00:00Z,79.82315241272732,91.8825
2026-05-22T08:00:00Z,39.44932912332465,42.48
2026-05-22T09:00:00Z,12.726469105766732,3.94
2026-05-22T10:00:00Z,-6.756296089144456,0.005
2026-05-22T11:00:00Z,-10.158596163401498,0.0
2026-05-22T12:00:00Z,-9.238309091385176,1.0
2026-05-22T13:00:00Z,18.48935813139159,20.305
2026-05-22T14:00:00Z,44.11845435456274,70.24
2026-05-22T15:00:00Z,103.91130840013854,104.195
2026-05-22T16:00:00Z,136.95123966609006,134.95
2026-05-22T17:00:00Z,171.6122778761278,161.2225
2026-05-22T18:00:00Z,231.8676374565382,218.4275
2026-05-22T19:00:00Z,204.66925532599004,193.6625
2026-05-22T20:00:00Z,166.49396556613056,154.635
2026-05-22T21:00:00Z,151.65245912207945,140.735
2026-05-22T22:00:00Z,143.39403129376126,136.76
2026-05-22T23:00:00Z,138.68566507127156,130.0
2026-05-23T00:00:00Z,135.11373326111982,125.8675
2026-05-23T01:00:00Z,124.74706708419752,125.3675
2026-05-23T02:00:00Z,122.26741620360453,121.7325
2026-05-23T03:00:00Z,121.78190616635797,119.26
2026-05-23T04:00:00Z,116.38890527056189,116.3675
2026-05-23T05:00:00Z,97.93320597650701,97.085
2026-05-23T06:00:00Z,53.55113068266026,49.8625
2026-05-23T07:00:00Z,27.614405429427507,1.6
2026-05-23T08:00:00Z,4.093704606737939,-0.3325
2026-05-23T09:00:00Z,-4.121649386013402,-3.9
2026-05-23T10:00:00Z,-9.189738038212404,-12.392499999999998
2026-05-23T11:00:00Z,-15.250797266726082,-31.8175
2026-05-23T12:00:00Z,-14.605280715524302,-18.42
2026-05-23T13:00:00Z,-4.015568741993313,-4.0
2026-05-23T14:00:00Z,7.194845910718969,-0.2875
2026-05-23T15:00:00Z,65.06640860331265,44.4475
2026-05-23T16:00:00Z,116.55267291649167,120.7625
2026-05-23T17:00:00Z,150.64778666701955,149.6575
2026-05-23T18:00:00Z,182.56555896624195,174.52
2026-05-23T19:00:00Z,166.25563018222988,171.065
2026-05-23T20:00:00Z,151.3980040927089,156.915
2026-05-23T21:00:00Z,143.38506967975718,144.6525
2026-05-23T22:00:00Z,140.54631993070763,143.8025
2026-05-23T23:00:00Z,136.76665516915756,133.3775
2026-05-24T00:00:00Z,129.4697513095526,136.885
2026-05-24T01:00:00Z,128.5597073700182,125.44
2026-05-24T02:00:00Z,126.42549756675645,122.89
2026-05-24T03:00:00Z,124.98825571835765,117.7225
2026-05-24T04:00:00Z,117.94771186412335,108.795
2026-05-24T05:00:00Z,105.01514577545484,88.4625
2026-05-24T06:00:00Z,39.018274589885735,16.3675
2026-05-24T07:00:00Z,14.994823818465171,-0.0275
2026-05-24T08:00:00Z,-27.67407960440557,-2.5025
2026-05-24T09:00:00Z,-41.27719892485288,-13.8325
2026-05-24T10:00:00Z,-52.25998251613319,-37.6125
2026-05-24T11:00:00Z,-71.10760178756142,-75.9375
2026-05-24T12:00:00Z,-68.57055919059539,-61.7525
2026-05-24T13:00:00Z,-58.68533233055692,-23.4925
2026-05-24T14:00:00Z,-30.65878395719419,-1.9575
2026-05-24T15:00:00Z,25.251764543703146,14.375
2026-05-24T16:00:00Z,104.23573608635276,96.3775
2026-05-24T17:00:00Z,136.37011924999376,133.2175
2026-05-24T18:00:00Z,168.65716606231,151.0175
2026-05-24T19:00:00Z,168.79088119908062,153.2275
2026-05-24T20:00:00Z,155.55371484408732,144.42000000000002
2026-05-24T21:00:00Z,149.48495267796318,132.1
2026-05-24T22:00:00Z,140.46577582369338,130.8675
2026-05-24T23:00:00Z,132.6656729359286,125.9825
2026-05-25T00:00:00Z,129.49826642312595,125.24
2026-05-25T01:00:00Z,131.23812596770523,126.0125
2026-05-25T02:00:00Z,134.1346008490833,129.3125
2026-05-25T03:00:00Z,134.19083470974317,131.995
2026-05-25T04:00:00Z,116.97740808606324,130.195
2026-05-25T05:00:00Z,103.69984413746067,117.8775
2026-05-25T06:00:00Z,41.96180226191879,77.68
2026-05-25T07:00:00Z,13.254760720057515,5.0
2026-05-25T08:00:00Z,-15.592576747929048,-0.1674999999999999
2026-05-25T09:00:00Z,-21.057991173129892,-5.2625
2026-05-25T10:00:00Z,-34.690958395299354,-12.7125
2026-05-25T11:00:00Z,-38.98148513823906,-29.295
2026-05-25T12:00:00Z,-40.75015967165472,-27.1825
2026-05-25T13:00:00Z,-28.99137698647148,-10.05
2026-05-25T14:00:00Z,-11.720951063722989,-2.915
2026-05-25T15:00:00Z,27.628449475254648,31.95
2026-05-25T16:00:00Z,94.90033910943438,118.8225
2026-05-25T17:00:00Z,131.88017241472147,150.575
2026-05-25T18:00:00Z,170.077247566158,172.185
2026-05-25T19:00:00Z,168.42138501531974,170.25
2026-05-25T20:00:00Z,154.41932177487894,157.33249999999998
2026-05-25T21:00:00Z,137.57021327210077,141.025
2026-05-25T22:00:00Z,131.05723930435454,136.36
2026-05-25T23:00:00Z,123.93718058697152,125.6475
2026-05-26T00:00:00Z,121.31708510258312,120.645
2026-05-26T01:00:00Z,119.94075392207645,121.18
2026-05-26T02:00:00Z,126.17554215255346,119.53
2026-05-26T03:00:00Z,132.05670759826964,128.91
2026-05-26T04:00:00Z,138.83824693591242,143.105
2026-05-26T05:00:00Z,133.156520497438,141.54
2026-05-26T06:00:00Z,101.74038236770497,122.045
2026-05-26T07:00:00Z,33.44041129389004,78.8
2026-05-26T08:00:00Z,18.69304974742967,6.52
2026-05-26T09:00:00Z,2.5707599667953502,-0.0075
2026-05-26T10:00:00Z,-14.333539246641951,-1.825
2026-05-26T11:00:00Z,-19.795172302864444,-2.5
2026-05-26T12:00:00Z,-17.858704213576512,-0.835
2026-05-26T13:00:00Z,-8.066241607773954,-0.015
2026-05-26T14:00:00Z,16.527998317583723,13.115
2026-05-26T15:00:00Z,50.77466078466203,89.685
2026-05-26T16:00:00Z,116.11567622285864,134.7875
2026-05-26T17:00:00Z,151.74183850017994,185.1025
2026-05-26T18:00:00Z,172.63859898587145,217.9475
2026-05-26T19:00:00Z,163.09714589745187,184.785
2026-05-26T20:00:00Z,141.45352079250603,153.775
2026-05-26T21:00:00Z,132.62692998000756,130.5325
2026-05-26T22:00:00Z,122.23177894848656,134.7875
2026-05-26T23:00:00Z,117.59379431268886,127.5175
2026-05-27T00:00:00Z,115.16521278785073,120.5425
2026-05-27T01:00:00Z,112.15629804699407,118.87
2026-05-27T02:00:00Z,111.30192861680412,119.0475
2026-05-27T03:00:00Z,116.2665335149284,121.235
2026-05-27T04:00:00Z,119.18993431398428,134.2
2026-05-27T05:00:00Z,115.47332662212486,131.1
2026-05-27T06:00:00Z,96.95627562808914,106.4525
2026-05-27T07:00:00Z,36.98243789247893,48.235
2026-05-27T08:00:00Z,14.486273704149994,3.425
2026-05-27T09:00:00Z,-12.840504679132557,-0.27
2026-05-27T10:00:00Z,-37.351970744240845,-1.05
2026-05-27T11:00:00Z,-44.98175375460068,-1.635
2026-05-27T12:00:00Z,-39.98501435491288,-1.645
2026-05-27T13:00:00Z,-21.029488081601905,-1.7025
2026-05-27T14:00:00Z,10.624767864625333,-0.4225
2026-05-27T15:00:00Z,30.54762042713607,32.2075
2026-05-27T16:00:00Z,99.81032987083563,97.8475
2026-05-27T17:00:00Z,135.57288730398147,136.51749999999998
2026-05-27T18:00:00Z,160.94896130651006,156.6775
2026-05-27T19:00:00Z,156.61383496865528,157.53
2026-05-27T20:00:00Z,137.8649253818445,144.16
2026-05-27T21:00:00Z,130.28254613236822,133.45499999999998
2026-05-27T22:00:00Z,128.73826154291868,132.945
2026-05-27T23:00:00Z,130.71910650606296,129.5375
2026-05-28T00:00:00Z,130.0303932945716,127.2375
2026-05-28T01:00:00Z,129.3507573851715,127.3625
2026-05-28T02:00:00Z,128.7025986213462,130.09
2026-05-28T03:00:00Z,138.36815595799544,135.5025
2026-05-28T04:00:00Z,142.55748401871585,148.4525
2026-05-28T05:00:00Z,136.398070520104,138.155
2026-05-28T06:00:00Z,116.43289457143686,123.4025
2026-05-28T07:00:00Z,47.92051699772109,87.5425
2026-05-28T08:00:00Z,2.4631000770999307,19.3075
2026-05-28T09:00:00Z,-24.681102998811085,0.5675
2026-05-28T10:00:00Z,-34.36716090299829,0.0024999999999999
2026-05-28T11:00:00Z,-38.10709905028853,-0.0125
2026-05-28T12:00:00Z,-40.82096194501561,0.0
2026-05-28T13:00:00Z,-30.441583014026364,1.2975
2026-05-28T14:00:00Z,7.955478913007753,39.645
2026-05-28T15:00:00Z,57.46087077817297,101.2575
2026-05-28T16:00:00Z,122.34697220668009,138.25
2026-05-28T17:00:00Z,159.3633827510513,217.6025
2026-05-28T18:00:00Z,200.75849010318512,393.935
2026-05-28T19:00:00Z,208.3297160681961,368.0175
2026-05-28T20:00:00Z,178.59140742099976,215.75
2026-05-28T21:00:00Z,165.49142531881444,159.7975
2026-05-28T22:00:00Z,160.96329331637975,144.4425
2026-05-28T23:00:00Z,160.23729288978194,133.9275
2026-05-29T00:00:00Z,156.38856353994663,127.975
2026-05-29T01:00:00Z,150.60526430958532,126.1925
2026-05-29T02:00:00Z,147.55929568344635,125.2775
2026-05-29T03:00:00Z,150.78499410417356,125.495
2026-05-29T04:00:00Z,149.4396710912332,131.885
2026-05-29T05:00:00Z,137.26221861279475,125.995
2026-05-29T06:00:00Z,109.47187843585121,113.565
2026-05-29T07:00:00Z,45.902131379834294,71.9075
2026-05-29T08:00:00Z,15.996494782409101,17.0275
2026-05-29T09:00:00Z,0.029792394761710028,0.29
2026-05-29T10:00:00Z,-10.47715948390557,-0.055
2026-05-29T11:00:00Z,-13.15568131933949,-0.0349999999999999
2026-05-29T12:00:00Z,-17.18424171887191,0.0
2026-05-29T13:00:00Z,0.26277794765135454,9.41
2026-05-29T14:00:00Z,21.043557763210977,51.61
2026-05-29T15:00:00Z,89.32108913995388,103.4075
2026-05-29T16:00:00Z,139.1429493437172,136.985
2026-05-29T17:00:00Z,182.87752679133763,174.9475
2026-05-29T18:00:00Z,198.95882050855283,240.61
2026-05-29T19:00:00Z,184.28301071554057,201.405
2026-05-29T20:00:00Z,149.91065511063135,161.70000000000002
2026-05-29T21:00:00Z,134.7570197695364,145.1925
2026-05-29T22:00:00Z,128.18637118670296,135.515
2026-05-29T23:00:00Z,125.62319627236457,128.45
2026-05-30T00:00:00Z,120.1965429832739,123.7725
2026-05-30T01:00:00Z,119.00284842534519,121.085
2026-05-30T02:00:00Z,116.29381653738798,125.3575
2026-05-30T03:00:00Z,118.41201117545538,125.045
2026-05-30T04:00:00Z,114.74719525491368,118.9925
2026-05-30T05:00:00Z,108.84069266357027,109.095
2026-05-30T06:00:00Z,76.92536771917402,88.8675
2026-05-30T07:00:00Z,18.73019932915243,36.682500000000005
2026-05-30T08:00:00Z,6.822006235504117,2.96
2026-05-30T09:00:00Z,-15.705692984314908,-0.005
2026-05-30T10:00:00Z,-34.84634360100586,-0.0525
2026-05-30T11:00:00Z,-51.695475670700134,-1.4425
2026-05-30T12:00:00Z,-53.58299204138143,-0.7475
2026-05-30T13:00:00Z,-24.83002165624447,-0.01
2026-05-30T14:00:00Z,6.602323021530639,3.0075
2026-05-30T15:00:00Z,32.06299044939726,62.5
2026-05-30T16:00:00Z,96.77257621237995,107.0075
2026-05-30T17:00:00Z,138.05296203984733,139.8725
2026-05-30T18:00:00Z,182.68821289675338,160.52499999999998
2026-05-30T19:00:00Z,185.0729490242615,171.845
2026-05-30T20:00:00Z,152.65220116330056,159.4025
2026-05-30T21:00:00Z,140.19867945120077,143.04000000000002
2026-05-30T22:00:00Z,139.3317917203761,136.4125
2026-05-30T23:00:00Z,137.9360760637323,129.10500000000002
2026-05-31T00:00:00Z,135.99863857505017,125.915
2026-05-31T01:00:00Z,132.36727494884275,125.1975
2026-05-31T02:00:00Z,133.68393422459908,126.95
2026-05-31T03:00:00Z,134.3203366498206,123.3575
2026-05-31T04:00:00Z,122.3620176072466,115.0025
2026-05-31T05:00:00Z,104.32804211728622,100.56
2026-05-31T06:00:00Z,84.7200012474354,90.4375
2026-05-31T07:00:00Z,32.4972938147585,56.29
2026-05-31T08:00:00Z,12.146753093462152,7.5675
2026-05-31T09:00:00Z,5.962046967724239,0.0
2026-05-31T10:00:00Z,-0.46010012476656037,-0.005
2026-05-31T11:00:00Z,-9.72168959955414,-0.01
2026-05-31T12:00:00Z,-3.233711132299394,-0.01
2026-05-31T13:00:00Z,5.176098521175781,0.0
2026-05-31T14:00:00Z,18.84716817733273,49.002500000000005
2026-05-31T15:00:00Z,72.3724295474922,95.925
2026-05-31T16:00:00Z,115.5245853298267,127.265
2026-05-31T17:00:00Z,141.96005223107494,141.37
2026-05-31T18:00:00Z,162.52788646552466,152.7625
2026-05-31T19:00:00Z,163.06479546080107,156.035
2026-05-31T20:00:00Z,148.71851123209296,153.1275
2026-05-31T21:00:00Z,135.7273603770571,145.3475
2026-05-31T22:00:00Z,130.7627777946407,141.0075
2026-05-31T23:00:00Z,127.78219443802759,128.255
2026-06-01T00:00:00Z,125.8347868004077,123.1375
2026-06-01T01:00:00Z,126.69850072637782,120.295
2026-06-01T02:00:00Z,130.26904183951794,124.4875
2026-06-01T03:00:00Z,142.2070121202517,135.0925
2026-06-01T04:00:00Z,149.83596483603958,164.03
2026-06-01T05:00:00Z,148.27387194595576,160.0
2026-06-01T06:00:00Z,130.8072103429513,151.715
2026-06-01T07:00:00Z,100.89896410806841,133.2
2026-06-01T08:00:00Z,66.93347983206874,117.66
2026-06-01T09:00:00Z,33.39937179103462,108.1425
2026-06-01T10:00:00Z,21.127846721847504,93.0825
2026-06-01T11:00:00Z,23.30378566797772,89.9075
2026-06-01T12:00:00Z,25.45306768848841,87.44749999999999
2026-06-01T13:00:00Z,39.585970479152365,95.0975
2026-06-01T14:00:00Z,74.55345009281103,106.735
2026-06-01T15:00:00Z,116.00214071282736,125.2425
2026-06-01T16:00:00Z,135.33040882999416,141.4575
2026-06-01T17:00:00Z,180.3837807410933,226.6125
2026-06-01T18:00:00Z,226.79366785703132,355.2525
2026-06-01T19:00:00Z,206.04113109183083,333.3675
2026-06-01T20:00:00Z,173.95271798726168,222.5025
2026-06-01T21:00:00Z,146.51218823461568,161.025
2026-06-01T22:00:00Z,138.8275588114574,142.065
2026-06-01T23:00:00Z,131.62583878455467,131.7225
2026-06-02T00:00:00Z,126.89407085432146,125.085
2026-06-02T01:00:00Z,125.05790130414844,120.915
2026-06-02T02:00:00Z,124.29647960307398,120.6275
2026-06-02T03:00:00Z,134.925349015277,124.215
2026-06-02T04:00:00Z,139.4908542590013,131.0275
2026-06-02T05:00:00Z,135.51465642237565,131.79500000000002
2026-06-02T06:00:00Z,119.62154874018074,121.0825
2026-06-02T07:00:00Z,95.25333479783994,105.41
2026-06-02T08:00:00Z,78.11487511852467,90.515
2026-06-02T09:00:00Z,54.53654160262802,84.69999999999999
2026-06-02T10:00:00Z,45.194786734242896,80.2925
2026-06-02T11:00:00Z,47.669428506396414,84.9575
2026-06-02T12:00:00Z,50.401023176774935,90.7825
2026-06-02T13:00:00Z,78.90434977045142,99.7375
2026-06-02T14:00:00Z,103.7304069265354,112.2475
2026-06-02T15:00:00Z,128.48250626947134,131.1375
2026-06-02T16:00:00Z,144.230193930106,146.97750000000002
2026-06-02T17:00:00Z,176.36004417056694,167.9375
2026-06-02T18:00:00Z,195.4168717789072,167.2725
2026-06-02T19:00:00Z,178.3702554335796,152.325
2026-06-02T20:00:00Z,160.41530003272885,140.435
2026-06-02T21:00:00Z,132.5097678508319,125.2375
2026-06-02T22:00:00Z,116.28203691445354,116.3
2026-06-02T23:00:00Z,111.77217452268626,111.895
2026-06-03T00:00:00Z,111.70605847864063,108.0175
2026-06-03T01:00:00Z,112.09133141828691,107.3
2026-06-03T02:00:00Z,112.87567788097145,107.19
2026-06-03T03:00:00Z,119.02485642374339,113.275
2026-06-03T04:00:00Z,133.57885512325635,130.7375
2026-06-03T05:00:00Z,139.68935051914804,136.82999999999998
2026-06-03T06:00:00Z,120.70056665120417,131.0775
2026-06-03T07:00:00Z,92.55298086159121,112.1475
2026-06-03T08:00:00Z,73.24579174562675,94.0925
2026-06-03T09:00:00Z,50.11750718203735,80.2475
2026-06-03T10:00:00Z,34.68208363492377,58.17
2026-06-03T11:00:00Z,32.14332721658219,37.8325
2026-06-03T12:00:00Z,29.623395072480015,38.0425
2026-06-03T13:00:00Z,35.42705963667119,47.1
2026-06-03T14:00:00Z,58.63556422396822,76.9
2026-06-03T15:00:00Z,88.07630497053783,95.5325
2026-06-03T16:00:00Z,116.64875422456466,122.1875
2026-06-03T17:00:00Z,143.4782634601895,138.3675
2026-06-03T18:00:00Z,160.54453816375923,146.2375
2026-06-03T19:00:00Z,148.71698631247955,133.42000000000002
2026-06-03T20:00:00Z,119.02662726919345,120.9525
2026-06-03T21:00:00Z,101.1048520234705,99.4075
2026-06-03T22:00:00Z,71.08860588744292,86.205
2026-06-03T23:00:00Z,59.20498095523881,75.4875
2026-06-04T00:00:00Z,50.38092789767381,66.92
2026-06-04T01:00:00Z,40.23667582394731,67.4725
2026-06-04T02:00:00Z,45.12475546293227,68.2925
2026-06-04T03:00:00Z,50.70425530798522,71.185
2026-06-04T04:00:00Z,52.46268379369582,73.97
2026-06-04T05:00:00Z,45.53730601615777,87.08
2026-06-04T06:00:00Z,36.025050173105285,75.62
2026-06-04T07:00:00Z,30.07717870267529,34.125
2026-06-04T08:00:00Z,31.440247124453037,4.79
2026-06-04T09:00:00Z,22.665008775881727,-0.0025
2026-06-04T10:00:00Z,14.859479737629414,-0.025
2026-06-04T11:00:00Z,15.622854308113906,-0.0475
2026-06-04T12:00:00Z,14.696433306939946,-0.035
2026-06-04T13:00:00Z,15.006319256570661,1.6175
2026-06-04T14:00:00Z,23.25898313967606,28.6375
2026-06-04T15:00:00Z,40.79201616242586,70.1525
2026-06-04T16:00:00Z,83.06987588267067,101.5025
2026-06-04T17:00:00Z,104.64204978724513,114.165
2026-06-04T18:00:00Z,109.03478458220688,117.9625
2026-06-04T19:00:00Z,109.62959708869518,115.3725
2026-06-04T20:00:00Z,103.47131446922299,111.69
2026-06-04T21:00:00Z,99.28453052663191,100.05
2026-06-04T22:00:00Z,84.12198449431453,80.695
2026-06-04T23:00:00Z,85.05343390320367,79.44749999999999
2026-06-05T00:00:00Z,83.48466972744974,83.44749999999999
2026-06-05T01:00:00Z,83.31975550579524,85.025
2026-06-05T02:00:00Z,85.30067587578483,89.8325
2026-06-05T03:00:00Z,96.39543437230103,97.2575
2026-06-05T04:00:00Z,104.28735512706307,114.8975
2026-06-05T05:00:00Z,101.89103521781298,118.6175
2026-06-05T06:00:00Z,95.62533921187739,113.8175
2026-06-05T07:00:00Z,60.43781117334361,98.3
2026-06-05T08:00:00Z,30.788226971909552,86.115
2026-06-05T09:00:00Z,20.642654396978294,70.825
2026-06-05T10:00:00Z,19.584393057078806,45.205
2026-06-05T11:00:00Z,18.329216646090934,34.1775
2026-06-05T12:00:00Z,18.57560281693125,27.2
2026-06-05T13:00:00Z,20.87094776690497,38.01
2026-06-05T14:00:00Z,29.12571425232933,72.555
2026-06-05T15:00:00Z,86.30874064341246,104.2525
2026-06-05T16:00:00Z,117.94969968053631,128.9025
2026-06-05T17:00:00Z,147.66384261435104,150.4975
2026-06-05T18:00:00Z,174.1809743793292,179.0775
2026-06-05T19:00:00Z,178.9215550077879,189.355
2026-06-05T20:00:00Z,160.43054279717916,169.135
2026-06-05T21:00:00Z,148.966839333064,152.06
2026-06-05T22:00:00Z,147.3721835077635,148.2425
2026-06-05T23:00:00Z,142.3219060441665,137.18
2026-06-06T00:00:00Z,138.5106303431184,134.79
2026-06-06T01:00:00Z,138.18708747477012,116.1675
2026-06-06T02:00:00Z,138.3401162837988,130.1825
2026-06-06T03:00:00Z,137.4315085622651,126.035
2026-06-06T04:00:00Z,125.38704062910492,117.69
2026-06-06T05:00:00Z,110.98066678443068,102.315
2026-06-06T06:00:00Z,88.95549778857196,81.0175
2026-06-06T07:00:00Z,55.555166279972866,50.0
2026-06-06T08:00:00Z,34.03757355079678,14.7425
2026-06-06T09:00:00Z,20.477190157417454,0.0325
2026-06-06T10:00:00Z,16.452409599079665,-0.03
2026-06-06T11:00:00Z,15.231781667982167,-0.025
2026-06-06T12:00:00Z,15.20147585206786,0.0225
2026-06-06T13:00:00Z,20.459578845290853,9.51
2026-06-06T14:00:00Z,36.324539621778015,46.105
2026-06-06T15:00:00Z,89.90843906103395,93.2825
2026-06-06T16:00:00Z,118.76480388372372,121.7875
2026-06-06T17:00:00Z,139.43484732634647,133.85
2026-06-06T18:00:00Z,158.73953222054507,152.4325
2026-06-06T19:00:00Z,164.99120810816498,150.9225
2026-06-06T20:00:00Z,141.60347407982638,134.3275
2026-06-06T21:00:00Z,118.72975175000306,121.5425
2026-06-06T22:00:00Z,108.57425544334296,110.7
2026-06-06T23:00:00Z,98.1728379907571,99.5125
2026-06-07T00:00:00Z,86.64299381539506,92.2075
2026-06-07T01:00:00Z,77.8751117337155,81.41499999999999
2026-06-07T02:00:00Z,73.77083909151277,67.0125
2026-06-07T03:00:00Z,68.40282470763628,39.21
2026-06-07T04:00:00Z,66.13953041253893,5.0475
2026-06-07T05:00:00Z,29.775630530654666,0.46
2026-06-07T06:00:00Z,21.454312040264696,-0.5525
2026-06-07T07:00:00Z,15.700839491070916,-5.05
2026-06-07T08:00:00Z,10.986459475928303,-8.0
2026-06-07T09:00:00Z,6.001768313821929,-14.0525
2026-06-07T10:00:00Z,1.878796234631844,-18.2625
2026-06-07T11:00:00Z,-5.018469494106437,-35.9375
2026-06-07T12:00:00Z,-14.164243199750441,-44.7375
2026-06-07T13:00:00Z,-4.830209729746276,-36.47
2026-06-07T14:00:00Z,0.5275116676248146,-15.96
2026-06-07T15:00:00Z,13.937679741576716,-1.135
2026-06-07T16:00:00Z,46.63329314733711,53.625
2026-06-07T17:00:00Z,103.78838949481741,108.0025
2026-06-07T18:00:00Z,133.4385555869523,128.26749999999998
2026-06-07T19:00:00Z,143.6458430939607,137.1375
2026-06-07T20:00:00Z,137.4838828029046,141.1875
2026-06-07T21:00:00Z,134.03000379702232,140.3425
2026-06-07T22:00:00Z,131.32926241908342,140.43
2026-06-07T23:00:00Z,128.5567424550872,134.2375
2026-06-08T00:00:00Z,122.21976421144767,132.71
2026-06-08T01:00:00Z,118.68806304122346,127.67
2026-06-08T02:00:00Z,124.4843913935276,130.175
2026-06-08T03:00:00Z,133.06164662736197,138.5625
2026-06-08T04:00:00Z,142.98217151950223,150.675
2026-06-08T05:00:00Z,142.14227676781667,145.675
2026-06-08T06:00:00Z,101.5545375546555,124.875
2026-06-08T07:00:00Z,68.92316557265991,100.9025
2026-06-08T08:00:00Z,35.4781967440844,75.91499999999999
2026-06-08T09:00:00Z,26.829575512699368,55.6425
2026-06-08T10:00:00Z,20.059847854035702,54.4825
2026-06-08T11:00:00Z,22.53580180785626,55.2175
2026-06-08T12:00:00Z,26.228119566367397,68.67
2026-06-08T13:00:00Z,50.68382743817047,88.8525
2026-06-08T14:00:00Z,87.38429441876644,102.58
2026-06-08T15:00:00Z,115.57394310306532,128.875
2026-06-08T16:00:00Z,139.25379380561623,151.32999999999998
2026-06-08T17:00:00Z,163.08581716727866,199.3225
2026-06-08T18:00:00Z,191.97193170516323,208.9025
2026-06-08T19:00:00Z,172.88874001091324,185.75
2026-06-08T20:00:00Z,151.24889813972288,152.3675
2026-06-08T21:00:00Z,134.3542824342365,128.20499999999998
2026-06-08T22:00:00Z,121.37284060561842,129.0125
2026-06-08T23:00:00Z,112.08110014233539,122.1575
2026-06-09T00:00:00Z,104.29161814278486,115.5
2026-06-09T01:00:00Z,100.77930589170052,111.2175
2026-06-09T02:00:00Z,103.740589786871,110.475
2026-06-09T03:00:00Z,110.07823447713706,115.8425
2026-06-09T04:00:00Z,122.73217605572782,130.1525
2026-06-09T05:00:00Z,127.19245940340997,134.6325
2026-06-09T06:00:00Z,120.4846665133823,126.89
2026-06-09T07:00:00Z,104.60089205085976,107.0
2026-06-09T08:00:00Z,68.00189110383077,82.33500000000001
2026-06-09T09:00:00Z,39.65035923410737,60.9
2026-06-09T10:00:00Z,22.4623264836748,25.215
2026-06-09T11:00:00Z,17.217242611293745,3.5325
2026-06-09T12:00:00Z,14.658670846353296,0.145
2026-06-09T13:00:00Z,17.06877361307738,1.52
2026-06-09T14:00:00Z,23.116388964107692,30.585
2026-06-09T15:00:00Z,55.93523203676498,75.72749999999999
2026-06-09T16:00:00Z,102.7939558390907,118.5475
2026-06-09T17:00:00Z,140.00335605994525,137.3
2026-06-09T18:00:00Z,163.64975045741897,153.73000000000002
2026-06-09T19:00:00Z,160.26564698177197,156.275
2026-06-09T20:00:00Z,146.42666340941514,144.9925
2026-06-09T21:00:00Z,138.47578178606415,131.3075
2026-06-09T22:00:00Z,121.2768033646072,124.9125
2026-06-09T23:00:00Z,112.82057819125338,116.9025
2026-06-10T00:00:00Z,109.51246568095705,111.1275
2026-06-10T01:00:00Z,108.05695705576612,111.3075
2026-06-10T02:00:00Z,114.28650193404691,113.24
2026-06-10T03:00:00Z,121.7568330157491,118.7525
2026-06-10T04:00:00Z,131.956456460715,131.89249999999998
2026-06-10T05:00:00Z,137.0036691329788,136.8075
2026-06-10T06:00:00Z,117.2798129281805,126.6525
2026-06-10T07:00:00Z,102.00128366088884,104.6025
2026-06-10T08:00:00Z,86.3556972817359,86.5575
2026-06-10T09:00:00Z,58.09998000766829,73.0575
2026-06-10T10:00:00Z,50.392599564577615,68.67750000000001
2026-06-10T11:00:00Z,49.05246083910724,71.5675
2026-06-10T12:00:00Z,55.487978263643186,77.825
2026-06-10T13:00:00Z,79.75702257736913,86.625
2026-06-10T14:00:00Z,99.64298340226446,103.4525
2026-06-10T15:00:00Z,122.10332194946088,125.4
2026-06-10T16:00:00Z,139.8023022867568,140.525
2026-06-10T17:00:00Z,158.3154106534247,170.9675
2026-06-10T18:00:00Z,189.9146912113498,213.98
2026-06-10T19:00:00Z,190.22828055994938,204.9975
2026-06-10T20:00:00Z,162.36307500923414,168.635
2026-06-10T21:00:00Z,148.78742614632017,151.75
2026-06-10T22:00:00Z,146.74936194172489,140.7325
2026-06-10T23:00:00Z,141.05284755442386,133.4875
2026-06-11T00:00:00Z,136.52293526827992,126.195
2026-06-11T01:00:00Z,134.61120053902107,125.7575
2026-06-11T02:00:00Z,134.77234027182126,126.045
2026-06-11T03:00:00Z,140.81187094713596,126.6625
2026-06-11T04:00:00Z,144.64423987823335,138.32999999999998
2026-06-11T05:00:00Z,148.04268246147404,138.7975
2026-06-11T06:00:00Z,138.75815244028615,126.64
2026-06-11T07:00:00Z,117.17724759747792,103.7975
2026-06-11T08:00:00Z,91.11341523017755,90.5425
2026-06-11T09:00:00Z,74.42529224291643,76.9725
2026-06-11T10:00:00Z,53.180122545370274,60.2725
2026-06-11T11:00:00Z,36.68624140072204,45.31
2026-06-11T12:00:00Z,26.14299997987927,31.58
2026-06-11T13:00:00Z,35.100708670758166,51.025
2026-06-11T14:00:00Z,67.58070592959612,78.4675
2026-06-11T15:00:00Z,97.71307419371786,101.5975
2026-06-11T16:00:00Z,132.34683034106015,127.98
2026-06-11T17:00:00Z,155.0700393596773,146.235
2026-06-11T18:00:00Z,172.8509915487578,174.85750000000002
2026-06-11T19:00:00Z,176.7980274762171,164.9425
2026-06-11T20:00:00Z,151.1268924839465,137.2325
2026-06-11T21:00:00Z,138.54024197109686,116.0625
2026-06-11T22:00:00Z,131.70158306610742,116.895
2026-06-11T23:00:00Z,119.43648974123565,102.0125
2026-06-12T00:00:00Z,110.09787260845442,94.505
2026-06-12T01:00:00Z,106.32343353328937,92.0525
2026-06-12T02:00:00Z,107.00484102046418,93.0475
2026-06-12T03:00:00Z,114.44947871997881,96.0775
2026-06-12T04:00:00Z,125.33482136851732,117.7575
2026-06-12T05:00:00Z,129.2542094566454,122.655
2026-06-12T06:00:00Z,131.15575142549864,127.34
2026-06-12T07:00:00Z,113.58107796564437,117.405
2026-06-12T08:00:00Z,100.60371889306406,102.1
2026-06-12T09:00:00Z,89.30068189687698,90.51
2026-06-12T10:00:00Z,79.9078519039479,81.005
2026-06-12T11:00:00Z,59.77929847153191,70.1325
2026-06-12T12:00:00Z,42.21902615796046,60.370000000000005
2026-06-12T13:00:00Z,39.49388439499693,56.0475
2026-06-12T14:00:00Z,49.63344521068061,68.2675
2026-06-12T15:00:00Z,81.6746611242395,78.8725
2026-06-12T16:00:00Z,101.92025638358191,103.65
2026-06-12T17:00:00Z,121.62930256560003,115.8725
2026-06-12T18:00:00Z,135.8060492650865,110.665
2026-06-12T19:00:00Z,137.16107303497648,109.81
2026-06-12T20:00:00Z,125.05203088985957,111.1225
2026-06-12T21:00:00Z,116.48776052287909,100.8975
2026-06-12T22:00:00Z,101.80856169173335,87.085
2026-06-12T23:00:00Z,90.59318405086091,74.045
2026-06-13T00:00:00Z,84.46384471100752,65.85249999999999
2026-06-13T01:00:00Z,78.3251566520882,63.835
2026-06-13T02:00:00Z,76.42421029018956,65.5575
2026-06-13T03:00:00Z,79.63325716986834,53.795
2026-06-13T04:00:00Z,74.71409410217336,31.63
2026-06-13T05:00:00Z,41.53030907307393,13.655
2026-06-13T06:00:00Z,35.21421572171572,0.3274999999999999
2026-06-13T07:00:00Z,31.062261559429718,-1.1075
2026-06-13T08:00:00Z,24.5196827364016,-4.9175
2026-06-13T09:00:00Z,18.074306555447734,-15.695
2026-06-13T10:00:00Z,2.6847890863042565,-27.4225
2026-06-13T11:00:00Z,-16.22176824007459,-45.8675
2026-06-13T12:00:00Z,-25.027805298019636,-44.9975
2026-06-13T13:00:00Z,-15.413418259995943,-31.54
2026-06-13T14:00:00Z,-6.592272628554319,-19.17
2026-06-13T15:00:00Z,8.65072529950121,-4.215
2026-06-13T16:00:00Z,27.418342662468817,-0.5475000000000001
2026-06-13T17:00:00Z,37.101199338485294,33.410000000000004
2026-06-13T18:00:00Z,60.34666780420386,72.25500000000001
2026-06-13T19:00:00Z,76.27907254224192,87.16
2026-06-13T20:00:00Z,81.30987815795753,102.485
2026-06-13T21:00:00Z,69.36970763797493,88.0
2026-06-13T22:00:00Z,57.55003064971299,67.7875
2026-06-13T23:00:00Z,42.899569466463944,49.44
2026-06-14T00:00:00Z,37.72373963215509,34.0775
2026-06-14T01:00:00Z,33.41890397694553,28.0725
2026-06-14T02:00:00Z,22.607460748126574,26.5725
2026-06-14T03:00:00Z,22.351913099328584,21.3675
2026-06-14T04:00:00Z,15.863891204264302,7.74
2026-06-14T05:00:00Z,13.61653590334306,0.4599999999999999
2026-06-14T06:00:00Z,13.998825450658742,-0.3475
2026-06-14T07:00:00Z,7.893580222907825,-2.8325
2026-06-14T08:00:00Z,9.460438023722014,-6.37
2026-06-14T09:00:00Z,8.106576458401946,-9.2875
2026-06-14T10:00:00Z,4.701812160846465,-14.9925
2026-06-14T11:00:00Z,-7.63667949217605,-23.4225
2026-06-14T12:00:00Z,-15.05771541142779,-25.0
2026-06-14T13:00:00Z,-10.668170589272087,-20.0
2026-06-14T14:00:00Z,3.7793466897449886,-9.2025
2026-06-14T15:00:00Z,8.637795975137784,-1.745
2026-06-14T16:00:00Z,14.582896396240177,5.28
2026-06-14T17:00:00Z,49.46911122304049,62.0825
2026-06-14T18:00:00Z,86.19594230436367,94.88
2026-06-14T19:00:00Z,96.56279323006726,102.6275
2026-06-14T20:00:00Z,102.71854670416361,112.28
2026-06-14T21:00:00Z,96.22173093996813,103.395
2026-06-14T22:00:00Z,88.86062568263212,101.4325
2026-06-14T23:00:00Z,84.29659401286109,92.91
2026-06-15T00:00:00Z,79.26656246994325,85.375
2026-06-15T01:00:00Z,76.76240612551592,83.7475
2026-06-15T02:00:00Z,77.77264043220075,84.3875
2026-06-15T03:00:00Z,86.02531808877853,91.405
2026-06-15T04:00:00Z,106.85555637052904,105.6925
2026-06-15T05:00:00Z,108.31411099287104,107.3925
2026-06-15T06:00:00Z,86.85625987338128,91.44
2026-06-15T07:00:00Z,43.99421990113052,63.6525
2026-06-15T08:00:00Z,29.408605214390477,21.5575
2026-06-15T09:00:00Z,17.162219329691915,1.0075
2026-06-15T10:00:00Z,11.374141755813298,-0.0275
2026-06-15T11:00:00Z,10.315807351144526,-1.4825
2026-06-15T12:00:00Z,10.045064173341416,-2.9025
2026-06-15T13:00:00Z,16.388774470133185,-0.9325
2026-06-15T14:00:00Z,24.08040076831807,-0.015
2026-06-15T15:00:00Z,39.94019815590201,43.6775
2026-06-15T16:00:00Z,88.025917314798,91.4525
2026-06-15T17:00:00Z,125.13608404295918,129.0825
2026-06-15T18:00:00Z,155.73919544013495,148.695
2026-06-15T19:00:00Z,164.11787405739483,156.26
2026-06-15T20:00:00Z,150.38819195739035,153.7925
2026-06-15T21:00:00Z,140.90402983838874,134.755
2026-06-15T22:00:00Z,132.2598562319194,122.8275
2026-06-15T23:00:00Z,125.44746377757967,117.3175
2026-06-16T00:00:00Z,121.65138275393673,113.775
2026-06-16T01:00:00Z,120.28471398299806,110.9925
2026-06-16T02:00:00Z,121.74373498963274,111.24
2026-06-16T03:00:00Z,128.58367679765354,115.1225
2026-06-16T04:00:00Z,141.84253777255617,127.9925
2026-06-16T05:00:00Z,140.02580097168146,131.695
2026-06-16T06:00:00Z,130.57617026564586,126.315
2026-06-16T07:00:00Z,108.69571054638585,109.5025
2026-06-16T08:00:00Z,95.53730820782583,85.98
2026-06-16T09:00:00Z,79.25336265197554,80.5375
2026-06-16T10:00:00Z,65.18509857351997,66.4975
2026-06-16T11:00:00Z,60.00031109085364,54.255
2026-06-16T12:00:00Z,58.78804900056552,50.7325
2026-06-16T13:00:00Z,65.25756553359764,60.22
2026-06-16T14:00:00Z,82.03811344735938,81.4575
2026-06-16T15:00:00Z,104.09729686591356,109.7225
2026-06-16T16:00:00Z,126.37110624535069,127.11
2026-06-16T17:00:00Z,153.25369358410973,148.1175
2026-06-16T18:00:00Z,191.56784526109357,174.1025
2026-06-16T19:00:00Z,195.86768502677796,181.42
2026-06-16T20:00:00Z,163.4813881286757,163.86
2026-06-16T21:00:00Z,146.3609265667708,143.10750000000002
2026-06-16T22:00:00Z,139.75506452576178,141.23000000000002
2026-06-16T23:00:00Z,136.7060866484228,135.39249999999998
2026-06-17T00:00:00Z,130.4073568484312,129.32999999999998
2026-06-17T01:00:00Z,127.72595092832698,127.54
2026-06-17T02:00:00Z,128.7328620027764,127.415
2026-06-17T03:00:00Z,136.01899584024545,128.045
2026-06-17T04:00:00Z,145.5154760947433,140.265
2026-06-17T05:00:00Z,139.8951371267002,136.675
2026-06-17T06:00:00Z,127.19636784215342,121.755
2026-06-17T07:00:00Z,102.9751874713989,105.795
2026-06-17T08:00:00Z,70.24497288463093,88.245
2026-06-17T09:00:00Z,51.21576406194364,78.4875
2026-06-17T10:00:00Z,32.776202968918746,72.23
2026-06-17T11:00:00Z,31.601337081212325,62.7925
2026-06-17T12:00:00Z,26.578434079417406,66.2575
2026-06-17T13:00:00Z,40.62413053136493,75.975
2026-06-17T14:00:00Z,70.59925607156272,88.0925
2026-06-17T15:00:00Z,96.24755292790468,106.425
2026-06-17T16:00:00Z,117.7764441751044,120.7375
2026-06-17T17:00:00Z,150.71101494551868,142.5575
2026-06-17T18:00:00Z,184.6477646596981,162.39
2026-06-17T19:00:00Z,187.42517792761356,164.115
2026-06-17T20:00:00Z,160.35921183406901,158.61
2026-06-17T21:00:00Z,141.94675271808052,142.7375
2026-06-17T22:00:00Z,140.5546100046159,135.2575
2026-06-17T23:00:00Z,130.74082557904973,125.7275
2026-06-18T00:00:00Z,128.66755588014982,121.8625
2026-06-18T01:00:00Z,126.63999159743598,119.685
2026-06-18T02:00:00Z,124.2209232340448,119.3125
2026-06-18T03:00:00Z,130.41845464598225,127.09
2026-06-18T04:00:00Z,134.32769993533967,135.3
2026-06-18T05:00:00Z,133.60734589371884,135.265
2026-06-18T06:00:00Z,118.92417684634218,118.7325
2026-06-18T07:00:00Z,77.36749072436861,101.715
2026-06-18T08:00:00Z,42.795183293023186,75.135
2026-06-18T09:00:00Z,18.730588081888094,44.0275
2026-06-18T10:00:00Z,5.355224487560944,28.2475
2026-06-18T11:00:00Z,2.6751486327660725,18.67
2026-06-18T12:00:00Z,1.376344451746835,25.9
2026-06-18T13:00:00Z,10.191381559863009,48.0975
2026-06-18T14:00:00Z,34.08961181139813,79.06
2026-06-18T15:00:00Z,76.24270008242839,105.515
2026-06-18T16:00:00Z,120.48209116561976,135.70749999999998
2026-06-18T17:00:00Z,162.24565657893515,253.3925
2026-06-18T18:00:00Z,213.00593453975887,435.0675
2026-06-18T19:00:00Z,231.0630956094892,441.915
2026-06-18T20:00:00Z,188.43424321394463,264.32
2026-06-18T21:00:00Z,163.56359947434646,163.0175
2026-06-18T22:00:00Z,154.40023423392807,146.6425
2026-06-18T23:00:00Z,130.5300375858167,132.5125
2026-06-19T00:00:00Z,126.32937040226616,124.8225
2026-06-19T01:00:00Z,124.94118906652092,120.46
2026-06-19T02:00:00Z,126.28334898518354,118.4675
2026-06-19T03:00:00Z,128.51395612129193,120.595
2026-06-19T04:00:00Z,148.83369588882374,138.7175
2026-06-19T05:00:00Z,143.85856448520582,127.3725
2026-06-19T06:00:00Z,125.28840472153551,111.9575
2026-06-19T07:00:00Z,93.33904931548638,95.395
2026-06-19T08:00:00Z,46.59044424210126,69.9075
2026-06-19T09:00:00Z,21.014737148135666,32.09
2026-06-19T10:00:00Z,7.356241538713118,15.0
2026-06-19T11:00:00Z,1.6247801275023477,11.235
2026-06-19T12:00:00Z,-2.5477162769328174,16.305
2026-06-19T13:00:00Z,2.5635040070276975,42.8525
2026-06-19T14:00:00Z,22.677727513302273,80.685
2026-06-19T15:00:00Z,74.1081847994767,108.3225
2026-06-19T16:00:00Z,122.08570478096715,129.7025
2026-06-19T17:00:00Z,170.12755393549338,170.785
2026-06-19T18:00:00Z,171.10992312115746,201.36
2026-06-19T19:00:00Z,166.26038982204187,185.5325
2026-06-19T20:00:00Z,153.26030515189484,157.8625
2026-06-19T21:00:00Z,132.06896133012162,137.7825
2026-06-19T22:00:00Z,122.8252512430867,130.35
2026-06-19T23:00:00Z,116.00805830623588,121.12
2026-06-20T00:00:00Z,114.25796882169341,118.6
2026-06-20T01:00:00Z,115.80517811930541,116.7625
2026-06-20T02:00:00Z,115.6358395520561,114.7975
2026-06-20T03:00:00Z,117.24872904084725,114.4925
2026-06-20T04:00:00Z,115.31371687272348,109.7275
2026-06-20T05:00:00Z,99.18821896768517,101.6775
2026-06-20T06:00:00Z,78.42418453354317,89.9875
2026-06-20T07:00:00Z,45.358410751200125,41.335
2026-06-20T08:00:00Z,12.37614777269692,4.125
2026-06-20T09:00:00Z,-0.21364272747975832,-0.0025
2026-06-20T10:00:00Z,-8.762142763680501,-0.0125
2026-06-20T11:00:00Z,-20.332773146199152,-0.0175
2026-06-20T12:00:00Z,-15.990064631882461,-0.0125
2026-06-20T13:00:00Z,-3.534894687979204,0.25
2026-06-20T14:00:00Z,16.44829041728379,18.3075
2026-06-20T15:00:00Z,57.78669985058049,84.22
2026-06-20T16:00:00Z,99.29631318840875,119.7825
2026-06-20T17:00:00Z,146.69280990392554,147.3975
2026-06-20T18:00:00Z,181.85830505384382,171.98749999999998
2026-06-20T19:00:00Z,173.96541789498434,182.55
2026-06-20T20:00:00Z,157.5411672282645,165.0675
2026-06-20T21:00:00Z,141.22647883595806,146.8075
2026-06-20T22:00:00Z,135.86454415478232,137.915
2026-06-20T23:00:00Z,132.69664442148544,128.565
2026-06-21T00:00:00Z,128.42074074548157,126.415
2026-06-21T01:00:00Z,125.3580115148986,124.17
2026-06-21T02:00:00Z,123.80251243770013,122.4325
2026-06-21T03:00:00Z,125.2531839604512,119.5875
2026-06-21T04:00:00Z,113.11431898981488,112.1
2026-06-21T05:00:00Z,102.44481709989103,102.355
2026-06-21T06:00:00Z,51.67947613182926,70.815
2026-06-21T07:00:00Z,16.137982261035113,25.9825
2026-06-21T08:00:00Z,-0.00416095507525327,1.3624999999999998
2026-06-21T09:00:00Z,-8.089098640150798,-0.0025
2026-06-21T10:00:00Z,-15.16951825507972,-0.0075
2026-06-21T11:00:00Z,-17.155837796382784,-0.01
2026-06-21T12:00:00Z,-15.548021725615154,-0.005
2026-06-21T13:00:00Z,-8.444029843637495,0.0075
2026-06-21T14:00:00Z,13.546144967475739,12.7625
2026-06-21T15:00:00Z,55.605135804137156,77.72
2026-06-21T16:00:00Z,103.1905307056284,115.615
2026-06-21T17:00:00Z,136.43277160194964,133.92000000000002
2026-06-21T18:00:00Z,158.3948114579445,150.0025
2026-06-21T19:00:00Z,162.59815335862123,150.265
2026-06-21T20:00:00Z,144.13341479199028,146.1
2026-06-21T21:00:00Z,129.50532994937635,133.9925
2026-06-21T22:00:00Z,123.88664926431996,128.3775
2026-06-21T23:00:00Z,123.00303060633584,120.1225
2026-06-22T00:00:00Z,119.10319383731374,114.9625
2026-06-22T01:00:00Z,119.15467366636571,115.225
2026-06-22T02:00:00Z,119.2825253028465,117.13
2026-06-22T03:00:00Z,127.48549424278231,123.89
2026-06-22T04:00:00Z,136.48376103027238,140.3425
2026-06-22T05:00:00Z,139.06350553761166,146.0375
2026-06-22T06:00:00Z,118.00332741781345,128.8225
2026-06-22T07:00:00Z,80.6086131428417,107.1625
2026-06-22T08:00:00Z,39.71668132910848,84.64750000000001
2026-06-22T09:00:00Z,7.929414751484189,57.3025
2026-06-22T10:00:00Z,2.13505941235049,39.5175
2026-06-22T11:00:00Z,-0.44046180444086325,32.34
2026-06-22T12:00:00Z,2.503921553211603,41.805
2026-06-22T13:00:00Z,16.31936124971911,63.517500000000005
2026-06-22T14:00:00Z,47.83199310813018,90.8975
2026-06-22T15:00:00Z,87.61258636575845,114.07
2026-06-22T16:00:00Z,120.92649142088062,145.585
2026-06-22T17:00:00Z,147.4994065389052,198.5075
2026-06-22T18:00:00Z,177.74345119372703,271.77750000000003
2026-06-22T19:00:00Z,188.4884163894314,250.455
2026-06-22T20:00:00Z,161.38664655494716,189.57
2026-06-22T21:00:00Z,141.8365887423041,156.0025
2026-06-22T22:00:00Z,137.5188097461085,146.06
2026-06-22T23:00:00Z,133.9503637359129,139.125
2026-06-23T00:00:00Z,130.08702408675083,135.01
2026-06-23T01:00:00Z,132.91832007173196,135.8225
2026-06-23T02:00:00Z,139.60403126020213,138.06
2026-06-23T03:00:00Z,148.01336226355642,142.3
2026-06-23T04:00:00Z,155.77436843406838,164.22
2026-06-23T05:00:00Z,145.91081503313785,160.1325
2026-06-23T06:00:00Z,122.8667167627543,133.7875
2026-06-23T07:00:00Z,86.10402969433342,112.1175
2026-06-23T08:00:00Z,50.30356103151648,96.3125
2026-06-23T09:00:00Z,20.319349054743075,76.52
2026-06-23T10:00:00Z,-3.4801577725816024,67.145
2026-06-23T11:00:00Z,-3.0215515315240467,60.345
2026-06-23T12:00:00Z,-0.9800156273072069,67.6525
2026-06-23T13:00:00Z,9.551864789248917,81.35249999999999
2026-06-23T14:00:00Z,48.470312233187585,101.065
2026-06-23T15:00:00Z,88.66152453873538,121.7075
2026-06-23T16:00:00Z,131.5807627290951,169.6825
2026-06-23T17:00:00Z,181.9424028229676,340.70500000000004
2026-06-23T18:00:00Z,241.15154678808995,545.505
2026-06-23T19:00:00Z,265.0345076832977,528.7375
2026-06-23T20:00:00Z,218.09168146871679,335.1175
2026-06-23T21:00:00Z,169.88544587720133,199.3975
2026-06-23T22:00:00Z,167.01630854056913,178.8025
2026-06-23T23:00:00Z,155.72124256653325,162.655
2026-06-24T00:00:00Z,153.095037872791,148.005
2026-06-24T01:00:00Z,154.16279225489245,144.05
2026-06-24T02:00:00Z,156.65278316380596,144.46
2026-06-24T03:00:00Z,165.4296476271619,151.6175
2026-06-24T04:00:00Z,169.97140686304232,178.1675
2026-06-24T05:00:00Z,158.69799652736157,172.61
2026-06-24T06:00:00Z,131.85109527379646,149.3475
2026-06-24T07:00:00Z,79.87449203490185,119.3125
2026-06-24T08:00:00Z,44.30299827021905,102.4125
2026-06-24T09:00:00Z,9.6954259399155,84.52
2026-06-24T10:00:00Z,-3.7500078443867473,73.51
2026-06-24T11:00:00Z,-11.873538022082215,70.9825
2026-06-24T12:00:00Z,-7.798280062992983,74.515
2026-06-24T13:00:00Z,4.0799831404738995,89.3475
2026-06-24T14:00:00Z,45.14370561638927,109.375
2026-06-24T15:00:00Z,86.39264805504801,129.66
2026-06-24T16:00:00Z,141.1643415413238,196.785
2026-06-24T17:00:00Z,205.7070094141057,455.1375
2026-06-24T18:00:00Z,255.787259468672,665.8199999999999
2026-06-24T19:00:00Z,256.3294984193901,660.1575
2026-06-24T20:00:00Z,220.5293417330215,463.2525
2026-06-24T21:00:00Z,190.71612624703096,263.61
2026-06-24T22:00:00Z,170.6448365620626,169.5675
2026-06-24T23:00:00Z,159.20905534772515,154.935
2026-06-25T00:00:00Z,149.78313282027324,145.385
2026-06-25T01:00:00Z,149.7814473920123,142.9725
2026-06-25T02:00:00Z,150.40054772356342,141.9075
2026-06-25T03:00:00Z,154.51713871634718,144.5725
2026-06-25T04:00:00Z,163.88325499242728,161.32999999999998
2026-06-25T05:00:00Z,147.54104565462723,148.41750000000002
2026-06-25T06:00:00Z,124.71833165073797,119.0975
2026-06-25T07:00:00Z,72.58321728013534,105.0075
2026-06-25T08:00:00Z,41.76971935167643,84.745
2026-06-25T09:00:00Z,14.074916167956333,67.0925
2026-06-25T10:00:00Z,-3.3719262270020636,42.7
2026-06-25T11:00:00Z,-12.686261704741053,33.96
2026-06-25T12:00:00Z,-8.403461813458215,37.265
2026-06-25T13:00:00Z,7.437095836111381,67.8075
2026-06-25T14:00:00Z,30.330695187756795,88.2925
2026-06-25T15:00:00Z,76.63584650382319,106.6
2026-06-25T16:00:00Z,133.17521842197232,135.23
2026-06-25T17:00:00Z,180.6667521600889,203.315
2026-06-25T18:00:00Z,209.01022317466254,285.77250000000004
2026-06-25T19:00:00Z,204.0036636585911,276.615
2026-06-25T20:00:00Z,189.68079978213848,186.6375
2026-06-25T21:00:00Z,146.92348788930065,155.745
2026-06-25T22:00:00Z,139.41022977791397,144.7
2026-06-25T23:00:00Z,132.68671062836816,130.725
2026-06-26T00:00:00Z,131.41949298957843,122.4825
2026-06-26T01:00:00Z,131.2282612165726,120.9325
2026-06-26T02:00:00Z,132.00384088154038,122.605
2026-06-26T03:00:00Z,137.61811437043593,129.5475
2026-06-26T04:00:00Z,142.35463079147394,146.03
2026-06-26T05:00:00Z,130.4028841306941,137.97
2026-06-26T06:00:00Z,112.52159729666585,119.805
2026-06-26T07:00:00Z,72.01809371740684,108.2725
2026-06-26T08:00:00Z,34.73007663853234,93.2425
2026-06-26T09:00:00Z,6.485191558038994,67.705
2026-06-26T10:00:00Z,-5.226905168252198,49.49
2026-06-26T11:00:00Z,-13.696955839722179,38.5
2026-06-26T12:00:00Z,-11.106959331732792,40.0
2026-06-26T13:00:00Z,0.7007668624050396,68.9825
2026-06-26T14:00:00Z,17.5511278108176,93.12
2026-06-26T15:00:00Z,72.34139532340845,110.9925
2026-06-26T16:00:00Z,117.78262979533068,150.345
2026-06-26T17:00:00Z,173.25937108377832,243.545
2026-06-26T18:00:00Z,194.9006813759861,350.46000000000004
2026-06-26T19:00:00Z,187.08644243374863,295.77750000000003
2026-06-26T20:00:00Z,158.40552576268658,202.655
2026-06-26T21:00:00Z,132.74537393060825,154.86
2026-06-26T22:00:00Z,123.4166443993014,132.045
2026-06-26T23:00:00Z,118.56377451651258,124.5
2026-06-27T00:00:00Z,113.22751954523805,117.995
2026-06-27T01:00:00Z,113.21184052130782,115.83
2026-06-27T02:00:00Z,114.60610596775172,115.325
2026-06-27T03:00:00Z,117.86442683736048,114.0
2026-06-27T04:00:00Z,115.56423333821637,112.725
2026-06-27T05:00:00Z,106.89796877098647,109.2725
2026-06-27T06:00:00Z,77.78804516955273,102.8675
2026-06-27T07:00:00Z,36.60733570150602,73.5675
2026-06-27T08:00:00Z,16.619154821474226,36.025
2026-06-27T09:00:00Z,-2.788166802469508,9.6675
2026-06-27T10:00:00Z,-12.415143450174778,0.525
2026-06-27T11:00:00Z,-21.94950141713514,0.0275
2026-06-27T12:00:00Z,-17.48080800529152,3.3925
2026-06-27T13:00:00Z,-3.138751716237227,12.7675
2026-06-27T14:00:00Z,20.31421522015337,51.0
2026-06-27T15:00:00Z,67.91016686452107,100.605
2026-06-27T16:00:00Z,126.90120263264048,127.1325
2026-06-27T17:00:00Z,180.30203550655858,171.755
2026-06-27T18:00:00Z,209.8759929876308,221.25
2026-06-27T19:00:00Z,215.40081793757201,214.3075
2026-06-27T20:00:00Z,187.2630362166351,174.9975
2026-06-27T21:00:00Z,145.67062806227239,144.595
2026-06-27T22:00:00Z,135.06101037014355,136.46
2026-06-27T23:00:00Z,127.52991664642046,126.03
2026-06-28T00:00:00Z,119.56643403415305,119.6825
2026-06-28T01:00:00Z,114.66569448437919,115.6875
2026-06-28T02:00:00Z,113.6370396544114,114.735
2026-06-28T03:00:00Z,112.73060990314984,115.1225
2026-06-28T04:00:00Z,107.05763465000052,112.0625
2026-06-28T05:00:00Z,94.96882425289195,104.43
2026-06-28T06:00:00Z,60.67281010264051,76.685
2026-06-28T07:00:00Z,13.977707722345913,32.8125
2026-06-28T08:00:00Z,1.3169204440825801,5.1525
2026-06-28T09:00:00Z,-15.361928269611507,0.12
2026-06-28T10:00:00Z,-20.260488816650536,-0.0225
2026-06-28T11:00:00Z,-24.129561366086072,-0.905
2026-06-28T12:00:00Z,-26.776691140716004,-0.0275
2026-06-28T13:00:00Z,-9.255337858495917,1.62
2026-06-28T14:00:00Z,9.073931759388056,27.665
2026-06-28T15:00:00Z,55.65196659502437,84.6425
2026-06-28T16:00:00Z,106.40355193271678,114.51
2026-06-28T17:00:00Z,142.8791472865364,137.9875
2026-06-28T18:00:00Z,175.15961447800635,153.1775
2026-06-28T19:00:00Z,174.6586897172548,161.04
2026-06-28T20:00:00Z,167.16240350434396,157.29500000000002
2026-06-28T21:00:00Z,145.7788469939302,144.115
2026-06-28T22:00:00Z,129.91102590087084,123.1175
2026-06-28T23:00:00Z,131.84903398688039,113.665
2026-06-29T00:00:00Z,130.18599227373724,113.025
2026-06-29T01:00:00Z,125.01287555469354,109.76
2026-06-29T02:00:00Z,128.46744033217834,114.87
2026-06-29T03:00:00Z,134.7316731093216,127.3425
2026-06-29T04:00:00Z,147.48592631187023,149.7375
2026-06-29T05:00:00Z,152.22735518911213,152.1625
2026-06-29T06:00:00Z,137.8675448725454,143.2925
2026-06-29T07:00:00Z,112.4480883477255,120.9475
2026-06-29T08:00:00Z,96.93380986150733,106.925
2026-06-29T09:00:00Z,82.14915583709487,99.1
2026-06-29T10:00:00Z,77.026903719767,89.5075
2026-06-29T11:00:00Z,70.77303291654354,82.0275
2026-06-29T12:00:00Z,71.10362338917237,86.38499999999999
2026-06-29T13:00:00Z,78.47441340089613,96.78
2026-06-29T14:00:00Z,90.60116989709707,103.7325
2026-06-29T15:00:00Z,105.66986702988882,115.075
2026-06-29T16:00:00Z,132.51889302021192,134.91
2026-06-29T17:00:00Z,173.3902701834266,197.65
2026-06-29T18:00:00Z,211.85860733605313,284.3325
2026-06-29T19:00:00Z,236.82448247819218,301.365
2026-06-29T20:00:00Z,200.67357703783347,230.89
2026-06-29T21:00:00Z,164.53241321064144,170.0
2026-07-01T00:00:00Z,154.79587465975823,146.78
2026-07-01T01:00:00Z,159.0829613168973,146.995
2026-07-01T02:00:00Z,161.68227297449607,151.0375
2026-07-01T03:00:00Z,165.23549026669667,160.35500000000002
2026-07-01T04:00:00Z,197.3857262883136,196.3275
2026-07-01T05:00:00Z,197.8474936147698,203.2975
2026-07-01T06:00:00Z,162.7694522299597,180.2425
2026-07-01T07:00:00Z,143.14181420833302,145.70000000000002
2026-07-01T08:00:00Z,116.7790891294489,125.41
2026-07-01T09:00:00Z,108.38889535577279,119.4475
2026-07-01T10:00:00Z,84.33254832528564,115.8575
2026-07-01T11:00:00Z,73.95406665584937,110.3925
2026-07-01T12:00:00Z,65.83918147447457,99.715
2026-07-01T13:00:00Z,76.44821862712368,97.275
2026-07-01T14:00:00Z,96.40812433518491,99.39
2026-07-01T15:00:00Z,128.49202521756442,101.41
2026-07-01T16:00:00Z,159.80053987813864,120.27
2026-07-01T17:00:00Z,205.33921033063484,167.9975
2026-07-01T18:00:00Z,244.75562401531374,231.685
2026-07-01T19:00:00Z,245.23380062373104,243.455
2026-07-01T20:00:00Z,223.9923576712759,199.465
2026-07-01T21:00:00Z,177.84489507840266,156.66500000000002
2026-07-01T22:00:00Z,158.63552272287524,160.165
2026-07-01T23:00:00Z,142.27195416072868,143.41
2026-07-02T00:00:00Z,134.78995656522227,130.3575
2026-07-02T01:00:00Z,132.93549420850957,120.3275
2026-07-02T02:00:00Z,124.59904419693912,114.0925
2026-07-02T03:00:00Z,124.81842394567076,114.4525
2026-07-02T04:00:00Z,130.33189673296542,121.065
2026-07-02T05:00:00Z,118.7967459622951,112.9275
2026-07-02T06:00:00Z,93.82051259673106,91.315
2026-07-02T07:00:00Z,40.66319314316367,45.0925
2026-07-02T08:00:00Z,25.290502776459675,5.534999999999999
2026-07-02T09:00:00Z,25.76995876376467,-0.0725
2026-07-02T10:00:00Z,17.196905796896345,-1.6475
2026-07-02T11:00:00Z,14.224405301412284,-1.965
2026-07-02T12:00:00Z,7.131915837645391,-3.0025
2026-07-02T13:00:00Z,14.359115433881609,-1.9975
2026-07-02T14:00:00Z,10.370860750878066,-0.505
2026-07-02T15:00:00Z,22.227430993068808,2.895
2026-07-02T16:00:00Z,40.02825436577065,46.8375
2026-07-02T17:00:00Z,79.17213202583133,90.46
2026-07-02T18:00:00Z,104.01900559244592,107.2525
2026-07-02T19:00:00Z,94.84114661593148,117.9225
2026-07-02T20:00:00Z,89.65979115072324,126.9
2026-07-02T21:00:00Z,83.0980834537258,117.6075
2026-07-02T22:00:00Z,76.50691295540878,91.2625
2026-07-02T23:00:00Z,69.51427612070606,86.995
2026-07-03T00:00:00Z,63.26257517937613,82.6825
2026-07-03T01:00:00Z,64.65030451457493,85.91
2026-07-03T02:00:00Z,67.03999378963843,84.4575
2026-07-03T03:00:00Z,74.10368350312793,86.82
2026-07-03T04:00:00Z,79.88667405223487,99.4925
2026-07-03T05:00:00Z,78.24345383190507,104.4675
2026-07-03T06:00:00Z,37.481178449450304,63.0275
2026-07-03T07:00:00Z,19.528408922827502,9.565
2026-07-03T08:00:00Z,3.375698283804219,-0.1
2026-07-03T09:00:00Z,-12.525351909579133,-1.055
2026-07-03T10:00:00Z,-10.268942084176555,-1.885
2026-07-03T11:00:00Z,-11.172181870234162,-3.5025
2026-07-03T12:00:00Z,-11.85670173354584,-4.9875
2026-07-03T13:00:00Z,-11.850291606636667,-4.055
2026-07-03T14:00:00Z,-0.6177995093690729,-2.605
2026-07-03T15:00:00Z,13.074371815553956,-0.0474999999999999
2026-07-03T16:00:00Z,35.40203671651882,35.385
2026-07-03T17:00:00Z,80.753105636726,102.645
2026-07-03T18:00:00Z,122.06801028152823,124.4425
2026-07-03T19:00:00Z,127.58216436612024,130.0275
2026-07-03T20:00:00Z,128.5418985724022,135.805
2026-07-03T21:00:00Z,120.86680970753206,124.275
2026-07-03T22:00:00Z,117.33032645038233,125.0
2026-07-03T23:00:00Z,113.04602868205518,120.0875
2026-07-04T00:00:00Z,102.42528602416732,116.435
2026-07-04T01:00:00Z,99.21029303318416,113.8225
2026-07-04T02:00:00Z,97.33873248135166,106.3375
2026-07-04T03:00:00Z,98.13348435185674,99.6725
2026-07-04T04:00:00Z,98.12152867473431,92.25
2026-07-04T05:00:00Z,86.48034871853145,72.6525
2026-07-04T06:00:00Z,51.05498330340956,28.93
2026-07-04T07:00:00Z,18.052224440489695,0.9925
2026-07-04T08:00:00Z,8.030016542866063,-0.01
2026-07-04T09:00:00Z,-2.002194276125799,-0.8
2026-07-04T10:00:00Z,-12.650492095994128,-3.1025
2026-07-04T11:00:00Z,-21.737528472807192,-8.25
2026-07-04T12:00:00Z,-22.757404262088826,-10.31
2026-07-04T13:00:00Z,-11.546023116284413,-4.265000000000001
2026-07-04T14:00:00Z,-1.0017662642358172,-0.34
2026-07-04T15:00:00Z,17.010248938844782,4.2925
2026-07-04T16:00:00Z,43.105856907036625,57.7325
2026-07-04T17:00:00Z,89.39249739666116,107.1925
2026-07-04T18:00:00Z,118.21121857694881,125.64
2026-07-04T19:00:00Z,125.2770310567352,131.03
2026-07-04T20:00:00Z,117.47861831733766,128.0275
2026-07-04T21:00:00Z,106.31988818222135,118.62
2026-07-04T22:00:00Z,102.8727609371042,122.8725
2026-07-04T23:00:00Z,88.907040016496,115.9225
2026-07-05T00:00:00Z,78.23579178026483,110.4975
2026-07-05T01:00:00Z,75.16921188224288,105.9525
2026-07-05T02:00:00Z,71.00624615571881,101.41
2026-07-05T03:00:00Z,71.855992698607,97.09
2026-07-05T04:00:00Z,71.28661216916741,85.0025
2026-07-05T05:00:00Z,52.21205302068881,44.1625
2026-07-05T06:00:00Z,20.710839420704293,14.795
2026-07-05T07:00:00Z,8.084582126749112,1.3825
2026-07-05T08:00:00Z,2.565170221129627,-0.0075
2026-07-05T09:00:00Z,0.9708124472955522,-0.03
2026-07-05T10:00:00Z,-1.2330803701984276,-0.105
2026-07-05T11:00:00Z,-4.4341688174227265,-0.6174999999999999
2026-07-05T12:00:00Z,-8.854710977452203,-1.165
2026-07-05T13:00:00Z,-2.7996675845924344,-1.0225
2026-07-05T14:00:00Z,-0.10337592421757513,-0.06
2026-07-05T15:00:00Z,19.993973510746095,4.9
2026-07-05T16:00:00Z,50.14102469013735,64.0
2026-07-05T17:00:00Z,99.29953676803174,107.505
2026-07-05T18:00:00Z,117.92306350852978,129.2975
2026-07-05T19:00:00Z,129.51287054900686,136.54
2026-07-05T20:00:00Z,132.91085861224258,139.8925
2026-07-05T21:00:00Z,126.96523746103624,127.895
2026-07-05T22:00:00Z,125.19110060342935,138.555
2026-07-05T23:00:00Z,119.49011714472996,124.5375
2026-07-06T00:00:00Z,108.25105856803631,119.7625
2026-07-06T01:00:00Z,106.43764263482538,115.55
2026-07-06T02:00:00Z,102.28562942022538,115.925
2026-07-06T03:00:00Z,108.0037865021892,120.86
2026-07-06T04:00:00Z,121.81346980389687,136.0325
2026-07-06T05:00:00Z,129.757612253984,139.56
2026-07-06T06:00:00Z,115.96616499962342,133.865
2026-07-06T07:00:00Z,86.24488105810832,110.615
2026-07-06T08:00:00Z,54.17364754916603,90.275
2026-07-06T09:00:00Z,33.78798140812238,72.065
2026-07-06T10:00:00Z,22.04191941300632,43.015
2026-07-06T11:00:00Z,13.80468549917112,20.445
2026-07-06T12:00:00Z,11.876812486227752,9.8075
2026-07-06T13:00:00Z,13.826088002882745,5.0
2026-07-06T14:00:00Z,20.914972784459703,20.51
2026-07-06T15:00:00Z,28.34246726983671,66.5825
2026-07-06T16:00:00Z,61.07140291681429,99.3375
2026-07-06T17:00:00Z,99.32115864327658,117.865
2026-07-06T18:00:00Z,118.66269939504355,138.32999999999998
2026-07-06T19:00:00Z,121.93397776551907,151.2025
2026-07-06T20:00:00Z,118.68554505475213,147.155
2026-07-06T21:00:00Z,107.7090836863217,135.0
2026-07-06T22:00:00Z,101.99328114836277,120.98
2026-07-06T23:00:00Z,97.77309282372113,114.6525
2026-07-07T00:00:00Z,88.49396001078944,107.9875
2026-07-07T01:00:00Z,85.36832992318263,101.0025
2026-07-07T02:00:00Z,85.17471276226011,98.3825
2026-07-07T03:00:00Z,85.04111783893117,102.4075
2026-07-07T04:00:00Z,93.62438402858702,115.6
2026-07-07T05:00:00Z,97.85903357840105,118.6425
2026-07-07T06:00:00Z,73.07301041280473,114.89
2026-07-07T07:00:00Z,36.22089503033103,94.6475
2026-07-07T08:00:00Z,22.474721387051517,43.39
2026-07-07T09:00:00Z,12.43399829669762,4.922499999999999
2026-07-07T10:00:00Z,-1.4674325329231568,-0.8300000000000001
2026-07-07T11:00:00Z,-5.047055227761458,-2.705
2026-07-07T12:00:00Z,-2.691955099735736,-2.835
2026-07-07T13:00:00Z,-3.1035160493441083,-1.485
2026-07-07T14:00:00Z,5.1067276569548135,-0.52
2026-07-07T15:00:00Z,21.336074870006463,7.0175
2026-07-07T16:00:00Z,34.50059483330503,60.712500000000006
2026-07-07T17:00:00Z,44.91629810462776,86.1825
2026-07-07T18:00:00Z,76.12535710679566,107.9725
2026-07-07T19:00:00Z,82.97364801341315,118.4025
2026-07-07T20:00:00Z,80.98310028606294,120.755
2026-07-07T21:00:00Z,76.41167657555098,117.0825
2026-07-07T22:00:00Z,79.62526650837289,114.9225
2026-07-07T23:00:00Z,82.00907584263415,115.845
2026-07-08T00:00:00Z,80.43178203859239,111.7575
2026-07-08T01:00:00Z,76.97280104999699,108.17
2026-07-08T02:00:00Z,85.78127600356133,113.5825
2026-07-08T03:00:00Z,104.40175237432224,119.705
2026-07-08T04:00:00Z,113.52499889775036,130.75
2026-07-08T05:00:00Z,117.80391499590687,131.91
2026-07-08T06:00:00Z,110.49570914119555,125.7925
2026-07-08T07:00:00Z,72.87161045476549,100.4225
2026-07-08T08:00:00Z,27.955938021100245,79.5825
2026-07-08T09:00:00Z,22.28453093323592,71.075
2026-07-08T10:00:00Z,17.70837877952023,49.0075
2026-07-08T11:00:00Z,7.998544174743629,17.245
2026-07-08T12:00:00Z,0.8105803979209671,7.9025
2026-07-08T13:00:00Z,2.936492149418335,9.79
2026-07-08T14:00:00Z,10.795867814017232,35.02
2026-07-08T15:00:00Z,29.041061699602487,77.3075
2026-07-08T16:00:00Z,73.07188688985687,104.43
2026-07-08T17:00:00Z,115.76861779081236,135.0475
2026-07-08T18:00:00Z,142.60724665933833,150.8475
2026-07-08T19:00:00Z,156.3748291265161,160.62
2026-07-08T20:00:00Z,147.86642229876185,159.2
2026-07-08T21:00:00Z,139.25462599699182,145.0475
2026-07-08T22:00:00Z,130.0797352479537,140.3275
2026-07-08T23:00:00Z,128.63464695616807,133.20749999999998
2026-07-09T00:00:00Z,127.01135691126278,127.3225
2026-07-09T01:00:00Z,125.74320397946096,124.8475
2026-07-09T02:00:00Z,125.2427587073558,125.4425
2026-07-09T03:00:00Z,136.19978034054034,133.955
2026-07-09T04:00:00Z,141.78785306233868,149.15
2026-07-09T05:00:00Z,142.2583676197109,147.66
2026-07-09T06:00:00Z,129.6445045622198,138.2975
2026-07-09T07:00:00Z,96.12187205616124,118.03
2026-07-09T08:00:00Z,71.25985620113183,99.63
2026-07-09T09:00:00Z,42.28994308173163,86.83
2026-07-09T10:00:00Z,17.91306948284339,66.69
2026-07-09T11:00:00Z,11.824365774952515,43.625
2026-07-09T12:00:00Z,11.583539065108106,38.005
2026-07-09T13:00:00Z,16.12933020057452,51.04
2026-07-09T14:00:00Z,25.20241562729297,81.01
2026-07-09T15:00:00Z,77.71090040168949,108.4125
2026-07-09T16:00:00Z,118.35151995233245,130.4075
2026-07-09T17:00:00Z,140.21775957534635,166.5
2026-07-09T18:00:00Z,165.27073522938736,210.7
2026-07-09T19:00:00Z,171.79393408466353,213.3125
2026-07-09T20:00:00Z,156.21578894678777,183.965
2026-07-09T21:00:00Z,146.44756262123713,162.745
2026-07-09T22:00:00Z,141.57112165235822,153.5575
2026-07-09T23:00:00Z,137.0950778177167,143.4325
2026-07-10T00:00:00Z,131.11295804430458,139.7
2026-07-10T01:00:00Z,133.2949305924927,137.9275
2026-07-10T02:00:00Z,130.89300314046574,138.27
2026-07-10T03:00:00Z,138.0665985088529,142.4525
2026-07-10T04:00:00Z,146.4999624912479,151.14
2026-07-10T05:00:00Z,140.26167411773696,147.6925
2026-07-10T06:00:00Z,128.58777444754145,134.9025
2026-07-10T07:00:00Z,95.45638670561931,121.975
2026-07-10T08:00:00Z,61.28384379091827,99.895
2026-07-10T09:00:00Z,27.25451518119392,78.31
2026-07-10T10:00:00Z,14.627175191674802,56.805
2026-07-10T11:00:00Z,8.405644668927113,37.36
2026-07-10T12:00:00Z,7.227513050819383,40.95
2026-07-10T13:00:00Z,10.962789037634026,62.1
2026-07-10T14:00:00Z,34.42979461483634,88.4125
2026-07-10T15:00:00Z,81.75297733159117,113.82
2026-07-10T16:00:00Z,115.58098197456611,128.435
2026-07-10T17:00:00Z,143.95724498813445,165.01999999999998
2026-07-10T18:00:00Z,169.43476310000904,186.6775
2026-07-10T19:00:00Z,161.47934670178103,176.885
2026-07-10T20:00:00Z,150.0474874986287,168.0
2026-07-10T21:00:00Z,140.78581744614877,154.4625
2026-07-10T22:00:00Z,137.1058638213265,150.4975
2026-07-10T23:00:00Z,133.17352436126777,143.95
2026-07-11T00:00:00Z,133.02422055753698,141.10750000000002
2026-07-11T01:00:00Z,136.55911080936602,140.6725
2026-07-11T02:00:00Z,132.0053742731391,140.4625
2026-07-11T03:00:00Z,132.6921151040288,138.8625
2026-07-11T04:00:00Z,124.53929901053105,136.335
2026-07-11T05:00:00Z,110.02553638155611,124.2825
2026-07-11T06:00:00Z,71.47223620466359,115.3525
2026-07-11T07:00:00Z,39.264783586747214,73.86
2026-07-11T08:00:00Z,19.89259551233532,16.0875
2026-07-11T09:00:00Z,4.503552236136082,0.3275
2026-07-11T10:00:00Z,-6.516826506510455,-0.0075
2026-07-11T11:00:00Z,-19.68358327582174,-0.6950000000000001
2026-07-11T12:00:00Z,-24.770301614950412,-0.975
2026-07-11T13:00:00Z,-21.051071829626785,-0.5025000000000001
2026-07-11T14:00:00Z,9.823032672388736,6.1725
2026-07-11T15:00:00Z,41.370060698299106,74.695
2026-07-11T16:00:00Z,90.15877765325416,120.3525
2026-07-11T17:00:00Z,130.89219380450135,141.0
2026-07-11T18:00:00Z,143.11535350350988,151.82
2026-07-11T19:00:00Z,146.9211640783427,156.375
2026-07-11T20:00:00Z,136.79924713369962,154.8875
2026-07-11T21:00:00Z,125.21411365047854,145.58249999999998
2026-07-11T22:00:00Z,122.47255036971015,137.4425
2026-07-11T23:00:00Z,122.82050145580894,131.885
2026-07-12T00:00:00Z,119.65647675412805,125.57
2026-07-12T01:00:00Z,117.29578354256607,125.1
2026-07-12T02:00:00Z,116.6813374697871,122.8825
2026-07-12T03:00:00Z,116.33926310611022,119.915
2026-07-12T04:00:00Z,107.80950099163333,111.6125
2026-07-12T05:00:00Z,87.5758113347999,99.775
2026-07-12T06:00:00Z,49.51009384455064,62.1175
2026-07-12T07:00:00Z,19.16836846615126,5.385
2026-07-12T08:00:00Z,-1.8745770881498984,-0.045
2026-07-12T09:00:00Z,-12.94622502097851,-2.165
2026-07-12T10:00:00Z,-18.54698740282459,-7.1575
2026-07-12T11:00:00Z,-23.933058166575734,-10.7125
2026-07-12T12:00:00Z,-25.183763350503376,-10.055
2026-07-12T13:00:00Z,-27.602693855020803,-5.9075
2026-07-12T14:00:00Z,-2.6350199800250174,-2.6925
2026-07-12T15:00:00Z,24.311571915570788,7.630000000000001
2026-07-12T16:00:00Z,78.92474479810403,93.4325
2026-07-12T17:00:00Z,119.79367050381587,131.8075
2026-07-12T18:00:00Z,141.41845864352408,140.8975
2026-07-12T19:00:00Z,144.32899247258842,144.4875
2026-07-12T20:00:00Z,137.09191663523342,144.93
2026-07-12T21:00:00Z,131.63534302650515,139.3175
2026-07-12T22:00:00Z,119.5522889334069,129.73
2026-07-12T23:00:00Z,122.5904010398407,124.605
2026-07-13T00:00:00Z,121.4209248386664,120.5675
2026-07-13T01:00:00Z,124.86469104712788,121.475
2026-07-13T02:00:00Z,129.08689580240508,123.5425
2026-07-13T03:00:00Z,137.46651874109506,134.2425
2026-07-13T04:00:00Z,147.14402030059227,149.8425
2026-07-13T05:00:00Z,145.9719244401055,159.43
2026-07-13T06:00:00Z,119.26057711081016,138.9875
2026-07-13T07:00:00Z,77.14559386260834,122.6075
2026-07-13T08:00:00Z,41.2491610911632,100.0175
2026-07-13T09:00:00Z,20.183739907680945,74.1225
2026-07-13T10:00:00Z,11.881212941166165,50.6225
2026-07-13T11:00:00Z,10.162619398747438,32.900000000000006
2026-07-13T12:00:00Z,5.851335775345545,38.5375
2026-07-13T13:00:00Z,20.63164074715973,63.97500000000001
2026-07-13T14:00:00Z,60.652932528019996,90.95
2026-07-13T15:00:00Z,104.36063917517663,121.5275
2026-07-13T16:00:00Z,133.78244651603393,140.0
2026-07-13T17:00:00Z,153.2716541636911,165.9625
2026-07-13T18:00:00Z,163.36927867921213,182.9975
2026-07-13T19:00:00Z,162.52419793055736,168.8
2026-07-13T20:00:00Z,140.7594946727312,159.0725
2026-07-13T21:00:00Z,124.33806899028164,144.07
2026-07-13T22:00:00Z,124.72266480837456,139.64
2026-07-13T23:00:00Z,119.51486054611102,133.8875
2026-07-14T00:00:00Z,119.97479049722492,127.35
2026-07-14T01:00:00Z,124.50027001140019,127.2175
2026-07-14T02:00:00Z,124.20330589174233,127.65
2026-07-14T03:00:00Z,135.92586217840187,135.02
2026-07-14T04:00:00Z,143.62380608471256,145.805
2026-07-14T05:00:00Z,148.01537303460145,152.265
2026-07-14T06:00:00Z,137.76444309078283,135.67000000000002
2026-07-14T07:00:00Z,110.73051666839442,121.8925
2026-07-14T08:00:00Z,72.34950693428216,107.4775
2026-07-14T09:00:00Z,34.79700469444004,91.6875
2026-07-14T10:00:00Z,20.710954231931026,64.0425
2026-07-14T11:00:00Z,16.90032558654382,51.825
2026-07-14T12:00:00Z,18.689168456450663,57.73
2026-07-14T13:00:00Z,22.41216334948323,70.0
2026-07-14T14:00:00Z,50.862280253538934,93.2575
2026-07-14T15:00:00Z,97.38380407995447,117.44
2026-07-14T16:00:00Z,129.20703984524937,138.2975
2026-07-14T17:00:00Z,151.5735924223045,159.005
2026-07-14T18:00:00Z,162.75272081899448,182.48
2026-07-14T19:00:00Z,155.64624371185073,175.315
2026-07-14T20:00:00Z,147.25952784479665,168.765
2026-07-14T21:00:00Z,138.90580628514098,151.51999999999998
2026-07-14T22:00:00Z,138.63001739559817,153.5175
2026-07-14T23:00:00Z,134.14308590680486,144.4475
2026-07-15T00:00:00Z,133.14971981178104,139.0375
2026-07-15T01:00:00Z,134.4382898224593,136.6175
2026-07-15T02:00:00Z,134.83851577083203,140.865
2026-07-15T03:00:00Z,144.49612216518068,150.2825
2026-07-15T04:00:00Z,152.97170832721298,166.6925
2026-07-15T05:00:00Z,152.85382165291418,165.88
2026-07-15T06:00:00Z,138.04956666322494,155.9325
2026-07-15T07:00:00Z,107.08036256565444,135.10250000000002
2026-07-15T08:00:00Z,71.6994924309754,111.4175
2026-07-15T09:00:00Z,43.97987897110059,96.2525
2026-07-15T10:00:00Z,15.960285413001195,74.345
2026-07-15T11:00:00Z,10.721073071970297,63.5975
2026-07-15T12:00:00Z,11.195199769708713,62.9175
2026-07-15T13:00:00Z,20.48427550409056,73.075
2026-07-15T14:00:00Z,60.63939373053276,97.1475
2026-07-15T15:00:00Z,99.92889412879649,118.1825
2026-07-15T16:00:00Z,129.70459620325323,145.5625
2026-07-15T17:00:00Z,151.68614457649284,175.8875
2026-07-15T18:00:00Z,172.66564601672064,205.975
2026-07-15T19:00:00Z,178.13863870160708,201.65
2026-07-15T20:00:00Z,157.96882071808233,188.38
2026-07-15T21:00:00Z,149.45068443847924,171.415
2026-07-15T22:00:00Z,147.16928441023651,166.0325
2026-07-15T23:00:00Z,143.06107055574154,159.2
2026-07-16T00:00:00Z,143.64522015818346,152.9075
2026-07-16T01:00:00Z,145.58099394709507,148.97750000000002
2026-07-16T02:00:00Z,148.100986770409,152.1875
2026-07-16T03:00:00Z,151.97645739067065,159.945
2026-07-16T04:00:00Z,159.07061849092833,175.45
2026-07-16T05:00:00Z,155.46679641806264,172.76
2026-07-16T06:00:00Z,143.97389604632662,158.5125
2026-07-16T07:00:00Z,109.11599261083421,137.14249999999998
2026-07-16T08:00:00Z,77.8338810190215,118.3075
2026-07-16T09:00:00Z,48.542599192887096,107.2325
2026-07-16T10:00:00Z,22.25417104415474,94.69
2026-07-16T11:00:00Z,16.512549482073574,87.475
2026-07-16T12:00:00Z,17.04348827660499,96.46
2026-07-16T13:00:00Z,32.90955404029762,109.6025
2026-07-16T14:00:00Z,69.73979616553973,119.6375
2026-07-16T15:00:00Z,113.80444472841494,139.935
2026-07-16T16:00:00Z,146.86787232293773,177.6975
2026-07-16T17:00:00Z,204.162667162743,241.1025
2026-07-16T18:00:00Z,239.98133914329492,311.685
2026-07-16T19:00:00Z,223.77639269052708,262.6
2026-07-16T20:00:00Z,181.94402201707146,206.84
2026-07-16T21:00:00Z,159.8953899851566,180.3125
2026-07-16T22:00:00Z,156.47786910180338,170.565
2026-07-16T23:00:00Z,150.0451660046458,161.45
2026-07-17T00:00:00Z,147.57700244957766,151.975
2026-07-17T01:00:00Z,147.3915871646832,143.94
2026-07-17T02:00:00Z,148.9417966204732,142.89999999999998
2026-07-17T03:00:00Z,155.98395837953439,153.4875
2026-07-17T04:00:00Z,161.16161799786556,165.11
2026-07-17T05:00:00Z,163.10063281772517,165.7525
2026-07-17T06:00:00Z,144.90512271193666,157.10500000000002
2026-07-17T07:00:00Z,124.40554578927954,135.42000000000002
2026-07-17T08:00:00Z,99.14029620767856,127.4525
2026-07-17T09:00:00Z,77.55202036563718,113.7825
2026-07-17T10:00:00Z,69.52155773409939,103.8875
2026-07-17T11:00:00Z,59.27003947028728,98.2
2026-07-17T12:00:00Z,65.05613812322096,98.4275
2026-07-17T13:00:00Z,72.06653644235426,105.98
2026-07-17T14:00:00Z,74.8602533399804,114.7
2026-07-17T15:00:00Z,104.43946227074821,127.425
2026-07-17T16:00:00Z,126.6659506575201,137.58
2026-07-17T17:00:00Z,152.0065319453247,151.0325
2026-07-17T18:00:00Z,163.24250079933103,159.065
2026-07-17T19:00:00Z,166.13175373322224,166.8625
2026-07-17T20:00:00Z,158.31321069297746,164.675
2026-07-17T21:00:00Z,147.58522226758976,158.3
2026-07-17T22:00:00Z,135.30636727361286,156.2
2026-07-17T23:00:00Z,129.99756620398477,145.38
2026-07-18T00:00:00Z,124.90120336100341,142.0
2026-07-18T01:00:00Z,119.24537002020853,135.3
2026-07-18T02:00:00Z,113.30924079395032,134.81
2026-07-18T03:00:00Z,110.15761312259778,132.235
2026-07-18T04:00:00Z,113.83449213289742,126.5075
2026-07-18T05:00:00Z,101.87518339827743,119.3
2026-07-18T06:00:00Z,78.64376679244006,97.5425
2026-07-18T07:00:00Z,44.77893601127576,44.9275
2026-07-18T08:00:00Z,39.74270089299375,9.9675
2026-07-18T09:00:00Z,33.901667306137995,-0.005
2026-07-18T10:00:00Z,23.933930687851394,-0.125
2026-07-18T11:00:00Z,10.69560206420608,-1.165
2026-07-18T12:00:00Z,9.316231520702031,-1.9925
2026-07-18T13:00:00Z,17.005455312118794,-2.9475
2026-07-18T14:00:00Z,29.91553932399364,-1.76
2026-07-18T15:00:00Z,30.053627781938793,0.4325
2026-07-18T16:00:00Z,40.899481776141016,55.9225
2026-07-18T17:00:00Z,96.4512528369893,110.2
2026-07-18T18:00:00Z,114.28318536006987,132.17000000000002
2026-07-18T19:00:00Z,125.41569522567698,145.95
2026-07-18T20:00:00Z,128.38855648752428,152.4625
2026-07-18T21:00:00Z,121.1945994337933,145.7625
2026-07-18T22:00:00Z,124.31846707316228,138.6975
2026-07-18T23:00:00Z,123.77574216326838,130.7425
2026-07-19T00:00:00Z,113.8160562356788,121.9
2026-07-19T01:00:00Z,112.74726905633783,118.8975
2026-07-19T02:00:00Z,110.12601148971791,115.275
2026-07-19T03:00:00Z,107.53227749512173,109.4175
2026-07-19T04:00:00Z,102.6548679021832,101.8475
2026-07-19T05:00:00Z,91.57564075194796,88.46000000000001
2026-07-19T06:00:00Z,69.54995691515867,43.1575
2026-07-19T07:00:00Z,28.962250571753692,4.165
2026-07-19T08:00:00Z,19.275519099537373,0.015
2026-07-19T09:00:00Z,18.713750737605906,-0.045
2026-07-19T10:00:00Z,9.092117482415112,-0.7424999999999999
2026-07-19T11:00:00Z,-6.488766183528032,-2.6775
2026-07-19T12:00:00Z,-13.940630962771795,-4.9975000000000005
2026-07-19T13:00:00Z,-7.563284477948745,-4.955
2026-07-19T14:00:00Z,7.471323313565805,-2.4375
2026-07-19T15:00:00Z,17.122465663889965,-0.395
2026-07-19T16:00:00Z,40.40803913479165,47.8425
2026-07-19T17:00:00Z,108.17827609008658,117.16
2026-07-19T18:00:00Z,130.29138953155444,144.1225
2026-07-19T19:00:00Z,137.24053540131388,149.68
2026-07-19T20:00:00Z,134.38057505961535,149.6575
2026-07-19T21:00:00Z,121.58645462601757,138.2025
2026-07-19T22:00:00Z,119.80820686662838,147.4525
2026-07-19T23:00:00Z,113.07414671034299,138.48250000000002
2026-07-20T00:00:00Z,104.32501028082577,128.85500000000002
2026-07-20T01:00:00Z,101.67211960277253,123.53
2026-07-20T02:00:00Z,105.41524343023872,131.27
2026-07-20T03:00:00Z,114.06070568340911,138.79
2026-07-20T04:00:00Z,128.61527328931052,149.31
2026-07-20T05:00:00Z,129.8054877336217,150.5275
2026-07-20T06:00:00Z,110.95064369196986,130.9975
2026-07-20T07:00:00Z,62.91420652752385,92.7175
2026-07-20T08:00:00Z,27.692569341823813,60.2725
2026-07-20T09:00:00Z,22.023460619166173,15.7875
2026-07-20T10:00:00Z,16.72447070566649,7.6625
2026-07-20T11:00:00Z,16.357510968067416,0.015
2026-07-20T12:00:00Z,13.233391952269399,0.0075
2026-07-20T13:00:00Z,15.620166768295721,0.9575
2026-07-20T14:00:00Z,20.075207110804065,15.105
2026-07-20T15:00:00Z,59.401743916768424,74.7625
2026-07-20T16:00:00Z,108.13355426840772,118.4125
2026-07-20T17:00:00Z,138.53127206392872,158.7625
2026-07-20T18:00:00Z,164.2400386624663,178.245
2026-07-20T19:00:00Z,164.08184131541793,179.73
2026-07-20T20:00:00Z,156.44028817470746,174.815
2026-07-20T21:00:00Z,146.49492701128634,159.4675
2026-07-20T22:00:00Z,136.69701709077515,148.7775
2026-07-20T23:00:00Z,132.46843718667418,149.52
2026-07-21T00:00:00Z,131.62074679627327,143.39
2026-07-21T01:00:00Z,130.60551482585527,138.8675
2026-07-21T02:00:00Z,133.4296591499583,139.2525
2026-07-21T03:00:00Z,141.25347312824903,144.9125
2026-07-21T04:00:00Z,148.52103097354853,157.65
2026-07-21T05:00:00Z,144.87441919810783,154.4275
2026-07-21T06:00:00Z,127.43328485970612,145.3775
2026-07-21T07:00:00Z,92.61268488246728,114.9525
2026-07-21T08:00:00Z,47.80863374066339,83.69
2026-07-21T09:00:00Z,27.423444561026656,43.6375
2026-07-21T10:00:00Z,13.041001049074668,7.052499999999999
2026-07-21T11:00:00Z,10.750054613931887,1.01
2026-07-21T12:00:00Z,11.590765623444954,1.0025
2026-07-21T13:00:00Z,14.83511407759463,13.670000000000002
2026-07-21T14:00:00Z,31.618692213999253,62.2325
2026-07-21T15:00:00Z,75.68430485100802,102.565
2026-07-21T16:00:00Z,117.70415971501224,135.365
2026-07-21T17:00:00Z,146.03632992198936,153.61
2026-07-21T18:00:00Z,171.18506633123457,172.0
2026-07-21T19:00:00Z,181.76630697545056,174.5625
2026-07-21T20:00:00Z,166.0077642349109,168.3175
2026-07-21T21:00:00Z,146.13957154107771,155.1875
2026-07-21T22:00:00Z,136.03001681747267,152.19
2026-07-21T23:00:00Z,131.32532607040065,148.2875
2026-07-22T00:00:00Z,124.57103258728932,143.2325
2026-07-22T01:00:00Z,118.88410879092156,134.91250000000002
2026-07-22T02:00:00Z,116.9460340025833,130.66500000000002
2026-07-22T03:00:00Z,118.54183584596849,135.9575
2026-07-22T04:00:00Z,129.17684935101175,149.41
2026-07-22T05:00:00Z,129.04292809299733,145.345
2026-07-22T06:00:00Z,110.09801198354518,131.98250000000002
2026-07-22T07:00:00Z,66.52365558670311,90.9425
2026-07-22T08:00:00Z,27.599570309363784,66.1525
2026-07-22T09:00:00Z,21.599082973820497,30.935
2026-07-22T10:00:00Z,16.25446037974713,10.385
2026-07-22T11:00:00Z,7.497951301892492,1.29
2026-07-22T12:00:00Z,7.804011370367259,0.0375
2026-07-22T13:00:00Z,7.597046087373728,0.4975
2026-07-22T14:00:00Z,20.03832521049017,9.15
2026-07-22T15:00:00Z,27.589462569855794,63.21
2026-07-22T16:00:00Z,54.58478149365758,108.1
2026-07-22T17:00:00Z,90.93189651762367,137.8275
2026-07-22T18:00:00Z,115.22637679913531,157.01
2026-07-22T19:00:00Z,121.95760457730213,161.76
2026-07-22T20:00:00Z,118.99822327788429,157.61
2026-07-22T21:00:00Z,108.51318051347677,143.5425
2026-07-22T22:00:00Z,93.05070007119767,142.755
2026-07-22T23:00:00Z,89.85450252273903,137.345
2026-07-23T00:00:00Z,89.13948210479433,133.66
2026-07-23T01:00:00Z,86.61880818278368,132.965
2026-07-23T02:00:00Z,95.98683961869843,136.24
2026-07-23T03:00:00Z,113.26710846421562,143.045
2026-07-23T04:00:00Z,127.21417566422552,159.18
2026-07-23T05:00:00Z,128.80025461098592,167.8725
2026-07-23T06:00:00Z,116.47597421221504,159.9525
2026-07-23T07:00:00Z,74.90630301843791,134.3275
2026-07-23T08:00:00Z,34.267639318760786,101.98
2026-07-23T09:00:00Z,18.845718146681506,79.53999999999999
2026-07-23T10:00:00Z,13.859375123590901,31.0925
2026-07-23T11:00:00Z,0.8936691086463124,4.3025
2026-07-23T12:00:00Z,-1.657434977948089,0.0
2026-07-23T13:00:00Z,4.311255695359428,0.03
2026-07-23T14:00:00Z,17.63447667621604,21.9975
2026-07-23T15:00:00Z,33.50469215913915,96.705
2026-07-23T16:00:00Z,107.04218005578956,142.64
2026-07-23T17:00:00Z,142.45052398200238,166.1
2026-07-23T18:00:00Z,162.9949770325709,185.015
2026-07-23T19:00:00Z,172.63148042283916,190.0
2026-07-23T20:00:00Z,160.5506993116365,186.5425
2026-07-23T21:00:00Z,151.7782736426551,170.42000000000002
2026-07-23T22:00:00Z,148.08926151089906,161.0025
2026-07-23T23:00:00Z,144.2035455776662,157.1375
2026-07-24T00:00:00Z,140.81553744758915,151.8125
2026-07-24T01:00:00Z,141.297108170404,153.3275
2026-07-24T02:00:00Z,139.1743338210534,155.66
2026-07-24T03:00:00Z,146.88973565255378,161.1675
2026-07-24T04:00:00Z,154.21020326702535,172.54
2026-07-24T05:00:00Z,146.95919428393557,167.3875
2026-07-24T06:00:00Z,129.73021068616845,159.9975
2026-07-24T07:00:00Z,96.86999335532772,132.6025
2026-07-24T08:00:00Z,58.41823606878689,102.315
2026-07-24T09:00:00Z,19.320344201555326,75.6625
2026-07-24T10:00:00Z,10.492289173442218,44.7425
2026-07-24T11:00:00Z,-2.9989403829105896,21.025
2026-07-24T12:00:00Z,-8.072715774543557,6.485
2026-07-24T13:00:00Z,0.39391246174778516,14.29
2026-07-24T14:00:00Z,14.115250571718105,68.965
2026-07-24T15:00:00Z,50.367084990688916,114.0175
2026-07-24T16:00:00Z,110.08738354397039,154.66500000000002
2026-07-24T17:00:00Z,148.37687443976273,180.135
2026-07-24T18:00:00Z,172.86491378108485,200.0425
2026-07-24T19:00:00Z,179.44431166276854,203.1725
2026-07-24T20:00:00Z,163.36447016252458,194.5175
2026-07-24T21:00:00Z,151.46088986599312,180.115
2026-07-24T22:00:00Z,154.94620923581584,167.135
2026-07-24T23:00:00Z,147.01144957955682,161.61
2026-07-25T00:00:00Z,137.57750400839413,160.4275
2026-07-25T01:00:00Z,141.05205381152848,159.8525
2026-07-25T02:00:00Z,136.01169819949075,152.0125
2026-07-25T03:00:00Z,142.78655437589418,146.2525
2026-07-25T04:00:00Z,130.1564157050311,135.38
2026-07-25T05:00:00Z,117.2873217765178,115.305
2026-07-25T06:00:00Z,78.59362147319698,83.51
2026-07-25T07:00:00Z,40.20113770815098,11.1675
2026-07-25T08:00:00Z,20.356507979124114,-0.1175
2026-07-25T09:00:00Z,-8.296248251782512,-2.6075
2026-07-25T10:00:00Z,-17.63386077809623,-5.955
2026-07-25T11:00:00Z,-25.031437728629975,-9.9475
2026-07-25T12:00:00Z,-27.451096001587928,-12.28
2026-07-25T13:00:00Z,-24.745774254256148,-3.3525
2026-07-25T14:00:00Z,8.496683541298896,-0.32
2026-07-25T15:00:00Z,35.94947861603267,11.25
2026-07-25T16:00:00Z,83.29341428822164,95.195
2026-07-25T17:00:00Z,132.06429859919763,157.42
2026-07-25T18:00:00Z,155.7129808156172,170.31
2026-07-25T19:00:00Z,163.68750624031202,169.075
2026-07-25T20:00:00Z,158.6600696660501,165.48250000000002
2026-07-25T21:00:00Z,148.84464955818976,160.0
2026-07-25T22:00:00Z,145.00358880787064,153.03
2026-07-25T23:00:00Z,144.61082631346102,146.45499999999998
2026-07-26T00:00:00Z,143.25296476444947,148.025
2026-07-26T01:00:00Z,143.11364571225403,153.5925
2026-07-26T02:00:00Z,134.94644432745466,147.07999999999998
2026-07-26T03:00:00Z,132.77027886300448,137.9925
2026-07-26T04:00:00Z,123.53951838681405,124.8625
2026-07-26T05:00:00Z,112.03692885232545,110.1775
2026-07-26T06:00:00Z,84.13861138481192,93.76
2026-07-26T07:00:00Z,35.699162060481704,55.1825
2026-07-26T08:00:00Z,21.625438579660255,7.140000000000001
2026-07-26T09:00:00Z,13.377764951772635,-0.005
2026-07-26T10:00:00Z,5.345389282840701,-0.075
2026-07-26T11:00:00Z,0.34095458379243127,-0.2674999999999999
2026-07-26T12:00:00Z,0.7388568008844985,-0.67
2026-07-26T13:00:00Z,7.77285400351188,-0.86
2026-07-26T14:00:00Z,17.76936328385759,0.8624999999999999
2026-07-26T15:00:00Z,27.894109023980644,51.8225
2026-07-26T16:00:00Z,83.84738807441866,109.25
2026-07-26T17:00:00Z,115.47951101462675,139.29
2026-07-26T18:00:00Z,137.1257681260226,151.6825
2026-07-26T19:00:00Z,140.8792821889444,150.9425
2026-07-26T20:00:00Z,132.5564457040224,147.9975
2026-07-26T21:00:00Z,117.65954090457559,136.795
2026-07-26T22:00:00Z,56.76065962376722,86.0425
2026-07-26T23:00:00Z,47.62297491607958,70.6575
2026-07-27T00:00:00Z,47.51105380373095,61.7
2026-07-27T01:00:00Z,46.915868759782484,62.6375
2026-07-27T02:00:00Z,55.90710226091794,71.175
2026-07-27T03:00:00Z,84.23584777937609,91.02
2026-07-27T04:00:00Z,108.24489506073293,117.5575
2026-07-27T05:00:00Z,119.86037958594007,128.975
2026-07-27T06:00:00Z,113.52272814787183,118.975
2026-07-27T07:00:00Z,66.59300913044727,74.935
2026-07-27T08:00:00Z,22.699333144854123,23.7875
2026-07-27T09:00:00Z,17.777783859007734,0.98
2026-07-27T10:00:00Z,12.592586245338524,-0.01
2026-07-27T11:00:00Z,9.290089843659562,-0.1475
2026-07-27T12:00:00Z,6.976204901786281,-0.7050000000000001
2026-07-27T13:00:00Z,10.354350649631145,-0.08
2026-07-27T14:00:00Z,17.437944545471723,-0.0125
2026-07-27T15:00:00Z,36.95183897395236,14.4025
2026-07-27T16:00:00Z,91.26918447897833,97.29
2026-07-27T17:00:00Z,124.14912515596113,149.13
2026-07-27T18:00:00Z,163.0359403191594,173.7225
2026-07-27T19:00:00Z,170.49431991358216,178.995
2026-07-27T20:00:00Z,162.78203472731963,171.1075
2026-07-27T21:00:00Z,150.67757302307302,157.9875
2026-07-27T22:00:00Z,135.0989827350482,161.0025
2026-07-27T23:00:00Z,124.81119740561324,148.3075
2026-07-28T00:00:00Z,119.47414377008926,141.33
2026-07-28T01:00:00Z,125.12558705464197,135.87
2026-07-28T02:00:00Z,129.29765862070803,139.935
2026-07-28T03:00:00Z,136.69853263183575,149.7425
2026-07-28T04:00:00Z,148.73562958898373,167.555
2026-07-28T05:00:00Z,142.41033734450184,162.27499999999998
2026-07-28T06:00:00Z,119.70058322103698,144.16
2026-07-28T07:00:00Z,57.062922967575915,109.0225
2026-07-28T08:00:00Z,27.07657314220758,36.7675
2026-07-28T09:00:00Z,8.85686670759815,3.43
2026-07-28T10:00:00Z,-4.027257251438744,-0.0125
2026-07-28T11:00:00Z,-10.383405088801695,-0.0875
2026-07-28T12:00:00Z,-5.808122194246135,-0.03
2026-07-28T13:00:00Z,2.649957933613596,3.4025
2026-07-28T14:00:00Z,16.301172240389555,44.74
2026-07-28T15:00:00Z,51.496378563334076,107.6275
2026-07-28T16:00:00Z,123.7898303720684,156.9725
2026-07-28T17:00:00Z,158.42371115156442,198.8575
2026-07-28T18:00:00Z,214.89033642035184,216.755
2026-07-28T19:00:00Z,194.20189196199703,209.9275
2026-07-28T20:00:00Z,170.38522574196475,193.9575
2026-07-28T21:00:00Z,159.5491389513238,172.2625
2026-07-28T22:00:00Z,145.72292025729172,156.7575
2026-07-28T23:00:00Z,135.74143594650667,148.45
2026-07-29T00:00:00Z,128.98419356107857,137.2075
2026-07-29T01:00:00Z,126.84637504331077,135.0025
2026-07-29T02:00:00Z,127.63418121264444,140.3275
2026-07-29T03:00:00Z,141.91389633363917,148.51
2026-07-29T04:00:00Z,154.43380409430938,168.5725
2026-07-29T05:00:00Z,154.98306606775412,161.095
2026-07-29T06:00:00Z,127.48906081854643,146.1725
2026-07-29T07:00:00Z,81.56519430300732,122.11
2026-07-29T08:00:00Z,27.75878640883258,85.2875
2026-07-29T09:00:00Z,10.368277097625265,29.035
2026-07-29T10:00:00Z,-4.433867472425877,1.2374999999999998
2026-07-29T11:00:00Z,-12.543665337953836,-0.0425
2026-07-29T12:00:00Z,-14.7436421784633,-0.0225
2026-07-29T13:00:00Z,-6.176696677946875,7.375
2026-07-29T14:00:00Z,16.009346432202452,76.35
2026-07-29T15:00:00Z,87.08315241369462,125.3425
2026-07-29T16:00:00Z,137.2683849756097,162.315
2026-07-29T17:00:00Z,176.57044886145422,244.395
2026-07-29T18:00:00Z,242.9045461471875,263.64750000000004
2026-07-29T19:00:00Z,224.4222420049437,224.705
2026-07-29T20:00:00Z,181.1451901270354,192.925
2026-07-29T21:00:00Z,156.14951519252406,167.3125
2026-07-29T22:00:00Z,146.36529927424272,149.755
2026-07-29T23:00:00Z,141.73941164406583,142.385
2026-07-30T00:00:00Z,136.2462792467026,139.9975
2026-07-30T01:00:00Z,133.37858507634354,135.53
2026-07-30T02:00:00Z,131.21197548667163,132.7225
2026-07-30T03:00:00Z,132.84662600108592,137.6075
2026-07-30T04:00:00Z,151.29037570849147,148.46
2026-07-30T05:00:00Z,140.84715658425824,147.745
2026-07-30T06:00:00Z,113.99200273992865,139.045
2026-07-30T07:00:00Z,66.88696526948337,118.115
2026-07-30T08:00:00Z,27.4217788465603,85.0
2026-07-30T09:00:00Z,15.373867453668355,34.6
2026-07-30T10:00:00Z,-5.872708737066834,6.3525
2026-07-30T11:00:00Z,-13.52785936753541,2.67
2026-07-30T12:00:00Z,1.6244645775909028,14.9225
2026-07-30T13:00:00Z,16.41257750305272,62.4325
2026-07-30T14:00:00Z,26.548309456988903,98.1525
2026-07-30T15:00:00Z,86.48585579567478,126.8025
2026-07-30T16:00:00Z,127.8673807787768,149.2775
2026-07-30T17:00:00Z,156.59974377048724,173.77
2026-07-30T18:00:00Z,177.71882663571927,198.31
2026-07-30T19:00:00Z,180.71863212100845,207.03
2026-07-30T20:00:00Z,165.90190179538018,190.2975
2026-07-30T21:00:00Z,164.9445717941678,170.82999999999998
2026-07-30T22:00:00Z,155.14651011083845,168.21
2026-07-30T23:00:00Z,154.34722062810948,162.9525
2026-07-31T00:00:00Z,151.17930269283676,155.16
2026-07-31T01:00:00Z,148.4139017379353,154.1725
2026-07-31T02:00:00Z,150.98820966490842,157.34
2026-07-31T03:00:00Z,163.18544081230948,165.5125
2026-07-31T04:00:00Z,165.17862349550427,179.08749999999998
2026-07-31T05:00:00Z,164.0482042324727,172.5275
2026-07-31T06:00:00Z,150.06283326737184,159.0775
2026-07-31T07:00:00Z,115.29916713937871,139.3875
2026-07-31T08:00:00Z,77.86045895888307,119.605
2026-07-31T09:00:00Z,35.575995233564186,101.17
2026-07-31T10:00:00Z,19.063474877105453,94.1175
2026-07-31T11:00:00Z,14.178813657475736,83.2675
2026-07-31T12:00:00Z,24.564393773902186,86.285
2026-07-31T13:00:00Z,43.67818833476156,103.135
2026-07-31T14:00:00Z,73.28780105214611,120.865
2026-07-31T15:00:00Z,116.48987837596724,147.4925
2026-07-31T16:00:00Z,140.57706817952794,162.3075
2026-07-31T17:00:00Z,163.75024637035511,184.885
2026-07-31T18:00:00Z,184.87559898674522,192.74
2026-07-31T19:00:00Z,190.97675510392594,195.64
2026-07-31T20:00:00Z,161.89884627218368,191.13
2026-07-31T21:00:00Z,157.3718471205649,170.1475
2026-07-31T22:00:00Z,153.76006780906692,169.4375
2026-07-31T23:00:00Z,153.70070412794541,162.6575
2026-08-01T00:00:00Z,144.2600923837623,156.995
2026-08-01T01:00:00Z,138.68088073589098,154.60750000000002
2026-08-01T02:00:00Z,133.16504043396446,154.5225
2026-08-01T03:00:00Z,139.97454103537757,155.51749999999998
2026-08-01T04:00:00Z,141.27610365494206,154.79000000000002
2026-08-01T05:00:00Z,133.22231227925337,146.4225
2026-08-01T06:00:00Z,126.84099967000603,140.4075
2026-08-01T07:00:00Z,102.04178939066028,123.2725
2026-08-01T08:00:00Z,66.72432403621153,100.9225
2026-08-01T09:00:00Z,39.12624837967063,57.1525
2026-08-01T10:00:00Z,21.917085638721616,16.715
2026-08-01T11:00:00Z,9.288552249607308,0.4075
2026-08-01T12:00:00Z,-2.7069685234617182,0.0
2026-08-01T13:00:00Z,7.403037257841931,3.0775
2026-08-01T14:00:00Z,30.15525345444566,45.5175
2026-08-01T15:00:00Z,66.54976253516614,107.565
2026-08-01T16:00:00Z,120.12269674525182,145.135
2026-08-01T17:00:00Z,148.96641959070388,168.535
2026-08-01T18:00:00Z,169.06403759479787,180.9625
2026-08-01T19:00:00Z,171.8575930946978,180.6775
2026-08-01T20:00:00Z,161.51362613772142,178.5475
2026-08-01T21:00:00Z,154.51976989679343,170.0
2026-08-01T22:00:00Z,144.09117820359,169.625
2026-08-01T23:00:00Z,139.8705571835349,159.915
2026-08-02T00:00:00Z,130.97182867437414,156.8375
2026-08-02T01:00:00Z,129.7185539112605,154.4425
2026-08-02T02:00:00Z,129.784701991686,153.5925
2026-08-02T03:00:00Z,132.2736645879355,159.3275
2026-08-02T04:00:00Z,134.79935386644433,151.39749999999998
2026-08-02T05:00:00Z,121.7009984627209,138.7
2026-08-02T06:00:00Z,94.6825743842365,122.18
2026-08-02T07:00:00Z,56.190277537325535,62.685
2026-08-02T08:00:00Z,28.120996062161694,3.155
2026-08-02T09:00:00Z,2.179714139945604,-0.26
2026-08-02T10:00:00Z,-9.93757199723084,-1.275
2026-08-02T11:00:00Z,-19.324894311434896,-3.73
2026-08-02T12:00:00Z,-16.095613702015324,-1.785
2026-08-02T13:00:00Z,-10.747122843646935,-1.1775
2026-08-02T14:00:00Z,9.30230845422166,2.915
2026-08-02T15:00:00Z,69.40776736669704,95.4125
2026-08-02T16:00:00Z,125.05485509477755,148.1575
2026-08-02T17:00:00Z,158.3024189289169,176.8925
2026-08-02T18:00:00Z,176.62093356806588,185.6875
2026-08-02T19:00:00Z,160.47370776055743,177.69
2026-08-02T20:00:00Z,139.52453590667596,167.72750000000002
2026-08-02T21:00:00Z,128.14982053808444,152.8325
2026-08-02T22:00:00Z,110.75580818692325,139.7925
2026-08-02T23:00:00Z,109.00408874323237,135.11
2026-08-03T00:00:00Z,104.14869508491583,131.94
2026-08-03T01:00:00Z,110.78332530171429,129.7875
2026-08-03T02:00:00Z,114.6164488813264,132.7375
2026-08-03T03:00:00Z,123.41289677821085,144.29999999999998
2026-08-03T04:00:00Z,137.68601483718422,169.225
2026-08-03T05:00:00Z,136.65576096343347,164.49
2026-08-03T06:00:00Z,118.9561801760077,150.0
2026-08-03T07:00:00Z,60.939099918837336,135.1225
2026-08-03T08:00:00Z,24.38310410483343,110.785
2026-08-03T09:00:00Z,10.227892457901941,69.6775
2026-08-03T10:00:00Z,-11.302346022596101,26.03
2026-08-03T11:00:00Z,-22.66178823429827,16.3875
2026-08-03T12:00:00Z,-13.043144316617987,22.555
2026-08-03T13:00:00Z,4.709735472509768,60.8125
2026-08-03T14:00:00Z,22.670353481906908,102.8075
2026-08-03T15:00:00Z,78.67285313943385,139.8
2026-08-03T16:00:00Z,132.21441217879817,169.0275
2026-08-03T17:00:00Z,156.5430678143715,205.7675
2026-08-03T18:00:00Z,170.78146875464165,200.675
2026-08-03T19:00:00Z,159.1852792598715,185.8075
2026-08-03T20:00:00Z,134.31383047753468,174.43
2026-08-03T21:00:00Z,117.73123421581286,157.1375
2026-08-03T22:00:00Z,107.98143030291924,154.0
2026-08-03T23:00:00Z,107.95609828814389,144.7175
2026-08-04T00:00:00Z,109.34905897915225,138.995
2026-08-04T01:00:00Z,113.51631470753694,137.105
2026-08-04T02:00:00Z,119.34788383611921,143.165
2026-08-04T03:00:00Z,126.65327424823529,156.9525
2026-08-04T04:00:00Z,148.62602180965052,170.9325
2026-08-04T05:00:00Z,150.173144771264,169.2825
2026-08-04T06:00:00Z,132.6554165287619,161.49
2026-08-04T07:00:00Z,107.8905410443745,146.5375
2026-08-04T08:00:00Z,74.1243075040903,124.51
2026-08-04T09:00:00Z,25.112761545159465,103.7375
2026-08-04T10:00:00Z,12.766010917438027,87.3125
2026-08-04T11:00:00Z,10.925662613617224,76.465
2026-08-04T12:00:00Z,14.973587068660075,84.0625
2026-08-04T13:00:00Z,21.151601284232164,109.4575
2026-08-04T14:00:00Z,68.3500058391854,127.4375
2026-08-04T15:00:00Z,111.69394372422856,154.9625
2026-08-04T16:00:00Z,146.41468702864972,175.5475
2026-08-04T17:00:00Z,192.0513767219257,228.0
2026-08-04T18:00:00Z,220.55560940652123,240.005
2026-08-04T19:00:00Z,196.13095924982673,212.045
2026-08-04T20:00:00Z,166.98122062080682,185.1275
2026-08-04T21:00:00Z,150.9024026286868,163.065
2026-08-04T22:00:00Z,138.6719224127736,155.1925
2026-08-04T23:00:00Z,131.05798190484626,149.3475
2026-08-05T00:00:00Z,127.52094662223854,148.05
2026-08-05T01:00:00Z,124.2376896429934,144.255
2026-08-05T02:00:00Z,124.6584011778023,139.345
2026-08-05T03:00:00Z,126.86659397709582,144.2525
2026-08-05T04:00:00Z,140.28572311274272,157.18
2026-08-05T05:00:00Z,137.1368358091142,154.685
2026-08-05T06:00:00Z,111.2319932629096,139.7975
2026-08-05T07:00:00Z,61.8782225247367,112.0375
2026-08-05T08:00:00Z,34.60285192834163,64.45
2026-08-05T09:00:00Z,28.81330773575069,8.3325
2026-08-05T10:00:00Z,0.6798482616931771,-0.0375
2026-08-05T11:00:00Z,-10.66320713593548,-0.5425
2026-08-05T12:00:00Z,-2.383631503503679,-0.14
2026-08-05T13:00:00Z,19.71734980281997,-0.0174999999999999
2026-08-05T14:00:00Z,30.22970944892815,6.8275
2026-08-05T15:00:00Z,62.89323460643509,72.33500000000001
2026-08-05T16:00:00Z,126.9366099871155,135.07999999999998
2026-08-05T17:00:00Z,159.14295714794895,173.8975
2026-08-05T18:00:00Z,186.32358648250232,187.4625
2026-08-05T19:00:00Z,182.55899751911215,203.7375
2026-08-05T20:00:00Z,170.45563938663992,190.8125
2026-08-05T21:00:00Z,158.11920203054518,166.105
2026-08-05T22:00:00Z,134.07728192508944,162.5125
2026-08-05T23:00:00Z,127.84382615672367,155.2025
2026-08-06T00:00:00Z,124.67246534411213,146.6975
2026-08-06T01:00:00Z,121.03285903319573,137.83
2026-08-06T02:00:00Z,117.71691659486085,134.06
2026-08-06T03:00:00Z,122.49839789939809,135.7525
2026-08-06T04:00:00Z,134.59759615628582,156.0475
2026-08-06T05:00:00Z,128.40644800346013,149.32999999999998
2026-08-06T06:00:00Z,107.28465928076814,139.2225
2026-08-06T07:00:00Z,60.898761311724755,95.57
2026-08-06T08:00:00Z,20.325817578453247,25.085
2026-08-06T09:00:00Z,14.71290584840052,0.145
2026-08-06T10:00:00Z,2.735126593324198,-0.0849999999999999
2026-08-06T11:00:00Z,1.0076678824489704,-1.3575
2026-08-06T12:00:00Z,3.6408264280706977,-1.29
2026-08-06T13:00:00Z,3.472530060085294,-0.335
2026-08-06T14:00:00Z,17.444507559747613,0.0075
2026-08-06T15:00:00Z,32.080378102611135,38.425
2026-08-06T16:00:00Z,82.80823668910084,114.48
2026-08-06T17:00:00Z,130.03144785259897,143.1775
2026-08-06T18:00:00Z,139.2219849382214,162.6925
2026-08-06T19:00:00Z,143.06735054023648,167.14
2026-08-06T20:00:00Z,139.8752943761154,169.45499999999998
2026-08-06T21:00:00Z,134.79159109635782,158.4475
2026-08-06T22:00:00Z,131.60243533654173,145.0725
2026-08-06T23:00:00Z,133.18766829873084,138.655
2026-08-07T00:00:00Z,128.8372317631251,131.12
2026-08-07T01:00:00Z,128.94533346207632,129.0675
2026-08-07T02:00:00Z,131.56312754771983,131.575
2026-08-07T03:00:00Z,135.2613518496358,141.33249999999998
2026-08-07T04:00:00Z,152.18453988842083,156.16750000000002
2026-08-07T05:00:00Z,150.61282652924626,154.9725
2026-08-07T06:00:00Z,127.1432928186823,145.5775
2026-08-07T07:00:00Z,79.25023308813485,126.1175
2026-08-07T08:00:00Z,39.231173392410454,102.1625
2026-08-07T09:00:00Z,17.92143352991818,66.5125
2026-08-07T10:00:00Z,10.733303107194867,28.15
2026-08-07T11:00:00Z,12.077080364390902,13.0175
2026-08-07T12:00:00Z,9.343971673350694,18.7275
2026-08-07T13:00:00Z,17.104182715904592,44.34
2026-08-07T14:00:00Z,33.25188800986962,87.34
2026-08-07T15:00:00Z,82.50846137138973,118.6675
2026-08-07T16:00:00Z,130.67322148835717,144.71
2026-08-07T17:00:00Z,159.61978459090403,172.6025
2026-08-07T18:00:00Z,182.00122711437086,195.1225
2026-08-07T19:00:00Z,178.46973913139357,194.65
2026-08-07T20:00:00Z,167.51591456993214,178.0875
2026-08-07T21:00:00Z,156.91884753678016,166.095
2026-08-07T22:00:00Z,151.66311776721346,155.74
2026-08-07T23:00:00Z,149.88386205585158,149.0
2026-08-08T00:00:00Z,139.83047609562976,145.2375
2026-08-08T01:00:00Z,138.01605562328191,145.92
2026-08-08T02:00:00Z,136.41451507033844,143.865
2026-08-08T03:00:00Z,144.6845242593252,145.695
2026-08-08T04:00:00Z,141.95746744109164,146.2625
2026-08-08T05:00:00Z,123.72468303699551,137.6975
2026-08-08T06:00:00Z,92.80601502581573,115.0325
2026-08-08T07:00:00Z,39.396379665561454,62.545
2026-08-08T08:00:00Z,13.316440483495581,3.86
2026-08-08T09:00:00Z,-4.484014324738933,-1.5174999999999998
2026-08-08T10:00:00Z,-17.997781255775664,-5.9875
2026-08-08T11:00:00Z,-22.73494087191994,-10.9975
2026-08-08T12:00:00Z,-23.9304980556943,-12.1525
2026-08-08T13:00:00Z,-16.78161585542529,-7.012499999999999
2026-08-08T14:00:00Z,5.825338107398611,-0.5625
2026-08-08T15:00:00Z,44.25985522633206,68.16499999999999
2026-08-08T16:00:00Z,121.37199261491236,140.0
2026-08-08T17:00:00Z,166.02874996994757,167.865
2026-08-08T18:00:00Z,188.49316551080472,184.6575
2026-08-08T19:00:00Z,183.8073990711573,179.4975
2026-08-08T20:00:00Z,154.05594723514832,170.85
2026-08-08T21:00:00Z,136.56053691018664,154.42000000000002
2026-08-08T22:00:00Z,123.57626360096562,145.27499999999998
2026-08-08T23:00:00Z,117.03031446874269,139.345
2026-08-09T00:00:00Z,112.60145044892131,136.4425
2026-08-09T01:00:00Z,111.24217103889521,133.95
2026-08-09T02:00:00Z,110.19643940484302,134.0275
2026-08-09T03:00:00Z,112.44095149998266,135.0
2026-08-09T04:00:00Z,114.53147081039845,131.7975
2026-08-09T05:00:00Z,102.85947820804746,118.1875
2026-08-09T06:00:00Z,60.97552584156949,91.6275
2026-08-09T07:00:00Z,18.13888576679952,27.49
2026-08-09T08:00:00Z,-6.9864335691907264,0.3025
2026-08-09T09:00:00Z,-21.70338766011359,-0.0475
2026-08-09T10:00:00Z,-27.807273808427738,-2.6500000000000004
2026-08-09T11:00:00Z,-37.08755145250381,-5.08
2026-08-09T12:00:00Z,-42.68048565567368,-2.0625
2026-08-09T13:00:00Z,-34.13145019233167,-0.0325
2026-08-09T14:00:00Z,3.3172588440847797,3.78
2026-08-09T15:00:00Z,42.672792730718626,82.45
2026-08-09T16:00:00Z,110.44651708450976,151.1875
2026-08-09T17:00:00Z,154.2894719137705,169.0275
2026-08-09T18:00:00Z,175.78086512583303,176.09
2026-08-09T19:00:00Z,167.4031484606689,174.1325
2026-08-09T20:00:00Z,159.34901835752834,170.0
2026-08-09T21:00:00Z,144.83534702484724,157.15
2026-08-09T22:00:00Z,131.87052076721346,146.4725
2026-08-09T23:00:00Z,132.58585479039203,138.015
2026-08-10T00:00:00Z,133.84024233018386,131.495
2026-08-10T01:00:00Z,131.7782165665169,126.925
2026-08-10T02:00:00Z,135.40248469543303,127.475
2026-08-10T03:00:00Z,140.92549763372324,143.075
2026-08-10T04:00:00Z,160.31668701822912,163.2425
2026-08-10T05:00:00Z,157.21017069174405,164.70749999999998
2026-08-10T06:00:00Z,130.22276161051246,160.885
2026-08-10T07:00:00Z,86.18297464385402,138.8825
2026-08-10T08:00:00Z,29.165237112903228,111.6075
2026-08-10T09:00:00Z,13.441673734438671,79.1375
2026-08-10T10:00:00Z,5.37636522364568,36.785
2026-08-10T11:00:00Z,-0.2319502589031881,9.1425
2026-08-10T12:00:00Z,1.95761947293067,4.3375
2026-08-10T13:00:00Z,6.407543813201141,10.0
2026-08-10T14:00:00Z,17.69429951655312,48.9475
2026-08-10T15:00:00Z,33.506659748284804,106.1575
2026-08-10T16:00:00Z,105.81687717790344,137.7
2026-08-10T17:00:00Z,134.88690285561273,165.70749999999998
2026-08-10T18:00:00Z,158.0196177760123,176.9525
2026-08-10T19:00:00Z,156.50085675489737,181.5325
2026-08-10T20:00:00Z,138.62951624697018,169.185
2026-08-10T21:00:00Z,129.26482325023585,151.44
2026-08-10T22:00:00Z,107.0276467346527,139.1975
2026-08-10T23:00:00Z,102.27483975475016,140.9875
2026-08-11T00:00:00Z,100.23176890695882,136.1975
2026-08-11T01:00:00Z,103.1678808644119,128.7325
2026-08-11T02:00:00Z,106.57140493749844,129.9225
2026-08-11T03:00:00Z,117.1954695226323,140.04
2026-08-11T04:00:00Z,135.51448217982045,156.7925
2026-08-11T05:00:00Z,134.8889231478354,157.86
2026-08-11T06:00:00Z,115.0730817426175,143.7875
2026-08-11T07:00:00Z,57.44780395200505,110.825
2026-08-11T08:00:00Z,28.90643570466579,57.8475
2026-08-11T09:00:00Z,-6.013000708079044,9.5325
2026-08-11T10:00:00Z,-20.505614504893934,0.0175
2026-08-11T11:00:00Z,-26.1901015095411,-0.1025
2026-08-11T12:00:00Z,-18.887073681021498,-0.09
2026-08-11T13:00:00Z,-6.684075742532077,3.1375
2026-08-11T14:00:00Z,16.314717246609668,44.4825
2026-08-11T15:00:00Z,66.06623344144023,109.875
2026-08-11T16:00:00Z,128.23684291955874,146.4975
2026-08-11T17:00:00Z,164.68319540255914,178.29000000000002
2026-08-11T18:00:00Z,199.44852104253664,198.9775
2026-08-11T19:00:00Z,185.7536078182717,189.34
2026-08-11T20:00:00Z,165.53250530895025,172.92000000000002
2026-08-11T21:00:00Z,157.12491287930135,154.1
2026-08-11T22:00:00Z,143.76145060653056,155.2825
2026-08-11T23:00:00Z,142.65829687966283,149.505
2026-08-12T00:00:00Z,140.90573171376707,143.3
2026-08-12T01:00:00Z,139.40114913208438,139.7525
2026-08-12T02:00:00Z,141.67452174179004,139.9
2026-08-12T03:00:00Z,153.55315143572034,153.5
2026-08-12T04:00:00Z,175.9117867891989,172.575
2026-08-12T05:00:00Z,165.3931245024442,167.5425
2026-08-12T06:00:00Z,141.3159302940054,155.2125
2026-08-12T07:00:00Z,83.14967837623962,128.7275
2026-08-12T08:00:00Z,16.48359197397459,87.585
2026-08-12T09:00:00Z,5.750521276343058,40.3425
2026-08-12T10:00:00Z,0.4180952550773718,14.75
2026-08-12T11:00:00Z,-11.799134629809537,3.55
2026-08-12T12:00:00Z,-4.854618629767842,14.97
2026-08-12T13:00:00Z,0.8313035427059123,40.7375
2026-08-12T14:00:00Z,20.109183624391218,97.7075
2026-08-12T15:00:00Z,94.45592934645134,140.5875
2026-08-12T16:00:00Z,141.03289782219474,183.5225
2026-08-12T17:00:00Z,184.6835482367057,300.0
2026-08-12T18:00:00Z,200.41296855744787,300.2075
2026-08-12T19:00:00Z,177.90722557076327,229.62
2026-08-12T20:00:00Z,165.07765768105116,190.6625
2026-08-12T21:00:00Z,141.99747916322207,172.1
2026-08-12T22:00:00Z,131.3462154736485,154.1025
2026-08-12T23:00:00Z,129.62955324381602,147.5925
2026-08-13T00:00:00Z,131.19609340038102,143.4225
2026-08-13T01:00:00Z,132.53022319311222,142.7225
2026-08-13T02:00:00Z,137.1904967171634,144.92000000000002
2026-08-13T03:00:00Z,144.64979887423624,157.3975
2026-08-13T04:00:00Z,164.05174456706828,174.23250000000002
2026-08-13T05:00:00Z,158.73812043666953,171.0975
2026-08-13T06:00:00Z,130.44526388015856,156.8
2026-08-13T07:00:00Z,73.97654222566425,135.65
2026-08-13T08:00:00Z,29.698568912402123,109.595
2026-08-13T09:00:00Z,3.8654765386217527,51.7275
2026-08-13T10:00:00Z,-9.00080540616851,2.805
2026-08-13T11:00:00Z,-13.374942201268578,0.0
2026-08-13T12:00:00Z,-9.68648218661486,2.52
2026-08-13T13:00:00Z,-0.9541955209597166,44.44
2026-08-13T14:00:00Z,32.28062455904346,111.4775
2026-08-13T15:00:00Z,87.98063440046572,150.0075
2026-08-13T16:00:00Z,145.38055056406495,203.9975
2026-08-13T17:00:00Z,193.65334306080422,326.6
2026-08-13T18:00:00Z,204.59424211496992,338.8625
2026-08-13T19:00:00Z,186.76849688096775,270.01
2026-08-13T20:00:00Z,155.08602625953318,213.4825
2026-08-13T21:00:00Z,134.2767939931315,176.1725
2026-08-13T22:00:00Z,128.0791224377987,158.8675
2026-08-13T23:00:00Z,122.88378032988655,151.86
2026-08-14T00:00:00Z,122.55851727499304,145.73000000000002
2026-08-14T01:00:00Z,125.66596914399064,142.05
2026-08-14T02:00:00Z,127.19389935171621,143.9075
2026-08-14T03:00:00Z,141.62819305500005,154.6975
2026-08-14T04:00:00Z,157.98666156431824,171.95999999999998
2026-08-14T05:00:00Z,157.22175846436755,170.0825
2026-08-14T06:00:00Z,135.03307584001809,151.835
2026-08-14T07:00:00Z,83.95385127509337,135.20000000000002
2026-08-14T08:00:00Z,36.04221069830926,104.4625
2026-08-14T09:00:00Z,2.7482796218781065,63.615
2026-08-14T10:00:00Z,-7.180096184541664,25.0
2026-08-14T11:00:00Z,-14.919154321536329,8.0025
2026-08-14T12:00:00Z,-9.889480763856543,17.305
2026-08-14T13:00:00Z,2.910279604128336,65.79
2026-08-14T14:00:00Z,33.408047881641,116.32
2026-08-14T15:00:00Z,98.6812065007385,143.655
2026-08-14T16:00:00Z,158.57792433079646,179.99
2026-08-14T17:00:00Z,202.56971405321138,246.81
2026-08-14T18:00:00Z,208.88995037944574,263.725
2026-08-14T19:00:00Z,189.45685048651058,231.57
2026-08-14T20:00:00Z,167.25185067228625,198.0
2026-08-14T21:00:00Z,147.7730812994049,177.5175
2026-08-14T22:00:00Z,134.20900118192816,169.4475
2026-08-14T23:00:00Z,130.31232934308977,162.3975
2026-08-15T00:00:00Z,125.87312818698243,156.9025
2026-08-15T01:00:00Z,124.89889880173752,156.9375
2026-08-15T02:00:00Z,125.87756802908515,154.515
2026-08-15T03:00:00Z,125.23737097644374,153.8425
2026-08-15T04:00:00Z,130.91540424499476,156.9825
2026-08-15T05:00:00Z,120.61216157224044,151.935
2026-08-15T06:00:00Z,101.92163175723343,137.2825
2026-08-15T07:00:00Z,61.31233655672609,109.675
2026-08-15T08:00:00Z,32.745234965770806,60.995000000000005
2026-08-15T09:00:00Z,5.537521699725897,21.215
2026-08-15T10:00:00Z,-7.514540069328415,4.3675
2026-08-15T11:00:00Z,-18.705394158213508,1.0074999999999998
2026-08-15T12:00:00Z,-20.92860454039331,4.32
2026-08-15T13:00:00Z,-2.172951755483634,15.0975
2026-08-15T14:00:00Z,36.62819646505511,68.5875
2026-08-15T15:00:00Z,76.05885729046679,130.4625
2026-08-15T16:00:00Z,129.0468040874274,164.5125
2026-08-15T17:00:00Z,162.94473323696764,179.965
2026-08-15T18:00:00Z,163.89175686452342,184.99
2026-08-15T19:00:00Z,163.8418527109353,183.3425
2026-08-15T20:00:00Z,156.62540848428625,179.5925
2026-08-15T21:00:00Z,145.3400481858733,173.99
2026-08-15T22:00:00Z,140.52464933388305,174.3125
2026-08-15T23:00:00Z,140.79930397688298,168.58749999999998
2026-08-16T00:00:00Z,132.7500586890257,165.32999999999998
2026-08-16T01:00:00Z,133.11311188923096,157.535
2026-08-16T02:00:00Z,131.598603040696,156.9
2026-08-16T03:00:00Z,132.85542147157196,156.945
2026-08-16T04:00:00Z,136.87027305842952,156.6
2026-08-16T05:00:00Z,131.2017621366781,150.37
2026-08-16T06:00:00Z,123.95441805032893,145.83249999999998
2026-08-16T07:00:00Z,84.05371767850541,124.365
2026-08-16T08:00:00Z,30.71993455235381,96.9
2026-08-16T09:00:00Z,17.481048892253607,61.23
2026-08-16T10:00:00Z,7.978326477996212,43.53
2026-08-16T11:00:00Z,-0.20244017757064547,27.3375
2026-08-16T12:00:00Z,3.7528470657578463,36.5575
2026-08-16T13:00:00Z,15.23367753312237,67.7025
2026-08-16T14:00:00Z,27.73710091045005,116.135
2026-08-16T15:00:00Z,91.0396823494236,145.325
2026-08-16T16:00:00Z,129.11652121778303,169.4375
2026-08-16T17:00:00Z,159.0699008473606,187.97
2026-08-16T18:00:00Z,173.31525206567557,200.0175
2026-08-16T19:00:00Z,172.481720070826,205.675
2026-08-16T20:00:00Z,169.29091817235752,206.535
2026-08-16T21:00:00Z,158.71732969733165,192.6475
2026-08-16T22:00:00Z,160.8539698061141,192.1275
2026-08-16T23:00:00Z,158.14400219601623,178.81
2026-08-17T00:00:00Z,154.08242473571784,163.9
2026-08-17T01:00:00Z,150.94453508806902,160.28
2026-08-17T02:00:00Z,152.30926055242924,159.07
2026-08-17T03:00:00Z,156.02840559096938,174.9675
2026-08-17T04:00:00Z,180.8860452956572,197.4
2026-08-17T05:00:00Z,191.89720011485866,205.15
2026-08-17T06:00:00Z,173.78126044455917,208.6125
2026-08-17T07:00:00Z,149.69349388926605,198.79
2026-08-17T08:00:00Z,138.01239665160165,175.4875
2026-08-17T09:00:00Z,127.77109922674632,166.9725
2026-08-17T10:00:00Z,122.42818287961168,154.285
2026-08-17T11:00:00Z,109.84249373367417,150.1925
2026-08-17T12:00:00Z,103.94310690626985,141.2975
2026-08-17T13:00:00Z,101.95040187722884,139.885
2026-08-17T14:00:00Z,111.57183245790482,140.085
2026-08-17T15:00:00Z,129.0270837561421,152.0225
2026-08-17T16:00:00Z,144.0260783906711,177.1
2026-08-17T17:00:00Z,167.23396045686184,204.1025
2026-08-17T18:00:00Z,175.19386734245933,213.4
2026-08-17T19:00:00Z,170.82940209240957,210.0025
2026-08-17T20:00:00Z,158.5504013024199,197.705
2026-08-17T21:00:00Z,153.229228841674,179.92000000000002
2026-08-17T22:00:00Z,145.58298412993514,173.5675
2026-08-17T23:00:00Z,142.08770253164028,159.7875
2026-08-18T00:00:00Z,139.12612287009972,150.805
2026-08-18T01:00:00Z,138.69736471087865,148.39249999999998
2026-08-18T02:00:00Z,140.92468459181808,149.22
2026-08-18T03:00:00Z,150.6460468335511,159.03
2026-08-18T04:00:00Z,171.24804133788814,187.78
2026-08-18T05:00:00Z,186.58722661104713,192.5725
2026-08-18T06:00:00Z,172.69991539055047,185.22
2026-08-18T07:00:00Z,158.21619158509037,161.43
2026-08-18T08:00:00Z,139.18266710575,152.3825
2026-08-18T09:00:00Z,132.23676185150995,145.64249999999998
2026-08-18T10:00:00Z,116.27493778915455,136.575
2026-08-18T11:00:00Z,109.29594373249425,131.8525
2026-08-18T12:00:00Z,98.44708349525875,130.5375
2026-08-18T13:00:00Z,100.64985804790643,132.4425
2026-08-18T14:00:00Z,113.32209937166921,138.9475
2026-08-18T15:00:00Z,125.57638352902279,154.1525
2026-08-18T16:00:00Z,143.56791439314088,178.555
2026-08-18T17:00:00Z,176.62920973666905,197.6825
2026-08-18T18:00:00Z,180.30625355743462,200.395
2026-08-18T19:00:00Z,168.14192835628592,198.795
2026-08-18T20:00:00Z,145.24504146823784,191.385
2026-08-18T21:00:00Z,131.45723549473192,177.1425
2026-08-18T22:00:00Z,126.44190257277661,176.6
2026-08-18T23:00:00Z,117.91993178756859,157.6
2026-08-19T00:00:00Z,116.9411625816898,151.4125
2026-08-19T01:00:00Z,119.25373020145804,147.3
2026-08-19T02:00:00Z,120.18740613558566,148.995
2026-08-19T03:00:00Z,124.4951653970335,161.665
2026-08-19T04:00:00Z,143.61965795797937,184.7375
2026-08-19T05:00:00Z,151.2671606005564,192.63
2026-08-19T06:00:00Z,136.0948893141716,190.865
2026-08-19T07:00:00Z,112.41079911542711,169.675
2026-08-19T08:00:00Z,88.25016511542495,152.66750000000002
2026-08-19T09:00:00Z,57.829381376578496,142.96
2026-08-19T10:00:00Z,46.68492592761012,136.08249999999998
2026-08-19T11:00:00Z,46.044476627932426,128.20499999999998
2026-08-19T12:00:00Z,41.417941678486926,127.7725
2026-08-19T13:00:00Z,44.90891023088328,131.0075
2026-08-19T14:00:00Z,58.12245355959695,138.3175
2026-08-19T15:00:00Z,97.18618311153608,153.6425
2026-08-19T16:00:00Z,130.80286696636344,183.735
2026-08-19T17:00:00Z,165.66605680832362,207.5525
2026-08-19T18:00:00Z,175.14118729183406,209.445
2026-08-19T19:00:00Z,180.37312779873503,206.1225
2026-08-19T20:00:00Z,170.83385156337908,199.0975
2026-08-19T21:00:00Z,163.70933083794898,186.5475
2026-08-19T22:00:00Z,143.8069327863525,172.7125
2026-08-19T23:00:00Z,142.8252337476966,162.35000000000002
2026-08-20T00:00:00Z,137.45648100638527,153.73250000000002
2026-08-20T01:00:00Z,135.92262951266636,147.99
2026-08-20T02:00:00Z,135.69361678414103,148.4925
2026-08-20T03:00:00Z,146.65906966279942,159.55
2026-08-20T04:00:00Z,163.23031457050894,182.8
2026-08-20T05:00:00Z,163.1790595751536,186.4325
2026-08-20T06:00:00Z,148.70030346800405,171.7475
2026-08-20T07:00:00Z,112.31743249265374,154.505
2026-08-20T08:00:00Z,71.69040471466194,135.74
2026-08-20T09:00:00Z,47.04699362759322,109.455
2026-08-20T10:00:00Z,42.62510425104511,83.63
2026-08-20T11:00:00Z,38.017699139897914,63.7075
2026-08-20T12:00:00Z,37.34559376901103,69.44
2026-08-20T13:00:00Z,44.21634721957031,91.2075
2026-08-20T14:00:00Z,37.129368266316426,106.005
2026-08-20T15:00:00Z,89.52256252659534,144.2
2026-08-20T16:00:00Z,136.8184029411779,164.245
2026-08-20T17:00:00Z,181.65516000733157,192.2225
2026-08-20T18:00:00Z,198.9013930312401,200.6
2026-08-20T19:00:00Z,188.31587154379298,195.6175
2026-08-20T20:00:00Z,172.96722390141696,187.9275
2026-08-20T21:00:00Z,150.7141285314284,173.015
2026-08-20T22:00:00Z,133.80102865056244,170.35
2026-08-20T23:00:00Z,127.3784294507776,160.49
2026-08-21T00:00:00Z,126.67600426103456,152.4875
2026-08-21T01:00:00Z,124.23101161540251,151.47500000000002
2026-08-21T02:00:00Z,127.63430482239944,153.21
2026-08-21T03:00:00Z,135.98867360458965,165.875
2026-08-21T04:00:00Z,158.5031373457607,189.21
2026-08-21T05:00:00Z,152.16394881341915,193.89
2026-08-21T06:00:00Z,139.99648646629757,192.585
2026-08-21T07:00:00Z,123.17189074900497,167.82999999999998
2026-08-21T08:00:00Z,102.06018780943259,149.0
2026-08-21T09:00:00Z,99.0889285456124,138.8825
2026-08-21T10:00:00Z,91.56167839232054,135.21
2026-08-21T11:00:00Z,91.64071188225091,140.495
2026-08-21T12:00:00Z,101.32298316976862,141.1725
2026-08-21T13:00:00Z,113.43172310927925,149.7475
2026-08-21T14:00:00Z,130.35535097741456,166.49
2026-08-21T15:00:00Z,142.06690493283742,186.2075
2026-08-21T16:00:00Z,154.59706017090372,196.99
2026-08-21T17:00:00Z,175.19962262141104,204.415
2026-08-21T18:00:00Z,177.80319452712547,203.905
2026-08-21T19:00:00Z,173.0217542893197,198.715
2026-08-21T20:00:00Z,160.75310944086306,187.3575
2026-08-21T21:00:00Z,153.46727389736543,173.5
2026-08-21T22:00:00Z,143.8607232760317,168.0075
2026-08-21T23:00:00Z,135.95747860546794,161.535
2026-08-22T00:00:00Z,131.1670387318233,158.7125
2026-08-22T01:00:00Z,127.90467694941754,154.39
2026-08-22T02:00:00Z,123.12341429535456,148.5
2026-08-22T03:00:00Z,123.34649574311001,145.5075
2026-08-22T04:00:00Z,125.43926904735062,153.89
2026-08-22T05:00:00Z,117.84490894647095,144.005
2026-08-22T06:00:00Z,100.1231906766734,128.13
2026-08-22T07:00:00Z,72.45198161296148,90.2675
2026-08-22T08:00:00Z,42.15744749928331,50.295
2026-08-22T09:00:00Z,36.99325450982556,19.8125
2026-08-22T10:00:00Z,25.469956244226424,0.9975
2026-08-22T11:00:00Z,11.533630466555383,-0.005
2026-08-22T12:00:00Z,8.101528390927133,-0.01
2026-08-22T13:00:00Z,14.534633406249336,-0.0975
2026-08-22T14:00:00Z,17.432604730343265,-0.0025
2026-08-22T15:00:00Z,22.93769095198068,28.39
2026-08-22T16:00:00Z,58.15764909250219,105.0725
2026-08-22T17:00:00Z,101.78160650026614,149.15
2026-08-22T18:00:00Z,114.37288290142281,164.1625
2026-08-22T19:00:00Z,106.1429138168043,168.2025
2026-08-22T20:00:00Z,103.98893559392009,155.70749999999998
2026-08-22T21:00:00Z,104.08330474467189,141.12
2026-08-22T22:00:00Z,96.00641964838215,132.6725
2026-08-22T23:00:00Z,90.37695945930746,125.82
2026-08-23T00:00:00Z,80.45544129201407,119.365
2026-08-23T01:00:00Z,77.28172674085826,116.21
2026-08-23T02:00:00Z,76.522056474218,114.7425
2026-08-23T03:00:00Z,73.90124041840247,116.735
2026-08-23T04:00:00Z,83.51344533498302,116.7075
2026-08-23T05:00:00Z,73.61428029910925,102.0925
2026-08-23T06:00:00Z,40.74394388920287,49.83
2026-08-23T07:00:00Z,22.287877051714553,1.005
2026-08-23T08:00:00Z,9.728667939731189,-0.5700000000000001
2026-08-23T09:00:00Z,-6.922802212654034,-1.83
2026-08-23T10:00:00Z,-17.12208054318637,-3.035
2026-08-23T11:00:00Z,-21.38541766577616,-4.9975000000000005
2026-08-23T12:00:00Z,-16.368478644601684,-4.2325
2026-08-23T13:00:00Z,-8.409589545747792,-1.4775
2026-08-23T14:00:00Z,13.621349036813234,-0.5325
2026-08-23T15:00:00Z,23.915208025178494,48.375
2026-08-23T16:00:00Z,86.9750524677103,144.4225
2026-08-23T17:00:00Z,133.42272839535468,180.2
2026-08-23T18:00:00Z,154.2081785141777,185.89
2026-08-23T19:00:00Z,158.1439908384245,178.05
2026-08-23T20:00:00Z,149.6404674445975,172.6775
2026-08-23T21:00:00Z,141.42639482237286,165.45
2026-08-23T22:00:00Z,135.73629385910613,160.93
2026-08-23T23:00:00Z,131.6455621528243,152.6225
2026-08-24T00:00:00Z,130.83242993919828,147.8825
2026-08-24T01:00:00Z,130.53212763397465,148.735
2026-08-24T02:00:00Z,137.25692585003253,151.2975
2026-08-24T03:00:00Z,151.38871898452925,172.67000000000002
2026-08-24T04:00:00Z,177.2532703593523,205.67
2026-08-24T05:00:00Z,181.83151827987928,206.4
2026-08-24T06:00:00Z,154.82665201829911,176.78
2026-08-24T07:00:00Z,106.66523777577899,141.345
2026-08-24T08:00:00Z,54.59787008911145,112.5725
2026-08-24T09:00:00Z,41.7315747169671,80.26
2026-08-24T10:00:00Z,22.589074366854156,55.6325
2026-08-24T11:00:00Z,16.077481901540995,34.145
2026-08-24T12:00:00Z,15.32930072929415,35.6575
2026-08-24T13:00:00Z,23.213699579898517,72.4975
2026-08-24T14:00:00Z,49.0440664504906,102.0875
2026-08-24T15:00:00Z,114.28509525431073,143.46
2026-08-24T16:00:00Z,155.92109815572866,182.335
2026-08-24T17:00:00Z,200.86249504210514,219.37
2026-08-24T18:00:00Z,201.1869536492436,219.5275
2026-08-24T19:00:00Z,170.75196466775077,188.0275
2026-08-24T20:00:00Z,154.77260887261986,171.775
2026-08-24T21:00:00Z,137.7827308722249,154.725
2026-08-24T22:00:00Z,126.98235658718792,152.34
2026-08-24T23:00:00Z,119.3715531435372,146.825
2026-08-25T00:00:00Z,114.46066885447215,142.415
2026-08-25T01:00:00Z,114.98948847419784,140.005
2026-08-25T02:00:00Z,120.04938757781746,141.62
2026-08-25T03:00:00Z,130.3989282014174,149.57999999999998
2026-08-25T04:00:00Z,153.6250727319167,171.415
2026-08-25T05:00:00Z,145.2497325432189,180.66
2026-08-25T06:00:00Z,132.88726925743202,171.405
2026-08-25T07:00:00Z,111.50644696272,145.4375
2026-08-25T08:00:00Z,62.34884481951168,117.46
2026-08-25T09:00:00Z,23.308394936407037,83.145
2026-08-25T10:00:00Z,16.94305857033377,67.1575
2026-08-25T11:00:00Z,14.442493276305232,62.2075
2026-08-25T12:00:00Z,17.210865278934364,68.4625
2026-08-25T13:00:00Z,22.04140789162185,84.9975
2026-08-25T14:00:00Z,44.540395045528356,114.4025
2026-08-25T15:00:00Z,101.2992567588512,147.0525
2026-08-25T16:00:00Z,134.05407053566068,178.7825
2026-08-25T17:00:00Z,156.23385335594003,209.3075
2026-08-25T18:00:00Z,151.88887795138015,205.1425
2026-08-25T19:00:00Z,132.6868833633665,182.4925
2026-08-25T20:00:00Z,116.39829084460263,172.26749999999998
2026-08-25T21:00:00Z,104.97937832205795,159.66
2026-08-25T22:00:00Z,113.5688582036686,164.0275
2026-08-25T23:00:00Z,111.81734465384092,157.0575
2026-08-26T00:00:00Z,110.85481568889399,151.64249999999998
2026-08-26T01:00:00Z,111.38995730380108,149.6
2026-08-26T02:00:00Z,114.41457376747118,151.7575
2026-08-26T03:00:00Z,127.37019913890627,160.465
2026-08-26T04:00:00Z,148.43395280754936,185.13
2026-08-26T05:00:00Z,156.6788747654005,195.5375
2026-08-26T06:00:00Z,147.59764887525324,193.52
2026-08-26T07:00:00Z,116.16523692490793,166.6225
2026-08-26T08:00:00Z,68.4858478060685,137.48
2026-08-26T09:00:00Z,23.725897081128547,120.66
2026-08-26T10:00:00Z,22.50207202554016,98.605
2026-08-26T11:00:00Z,19.162878943555555,89.54
2026-08-26T12:00:00Z,21.358215592776716,91.97
2026-08-26T13:00:00Z,22.21652774360701,102.5525
2026-08-26T14:00:00Z,42.844712158595556,122.5075
2026-08-26T15:00:00Z,90.56945283828153,156.97
2026-08-26T16:00:00Z,130.97243556889902,185.625
2026-08-26T17:00:00Z,159.22336713703288,211.245
2026-08-26T18:00:00Z,152.00976615554305,201.7775
2026-08-26T19:00:00Z,128.90341092959287,178.6925
2026-08-26T20:00:00Z,109.55723236494572,163.58749999999998
2026-08-26T21:00:00Z,97.57734349941744,151.1125
2026-08-26T22:00:00Z,92.14772102928515,148.555
2026-08-26T23:00:00Z,86.57818196871614,142.175
2026-08-27T00:00:00Z,86.1773770307184,135.17000000000002
2026-08-27T01:00:00Z,87.96637081326608,134.4225
2026-08-27T02:00:00Z,87.73404939426462,136.19
2026-08-27T03:00:00Z,96.54914264857119,146.56
2026-08-27T04:00:00Z,113.54188558099942,167.58249999999998
2026-08-27T05:00:00Z,118.2675183812449,174.14499999999998
2026-08-27T06:00:00Z,99.13278984717302,160.3875
2026-08-27T07:00:00Z,58.64205560553452,124.6525
2026-08-27T08:00:00Z,38.44958544157929,104.1025
2026-08-27T09:00:00Z,24.896891150685953,57.5775
2026-08-27T10:00:00Z,4.533433666680663,21.6825
2026-08-27T11:00:00Z,-2.9359240623061957,6.5725
2026-08-27T12:00:00Z,-5.402653773511176,14.1925
2026-08-27T13:00:00Z,2.2748931952371176,45.3825
2026-08-27T14:00:00Z,25.007931146569064,96.15
2026-08-27T15:00:00Z,41.93709135243962,141.7
2026-08-27T16:00:00Z,113.42815845390483,173.8125
2026-08-27T17:00:00Z,138.2768053051835,199.2625
2026-08-27T18:00:00Z,143.99168244630607,191.4875
2026-08-27T19:00:00Z,119.56509401813028,175.92000000000002
2026-08-27T20:00:00Z,107.46286371953596,164.92000000000002
2026-08-27T21:00:00Z,95.37408707530824,150.39
2026-08-27T22:00:00Z,94.24837204277696,139.52249999999998
2026-08-27T23:00:00Z,91.45241860531526,139.2875
2026-08-28T00:00:00Z,88.44441273362162,138.2425
2026-08-28T01:00:00Z,92.22189870019882,138.8
2026-08-28T02:00:00Z,97.0242747631733,139.09
2026-08-28T03:00:00Z,106.40206206747516,146.76749999999998
2026-08-28T04:00:00Z,128.76728919816227,171.0075
2026-08-28T05:00:00Z,141.8671233305506,177.98
2026-08-28T06:00:00Z,129.07077790460238,169.47
2026-08-28T07:00:00Z,111.04652396378036,155.1525
2026-08-28T08:00:00Z,97.23404740731289,137.64
2026-08-28T09:00:00Z,72.58965091596104,121.5825
2026-08-28T10:00:00Z,53.19276067715652,110.89
2026-08-28T11:00:00Z,41.30583463270143,96.2375
2026-08-28T12:00:00Z,45.157523835536196,104.0
2026-08-28T13:00:00Z,64.05172706040258,114.37
2026-08-28T14:00:00Z,81.77847930491777,119.56
2026-08-28T15:00:00Z,105.93494762238754,143.2025
2026-08-28T16:00:00Z,133.54600004084114,160.48
2026-08-28T17:00:00Z,157.0111445193961,172.54
2026-08-28T18:00:00Z,155.24027692504268,176.76999999999998
2026-08-28T19:00:00Z,134.2801293781899,166.11
2026-08-28T20:00:00Z,117.72957203006602,161.445
2026-08-28T21:00:00Z,103.90501871527147,145.1325
2026-08-28T22:00:00Z,81.97204266201223,141.58
