,Datetime_UTC,Gas_1d_lag,Carbon_1d_lag,Forecasted_Grid Load_(Forecasted_Total_Consumption)_MWh,Photovoltaics_MWh,PV_and_Wind_MWh,renewable_penetration_ratio,price_lag_24h,Price_EUR_MWh,ensemble_pred
13965,2025-10-01 00:00:00+02:00,31.410999298095703,72.80999755859375,45381.25,0.0,9005.25,0.1984354771632699,101.1,91.565,103.15532439233169
13966,2025-10-01 01:00:00+02:00,31.410999298095703,72.80999755859375,43991.75,0.0,8276.25,0.1881318655911319,98.43,86.285,99.45266947214814
13967,2025-10-01 02:00:00+02:00,31.410999298095703,72.80999755859375,43459.5,0.0,7588.25,0.1746050920570634,98.93,84.8725,99.32554005844409
13968,2025-10-01 03:00:00+02:00,31.410999298095703,72.80999755859375,43607.75,0.0,6847.5,0.1570248407319742,94.99,88.325,100.92721700440663
13969,2025-10-01 04:00:00+02:00,31.410999298095703,72.80999755859375,44781.5,0.0,6278.0,0.1401918202516235,99.12,87.655,104.79514411869202
13970,2025-10-01 05:00:00+02:00,31.410999298095703,72.80999755859375,47768.75,0.0,5958.75,0.1247415935889589,112.08,95.3275,114.19839180637555
13971,2025-10-01 06:00:00+02:00,31.410999298095703,72.80999755859375,54239.5,0.0,5798.0,0.1068962656169588,141.86,124.96,147.5879401006535
13972,2025-10-01 07:00:00+02:00,31.410999298095703,72.80999755859375,59792.75,1064.0,6949.0,0.1162181033459377,244.0,173.29999999999998,175.4396071955175
13973,2025-10-01 08:00:00+02:00,31.410999298095703,72.80999755859375,62776.25,8446.5,14484.5,0.2307321637990908,209.23,139.0875,156.51980899139562
13974,2025-10-01 09:00:00+02:00,31.410999298095703,72.80999755859375,63813.75,19705.25,24843.5,0.3893126480751699,141.85,105.25,117.21310926387146
13975,2025-10-01 10:00:00+02:00,31.410999298095703,72.80999755859375,64432.5,29752.75,33636.0,0.5220346873826043,115.2,86.035,91.08389346179635
13976,2025-10-01 11:00:00+02:00,31.410999298095703,72.80999755859375,64761.75,35785.75,39494.5,0.6098430013688878,96.72,70.5675,62.75525082190496
13977,2025-10-01 12:00:00+02:00,31.410999298095703,72.80999755859375,64151.25,37006.0,41044.75,0.6398121625627229,87.91,66.025,56.480060759013774
13978,2025-10-01 13:00:00+02:00,31.410999298095703,72.80999755859375,63139.0,34932.5,38771.5,0.6140657912519891,86.04,68.4,62.10972977957198
13979,2025-10-01 14:00:00+02:00,31.410999298095703,72.80999755859375,61400.25,31382.75,34670.75,0.5646678962113887,87.26,72.6275,74.28864591716042
13980,2025-10-01 15:00:00+02:00,31.410999298095703,72.80999755859375,60399.25,26161.25,29022.0,0.4805026551686481,96.8,81.7225,91.55469378025981
13981,2025-10-01 16:00:00+02:00,31.410999298095703,72.80999755859375,59703.75,18432.5,21074.0,0.35297615303009,104.03,92.87,108.93128783303521
13982,2025-10-01 17:00:00+02:00,31.410999298095703,72.80999755859375,59949.25,9055.0,11722.5,0.1955403945511344,142.64,135.39999999999998,143.52990442857248
13983,2025-10-01 18:00:00+02:00,31.410999298095703,72.80999755859375,61026.75,1720.25,4997.25,0.081886222012169,294.54,253.2375,190.87084687503852
13984,2025-10-01 19:00:00+02:00,31.410999298095703,72.80999755859375,60834.75,21.5,4678.0,0.0768968393760314,357.77,339.9925,193.2749087938521
13985,2025-10-01 20:00:00+02:00,31.410999298095703,72.80999755859375,58545.5,0.0,6023.5,0.1028857896673722,147.28,152.0225,163.3401350440617
13986,2025-10-01 21:00:00+02:00,31.410999298095703,72.80999755859375,55437.0,0.0,6898.25,0.1244340422237072,116.04,113.035,132.8713057704237
13987,2025-10-01 22:00:00+02:00,31.410999298095703,72.80999755859375,51827.75,0.0,7495.0,0.1446136480660237,101.63,98.51,115.03240670638242
13988,2025-10-01 23:00:00+02:00,31.410999298095703,72.80999755859375,48309.5,0.0,7691.75,0.1592181661662368,92.54,90.6475,107.98819468090032
13989,2025-10-02 00:00:00+02:00,31.334999084472656,73.49500274658203,46272.75,0.0,8763.25,0.1893825199087189,91.565,90.805,103.16455486822747
13990,2025-10-02 01:00:00+02:00,31.334999084472656,73.49500274658203,44737.75,0.0,8195.75,0.1831953998171129,86.285,88.0,96.55305856139522
13991,2025-10-02 02:00:00+02:00,31.334999084472656,73.49500274658203,44514.0,0.0,7564.0,0.1699240687941043,84.8725,86.52499999999999,94.57032803666868
13992,2025-10-02 03:00:00+02:00,31.334999084472656,73.49500274658203,44572.25,0.0,6847.75,0.1536325852624373,88.325,88.56,96.46012124867694
13993,2025-10-02 04:00:00+02:00,31.334999084472656,73.49500274658203,44895.25,0.0,6316.0,0.1406830343653987,87.655,90.8075,96.63663853625935
13994,2025-10-02 05:00:00+02:00,31.334999084472656,73.49500274658203,46866.75,0.0,6207.75,0.1324553121066736,95.3275,95.9725,104.67138834646164
13995,2025-10-02 06:00:00+02:00,31.334999084472656,73.49500274658203,52211.0,0.0,6599.0,0.1263909903801132,124.96,128.72,124.58017638212445
13996,2025-10-02 07:00:00+02:00,31.334999084472656,73.49500274658203,56856.25,968.5,8218.75,0.1445531493644844,173.29999999999998,181.0875,157.97672490994927
13997,2025-10-02 08:00:00+02:00,31.334999084472656,73.49500274658203,60406.25,8612.0,16393.75,0.2713916191997696,139.0875,136.67749999999998,137.0227088429777
13998,2025-10-02 09:00:00+02:00,31.334999084472656,73.49500274658203,61206.75,20752.75,27933.0,0.4563712334903632,105.25,100.505,100.4294694548681
13999,2025-10-02 10:00:00+02:00,31.334999084472656,73.49500274658203,62476.25,31302.25,37306.75,0.5971349111707033,86.035,91.48,74.94503295278892
14000,2025-10-02 11:00:00+02:00,31.334999084472656,73.49500274658203,62201.0,37686.0,43299.5,0.6961222487265281,70.5675,78.285,35.85326525148813
14001,2025-10-02 12:00:00+02:00,31.334999084472656,73.49500274658203,61506.0,39529.0,45392.75,0.7380214937180077,66.025,65.77,28.735191799650075
14002,2025-10-02 13:00:00+02:00,31.334999084472656,73.49500274658203,60846.75,37603.25,43421.0,0.7136124771308883,68.4,60.5,32.452699831459455
14003,2025-10-02 14:00:00+02:00,31.334999084472656,73.49500274658203,59595.0,33792.25,39358.0,0.6604245321485989,72.6275,71.28999999999999,49.701589298981055
14004,2025-10-02 15:00:00+02:00,31.334999084472656,73.49500274658203,58200.0,28267.0,33717.25,0.5793341923403206,81.7225,80.6625,72.66302601542603
14005,2025-10-02 16:00:00+02:00,31.334999084472656,73.49500274658203,57398.25,20089.5,25582.5,0.4457017417001909,92.87,91.445,94.522945726655
14006,2025-10-02 17:00:00+02:00,31.334999084472656,73.49500274658203,57916.75,9777.0,15471.5,0.2671334285388711,135.39999999999998,113.32,126.90862953358172
14007,2025-10-02 18:00:00+02:00,31.334999084472656,73.49500274658203,59316.25,1731.75,8397.0,0.1415632309625838,253.2375,167.925,166.28368894128607
14008,2025-10-02 19:00:00+02:00,31.334999084472656,73.49500274658203,59146.25,18.75,8996.25,0.1521017815749769,339.9925,176.8375,164.4889874607693
14009,2025-10-02 20:00:00+02:00,31.334999084472656,73.49500274658203,57349.5,0.0,11856.0,0.2067324039081888,152.0225,109.92,135.01677935057438
14010,2025-10-02 21:00:00+02:00,31.334999084472656,73.49500274658203,55040.5,0.0,14266.25,0.2591955014472624,113.035,90.855,115.3632595890363
14011,2025-10-02 22:00:00+02:00,31.334999084472656,73.49500274658203,51832.75,0.0,15991.0,0.3085115105201804,98.51,96.6575,95.6378223172248
14012,2025-10-02 23:00:00+02:00,31.334999084472656,73.49500274658203,48441.5,0.0,17296.25,0.3570543851125471,90.6475,82.0925,86.8889119439938
14013,2025-10-03 00:00:00+02:00,31.45499992370605,74.44000244140625,44634.0,0.0,16734.0,0.374915983247095,90.805,85.9325,74.06962290387843
14014,2025-10-03 01:00:00+02:00,31.45499992370605,74.44000244140625,42954.0,0.0,17153.0,0.3993341713462461,88.0,77.14,70.31140499784325
14015,2025-10-03 02:00:00+02:00,31.45499992370605,74.44000244140625,41966.0,0.0,17354.0,0.4135252346152777,86.52499999999999,71.75,66.48898243158601
14016,2025-10-03 03:00:00+02:00,31.45499992370605,74.44000244140625,41314.0,0.0,17357.0,0.4201239288328111,88.56,73.9075,66.3710847678993
14017,2025-10-03 04:00:00+02:00,31.45499992370605,74.44000244140625,42264.0,0.0,17284.75,0.4089709917639194,90.8075,76.2875,68.8899897269623
14018,2025-10-03 05:00:00+02:00,31.45499992370605,74.44000244140625,42040.0,0.0,17253.25,0.4104008086559464,95.9725,77.98,68.73713765268306
14019,2025-10-03 06:00:00+02:00,31.45499992370605,74.44000244140625,42761.5,0.0,17517.25,0.4096500355671222,128.72,93.78,75.18121239092243
14020,2025-10-03 07:00:00+02:00,31.45499992370605,74.44000244140625,45437.5,973.25,18797.0,0.4136891333339886,181.0875,100.4175,87.22296559014485
14021,2025-10-03 08:00:00+02:00,31.45499992370605,74.44000244140625,48465.0,8026.0,25918.5,0.5347879912236071,136.67749999999998,103.68,70.19675832057754
14022,2025-10-03 09:00:00+02:00,31.45499992370605,74.44000244140625,51002.25,18422.75,35191.0,0.6899891670093007,100.505,83.9025,53.72964788336662
14023,2025-10-03 10:00:00+02:00,31.45499992370605,74.44000244140625,52682.25,27093.5,42129.25,0.7996858522937638,91.48,59.9975,22.812455170938982
14024,2025-10-03 11:00:00+02:00,31.45499992370605,74.44000244140625,53546.25,32311.0,46741.75,0.8729229402856552,78.285,40.5025,12.116666847894127
14025,2025-10-03 12:00:00+02:00,31.45499992370605,74.44000244140625,52893.25,34067.0,49129.25,0.9288378004889398,65.77,26.3525,7.6991008820273965
14026,2025-10-03 13:00:00+02:00,31.45499992370605,74.44000244140625,50863.25,32753.75,48746.0,0.9583736782532822,60.5,16.502499999999998,2.2990217623436777
14027,2025-10-03 14:00:00+02:00,31.45499992370605,74.44000244140625,49451.5,28881.75,45684.25,0.9238192975089088,71.28999999999999,26.2025,4.525271827427503
14028,2025-10-03 15:00:00+02:00,31.45499992370605,74.44000244140625,48499.0,23038.0,40409.0,0.8331924367856672,80.6625,49.8825,9.598255279396286
14029,2025-10-03 16:00:00+02:00,31.45499992370605,74.44000244140625,48324.5,15150.5,33193.75,0.6868927768136467,91.445,63.3925,35.031901543581455
14030,2025-10-03 17:00:00+02:00,31.45499992370605,74.44000244140625,49316.25,6642.25,25744.0,0.5220186043095291,113.32,89.9,65.73969545653223
14031,2025-10-03 18:00:00+02:00,31.45499992370605,74.44000244140625,50775.0,1044.25,22672.75,0.4465337271400229,167.925,120.76,81.20865316100901
14032,2025-10-03 19:00:00+02:00,31.45499992370605,74.44000244140625,51459.0,22.0,25106.75,0.487898132399017,176.8375,109.01,82.70782063536755
14033,2025-10-03 20:00:00+02:00,31.45499992370605,74.44000244140625,50347.0,0.0,28174.25,0.5596013664052274,109.92,75.03999999999999,64.13141362575067
14034,2025-10-03 21:00:00+02:00,31.45499992370605,74.44000244140625,48533.75,0.0,31301.0,0.644932649827196,90.855,43.4425,48.1590965778721
14035,2025-10-03 22:00:00+02:00,31.45499992370605,74.44000244140625,46599.25,0.0,33064.75,0.7095554111472705,96.6575,25.4025,44.022814994410396
14036,2025-10-03 23:00:00+02:00,31.45499992370605,74.44000244140625,44244.0,0.0,34593.25,0.7818743782700762,82.0925,11.1075,19.954430320999546
14037,2025-10-04 00:00:00+02:00,31.4379997253418,76.30500030517578,43656.25,0.0,38203.0,0.875086613972779,85.9325,0.7250000000000001,8.705847693274123
14038,2025-10-04 01:00:00+02:00,31.4379997253418,76.30500030517578,42197.0,0.0,37308.5,0.884150531818814,77.14,-0.01,13.484344645810534
14039,2025-10-04 02:00:00+02:00,31.4379997253418,76.30500030517578,41356.0,0.0,38293.25,0.9259418220026254,71.75,-0.0425,5.852531776082278
14040,2025-10-04 03:00:00+02:00,31.4379997253418,76.30500030517578,41167.75,0.0,39817.25,0.9671951950332006,73.9075,-0.0975,3.877342224836182
14041,2025-10-04 04:00:00+02:00,31.4379997253418,76.30500030517578,41189.25,0.0,41188.0,0.9999696520330014,76.2875,-1.1275,1.5741650998505108
14042,2025-10-04 05:00:00+02:00,31.4379997253418,76.30500030517578,41608.75,0.0,42607.0,1.0239913477275833,77.98,-1.905,1.9196686688590212
14043,2025-10-04 06:00:00+02:00,31.4379997253418,76.30500030517578,42904.5,0.0,45157.0,1.0525003202338914,93.78,-1.915,2.065232437397036
14044,2025-10-04 07:00:00+02:00,31.4379997253418,76.30500030517578,45357.25,297.75,46630.5,1.02807158700581,100.4175,-0.775,1.603734319528833
14045,2025-10-04 08:00:00+02:00,31.4379997253418,76.30500030517578,48489.5,1891.5,48214.5,0.9943286688882482,103.68,-0.3,9.544107484108995
14046,2025-10-04 09:00:00+02:00,31.4379997253418,76.30500030517578,51154.5,4222.75,49416.25,0.9660196070793342,83.9025,-0.1625,8.707848582060219
14047,2025-10-04 10:00:00+02:00,31.4379997253418,76.30500030517578,53001.0,7116.75,50655.0,0.955736684033181,59.9975,-0.09,12.984196968526739
14048,2025-10-04 11:00:00+02:00,31.4379997253418,76.30500030517578,54086.0,10128.5,52495.25,0.9705885070127964,40.5025,-0.0975,8.618418313332771
14049,2025-10-04 12:00:00+02:00,31.4379997253418,76.30500030517578,53566.0,12532.25,54200.5,1.011845200124735,26.3525,-0.08,-0.6403566638175189
14050,2025-10-04 13:00:00+02:00,31.4379997253418,76.30500030517578,51978.75,13607.75,55585.75,1.0693937424294748,16.502499999999998,-0.44,-4.522493903094269
14051,2025-10-04 14:00:00+02:00,31.4379997253418,76.30500030517578,50851.75,13092.25,56030.5,1.1018401527770745,26.2025,-2.045,-8.049578057446244
14052,2025-10-04 15:00:00+02:00,31.4379997253418,76.30500030517578,50309.5,11318.0,54392.75,1.081162603269529,49.8825,-2.605,1.2397122577612176
14053,2025-10-04 16:00:00+02:00,31.4379997253418,76.30500030517578,49782.25,8112.0,51035.75,1.025179657202079,63.3925,-0.095,14.369742944943926
14054,2025-10-04 17:00:00+02:00,31.4379997253418,76.30500030517578,50434.75,4174.75,47464.75,0.9411120307047992,89.9,-0.0925,15.338081375264808
14055,2025-10-04 18:00:00+02:00,31.4379997253418,76.30500030517578,51327.25,800.5,46834.5,0.9124685228777172,120.76,1.105,24.835592375618045
14056,2025-10-04 19:00:00+02:00,31.4379997253418,76.30500030517578,51412.0,8.75,46884.75,0.911941764391204,109.01,3.23,23.653487779927005
14057,2025-10-04 20:00:00+02:00,31.4379997253418,76.30500030517578,49982.5,0.0,48003.0,0.9603961384563804,75.03999999999999,0.3225,21.571718870501375
14058,2025-10-04 21:00:00+02:00,31.4379997253418,76.30500030517578,47939.5,0.0,49062.75,1.0234305737391023,43.4425,-0.0949999999999999,16.759524729179482
14059,2025-10-04 22:00:00+02:00,31.4379997253418,76.30500030517578,46094.5,0.0,48659.5,1.0556465519626752,25.4025,-0.0525,17.485250524930436
14060,2025-10-04 23:00:00+02:00,31.4379997253418,76.30500030517578,43734.0,0.0,48976.25,1.1198666938492094,11.1075,-0.3425,8.64090315890016
14061,2025-10-05 00:00:00+02:00,31.4379997253418,76.30500030517578,42156.5,0.0,44740.5,1.0612954108948096,0.7250000000000001,-0.7475,10.8774172042553
14062,2025-10-05 01:00:00+02:00,31.4379997253418,76.30500030517578,40491.75,0.0,44342.0,1.0950872705933707,-0.01,-1.4025,8.106642900743573
14063,2025-10-05 02:00:00+02:00,31.4379997253418,76.30500030517578,39564.5,0.0,43707.0,1.1047024476223122,-0.0425,-4.19,7.0889995470884095
14064,2025-10-05 03:00:00+02:00,31.4379997253418,76.30500030517578,39346.0,0.0,42933.75,1.0911846182353515,-0.0975,-4.3775,6.7592164938906985
14065,2025-10-05 04:00:00+02:00,31.4379997253418,76.30500030517578,39634.25,0.0,42377.0,1.0692015110493571,-1.1275,-4.98,9.839818891193689
14066,2025-10-05 05:00:00+02:00,31.4379997253418,76.30500030517578,40318.0,0.0,41753.5,1.0356044444080548,-1.905,-4.4575,9.214636893468484
14067,2025-10-05 06:00:00+02:00,31.4379997253418,76.30500030517578,41870.0,0.0,41994.75,1.0029794599945117,-1.915,-3.76,14.365746576063632
14068,2025-10-05 07:00:00+02:00,31.4379997253418,76.30500030517578,44480.0,370.5,42253.75,0.949949415254058,-0.775,-1.505,17.4894238738641
14069,2025-10-05 08:00:00+02:00,31.4379997253418,76.30500030517578,47682.25,3591.75,44922.25,0.9421168252458478,-0.3,-0.0875,19.607936833067143
14070,2025-10-05 09:00:00+02:00,31.4379997253418,76.30500030517578,50076.25,8823.75,49135.5,0.981213648989049,-0.1625,-1.3925,18.234395447113474
14071,2025-10-05 10:00:00+02:00,31.4379997253418,76.30500030517578,51965.0,14019.75,53852.75,1.0363273355072975,-0.09,-3.33,14.18747912191912
14072,2025-10-05 11:00:00+02:00,31.4379997253418,76.30500030517578,52985.5,18230.75,57798.5,1.0908361719544335,-0.0975,-2.0175,-1.4218424819271807
14073,2025-10-05 12:00:00+02:00,31.4379997253418,76.30500030517578,52820.5,20880.75,59525.75,1.1269440839963756,-0.08,-3.415,-3.4192146673302837
14074,2025-10-05 13:00:00+02:00,31.4379997253418,76.30500030517578,51538.75,20690.0,58384.25,1.1328223906996535,-0.44,-3.3875,-5.322119356480837
14075,2025-10-05 14:00:00+02:00,31.4379997253418,76.30500030517578,50029.25,18584.25,55841.0,1.116167042057163,-2.045,-2.9425,-3.58238150390968
14076,2025-10-05 15:00:00+02:00,31.4379997253418,76.30500030517578,49209.75,15068.25,52189.25,1.0605469442416295,-2.605,-2.3925,0.0918022829469507
14077,2025-10-05 16:00:00+02:00,31.4379997253418,76.30500030517578,49221.0,10008.0,48149.0,0.9782206779670828,-0.095,-0.6875,16.64327632596844
14078,2025-10-05 17:00:00+02:00,31.4379997253418,76.30500030517578,50432.25,4598.75,45314.25,0.8985173176095618,-0.0925,0.8525,24.35192472422606
14079,2025-10-05 18:00:00+02:00,31.4379997253418,76.30500030517578,51803.5,757.25,41734.25,0.8056260675812201,1.105,16.0825,39.31203080646809
14080,2025-10-05 19:00:00+02:00,31.4379997253418,76.30500030517578,52385.25,8.25,41209.0,0.7866527312961848,3.23,35.0475,41.98183819813672
14081,2025-10-05 20:00:00+02:00,31.4379997253418,76.30500030517578,51243.5,0.0,41692.75,0.8136202638747118,0.3225,19.83,37.14627616972602
14082,2025-10-05 21:00:00+02:00,31.4379997253418,76.30500030517578,49496.75,0.0,42423.25,0.8570916270548891,-0.0949999999999999,5.4775,28.22265133056448
14083,2025-10-05 22:00:00+02:00,31.4379997253418,76.30500030517578,47507.0,0.0,41866.0,0.8812596036623529,-0.0525,5.202500000000001,25.40029161883917
14084,2025-10-05 23:00:00+02:00,31.4379997253418,76.30500030517578,44924.25,0.0,41677.5,0.9277283425037194,-0.3425,4.075,19.968671408627802
14085,2025-10-06 00:00:00+02:00,31.4379997253418,76.30500030517578,42529.25,0.0,40534.0,0.9530852293531896,-0.7475,20.845,17.404246194095528
14086,2025-10-06 01:00:00+02:00,31.4379997253418,76.30500030517578,41360.25,0.0,40130.5,0.9702673458283576,-1.4025,10.0475,15.958189815635622
14087,2025-10-06 02:00:00+02:00,31.4379997253418,76.30500030517578,40910.25,0.0,39608.5,0.968180345764648,-4.19,9.1025,18.820983988823208
14088,2025-10-06 03:00:00+02:00,31.4379997253418,76.30500030517578,41075.5,0.0,39241.5,0.9553505128469888,-4.3775,10.7325,20.227306491138528
14089,2025-10-06 04:00:00+02:00,31.4379997253418,76.30500030517578,42540.25,0.0,39009.0,0.9169903794836676,-4.98,16.8,21.395698417168294
14090,2025-10-06 05:00:00+02:00,31.4379997253418,76.30500030517578,46783.5,0.0,38444.5,0.8217533957866013,-4.4575,22.6025,27.858307009834174
14091,2025-10-06 06:00:00+02:00,31.4379997253418,76.30500030517578,54576.25,0.0,37871.5,0.6939190580712454,-3.76,68.585,72.99761287433319
14092,2025-10-06 07:00:00+02:00,31.4379997253418,76.30500030517578,60437.0,275.25,36639.5,0.6062428643701304,-1.505,105.0525,96.80374710123256
14093,2025-10-06 08:00:00+02:00,31.4379997253418,76.30500030517578,63727.75,2771.0,37037.5,0.5811832364109538,-0.0875,121.7675,102.69498103087784
14094,2025-10-06 09:00:00+02:00,31.4379997253418,76.30500030517578,65316.25,7077.25,39168.0,0.5996670046734668,-1.3925,121.1175,89.7495344153924
14095,2025-10-06 10:00:00+02:00,31.4379997253418,76.30500030517578,66482.5,11052.75,41654.25,0.6265445793063521,-3.33,100.5275,76.85022701676823
14096,2025-10-06 11:00:00+02:00,31.4379997253418,76.30500030517578,66734.75,13592.0,43719.5,0.6551234550732379,-2.0175,89.3025,76.40104239224596
14097,2025-10-06 12:00:00+02:00,31.4379997253418,76.30500030517578,65942.25,14245.0,44069.5,0.6683044632738032,-3.415,87.325,75.8678480161192
14098,2025-10-06 13:00:00+02:00,31.4379997253418,76.30500030517578,64706.0,13434.75,42600.25,0.6583663028686109,-3.3875,84.5975,71.1273518443448
14099,2025-10-06 14:00:00+02:00,31.4379997253418,76.30500030517578,63173.5,11835.0,39883.5,0.6313327580977256,-2.9425,92.3275,77.54987714891965
14100,2025-10-06 15:00:00+02:00,31.4379997253418,76.30500030517578,62006.0,9312.5,35493.0,0.5724123470998915,-2.3925,94.5475,85.09585481700259
14101,2025-10-06 16:00:00+02:00,31.4379997253418,76.30500030517578,61526.0,5938.0,29833.75,0.4848966289885744,-0.6875,104.7725,98.61649469148354
14102,2025-10-06 17:00:00+02:00,31.4379997253418,76.30500030517578,61820.0,2545.25,24074.25,0.3894249433210247,0.8525,120.29,127.98058617891616
14103,2025-10-06 18:00:00+02:00,31.4379997253418,76.30500030517578,62615.75,379.75,20170.5,0.3221314125723749,16.0825,141.5875,147.15193043248627
14104,2025-10-06 19:00:00+02:00,31.4379997253418,76.30500030517578,62083.0,3.5,18507.25,0.2981049562202044,35.0475,168.315,150.46684664468626
14105,2025-10-06 20:00:00+02:00,31.4379997253418,76.30500030517578,59589.75,0.0,17328.0,0.2907882647115001,19.83,133.6775,144.21491499058334
14106,2025-10-06 21:00:00+02:00,31.4379997253418,76.30500030517578,56423.0,0.0,16001.5,0.2835988869284513,5.4775,120.2025,121.98291438048864
14107,2025-10-06 22:00:00+02:00,31.4379997253418,76.30500030517578,52732.25,0.0,14421.5,0.2734853907668484,5.202500000000001,118.665,111.09812415363614
14108,2025-10-06 23:00:00+02:00,31.4379997253418,76.30500030517578,48917.25,0.0,12952.75,0.2647890058691384,4.075,105.5,99.0760450622512
14109,2025-10-07 00:00:00+02:00,33.11600112915039,75.875,45603.75,0.0,10112.5,0.2217471150460768,20.845,100.2625,105.57253654125469
14110,2025-10-07 01:00:00+02:00,33.11600112915039,75.875,44045.25,0.0,9048.5,0.2054364545086163,10.0475,93.9875,101.0430606112584
14111,2025-10-07 02:00:00+02:00,33.11600112915039,75.875,43296.75,0.0,8097.5,0.18702327537586,9.1025,89.8175,97.41316932281738
14112,2025-10-07 03:00:00+02:00,33.11600112915039,75.875,43421.25,0.0,7268.25,0.167389239101272,10.7325,89.55,95.16101306803073
14113,2025-10-07 04:00:00+02:00,33.11600112915039,75.875,44536.25,0.0,6542.5,0.1469028038627179,16.8,92.975,102.3338674893232
14114,2025-10-07 05:00:00+02:00,33.11600112915039,75.875,47666.75,0.0,5969.5,0.1252340467673516,22.6025,96.74,114.21846823955387
14115,2025-10-07 06:00:00+02:00,33.11600112915039,75.875,54077.5,0.0,5538.75,0.1024224492436923,68.585,134.885,145.7626670937284
14116,2025-10-07 07:00:00+02:00,33.11600112915039,75.875,59479.0,172.0,5335.25,0.089699725938617,105.0525,228.555,173.08873437231807
14117,2025-10-07 08:00:00+02:00,33.11600112915039,75.875,62564.75,1528.5,6422.75,0.1026576466616333,121.7675,287.67,182.77346786939137
14118,2025-10-07 09:00:00+02:00,33.11600112915039,75.875,63983.75,3942.25,8565.5,0.1338699278904612,121.1175,212.1825,162.8261880246481
14119,2025-10-07 10:00:00+02:00,33.11600112915039,75.875,65185.0,6642.75,11214.5,0.1720411137267713,100.5275,154.66,144.41746742566585
14120,2025-10-07 11:00:00+02:00,33.11600112915039,75.875,65926.5,8983.5,13829.0,0.2097639037094698,89.3025,129.9075,133.55954082050573
14121,2025-10-07 12:00:00+02:00,33.11600112915039,75.875,65342.75,10595.75,16041.25,0.2454939530023615,87.325,110.94,123.16273209707138
14122,2025-10-07 13:00:00+02:00,33.11600112915039,75.875,64331.75,11084.0,17121.5,0.2661438558307299,84.5975,106.1825,116.70493395381264
14123,2025-10-07 14:00:00+02:00,33.11600112915039,75.875,62644.0,10379.25,16903.25,0.2698303109204664,92.3275,105.3525,114.70931144583737
14124,2025-10-07 15:00:00+02:00,33.11600112915039,75.875,61448.75,8536.0,15359.25,0.2499521958949608,94.5475,113.16,116.0689378617434
14125,2025-10-07 16:00:00+02:00,33.11600112915039,75.875,60949.5,5680.0,12575.75,0.2063306507508132,104.7725,122.105,132.17401623339708
14126,2025-10-07 17:00:00+02:00,33.11600112915039,75.875,61262.75,2587.75,9586.5,0.1564817119446185,120.29,151.84,154.32573203376876
14127,2025-10-07 18:00:00+02:00,33.11600112915039,75.875,62172.5,420.0,7788.75,0.125276448570465,141.5875,202.4175,179.56571729701216
14128,2025-10-07 19:00:00+02:00,33.11600112915039,75.875,61751.75,11.25,7930.75,0.128429558655677,168.315,213.28,186.03042303072175
14129,2025-10-07 20:00:00+02:00,33.11600112915039,75.875,59054.75,0.0,8423.25,0.1426345890647857,133.6775,146.34,161.02932427328238
14130,2025-10-07 21:00:00+02:00,33.11600112915039,75.875,55756.0,0.0,8589.5,0.1540551689227966,120.2025,123.2425,136.52520601732363
14131,2025-10-07 22:00:00+02:00,33.11600112915039,75.875,52226.0,0.0,8633.5,0.1653103817705146,118.665,107.4225,126.36059063169785
14132,2025-10-07 23:00:00+02:00,33.11600112915039,75.875,48697.75,0.0,8549.0,0.1755522585385254,105.5,97.4825,116.60314234791747
14133,2025-10-08 00:00:00+02:00,33.24599838256836,75.36499786376953,45884.5,0.0,9332.5,0.2033911233197722,100.2625,93.4525,110.65876052401597
14134,2025-10-08 01:00:00+02:00,33.24599838256836,75.36499786376953,44484.0,0.0,9058.25,0.2036293947928177,93.9875,88.4375,102.84370630781557
14135,2025-10-08 02:00:00+02:00,33.24599838256836,75.36499786376953,43949.75,0.0,8864.0,0.2016848787076866,89.8175,87.56,100.8131026358358
14136,2025-10-08 03:00:00+02:00,33.24599838256836,75.36499786376953,44078.75,0.0,8656.75,0.1963928196247868,89.55,86.975,100.30753405288382
14137,2025-10-08 04:00:00+02:00,33.24599838256836,75.36499786376953,45314.75,0.0,8291.75,0.1829812588212488,92.975,89.6725,104.82093606802182
14138,2025-10-08 05:00:00+02:00,33.24599838256836,75.36499786376953,48302.25,0.0,7830.5,0.162114601253127,96.74,97.395,109.09238889888213
14139,2025-10-08 06:00:00+02:00,33.24599838256836,75.36499786376953,54705.25,0.0,7323.0,0.1338628376373633,134.885,117.1075,137.31911525450187
14140,2025-10-08 07:00:00+02:00,33.24599838256836,75.36499786376953,60264.5,208.25,7025.75,0.116581901431758,228.555,155.58,187.19029280751352
14141,2025-10-08 08:00:00+02:00,33.24599838256836,75.36499786376953,63327.5,2206.75,8611.25,0.1359796296812633,287.67,166.395,196.96124962772393
14142,2025-10-08 09:00:00+02:00,33.24599838256836,75.36499786376953,64590.0,6129.75,11938.75,0.1848389843342872,212.1825,135.17499999999998,178.59959665220072
14143,2025-10-08 10:00:00+02:00,33.24599838256836,75.36499786376953,65395.0,10901.25,16086.5,0.245989754530776,154.66,118.445,150.82655336981696
14144,2025-10-08 11:00:00+02:00,33.24599838256836,75.36499786376953,65764.0,15113.75,20012.75,0.3043116294166547,129.9075,103.325,129.2817469646523
14145,2025-10-08 12:00:00+02:00,33.24599838256836,75.36499786376953,64974.25,17837.0,22767.5,0.3504080462105514,110.94,90.8225,115.4502790485075
14146,2025-10-08 13:00:00+02:00,33.24599838256836,75.36499786376953,63848.0,18362.5,23431.0,0.3669809547100957,106.1825,89.33500000000001,113.48119612728915
14147,2025-10-08 14:00:00+02:00,33.24599838256836,75.36499786376953,61985.75,16999.5,22300.5,0.3597681724654831,105.3525,90.4425,112.88965182982871
14148,2025-10-08 15:00:00+02:00,33.24599838256836,75.36499786376953,60945.75,13891.75,19255.0,0.3159367141571091,113.16,99.4275,121.86454379175328
14149,2025-10-08 16:00:00+02:00,33.24599838256836,75.36499786376953,60422.0,9109.25,14339.25,0.2373183608226609,122.105,117.465,132.00453020121222
14150,2025-10-08 17:00:00+02:00,33.24599838256836,75.36499786376953,60887.75,3832.0,9005.25,0.1478992079444717,151.84,149.48000000000002,161.514823190323
14151,2025-10-08 18:00:00+02:00,33.24599838256836,75.36499786376953,61874.5,517.75,5955.75,0.096255323259783,202.4175,183.8075,200.86747882424913
14152,2025-10-08 19:00:00+02:00,33.24599838256836,75.36499786376953,61281.25,0.0,5882.25,0.0959877613305884,213.28,199.0025,196.9538424408757
14153,2025-10-08 20:00:00+02:00,33.24599838256836,75.36499786376953,58671.0,0.0,6234.75,0.1062662984939294,146.34,141.695,171.22922708222683
14154,2025-10-08 21:00:00+02:00,33.24599838256836,75.36499786376953,55449.5,0.0,6344.0,0.1144104094510481,123.2425,114.74,151.34456417335105
14155,2025-10-08 22:00:00+02:00,33.24599838256836,75.36499786376953,51977.5,0.0,6608.75,0.1271463613819159,107.4225,108.24,124.11121087744378
14156,2025-10-08 23:00:00+02:00,33.24599838256836,75.36499786376953,48469.25,0.0,6891.0,0.1421726145665194,97.4825,97.8325,114.65216450185312
14157,2025-10-09 00:00:00+02:00,32.70000076293945,76.0999984741211,46094.75,0.0,6286.75,0.1363875495286583,93.4525,97.215,102.7868376649763
14158,2025-10-09 01:00:00+02:00,32.70000076293945,76.0999984741211,44329.25,0.0,6295.25,0.1420112002476894,88.4375,92.5825,99.19189906808906
14159,2025-10-09 02:00:00+02:00,32.70000076293945,76.0999984741211,43742.25,0.0,6328.0,0.1446656264493331,87.56,93.2625,96.306136382831
14160,2025-10-09 03:00:00+02:00,32.70000076293945,76.0999984741211,43924.25,0.0,6433.5,0.1464680671504993,86.975,90.8175,94.03056306182754
14161,2025-10-09 04:00:00+02:00,32.70000076293945,76.0999984741211,45124.75,0.0,6604.75,0.1463664618316186,89.6725,92.7,96.71704335618283
14162,2025-10-09 05:00:00+02:00,32.70000076293945,76.0999984741211,48052.5,0.0,6897.25,0.1435357161139304,97.395,101.1525,103.14528582830903
14163,2025-10-09 06:00:00+02:00,32.70000076293945,76.0999984741211,54113.25,0.0,7285.0,0.1346250686967378,117.1075,125.58,127.99523490854742
14164,2025-10-09 07:00:00+02:00,32.70000076293945,76.0999984741211,59511.75,215.75,7948.75,0.1335660604614103,155.58,145.0,166.5685983595568
14165,2025-10-09 08:00:00+02:00,32.70000076293945,76.0999984741211,62936.0,2810.25,10971.25,0.1743239163317776,166.395,149.9,165.73418184751563
14166,2025-10-09 09:00:00+02:00,32.70000076293945,76.0999984741211,64163.5,7742.0,15935.0,0.248349918528704,135.17499999999998,132.4875,136.92003441058642
14167,2025-10-09 10:00:00+02:00,32.70000076293945,76.0999984741211,64919.0,13349.75,21796.75,0.3357530152442654,118.445,109.6875,114.68445926890614
14168,2025-10-09 11:00:00+02:00,32.70000076293945,76.0999984741211,64854.0,17884.75,27467.5,0.4235282325803299,103.325,96.9625,104.18181827989687
14169,2025-10-09 12:00:00+02:00,32.70000076293945,76.0999984741211,64125.25,20144.5,31426.5,0.4900799606254821,90.8225,91.0225,92.39312040179068
14170,2025-10-09 13:00:00+02:00,32.70000076293945,76.0999984741211,63294.25,20257.0,33415.5,0.5279389517171087,89.33500000000001,83.3525,83.42342366486389
14171,2025-10-09 14:00:00+02:00,32.70000076293945,76.0999984741211,61755.5,18764.75,33799.25,0.547307527176153,90.4425,83.2,80.93174605957601
14172,2025-10-09 15:00:00+02:00,32.70000076293945,76.0999984741211,60352.75,15370.25,31739.75,0.52590395623631,99.4275,88.8275,86.12133786785627
14173,2025-10-09 16:00:00+02:00,32.70000076293945,76.0999984741211,59592.0,10254.25,27340.25,0.4587906094007936,117.465,92.075,95.26839686895372
14174,2025-10-09 17:00:00+02:00,32.70000076293945,76.0999984741211,60266.0,4348.5,21987.0,0.3648325755210512,149.48000000000002,110.01,115.91545664510316
14175,2025-10-09 18:00:00+02:00,32.70000076293945,76.0999984741211,61384.25,534.25,19252.25,0.3136350121873876,183.8075,122.9075,138.09773091751418
14176,2025-10-09 19:00:00+02:00,32.70000076293945,76.0999984741211,61166.5,0.0,20224.0,0.3306385030481328,199.0025,123.1125,133.8192047241012
14177,2025-10-09 20:00:00+02:00,32.70000076293945,76.0999984741211,58450.0,0.0,21474.75,0.367403763837912,141.695,112.3625,113.75395885100275
14178,2025-10-09 21:00:00+02:00,32.70000076293945,76.0999984741211,55360.75,0.0,22398.0,0.4045826690562207,114.74,98.0925,95.86067192730265
14179,2025-10-09 22:00:00+02:00,32.70000076293945,76.0999984741211,51925.75,0.0,22666.0,0.4365078982130237,108.24,96.8325,87.81773866596839
14180,2025-10-09 23:00:00+02:00,32.70000076293945,76.0999984741211,48626.5,0.0,22802.0,0.4689212671138327,97.8325,88.7,83.66248282682015
14181,2025-10-10 00:00:00+02:00,32.362998962402344,76.23999786376953,46030.0,0.0,21961.25,0.4771073212085363,97.215,88.01,80.8424127104964
14182,2025-10-10 01:00:00+02:00,32.362998962402344,76.23999786376953,44415.5,0.0,21962.25,0.4944726502021878,92.5825,84.9675,75.71712053158572
14183,2025-10-10 02:00:00+02:00,32.362998962402344,76.23999786376953,43792.75,0.0,21952.5,0.5012816047173831,93.2625,80.0875,70.28986383938243
14184,2025-10-10 03:00:00+02:00,32.362998962402344,76.23999786376953,44003.25,0.0,21986.25,0.499650593876668,90.8175,78.285,72.84716973841363
14185,2025-10-10 04:00:00+02:00,32.362998962402344,76.23999786376953,45364.75,0.0,21718.25,0.478747265116914,92.7,79.21000000000001,72.2074338736565
14186,2025-10-10 05:00:00+02:00,32.362998962402344,76.23999786376953,48608.25,0.0,21175.25,0.4356307827507407,101.1525,86.0725,75.5505900341357
14187,2025-10-10 06:00:00+02:00,32.362998962402344,76.23999786376953,54855.25,0.0,20948.75,0.3818914323821527,125.58,102.6375,95.74383626910299
14188,2025-10-10 07:00:00+02:00,32.362998962402344,76.23999786376953,60318.25,225.25,20929.5,0.3469845361317702,145.0,119.325,113.70795142070409
14189,2025-10-10 08:00:00+02:00,32.362998962402344,76.23999786376953,63522.75,3609.25,23562.75,0.3709340353856005,149.9,122.6125,115.7958187388815
14190,2025-10-10 09:00:00+02:00,32.362998962402344,76.23999786376953,64844.75,10071.5,28710.0,0.442749798489045,132.4875,107.765,101.0535078459472
14191,2025-10-10 10:00:00+02:00,32.362998962402344,76.23999786376953,65694.75,16621.5,34402.75,0.523675788320425,109.6875,93.0075,90.1452877776217
14192,2025-10-10 11:00:00+02:00,32.362998962402344,76.23999786376953,66245.25,21358.5,39080.75,0.589940410732854,96.9625,82.1175,78.40577669701713
14193,2025-10-10 12:00:00+02:00,32.362998962402344,76.23999786376953,65740.5,23384.5,40796.5,0.6205687512841295,91.0225,77.5325,73.31340918366983
14194,2025-10-10 13:00:00+02:00,32.362998962402344,76.23999786376953,64119.5,23023.75,40065.25,0.6248528137891198,83.3525,75.69,72.24004725014345
14195,2025-10-10 14:00:00+02:00,32.362998962402344,76.23999786376953,62549.25,20966.75,38225.5,0.6111264322735882,83.2,77.2575,72.704573695639
14196,2025-10-10 15:00:00+02:00,32.362998962402344,76.23999786376953,61155.5,16991.25,34343.0,0.5615684606353364,88.8275,88.89500000000001,82.1659518209037
14197,2025-10-10 16:00:00+02:00,32.362998962402344,76.23999786376953,60630.5,11077.0,28166.5,0.4645599161371653,92.075,97.8575,93.41646522430469
14198,2025-10-10 17:00:00+02:00,32.362998962402344,76.23999786376953,60962.0,4492.75,21193.25,0.3476468947298896,110.01,118.2,109.52277439730037
14199,2025-10-10 18:00:00+02:00,32.362998962402344,76.23999786376953,60758.5,523.25,17441.0,0.2870544861563313,122.9075,120.605,127.38703075954004
14200,2025-10-10 19:00:00+02:00,32.362998962402344,76.23999786376953,60205.0,0.0,17595.25,0.2922556265605422,123.1125,123.29,123.17118920110921
14201,2025-10-10 20:00:00+02:00,32.362998962402344,76.23999786376953,57090.25,0.0,18092.0,0.3169017476159411,112.3625,115.39,114.626135374236
14202,2025-10-10 21:00:00+02:00,32.362998962402344,76.23999786376953,53857.75,0.0,18373.25,0.3411440321325818,98.0925,103.915,102.09393232595724
14203,2025-10-10 22:00:00+02:00,32.362998962402344,76.23999786376953,50619.5,0.0,18286.5,0.3612540620983506,96.8325,97.7375,98.6592759455387
14204,2025-10-10 23:00:00+02:00,32.362998962402344,76.23999786376953,47451.75,0.0,18242.25,0.3844378762881373,88.7,93.35,92.11013763306866
14205,2025-10-11 00:00:00+02:00,32.16999816894531,76.34500122070312,44036.5,0.0,17702.75,0.4020017484582103,88.01,92.9675,81.73852845394214
14206,2025-10-11 01:00:00+02:00,32.16999816894531,76.34500122070312,42174.25,0.0,17066.75,0.4046722821615862,84.9675,88.83500000000001,77.10273024456706
14207,2025-10-11 02:00:00+02:00,32.16999816894531,76.34500122070312,41297.0,0.0,16444.5,0.3982008377368329,80.0875,87.3875,75.4892148358561
14208,2025-10-11 03:00:00+02:00,32.16999816894531,76.34500122070312,41102.25,0.0,16130.0,0.3924359371099061,78.285,84.175,74.65849172366478
14209,2025-10-11 04:00:00+02:00,32.16999816894531,76.34500122070312,41319.25,0.0,15972.25,0.3865571131163907,79.21000000000001,82.0275,77.06713008803234
14210,2025-10-11 05:00:00+02:00,32.16999816894531,76.34500122070312,41572.25,0.0,15828.0,0.380734744840432,86.0725,84.755,77.44741454773845
14211,2025-10-11 06:00:00+02:00,32.16999816894531,76.34500122070312,42903.5,0.0,15856.25,0.3695794048575105,102.6375,90.265,80.47880672493595
14212,2025-10-11 07:00:00+02:00,32.16999816894531,76.34500122070312,45699.0,164.0,15849.75,0.3468292522053372,119.325,96.7525,97.05496790246357
14213,2025-10-11 08:00:00+02:00,32.16999816894531,76.34500122070312,49465.0,2683.25,17861.25,0.3610886484663724,122.6125,100.4,103.45343701479531
14214,2025-10-11 09:00:00+02:00,32.16999816894531,76.34500122070312,52607.0,7668.75,22174.75,0.4215170984048668,107.765,92.96,88.87168306091704
14215,2025-10-11 10:00:00+02:00,32.16999816894531,76.34500122070312,54458.0,13104.75,27293.75,0.5011889895880882,93.0075,82.4325,77.48155751036995
14216,2025-10-11 11:00:00+02:00,32.16999816894531,76.34500122070312,55351.5,17438.5,31721.75,0.5730964832799298,82.1175,74.02,69.36044536645659
14217,2025-10-11 12:00:00+02:00,32.16999816894531,76.34500122070312,54799.25,19683.25,34016.5,0.6207475466140964,77.5325,55.4175,54.320915530092826
14218,2025-10-11 13:00:00+02:00,32.16999816894531,76.34500122070312,53227.75,20146.0,34395.5,0.6461948888228048,75.69,46.7725,41.37305097968009
14219,2025-10-11 14:00:00+02:00,32.16999816894531,76.34500122070312,52103.25,18778.25,33111.25,0.635492987359619,77.2575,51.03,42.21608791611004
14220,2025-10-11 15:00:00+02:00,32.16999816894531,76.34500122070312,51513.25,15242.0,29413.25,0.5709841641575741,88.89500000000001,76.9425,61.3250288581222
14221,2025-10-11 16:00:00+02:00,32.16999816894531,76.34500122070312,51633.75,9818.75,23284.75,0.4509598856463147,97.8575,83.65,84.91891913404895
14222,2025-10-11 17:00:00+02:00,32.16999816894531,76.34500122070312,52957.5,3864.75,16284.75,0.3075060189194153,118.2,114.005,108.2754041693112
14223,2025-10-11 18:00:00+02:00,32.16999816894531,76.34500122070312,54070.75,410.5,12153.5,0.2247703240245843,120.605,126.4375,118.27789717006674
14224,2025-10-11 19:00:00+02:00,32.16999816894531,76.34500122070312,53024.5,0.0,11482.75,0.2165555544669812,123.29,130.1725,117.10147666718235
14225,2025-10-11 20:00:00+02:00,32.16999816894531,76.34500122070312,50459.75,0.0,11144.0,0.2208492907275899,115.39,120.635,115.5689383425221
14226,2025-10-11 21:00:00+02:00,32.16999816894531,76.34500122070312,48100.5,0.0,10628.75,0.220969636444326,103.915,112.545,110.68814305878821
14227,2025-10-11 22:00:00+02:00,32.16999816894531,76.34500122070312,45665.75,0.0,10110.5,0.2214022543763318,97.7375,106.9075,101.61564277056605
14228,2025-10-11 23:00:00+02:00,32.16999816894531,76.34500122070312,43084.5,0.0,9837.5,0.2283303739794286,93.35,95.0975,97.55144790877257
14229,2025-10-12 00:00:00+02:00,32.16999816894531,76.34500122070312,41572.75,0.0,9371.25,0.2254180923260024,92.9675,96.1775,98.63141865732909
14230,2025-10-12 01:00:00+02:00,32.16999816894531,76.34500122070312,39832.25,0.0,9777.5,0.2454669268631656,88.83500000000001,92.1675,91.18707689123526
14231,2025-10-12 02:00:00+02:00,32.16999816894531,76.34500122070312,38908.5,0.0,10459.25,0.2688165824257381,87.3875,88.86,84.49275091501461
14232,2025-10-12 03:00:00+02:00,32.16999816894531,76.34500122070312,38838.5,0.0,11578.75,0.2981255711991643,84.175,85.13,79.77283857933227
14233,2025-10-12 04:00:00+02:00,32.16999816894531,76.34500122070312,39369.5,0.0,12933.5,0.3285157290977747,82.0275,86.4125,77.82785112731811
14234,2025-10-12 05:00:00+02:00,32.16999816894531,76.34500122070312,40603.5,0.0,14161.0,0.3487630375832716,84.755,86.6575,74.98666275933338
14235,2025-10-12 06:00:00+02:00,32.16999816894531,76.34500122070312,42696.5,0.0,15274.5,0.3577459509894848,90.265,88.3,74.7543910895445
14236,2025-10-12 07:00:00+02:00,32.16999816894531,76.34500122070312,44970.25,118.25,15982.5,0.3554016265519089,96.7525,89.1725,81.91922015244526
14237,2025-10-12 08:00:00+02:00,32.16999816894531,76.34500122070312,47882.5,2134.5,18072.25,0.3774291232961042,100.4,88.66,83.4915873171221
14238,2025-10-12 09:00:00+02:00,32.16999816894531,76.34500122070312,50783.5,6537.25,22173.25,0.4366231156898159,92.96,83.0625,80.5425752875639
14239,2025-10-12 10:00:00+02:00,32.16999816894531,76.34500122070312,52947.25,11440.0,26652.0,0.503368918970604,82.4325,76.205,74.16721476715024
14240,2025-10-12 11:00:00+02:00,32.16999816894531,76.34500122070312,53871.25,14977.25,30020.5,0.5572638465680184,74.02,71.9,60.47376486340399
14241,2025-10-12 12:00:00+02:00,32.16999816894531,76.34500122070312,53661.25,16316.75,31276.0,0.5828414357505944,55.4175,66.8875,53.23858255956589
14242,2025-10-12 13:00:00+02:00,32.16999816894531,76.34500122070312,52233.0,16210.75,31080.5,0.5950357052830517,46.7725,52.16,47.678388614995995
14243,2025-10-12 14:00:00+02:00,32.16999816894531,76.34500122070312,50805.25,14693.75,29483.25,0.5803189629850618,51.03,62.475,52.55039430692057
14244,2025-10-12 15:00:00+02:00,32.16999816894531,76.34500122070312,50146.25,11810.0,26134.25,0.521160605125775,76.9425,79.985,70.35498892629195
14245,2025-10-12 16:00:00+02:00,32.16999816894531,76.34500122070312,50364.0,7535.0,20943.75,0.415847629176426,83.65,88.0025,84.80698450266333
14246,2025-10-12 17:00:00+02:00,32.16999816894531,76.34500122070312,52182.25,3005.0,15380.0,0.2947362368823237,114.005,105.55,106.86018421799136
14247,2025-10-12 18:00:00+02:00,32.16999816894531,76.34500122070312,53700.5,314.75,11953.75,0.2226003481862179,126.4375,108.9,117.9895346667367
14248,2025-10-12 19:00:00+02:00,32.16999816894531,76.34500122070312,53788.75,0.0,10883.75,0.2023424972317924,130.1725,116.64,123.59202949489095
14249,2025-10-12 20:00:00+02:00,32.16999816894531,76.34500122070312,52130.5,0.0,9865.5,0.1892462185881113,120.635,115.5275,120.04251960423203
14250,2025-10-12 21:00:00+02:00,32.16999816894531,76.34500122070312,50170.5,0.0,8567.25,0.170762699161706,112.545,110.4475,116.19755127997156
14251,2025-10-12 22:00:00+02:00,32.16999816894531,76.34500122070312,48131.25,0.0,7427.25,0.1543124269254772,106.9075,107.79,112.67698739728158
14252,2025-10-12 23:00:00+02:00,32.16999816894531,76.34500122070312,45611.0,0.0,6516.25,0.1428657560362926,95.0975,93.445,104.37871107386047
14253,2025-10-13 00:00:00+02:00,32.16999816894531,76.34500122070312,43184.75,0.0,5568.75,0.1289517711393601,96.1775,93.4525,99.76868121669646
14254,2025-10-13 01:00:00+02:00,32.16999816894531,76.34500122070312,41865.0,0.0,4878.0,0.1165173772562958,92.1675,90.26,99.2323654333987
14255,2025-10-13 02:00:00+02:00,32.16999816894531,76.34500122070312,41271.5,0.0,4392.25,0.1064233187292869,88.86,90.8325,93.39633863328027
14256,2025-10-13 03:00:00+02:00,32.16999816894531,76.34500122070312,41451.5,0.0,3927.25,0.094743254141649,85.13,89.1225,90.82600127116926
14257,2025-10-13 04:00:00+02:00,32.16999816894531,76.34500122070312,42666.75,0.0,3483.0,0.0816326530420918,86.4125,93.4525,90.51575735319686
14258,2025-10-13 05:00:00+02:00,32.16999816894531,76.34500122070312,46535.5,0.0,3154.5,0.0677869583290634,86.6575,98.095,98.22629480280746
14259,2025-10-13 06:00:00+02:00,32.16999816894531,76.34500122070312,54337.5,0.0,2885.75,0.0531078904894211,88.3,131.41,122.58440598955696
14260,2025-10-13 07:00:00+02:00,32.16999816894531,76.34500122070312,60508.0,129.5,2814.25,0.0465103787852002,89.1725,218.6375,163.45490892236984
14261,2025-10-13 08:00:00+02:00,32.16999816894531,76.34500122070312,63891.75,2577.0,5081.0,0.0795251342967558,88.66,199.5575,176.75119583130112
14262,2025-10-13 09:00:00+02:00,32.16999816894531,76.34500122070312,65006.0,7720.5,9812.25,0.1509437590144073,83.0625,150.185,145.00090230634362
14263,2025-10-13 10:00:00+02:00,32.16999816894531,76.34500122070312,66085.75,13785.25,15404.25,0.2330948804798167,76.205,125.0975,126.64782304284768
14264,2025-10-13 11:00:00+02:00,32.16999816894531,76.34500122070312,66563.25,18961.0,20359.0,0.3058594644483465,71.9,110.0,113.59310529280053
14265,2025-10-13 12:00:00+02:00,32.16999816894531,76.34500122070312,66206.0,22166.25,23586.5,0.3562592513735523,66.8875,95.1,101.13906034310965
14266,2025-10-13 13:00:00+02:00,32.16999816894531,76.34500122070312,65170.5,23277.25,24802.5,0.3805786359809148,52.16,89.8575,95.29829541212811
14267,2025-10-13 14:00:00+02:00,32.16999816894531,76.34500122070312,63634.25,22059.75,23751.75,0.3732541830267105,62.475,92.0975,99.53120230799689
14268,2025-10-13 15:00:00+02:00,32.16999816894531,76.34500122070312,62467.75,18101.25,20051.5,0.3209896305980302,79.985,101.8425,107.85484738509881
14269,2025-10-13 16:00:00+02:00,32.16999816894531,76.34500122070312,61661.25,12663.0,15099.0,0.2448701574741235,88.0025,117.9025,116.58159935551271
14270,2025-10-13 17:00:00+02:00,32.16999816894531,76.34500122070312,61588.25,5623.0,8390.0,0.1362272835912325,105.55,180.6,144.4517564386323
14271,2025-10-13 18:00:00+02:00,32.16999816894531,76.34500122070312,62957.25,451.5,3919.75,0.062260502156263,108.9,305.74,209.50220797675473
14272,2025-10-13 19:00:00+02:00,32.16999816894531,76.34500122070312,62719.5,0.0,4269.75,0.0680769138676046,116.64,306.575,205.6778238232397
14273,2025-10-13 20:00:00+02:00,32.16999816894531,76.34500122070312,60184.75,0.0,4604.5,0.0765060916467201,115.5275,186.9525,166.37353437377084
14274,2025-10-13 21:00:00+02:00,32.16999816894531,76.34500122070312,56646.75,0.0,4442.75,0.0784290360738384,110.4475,137.175,139.73848323208176
14275,2025-10-13 22:00:00+02:00,32.16999816894531,76.34500122070312,52840.75,0.0,4212.75,0.079725401308701,107.79,121.9875,129.32901168138224
14276,2025-10-13 23:00:00+02:00,32.16999816894531,76.34500122070312,49101.75,0.0,4047.0,0.082420687636913,93.445,111.275,114.08892098166328
14277,2025-10-14 00:00:00+02:00,31.475000381469727,75.1449966430664,46708.25,0.0,4905.5,0.1050242729913828,93.4525,109.1825,110.51061557301537
14278,2025-10-14 01:00:00+02:00,31.475000381469727,75.1449966430664,44875.0,0.0,5497.75,0.1225125347916406,90.26,103.015,108.23763751839569
14279,2025-10-14 02:00:00+02:00,31.475000381469727,75.1449966430664,43789.5,0.0,6256.5,0.1428767169885756,90.8325,99.52,101.91956148434483
14280,2025-10-14 03:00:00+02:00,31.475000381469727,75.1449966430664,44014.75,0.0,7063.0,0.1604689336732643,89.1225,98.8675,98.21381847522902
14281,2025-10-14 04:00:00+02:00,31.475000381469727,75.1449966430664,45146.25,0.0,7890.5,0.1747764210372342,93.4525,100.0475,99.30310258871796
14282,2025-10-14 05:00:00+02:00,31.475000381469727,75.1449966430664,48080.0,0.0,8674.0,0.1804076538726273,98.095,101.4475,105.22530668342596
14283,2025-10-14 06:00:00+02:00,31.475000381469727,75.1449966430664,54361.25,0.0,9340.0,0.1718135620185677,131.41,123.2925,132.62559975761246
14284,2025-10-14 07:00:00+02:00,31.475000381469727,75.1449966430664,60048.25,111.75,9842.25,0.1639056924783144,218.6375,160.195,173.81753348666155
14285,2025-10-14 08:00:00+02:00,31.475000381469727,75.1449966430664,63217.25,2539.0,12290.0,0.1944089627128024,199.5575,190.82,175.10102838596646
14286,2025-10-14 09:00:00+02:00,31.475000381469727,75.1449966430664,64116.25,7996.0,17098.5,0.2666796638501659,150.185,156.445,144.79526921616582
14287,2025-10-14 10:00:00+02:00,31.475000381469727,75.1449966430664,64995.0,13981.5,22135.75,0.3405761981166895,125.0975,134.725,127.75762483163084
14288,2025-10-14 11:00:00+02:00,31.475000381469727,75.1449966430664,65535.25,18319.0,25936.25,0.3957602968790444,110.0,119.845,117.56891689344225
14289,2025-10-14 12:00:00+02:00,31.475000381469727,75.1449966430664,65049.0,20234.5,27549.5,0.4235191931584622,95.1,107.6475,113.17332118121563
14290,2025-10-14 13:00:00+02:00,31.475000381469727,75.1449966430664,63914.25,20132.75,27293.25,0.4270291835659451,89.8575,102.9975,107.4757639345684
14291,2025-10-14 14:00:00+02:00,31.475000381469727,75.1449966430664,62421.5,18357.25,25394.25,0.4068189645543892,92.0975,105.265,109.28637186504062
14292,2025-10-14 15:00:00+02:00,31.475000381469727,75.1449966430664,61174.75,14817.5,21535.75,0.3520365836636788,101.8425,122.275,115.40630397577421
14293,2025-10-14 16:00:00+02:00,31.475000381469727,75.1449966430664,60694.25,9446.75,15621.0,0.2573719915383464,117.9025,146.6,129.79341109623715
14294,2025-10-14 17:00:00+02:00,31.475000381469727,75.1449966430664,60883.75,3486.25,9122.75,0.1498388321760997,180.6,219.195,172.29625401564556
14295,2025-10-14 18:00:00+02:00,31.475000381469727,75.1449966430664,62108.25,284.5,5629.0,0.0906320818746894,305.74,404.9575,207.7774668908524
14296,2025-10-14 19:00:00+02:00,31.475000381469727,75.1449966430664,61809.0,0.0,5171.75,0.0836730896659591,306.575,407.205,209.58287699819618
14297,2025-10-14 20:00:00+02:00,31.475000381469727,75.1449966430664,59035.5,0.0,4805.75,0.0814044091976176,186.9525,225.48,211.57459548616362
14298,2025-10-14 21:00:00+02:00,31.475000381469727,75.1449966430664,55753.0,0.0,4205.75,0.0754354025657031,137.175,163.04,177.1412723838895
14299,2025-10-14 22:00:00+02:00,31.475000381469727,75.1449966430664,52299.5,0.0,3641.75,0.0696325968566367,121.9875,129.85750000000002,141.26682672278162
14300,2025-10-14 23:00:00+02:00,31.475000381469727,75.1449966430664,48833.25,0.0,3064.75,0.0627594927507877,111.275,115.36,126.82197965439563
14301,2025-10-15 00:00:00+02:00,31.801000595092773,73.99500274658203,46287.75,0.0,2815.25,0.0608206274746945,109.1825,115.4625,123.89298626397311
14302,2025-10-15 01:00:00+02:00,31.801000595092773,73.99500274658203,44799.75,0.0,2549.0,0.0568976389250168,103.015,111.865,120.0341916019998
14303,2025-10-15 02:00:00+02:00,31.801000595092773,73.99500274658203,44061.0,0.0,2433.75,0.0552359229124995,99.52,107.68,112.98429029249976
14304,2025-10-15 03:00:00+02:00,31.801000595092773,73.99500274658203,44280.0,0.0,2442.75,0.0551659891474331,98.8675,103.6175,113.06876422426681
14305,2025-10-15 04:00:00+02:00,31.801000595092773,73.99500274658203,45663.0,0.0,2489.0,0.0545080261799469,100.0475,106.48,117.8433799396237
14306,2025-10-15 05:00:00+02:00,31.801000595092773,73.99500274658203,48524.0,0.0,2569.0,0.0529428736186334,101.4475,114.3975,123.17973888496282
14307,2025-10-15 06:00:00+02:00,31.801000595092773,73.99500274658203,54769.75,0.0,2650.25,0.048388937315144,123.2925,151.96,164.7628118733199
14308,2025-10-15 07:00:00+02:00,31.801000595092773,73.99500274658203,60815.75,94.0,2867.0,0.0471423932045329,160.195,278.74,218.55415813584335
14309,2025-10-15 08:00:00+02:00,31.801000595092773,73.99500274658203,63971.75,2066.25,4979.5,0.0778390461292931,190.82,276.1975,241.24878389438157
14310,2025-10-15 09:00:00+02:00,31.801000595092773,73.99500274658203,64843.25,6435.5,9347.5,0.1441553284043974,156.445,181.0525,175.78851174697775
14311,2025-10-15 10:00:00+02:00,31.801000595092773,73.99500274658203,65394.75,11483.5,14406.25,0.2202967363251183,134.725,142.3575,155.83737262651607
14312,2025-10-15 11:00:00+02:00,31.801000595092773,73.99500274658203,65801.25,15696.25,18839.75,0.2863129499384414,119.845,126.105,128.435548440689
14313,2025-10-15 12:00:00+02:00,31.801000595092773,73.99500274658203,65093.25,18043.75,21560.0,0.3312171384388984,107.6475,119.425,120.67896106289163
14314,2025-10-15 13:00:00+02:00,31.801000595092773,73.99500274658203,63844.0,18250.5,22283.25,0.3490265333705553,102.9975,112.8775,117.69915973062976
14315,2025-10-15 14:00:00+02:00,31.801000595092773,73.99500274658203,62147.5,16793.5,21538.25,0.3465666357702938,105.265,115.3925,118.23157007844667
14316,2025-10-15 15:00:00+02:00,31.801000595092773,73.99500274658203,60965.25,13374.25,18850.25,0.3091966324571462,122.275,122.6425,126.70919061765248
14317,2025-10-15 16:00:00+02:00,31.801000595092773,73.99500274658203,60377.0,8369.25,14352.25,0.2377105519920316,146.6,135.6925,147.22291003915547
14318,2025-10-15 17:00:00+02:00,31.801000595092773,73.99500274658203,60687.25,2987.5,9308.25,0.1533806524181964,219.195,170.0,181.1327869655433
14319,2025-10-15 18:00:00+02:00,31.801000595092773,73.99500274658203,61914.5,219.5,7228.75,0.1167537491029155,404.9575,221.8775,203.27203294590117
14320,2025-10-15 19:00:00+02:00,31.801000595092773,73.99500274658203,61666.25,0.0,7942.5,0.1287981675342998,407.205,220.0,185.5833883577434
14321,2025-10-15 20:00:00+02:00,31.801000595092773,73.99500274658203,59056.5,0.0,8723.25,0.1477102435552885,225.48,152.845,167.63394357881623
14322,2025-10-15 21:00:00+02:00,31.801000595092773,73.99500274658203,55739.5,0.0,9332.75,0.1674351222799926,163.04,124.3425,139.45533929106426
14323,2025-10-15 22:00:00+02:00,31.801000595092773,73.99500274658203,52267.0,0.0,9893.75,0.1892924789658307,129.85750000000002,98.21,121.73572467298325
14324,2025-10-15 23:00:00+02:00,31.801000595092773,73.99500274658203,48858.5,0.0,10403.25,0.2129261028863092,115.36,88.17,114.04706831444663
14325,2025-10-16 00:00:00+02:00,31.826000213623047,75.05999755859375,45660.25,0.0,11425.0,0.2502176400150639,115.4625,88.16499999999999,105.96612054683563
14326,2025-10-16 01:00:00+02:00,31.826000213623047,75.05999755859375,43869.25,0.0,12039.5,0.2744405249065255,111.865,85.8075,97.74591852157758
14327,2025-10-16 02:00:00+02:00,31.826000213623047,75.05999755859375,43096.25,0.0,12544.0,0.2910694085236953,107.68,88.0,90.56273830446808
14328,2025-10-16 03:00:00+02:00,31.826000213623047,75.05999755859375,43180.25,0.0,12946.0,0.2998129931392678,103.6175,86.655,86.30573032694076
14329,2025-10-16 04:00:00+02:00,31.826000213623047,75.05999755859375,44186.0,0.0,13311.0,0.3012492644047324,106.48,88.335,87.17549077729207
14330,2025-10-16 05:00:00+02:00,31.826000213623047,75.05999755859375,47215.75,0.0,13561.0,0.2872134827282816,114.3975,85.045,101.99310134390923
14331,2025-10-16 06:00:00+02:00,31.826000213623047,75.05999755859375,53469.25,0.0,13735.5,0.2568859671200015,151.96,96.1925,119.99244991616746
14332,2025-10-16 07:00:00+02:00,31.826000213623047,75.05999755859375,59291.75,75.25,13969.0,0.2355977011581547,278.74,116.1225,142.8343895289131
14333,2025-10-16 08:00:00+02:00,31.826000213623047,75.05999755859375,62869.75,1986.25,16020.25,0.2548165055126167,276.1975,132.76749999999998,148.79319836405267
14334,2025-10-16 09:00:00+02:00,31.826000213623047,75.05999755859375,64243.0,6362.25,20140.5,0.3135049732556846,181.0525,119.93,135.39302092527834
14335,2025-10-16 10:00:00+02:00,31.826000213623047,75.05999755859375,65536.5,11304.25,24861.0,0.3793458606456942,142.3575,92.2375,118.91227148878498
14336,2025-10-16 11:00:00+02:00,31.826000213623047,75.05999755859375,66257.25,15508.0,29473.75,0.4448381119885238,126.105,88.3075,104.68440842784302
14337,2025-10-16 12:00:00+02:00,31.826000213623047,75.05999755859375,66056.5,18157.5,32489.25,0.4918403184407529,119.425,83.4025,99.33937215035641
14338,2025-10-16 13:00:00+02:00,31.826000213623047,75.05999755859375,65290.75,18531.75,33255.75,0.5093485676746937,112.8775,81.47500000000001,96.85763523971683
14339,2025-10-16 14:00:00+02:00,31.826000213623047,75.05999755859375,63555.25,16909.0,32182.5,0.5063704413866091,115.3925,82.98,92.3908607747892
14340,2025-10-16 15:00:00+02:00,31.826000213623047,75.05999755859375,61796.5,13446.0,29070.25,0.4704190366007105,122.6425,83.0275,98.38771629886675
14341,2025-10-16 16:00:00+02:00,31.826000213623047,75.05999755859375,60632.5,8410.0,23893.0,0.3940625901300354,135.6925,89.0275,108.74129645741449
14342,2025-10-16 17:00:00+02:00,31.826000213623047,75.05999755859375,60975.25,2949.0,17986.25,0.2949762403114417,170.0,120.915,131.405911198928
14343,2025-10-16 18:00:00+02:00,31.826000213623047,75.05999755859375,61976.25,220.25,15436.5,0.2490712167565686,221.8775,130.0,139.08323046089862
14344,2025-10-16 19:00:00+02:00,31.826000213623047,75.05999755859375,61863.5,0.0,15505.5,0.2506405230466041,220.0,140.59,138.66374622951236
14345,2025-10-16 20:00:00+02:00,31.826000213623047,75.05999755859375,59206.25,0.0,15689.25,0.2649931383485707,152.845,125.595,128.07116416831474
14346,2025-10-16 21:00:00+02:00,31.826000213623047,75.05999755859375,55951.25,0.0,15702.0,0.2806371617648154,124.3425,102.2325,117.09349919499478
14347,2025-10-16 22:00:00+02:00,31.826000213623047,75.05999755859375,52551.75,0.0,15169.25,0.2886535652402339,98.21,99.855,103.43716430504983
14348,2025-10-16 23:00:00+02:00,31.826000213623047,75.05999755859375,48912.25,0.0,14537.5,0.2972159325532528,88.17,93.3625,96.02001176335695
14349,2025-10-17 00:00:00+02:00,32.37799835205078,76.40499877929688,46432.5,0.0,13921.75,0.2998277068217675,88.16499999999999,88.14750000000001,94.77763632345092
14350,2025-10-17 01:00:00+02:00,32.37799835205078,76.40499877929688,44843.5,0.0,13359.25,0.2979082809553428,85.8075,88.3125,91.14864788326953
14351,2025-10-17 02:00:00+02:00,32.37799835205078,76.40499877929688,44280.5,0.0,12907.5,0.2914939984210896,88.0,89.0575,90.9639397680867
14352,2025-10-17 03:00:00+02:00,32.37799835205078,76.40499877929688,44601.25,0.0,12819.75,0.2874302849611994,86.655,88.4575,90.09663733913148
14353,2025-10-17 04:00:00+02:00,32.37799835205078,76.40499877929688,45724.75,0.0,12825.0,0.2804826707023039,88.335,90.5875,91.90011883457133
14354,2025-10-17 05:00:00+02:00,32.37799835205078,76.40499877929688,48614.75,0.0,12808.75,0.2634745627071054,85.045,94.51,93.85398933708734
14355,2025-10-17 06:00:00+02:00,32.37799835205078,76.40499877929688,54802.25,0.0,13041.75,0.2379783676330847,96.1925,107.91,108.3740812238845
14356,2025-10-17 07:00:00+02:00,32.37799835205078,76.40499877929688,60087.25,68.25,13089.75,0.2178457159850308,116.1225,129.485,129.4561942799618
14357,2025-10-17 08:00:00+02:00,32.37799835205078,76.40499877929688,63648.75,2094.75,14676.75,0.2305897601711597,132.76749999999998,144.835,143.5271088386603
14358,2025-10-17 09:00:00+02:00,32.37799835205078,76.40499877929688,64993.5,6830.0,18645.5,0.2868825343631467,119.93,129.02,127.5360650677461
14359,2025-10-17 10:00:00+02:00,32.37799835205078,76.40499877929688,65668.0,12262.5,23782.25,0.3621588901196688,92.2375,117.18,106.00710179959907
14360,2025-10-17 11:00:00+02:00,32.37799835205078,76.40499877929688,65614.25,16649.75,28730.75,0.4378736325664206,88.3075,99.0375,95.49640154607997
14361,2025-10-17 12:00:00+02:00,32.37799835205078,76.40499877929688,64837.75,18850.25,31711.5,0.489090074765227,83.4025,88.14,90.31983842429945
14362,2025-10-17 13:00:00+02:00,32.37799835205078,76.40499877929688,62925.5,18648.0,32513.5,0.5166983177699505,81.47500000000001,86.7175,86.15580722454298
14363,2025-10-17 14:00:00+02:00,32.37799835205078,76.40499877929688,61125.75,16665.0,31593.25,0.5168566438012038,82.98,87.805,88.46659268963249
14364,2025-10-17 15:00:00+02:00,32.37799835205078,76.40499877929688,60059.0,13016.5,28535.25,0.4751202982941573,83.0275,88.6425,90.92311154788413
14365,2025-10-17 16:00:00+02:00,32.37799835205078,76.40499877929688,59471.0,7984.5,23361.5,0.3928217113563212,89.0275,95.0,94.8992127471546
14366,2025-10-17 17:00:00+02:00,32.37799835205078,76.40499877929688,60607.25,2789.25,17638.0,0.2910212886591915,120.915,117.1675,126.45915257076018
14367,2025-10-17 18:00:00+02:00,32.37799835205078,76.40499877929688,61137.5,201.5,14946.5,0.2444735227569865,130.0,129.31,133.8386687729635
14368,2025-10-17 19:00:00+02:00,32.37799835205078,76.40499877929688,60294.25,0.0,15001.5,0.2488048196554721,140.59,130.69,137.38209329656752
14369,2025-10-17 20:00:00+02:00,32.37799835205078,76.40499877929688,57037.75,0.0,14995.5,0.2629048305266416,125.595,116.9875,128.7020696254329
14370,2025-10-17 21:00:00+02:00,32.37799835205078,76.40499877929688,53726.25,0.0,14334.5,0.2668062631829308,102.2325,104.055,112.65253848637317
14371,2025-10-17 22:00:00+02:00,32.37799835205078,76.40499877929688,50464.5,0.0,13238.0,0.2623230191000955,99.855,102.1825,108.48024652737091
14372,2025-10-17 23:00:00+02:00,32.37799835205078,76.40499877929688,47290.0,0.0,12169.25,0.2573324169470644,93.3625,92.4975,100.26584950072444
14373,2025-10-18 00:00:00+02:00,31.81599998474121,76.38500213623047,44095.0,0.0,11688.25,0.2650697357375961,88.14750000000001,94.615,94.78933060339759
14374,2025-10-18 01:00:00+02:00,31.81599998474121,76.38500213623047,42137.25,0.0,10872.25,0.2580199229285205,88.3125,89.86,92.39006928461247
14375,2025-10-18 02:00:00+02:00,31.81599998474121,76.38500213623047,41133.25,0.0,9974.25,0.2424863096783049,89.0575,89.8125,91.40746353781108
14376,2025-10-18 03:00:00+02:00,31.81599998474121,76.38500213623047,40816.0,0.0,9182.75,0.2249791747782783,88.4575,88.33500000000001,94.66924675543417
14377,2025-10-18 04:00:00+02:00,31.81599998474121,76.38500213623047,40805.5,0.0,8467.25,0.2075026650310613,90.5875,88.35,94.41988564688576
14378,2025-10-18 05:00:00+02:00,31.81599998474121,76.38500213623047,41560.5,0.0,7797.5,0.1876180507482782,94.51,88.315,96.02868341754618
14379,2025-10-18 06:00:00+02:00,31.81599998474121,76.38500213623047,43314.5,0.0,7219.25,0.1666705144543581,107.91,91.955,99.7487169188513
14380,2025-10-18 07:00:00+02:00,31.81599998474121,76.38500213623047,45849.25,120.25,6689.0,0.1458911541310073,129.485,109.4725,116.3176056024436
14381,2025-10-18 08:00:00+02:00,31.81599998474121,76.38500213623047,49378.5,4074.25,9933.75,0.201175612827207,144.835,114.545,116.02749122565277
14382,2025-10-18 09:00:00+02:00,31.81599998474121,76.38500213623047,52451.5,12873.5,17529.0,0.3341944462342937,129.02,102.2425,103.71450671748222
14383,2025-10-18 10:00:00+02:00,31.81599998474121,76.38500213623047,54437.25,21945.0,25364.5,0.4659401420046126,117.18,91.4675,83.45191269436201
14384,2025-10-18 11:00:00+02:00,31.81599998474121,76.38500213623047,55245.0,28870.5,31675.5,0.5733641052451146,99.0375,80.7875,65.03616284913008
14385,2025-10-18 12:00:00+02:00,31.81599998474121,76.38500213623047,54303.0,32360.5,34778.25,0.6404480414267263,88.14,73.94,41.28398549674765
14386,2025-10-18 13:00:00+02:00,31.81599998474121,76.38500213623047,52381.5,32285.75,34381.5,0.6563672287627564,86.7175,67.5325,29.693226954020076
14387,2025-10-18 14:00:00+02:00,31.81599998474121,76.38500213623047,51160.0,29463.25,31347.25,0.6127296714986845,87.805,72.2975,38.324768053740286
14388,2025-10-18 15:00:00+02:00,31.81599998474121,76.38500213623047,50219.75,23201.5,25005.0,0.4979116780752768,88.6425,83.5,74.699091600923
14389,2025-10-18 16:00:00+02:00,31.81599998474121,76.38500213623047,50272.25,13982.5,15843.75,0.3151589594030187,95.0,96.55,97.28678522432284
14390,2025-10-18 17:00:00+02:00,31.81599998474121,76.38500213623047,51563.25,4526.5,6870.25,0.1332392740695671,117.1675,120.64,127.14189215763129
14391,2025-10-18 18:00:00+02:00,31.81599998474121,76.38500213623047,52944.75,261.0,4051.25,0.0765184461015457,129.31,133.235,154.36526519214908
14392,2025-10-18 19:00:00+02:00,31.81599998474121,76.38500213623047,52718.25,0.0,5918.75,0.1122713671048884,130.69,124.8225,141.25532179660928
14393,2025-10-18 20:00:00+02:00,31.81599998474121,76.38500213623047,50659.0,0.0,7950.75,0.156946445812798,116.9875,112.995,126.80360336804236
14394,2025-10-18 21:00:00+02:00,31.81599998474121,76.38500213623047,48257.25,0.0,9745.5,0.2019489299116818,104.055,92.5525,114.27430003499342
14395,2025-10-18 22:00:00+02:00,31.81599998474121,76.38500213623047,46332.25,0.0,11094.75,0.2394606348192758,102.1825,95.5775,103.80222667964672
14396,2025-10-18 23:00:00+02:00,31.81599998474121,76.38500213623047,43903.5,0.0,12202.75,0.2779448107148758,92.4975,94.355,91.27010938168353
14397,2025-10-19 00:00:00+02:00,31.81599998474121,76.38500213623047,42338.5,0.0,13195.5,0.3116666862756907,94.615,92.3425,84.43528018174834
14398,2025-10-19 01:00:00+02:00,31.81599998474121,76.38500213623047,40706.0,0.0,13639.0,0.3350611702611258,89.86,87.58500000000001,78.76158909580884
14399,2025-10-19 02:00:00+02:00,31.81599998474121,76.38500213623047,39858.0,0.0,13997.5,0.3511842038358211,89.8125,82.2925,76.7855268279639
14400,2025-10-19 03:00:00+02:00,31.81599998474121,76.38500213623047,39567.25,0.0,14242.75,0.3599631007057697,88.33500000000001,82.14,76.54164857170939
14401,2025-10-19 04:00:00+02:00,31.81599998474121,76.38500213623047,39730.25,0.0,14510.25,0.3652191968675708,88.35,83.2125,75.31051051939973
14402,2025-10-19 05:00:00+02:00,31.81599998474121,76.38500213623047,40368.0,0.0,15096.25,0.3739657648697072,88.315,83.4975,72.53207797229094
14403,2025-10-19 06:00:00+02:00,31.81599998474121,76.38500213623047,42163.25,0.0,16193.25,0.384060763725742,91.955,85.25,73.57750272001505
14404,2025-10-19 07:00:00+02:00,31.81599998474121,76.38500213623047,44697.0,87.25,17420.75,0.3897521085554394,109.4725,85.255,74.80163648928051
14405,2025-10-19 08:00:00+02:00,31.81599998474121,76.38500213623047,47883.5,2862.25,21201.75,0.4427777834864247,114.545,87.1575,73.28430593373008
14406,2025-10-19 09:00:00+02:00,31.81599998474121,76.38500213623047,51042.75,9078.0,27750.75,0.5436766238998336,102.2425,78.4325,66.19436866911846
14407,2025-10-19 10:00:00+02:00,31.81599998474121,76.38500213623047,53134.75,15605.75,32693.25,0.6152894291183661,91.4675,69.6375,56.671721530962735
14408,2025-10-19 11:00:00+02:00,31.81599998474121,76.38500213623047,54561.75,21534.75,36655.5,0.671816794609444,80.7875,60.3,46.48738861991546
14409,2025-10-19 12:00:00+02:00,31.81599998474121,76.38500213623047,54405.75,25526.0,40230.0,0.7394439005547311,73.94,34.567499999999995,30.86257553956813
14410,2025-10-19 13:00:00+02:00,31.81599998474121,76.38500213623047,53120.75,26274.25,40799.0,0.7680426197355943,67.5325,20.295,18.92444936459803
14411,2025-10-19 14:00:00+02:00,31.81599998474121,76.38500213623047,51490.75,23441.0,38167.75,0.741254497023008,72.2975,36.2175,18.91678154387151
14412,2025-10-19 15:00:00+02:00,31.81599998474121,76.38500213623047,50721.75,17529.75,33047.25,0.6515400196855313,83.5,66.77250000000001,47.7077387011785
14413,2025-10-19 16:00:00+02:00,31.81599998474121,76.38500213623047,51016.75,10031.5,26885.75,0.5269984856881321,96.55,89.93,68.91306915893438
14414,2025-10-19 17:00:00+02:00,31.81599998474121,76.38500213623047,52697.5,3080.0,22812.25,0.4328905544982417,120.64,106.0725,81.0977857276594
14415,2025-10-19 18:00:00+02:00,31.81599998474121,76.38500213623047,54014.75,160.5,24072.0,0.4456560475711438,133.235,107.6875,87.69594954587993
14416,2025-10-19 19:00:00+02:00,31.81599998474121,76.38500213623047,54241.75,0.0,27204.75,0.5015463180112097,124.8225,85.62,78.02264091275742
14417,2025-10-19 20:00:00+02:00,31.81599998474121,76.38500213623047,52263.75,0.0,28890.5,0.5527827604117992,112.995,75.5025,69.04379326291189
14418,2025-10-19 21:00:00+02:00,31.81599998474121,76.38500213623047,50104.5,0.0,29692.0,0.5926014628241771,92.5525,73.15,58.07672730156825
14419,2025-10-19 22:00:00+02:00,31.81599998474121,76.38500213623047,48403.75,0.0,29216.5,0.6035999275668518,95.5775,74.74249999999999,58.10714454169368
14420,2025-10-19 23:00:00+02:00,31.81599998474121,76.38500213623047,45867.75,0.0,28880.25,0.6296417416093787,94.355,60.855,54.98468888938943
14421,2025-10-20 00:00:00+02:00,31.81599998474121,76.38500213623047,42561.0,0.0,28451.0,0.6684758345272723,92.3425,70.03750000000001,48.82930304131329
14422,2025-10-20 01:00:00+02:00,31.81599998474121,76.38500213623047,41261.75,0.0,28272.75,0.6852048202790223,87.58500000000001,63.975,48.309725762153526
14423,2025-10-20 02:00:00+02:00,31.81599998474121,76.38500213623047,40791.0,0.0,28347.75,0.694951091982312,82.2925,60.98,45.62590769582315
14424,2025-10-20 03:00:00+02:00,31.81599998474121,76.38500213623047,40791.75,0.0,29012.25,0.711228373209968,82.14,60.0025,41.77347200400948
14425,2025-10-20 04:00:00+02:00,31.81599998474121,76.38500213623047,42301.25,0.0,29890.0,0.706598504605278,83.2125,60.6025,41.57860967474605
14426,2025-10-20 05:00:00+02:00,31.81599998474121,76.38500213623047,45932.25,0.0,30792.5,0.6703895409716725,83.4975,74.81,49.864207973235345
14427,2025-10-20 06:00:00+02:00,31.81599998474121,76.38500213623047,53042.5,0.0,32266.5,0.608314087645131,85.25,76.2525,68.80927512787952
14428,2025-10-20 07:00:00+02:00,31.81599998474121,76.38500213623047,58698.0,82.75,32867.5,0.5599424170227363,85.255,91.8675,88.49593538422978
14429,2025-10-20 08:00:00+02:00,31.81599998474121,76.38500213623047,62593.5,2706.75,35248.5,0.5631335521159332,87.1575,125.0975,92.46315094755708
14430,2025-10-20 09:00:00+02:00,31.81599998474121,76.38500213623047,64607.5,8280.5,40022.0,0.6194636844608654,78.4325,92.185,80.92123854354166
14431,2025-10-20 10:00:00+02:00,31.81599998474121,76.38500213623047,65821.0,13328.0,43402.0,0.6593944180946211,69.6375,73.15,69.29327309053463
14432,2025-10-20 11:00:00+02:00,31.81599998474121,76.38500213623047,66248.5,16563.0,44582.5,0.6729586329240724,60.3,69.935,64.33043293327788
14433,2025-10-20 12:00:00+02:00,31.81599998474121,76.38500213623047,65858.75,17612.75,43923.25,0.666931121427763,34.567499999999995,60.2875,60.24892312698274
14434,2025-10-20 13:00:00+02:00,31.81599998474121,76.38500213623047,64658.5,16577.75,41727.25,0.6453482526434501,20.295,65.27250000000001,59.20958642956372
14435,2025-10-20 14:00:00+02:00,31.81599998474121,76.38500213623047,63383.25,13905.25,38452.0,0.6066586991663162,36.2175,76.08500000000001,64.12056017962259
14436,2025-10-20 15:00:00+02:00,31.81599998474121,76.38500213623047,61794.75,10162.25,34428.5,0.5571427992576808,66.77250000000001,97.14,73.54110422899282
14437,2025-10-20 16:00:00+02:00,31.81599998474121,76.38500213623047,60994.0,5808.25,30661.5,0.5026969865064274,89.93,119.51,86.09144074222077
14438,2025-10-20 17:00:00+02:00,31.81599998474121,76.38500213623047,61053.75,1783.0,28502.0,0.4668345514457613,106.0725,131.1225,106.66590109020389
14439,2025-10-20 18:00:00+02:00,31.81599998474121,76.38500213623047,62046.5,117.0,29557.5,0.4763765884495698,107.6875,125.09,106.13791410719834
14440,2025-10-20 19:00:00+02:00,31.81599998474121,76.38500213623047,61921.25,0.0,31830.5,0.51404808518658,85.62,103.0,94.27465699375153
14441,2025-10-20 20:00:00+02:00,31.81599998474121,76.38500213623047,59511.25,0.0,33470.0,0.5624146694007579,75.5025,82.29,82.93363344763472
14442,2025-10-20 21:00:00+02:00,31.81599998474121,76.38500213623047,56352.0,0.0,35127.5,0.6233585319734244,73.15,76.2525,71.88183418606002
14443,2025-10-20 22:00:00+02:00,31.81599998474121,76.38500213623047,52775.25,0.0,35470.25,0.6721000846661834,74.74249999999999,68.3775,56.4404230826107
14444,2025-10-20 23:00:00+02:00,31.81599998474121,76.38500213623047,49135.25,0.0,36008.25,0.7328394582844618,60.855,51.0,37.5150771541322
14445,2025-11-04 00:00:00+01:00,31.74099922180176,78.23500061035156,46656.0,0.0,32535.58,0.6973503942263909,82.44,16.53,41.44793795110219
14446,2025-11-04 01:00:00+01:00,31.74099922180176,78.23500061035156,45180.0,0.0,31213.23,0.6908638776691315,80.105,7.2575,40.139008037040824
14447,2025-11-04 02:00:00+01:00,31.74099922180176,78.23500061035156,44757.25,0.0,30277.02,0.6764718563637239,74.9975,4.925,39.47827309723628
14448,2025-11-04 03:00:00+01:00,31.74099922180176,78.23500061035156,44939.5,0.0,29629.83,0.659327095170323,73.14,6.3125,40.81097565108446
14449,2025-11-04 04:00:00+01:00,31.74099922180176,78.23500061035156,46159.75,0.0,29046.65,0.6292635898961186,74.9725,21.1975,48.360929412408275
14450,2025-11-04 05:00:00+01:00,31.74099922180176,78.23500061035156,49737.5,0.0,28412.48,0.5712486553262128,75.0,58.4325,60.66326770737693
14451,2025-11-04 06:00:00+01:00,31.74099922180176,78.23500061035156,55729.0,0.0,28035.38,0.5030662670237998,95.33,81.0375,80.81422304009297
14452,2025-11-04 07:00:00+01:00,31.74099922180176,78.23500061035156,60303.0,1476.11,28545.25,0.4733636800037537,117.255,114.3075,98.22135595892348
14453,2025-11-04 08:00:00+01:00,31.74099922180176,78.23500061035156,62855.75,7967.52,33725.09,0.5365474120447934,105.0,110.0,88.45628010845437
14454,2025-11-04 09:00:00+01:00,31.74099922180176,78.23500061035156,64024.5,15711.15,39417.06,0.6156558816366147,85.7625,80.8475,72.82074193767765
14455,2025-11-04 10:00:00+01:00,31.74099922180176,78.23500061035156,64745.25,22137.05,43842.51,0.6771540768354197,75.44500000000001,60.6475,66.4551296739358
14456,2025-11-04 11:00:00+01:00,31.74099922180176,78.23500061035156,65231.0,25892.84,46462.29,0.7122731522263536,71.675,52.87,53.58887752572519
14457,2025-11-04 12:00:00+01:00,31.74099922180176,78.23500061035156,64410.75,26479.07,46137.55,0.7163020146922211,67.99000000000001,50.1525,48.094309516950105
14458,2025-11-04 13:00:00+01:00,31.74099922180176,78.23500061035156,63015.25,23662.8,42612.37,0.676223136355688,71.925,66.9375,59.658560049681505
14459,2025-11-04 14:00:00+01:00,31.74099922180176,78.23500061035156,61804.25,17425.9,35307.38,0.57127754150058,74.975,81.05,81.10148701887009
14460,2025-11-04 15:00:00+01:00,31.74099922180176,78.23500061035156,61099.25,8709.33,25976.33,0.4251497358109715,82.60499999999999,116.265,97.06374351971256
14461,2025-11-04 16:00:00+01:00,31.74099922180176,78.23500061035156,61384.0,1553.67,19742.43,0.3216217580604682,92.735,127.475,111.06045640963238
14462,2025-11-04 17:00:00+01:00,31.74099922180176,78.23500061035156,62740.75,10.57,20291.02,0.3234105425383964,92.52,129.1,114.16806905273563
14463,2025-11-04 18:00:00+01:00,31.74099922180176,78.23500061035156,63403.5,0.0,22434.05,0.3538298358365342,90.555,122.7625,118.65914949721146
14464,2025-11-04 19:00:00+01:00,31.74099922180176,78.23500061035156,62029.75,0.0,23976.7,0.3865354929873914,81.57499999999999,106.6975,110.12102344107556
14465,2025-11-04 20:00:00+01:00,31.74099922180176,78.23500061035156,58985.25,0.0,24946.82,0.4229331908531483,71.63250000000001,96.7525,95.27408812929419
14466,2025-11-04 21:00:00+01:00,31.74099922180176,78.23500061035156,55604.25,0.0,25486.22,0.4583502159532139,60.00749999999999,91.365,87.31413787607046
14467,2025-11-04 22:00:00+01:00,31.74099922180176,78.23500061035156,52092.25,0.0,25457.44,0.4886991826061075,52.7125,86.2375,80.94491666114482
14468,2025-11-04 23:00:00+01:00,31.74099922180176,78.23500061035156,48838.0,0.0,25679.88,0.5258176009406983,28.715,76.1225,76.18715673209293
14469,2025-11-05 00:00:00+01:00,32.55099868774414,79.16999816894531,46200.25,0.0,25586.12,0.5538091242896285,16.53,77.33,60.16737360477107
14470,2025-11-05 01:00:00+01:00,32.55099868774414,79.16999816894531,45060.25,0.0,25154.75,0.5582470135966295,7.2575,75.8225,58.03049209349149
14471,2025-11-05 02:00:00+01:00,32.55099868774414,79.16999816894531,44541.25,0.0,24678.22,0.5540531528517827,4.925,74.35499999999999,53.93198640891359
14472,2025-11-05 03:00:00+01:00,32.55099868774414,79.16999816894531,44788.0,0.0,24389.09,0.5445451905544911,6.3125,74.6825,52.01426440802875
14473,2025-11-05 04:00:00+01:00,32.55099868774414,79.16999816894531,46224.25,0.0,24508.82,0.5302156334542549,21.1975,78.885,58.841643807699576
14474,2025-11-05 05:00:00+01:00,32.55099868774414,79.16999816894531,49605.0,0.0,24805.66,0.500063703154911,58.4325,85.0,71.492124818691
14475,2025-11-05 06:00:00+01:00,32.55099868774414,79.16999816894531,55948.25,0.0,25343.69,0.4529844989873705,81.0375,91.3625,86.6845337907684
14476,2025-11-05 07:00:00+01:00,32.55099868774414,79.16999816894531,61113.25,1541.27,26394.74,0.4318988107436769,114.3075,115.9,101.11007940281965
14477,2025-11-05 08:00:00+01:00,32.55099868774414,79.16999816894531,64022.0,9337.01,33481.2,0.5229639810498009,110.0,107.115,91.06666406221782
14478,2025-11-05 09:00:00+01:00,32.55099868774414,79.16999816894531,64721.75,18466.44,41016.44,0.633735027153355,80.8475,74.54,74.20497949363849
14479,2025-11-05 10:00:00+01:00,32.55099868774414,79.16999816894531,64955.25,25649.27,44763.33,0.6891410623946269,60.6475,62.8825,59.12587678980207
14480,2025-11-05 11:00:00+01:00,32.55099868774414,79.16999816894531,65125.75,29442.63,44406.54,0.6818584045969746,52.87,62.0075,55.77860309282195
14481,2025-11-05 12:00:00+01:00,32.55099868774414,79.16999816894531,63953.5,29657.15,42007.97,0.6568517750151514,50.1525,62.07,63.76383398538812
14482,2025-11-05 13:00:00+01:00,32.55099868774414,79.16999816894531,62553.25,26158.21,36878.51,0.589553860016937,66.9375,77.3325,78.48288979798035
14483,2025-11-05 14:00:00+01:00,32.55099868774414,79.16999816894531,61535.0,18942.47,29112.35,0.4731022994274636,81.05,96.1925,90.7990633070734
14484,2025-11-05 15:00:00+01:00,32.55099868774414,79.16999816894531,60563.5,9290.12,19996.77,0.3301785728483032,116.265,115.395,123.80000172075886
14485,2025-11-05 16:00:00+01:00,32.55099868774414,79.16999816894531,60683.25,1516.08,13728.97,0.2262398602206968,127.475,141.3825,142.2596540319144
14486,2025-11-05 17:00:00+01:00,32.55099868774414,79.16999816894531,62685.0,5.89,14542.35,0.231990906878521,129.1,147.4175,148.27719680890266
14487,2025-11-05 18:00:00+01:00,32.55099868774414,79.16999816894531,64015.75,0.0,16466.14,0.2572201371916723,122.7625,127.58,137.07975072895786
14488,2025-11-05 19:00:00+01:00,32.55099868774414,79.16999816894531,62333.5,0.0,17804.21,0.2856282736753706,106.6975,114.755,121.78767634174577
14489,2025-11-05 20:00:00+01:00,32.55099868774414,79.16999816894531,59279.5,0.0,18730.51,0.3159694328872595,96.7525,104.79,108.22083904931985
14490,2025-11-05 21:00:00+01:00,32.55099868774414,79.16999816894531,55895.75,0.0,18823.9,0.3367680010847393,91.365,98.9175,99.60639579837441
14491,2025-11-05 22:00:00+01:00,32.55099868774414,79.16999816894531,52344.25,0.0,18114.69,0.3460683837582793,86.2375,88.8475,95.11082060790669
14492,2025-11-05 23:00:00+01:00,32.55099868774414,79.16999816894531,48713.5,0.0,17242.81,0.3539636855586308,76.1225,87.7,90.08537731805879
14493,2025-11-06 00:00:00+01:00,31.819000244140625,78.41500091552734,47583.75,0.0,15183.07,0.3190809887158786,77.33,93.3725,90.2384209812971
14494,2025-11-06 01:00:00+01:00,31.819000244140625,78.41500091552734,46117.0,0.0,14417.53,0.3126293990691872,75.8225,90.83,88.78541801532248
14495,2025-11-06 02:00:00+01:00,31.819000244140625,78.41500091552734,45767.0,0.0,14034.88,0.306659383331514,74.35499999999999,91.3975,88.68964904406441
14496,2025-11-06 03:00:00+01:00,31.819000244140625,78.41500091552734,45801.75,0.0,13698.84,0.2990898818715246,74.6825,90.505,87.38104009489068
14497,2025-11-06 04:00:00+01:00,31.819000244140625,78.41500091552734,46526.0,0.0,13304.92,0.2859674160069708,78.885,91.9,89.08580553104636
14498,2025-11-06 05:00:00+01:00,31.819000244140625,78.41500091552734,49773.25,0.0,12779.54,0.2567551847113147,85.0,92.17,94.78183000941388
14499,2025-11-06 06:00:00+01:00,31.819000244140625,78.41500091552734,56278.75,0.0,12367.89,0.2197612775301936,91.3625,118.35,108.7214881579684
14500,2025-11-06 07:00:00+01:00,31.819000244140625,78.41500091552734,61363.25,1288.91,13126.85,0.2139203839082968,115.9,130.2325,138.6128145618638
14501,2025-11-06 08:00:00+01:00,31.819000244140625,78.41500091552734,64466.0,8338.27,19654.08,0.3048751279271438,107.115,119.68,124.52548033503388
14502,2025-11-06 09:00:00+01:00,31.819000244140625,78.41500091552734,64823.0,16853.76,26930.64,0.4154488375398471,74.54,93.2125,95.83210159888287
14503,2025-11-06 10:00:00+01:00,31.819000244140625,78.41500091552734,64967.75,23675.06,31438.35,0.4839070153293122,62.8825,85.1575,92.98714837435298
14504,2025-11-06 11:00:00+01:00,31.819000244140625,78.41500091552734,65070.5,27508.11,32936.04,0.5061593194295173,62.0075,83.7,88.94795760351572
14505,2025-11-06 12:00:00+01:00,31.819000244140625,78.41500091552734,64212.75,28400.97,32590.55,0.5075401691241163,62.07,83.9925,90.25308762374141
14506,2025-11-06 13:00:00+01:00,31.819000244140625,78.41500091552734,63626.5,25513.1,29235.91,0.4594926641478797,77.3325,87.17999999999999,91.70671366175849
14507,2025-11-06 14:00:00+01:00,31.819000244140625,78.41500091552734,62167.75,18493.21,22540.44,0.3625744859090807,96.1925,99.485,105.92288234076874
14508,2025-11-06 15:00:00+01:00,31.819000244140625,78.41500091552734,61167.25,8922.47,14178.15,0.2317931572480709,115.395,128.24,128.39454904083846
14509,2025-11-06 16:00:00+01:00,31.819000244140625,78.41500091552734,61873.75,1370.69,8879.41,0.1435085153003481,141.3825,147.495,161.57540851902382
14510,2025-11-06 17:00:00+01:00,31.819000244140625,78.41500091552734,64108.0,4.38,10287.5,0.1604713920009247,147.4175,154.255,160.6016128956635
14511,2025-11-06 18:00:00+01:00,31.819000244140625,78.41500091552734,65315.25,0.0,12335.56,0.1888618660743299,127.58,137.4475,150.68499572177512
14512,2025-11-06 19:00:00+01:00,31.819000244140625,78.41500091552734,63834.0,0.0,13201.55,0.2068106337991022,114.755,126.4625,138.18401745311655
14513,2025-11-06 20:00:00+01:00,31.819000244140625,78.41500091552734,60184.75,0.0,13184.86,0.21907310403066,104.79,114.97,120.48734152251173
14514,2025-11-06 21:00:00+01:00,31.819000244140625,78.41500091552734,56710.25,0.0,12565.23,0.2215689403200358,98.9175,100.98,108.41070418069295
14515,2025-11-06 22:00:00+01:00,31.819000244140625,78.41500091552734,53129.25,0.0,11476.56,0.2160120836985253,88.8475,97.485,103.79134635028718
14516,2025-11-06 23:00:00+01:00,31.819000244140625,78.41500091552734,49549.5,0.0,10501.66,0.2119428046273034,87.7,90.5525,100.28950613056996
14517,2025-11-07 00:00:00+01:00,31.54800033569336,77.31999969482422,48740.75,0.0,9576.74,0.1964832301110501,93.3725,90.1775,105.57763847215276
14518,2025-11-07 01:00:00+01:00,31.54800033569336,77.31999969482422,47480.25,0.0,9085.45,0.1913521937665972,90.83,88.8225,102.07279587157609
14519,2025-11-07 02:00:00+01:00,31.54800033569336,77.31999969482422,47086.0,0.0,8871.3,0.1884063203099846,91.3975,89.6,102.2693110393726
14520,2025-11-07 03:00:00+01:00,31.54800033569336,77.31999969482422,47482.5,0.0,8686.22,0.1829351866091854,90.505,89.61250000000001,100.8930388531282
14521,2025-11-07 04:00:00+01:00,31.54800033569336,77.31999969482422,48749.75,0.0,8389.23,0.1720876516962471,91.9,90.41,103.48214599818733
14522,2025-11-07 05:00:00+01:00,31.54800033569336,77.31999969482422,52456.75,0.0,8041.56,0.1532988604606082,92.17,94.21,112.30312079608315
14523,2025-11-07 06:00:00+01:00,31.54800033569336,77.31999969482422,58870.0,0.0,7704.97,0.1308810939135585,118.35,112.265,140.11391917727912
14524,2025-11-07 07:00:00+01:00,31.54800033569336,77.31999969482422,64094.25,886.51,8148.44,0.1271321530204141,130.2325,133.8825,162.29350517969857
14525,2025-11-07 08:00:00+01:00,31.54800033569336,77.31999969482422,66891.5,6015.09,12568.58,0.1878950240033643,119.68,128.0475,146.41427544230152
14526,2025-11-07 09:00:00+01:00,31.54800033569336,77.31999969482422,67290.75,12502.6,17866.36,0.2655098954513792,93.2125,108.105,124.45049684138988
14527,2025-11-07 10:00:00+01:00,31.54800033569336,77.31999969482422,67568.5,17924.43,21799.04,0.3226213397777631,85.1575,93.38,110.0080864138306
14528,2025-11-07 11:00:00+01:00,31.54800033569336,77.31999969482422,67410.25,21390.39,24152.03,0.3582842371362983,83.7,89.9875,104.7949864841971
14529,2025-11-07 12:00:00+01:00,31.54800033569336,77.31999969482422,66820.75,22343.89,24505.81,0.3667395232219423,83.9925,88.80250000000001,103.96044451509523
14530,2025-11-07 13:00:00+01:00,31.54800033569336,77.31999969482422,64943.5,20135.07,21992.79,0.3386449759654708,87.17999999999999,92.0525,104.61712917143055
14531,2025-11-07 14:00:00+01:00,31.54800033569336,77.31999969482422,63228.0,14621.08,16360.18,0.2587489719335185,99.485,103.1,117.91097937250284
14532,2025-11-07 15:00:00+01:00,31.54800033569336,77.31999969482422,62254.0,6981.04,8824.47,0.141749445795973,128.24,129.6225,155.9339843756713
14533,2025-11-07 16:00:00+01:00,31.54800033569336,77.31999969482422,63256.0,1071.21,3459.54,0.054691096488129,147.495,165.1225,191.33271973505424
14534,2025-11-07 17:00:00+01:00,31.54800033569336,77.31999969482422,65230.5,4.72,3137.05,0.0480917668808162,154.255,178.5375,199.1191875483442
14535,2025-11-07 18:00:00+01:00,31.54800033569336,77.31999969482422,65751.0,0.0,3686.26,0.0560639381825274,137.4475,145.6825,202.8862671956877
14536,2025-11-07 19:00:00+01:00,31.54800033569336,77.31999969482422,63934.0,0.0,3966.2,0.0620358494600625,126.4625,131.4825,189.04136763242929
14537,2025-11-07 20:00:00+01:00,31.54800033569336,77.31999969482422,59947.5,0.0,3995.85,0.0666558238347461,114.97,119.4275,154.0341954018396
14538,2025-11-07 21:00:00+01:00,31.54800033569336,77.31999969482422,56075.75,0.0,3816.8,0.0680650726797118,100.98,106.6525,136.69847324069414
14539,2025-11-07 22:00:00+01:00,31.54800033569336,77.31999969482422,52829.25,0.0,3569.25,0.0675620039906752,97.485,98.275,129.46822679633357
14540,2025-11-07 23:00:00+01:00,31.54800033569336,77.31999969482422,49441.75,0.0,3367.79,0.068116318684489,90.5525,92.0525,117.66272046083206
14541,2025-11-08 00:00:00+01:00,31.201000213623047,76.62000274658203,46716.5,0.0,2766.31,0.0592148384277043,90.1775,96.53,115.33982432431473
14542,2025-11-08 01:00:00+01:00,31.201000213623047,76.62000274658203,44665.5,0.0,2629.6,0.0588731795101648,88.8225,96.325,108.87651402165287
14543,2025-11-08 02:00:00+01:00,31.201000213623047,76.62000274658203,43662.25,0.0,2439.49,0.0558718343521298,89.6,93.9975,108.5455009930894
14544,2025-11-08 03:00:00+01:00,31.201000213623047,76.62000274658203,43392.0,0.0,2226.1,0.0513020833215103,89.61250000000001,93.9725,107.02009021458885
14545,2025-11-08 04:00:00+01:00,31.201000213623047,76.62000274658203,43314.5,0.0,2071.49,0.047824400593837,90.41,95.0375,107.61434965631139
14546,2025-11-08 05:00:00+01:00,31.201000213623047,76.62000274658203,44805.25,0.0,2032.14,0.0453549528134861,94.21,94.195,111.35606891868458
14547,2025-11-08 06:00:00+01:00,31.201000213623047,76.62000274658203,47221.0,0.0,2062.6,0.0436797187599416,112.265,95.2775,121.00285495544111
14548,2025-11-08 07:00:00+01:00,31.201000213623047,76.62000274658203,50002.0,568.88,2620.36,0.0524051037853675,133.8825,103.8425,134.6030939322411
14549,2025-11-08 08:00:00+01:00,31.201000213623047,76.62000274658203,53324.5,3674.45,5453.35,0.1022672504941879,128.0475,105.5,140.1101560118505
14550,2025-11-08 09:00:00+01:00,31.201000213623047,76.62000274658203,55867.75,7713.76,9014.1,0.1613471098869478,108.105,103.62,122.79949641504813
14551,2025-11-08 10:00:00+01:00,31.201000213623047,76.62000274658203,57733.5,11014.19,11894.44,0.2060231927380077,93.38,102.1775,116.18457377177941
14552,2025-11-08 11:00:00+01:00,31.201000213623047,76.62000274658203,58886.0,13069.93,13712.53,0.2328657065800248,89.9875,96.9475,113.53883187464346
14553,2025-11-08 12:00:00+01:00,31.201000213623047,76.62000274658203,58443.5,13334.06,13839.0,0.2367927998431317,88.80250000000001,95.16,109.00268147109684
14554,2025-11-08 13:00:00+01:00,31.201000213623047,76.62000274658203,56585.5,11652.75,12099.16,0.2138208551282888,92.0525,95.9125,112.53226228422824
14555,2025-11-08 14:00:00+01:00,31.201000213623047,76.62000274658203,54355.25,8166.47,8636.69,0.1588933911335347,103.1,101.5425,119.51572132833115
14556,2025-11-08 15:00:00+01:00,31.201000213623047,76.62000274658203,53611.25,3741.04,4300.74,0.080220849153821,129.6225,117.6175,143.8477653679036
14557,2025-11-08 16:00:00+01:00,31.201000213623047,76.62000274658203,54287.5,579.64,1295.79,0.0238690306195958,165.1225,124.635,166.03548517850612
14558,2025-11-08 17:00:00+01:00,31.201000213623047,76.62000274658203,56218.25,6.06,901.13,0.0160291364430537,178.5375,134.915,177.18569082258233
14559,2025-11-08 18:00:00+01:00,31.201000213623047,76.62000274658203,57898.25,0.0,1047.41,0.0180905295033804,145.6825,136.5325,169.33517692849438
14560,2025-11-08 19:00:00+01:00,31.201000213623047,76.62000274658203,56217.75,0.0,1135.27,0.0201941557568216,131.4825,131.98000000000002,157.96928327051677
14561,2025-11-08 20:00:00+01:00,31.201000213623047,76.62000274658203,53410.5,0.0,1146.69,0.0214693739954747,119.4275,122.9675,146.00840607072985
14562,2025-11-08 21:00:00+01:00,31.201000213623047,76.62000274658203,50850.0,0.0,1209.54,0.0237864306737883,106.6525,113.305,130.2937743672204
14563,2025-11-08 22:00:00+01:00,31.201000213623047,76.62000274658203,48780.0,0.0,1336.83,0.0274052890472723,98.275,106.26,121.32893325374995
14564,2025-11-08 23:00:00+01:00,31.201000213623047,76.62000274658203,46097.25,0.0,1499.53,0.0325297062118608,92.0525,96.905,114.78002765684283
14565,2025-11-09 00:00:00+01:00,31.201000213623047,76.62000274658203,43859.25,0.0,1581.01,0.036047356022721,96.53,96.345,110.25145648277152
14566,2025-11-09 01:00:00+01:00,31.201000213623047,76.62000274658203,42311.25,0.0,1676.1,0.0396135779397645,96.325,94.555,107.0295165172416
14567,2025-11-09 02:00:00+01:00,31.201000213623047,76.62000274658203,41709.0,0.0,1789.86,0.0429130403407147,93.9975,92.8325,106.37831759502835
14568,2025-11-09 03:00:00+01:00,31.201000213623047,76.62000274658203,41365.5,0.0,1959.1,0.0473607232966214,93.9725,91.1325,105.96278412297657
14569,2025-11-09 04:00:00+01:00,31.201000213623047,76.62000274658203,41318.5,0.0,2167.4,0.0524559216688757,95.0375,91.6475,106.78074607464079
14570,2025-11-09 05:00:00+01:00,31.201000213623047,76.62000274658203,42069.0,0.0,2383.98,0.0566683305862586,94.195,91.685,107.21108683481341
14571,2025-11-09 06:00:00+01:00,31.201000213623047,76.62000274658203,44254.5,0.0,2615.28,0.0590963630683667,95.2775,89.9375,107.70089261005766
14572,2025-11-09 07:00:00+01:00,31.201000213623047,76.62000274658203,46827.25,241.72,3061.01,0.0653681349929009,103.8425,88.615,118.86163487349461
14573,2025-11-09 08:00:00+01:00,31.201000213623047,76.62000274658203,49958.25,1733.78,4583.35,0.0917436058925715,105.5,97.2725,122.85699977306942
14574,2025-11-09 09:00:00+01:00,31.201000213623047,76.62000274658203,52622.75,4009.41,6736.16,0.1280085134038018,103.62,97.6175,123.59106678646512
14575,2025-11-09 10:00:00+01:00,31.201000213623047,76.62000274658203,55011.5,6007.94,8565.92,0.1557114421246991,102.1775,97.0325,123.5246094124346
14576,2025-11-09 11:00:00+01:00,31.201000213623047,76.62000274658203,56141.75,7259.49,9753.68,0.1737330952145714,96.9475,97.305,119.49149275389965
14577,2025-11-09 12:00:00+01:00,31.201000213623047,76.62000274658203,55638.75,7387.27,9942.57,0.1786986587263914,95.16,97.8375,115.65758391052574
14578,2025-11-09 13:00:00+01:00,31.201000213623047,76.62000274658203,54404.5,6504.45,9155.75,0.1682903068370649,95.9125,96.4025,118.96579607594687
14579,2025-11-09 14:00:00+01:00,31.201000213623047,76.62000274658203,52979.25,4745.51,7464.87,0.14090176811848,101.5425,97.315,121.5654687247018
14580,2025-11-09 15:00:00+01:00,31.201000213623047,76.62000274658203,52933.25,2274.17,5101.28,0.0963719401139412,117.6175,97.795,142.00440496953928
14581,2025-11-09 16:00:00+01:00,31.201000213623047,76.62000274658203,54364.5,388.76,3515.86,0.0646719826238313,124.635,109.8475,157.10278210671197
14582,2025-11-09 17:00:00+01:00,31.201000213623047,76.62000274658203,57026.0,0.0,3571.86,0.0626356398725781,134.915,125.1,164.61252503288557
14583,2025-11-09 18:00:00+01:00,31.201000213623047,76.62000274658203,57464.0,0.0,3906.8,0.0679869135340409,136.5325,126.1,164.15184189370643
14584,2025-11-09 19:00:00+01:00,31.201000213623047,76.62000274658203,56093.75,0.0,3955.91,0.070523186616954,131.98000000000002,117.955,161.804711744104
14585,2025-11-09 20:00:00+01:00,31.201000213623047,76.62000274658203,53635.0,0.0,3803.47,0.0709139554263234,122.9675,106.0,145.1993521304342
14586,2025-11-09 21:00:00+01:00,31.201000213623047,76.62000274658203,51522.75,0.0,3732.5,0.0724437263010138,113.305,93.5375,136.08823202635404
14587,2025-11-09 22:00:00+01:00,31.201000213623047,76.62000274658203,49301.25,0.0,3703.9,0.0751279125630429,106.26,92.315,126.68051329672693
14588,2025-11-09 23:00:00+01:00,31.201000213623047,76.62000274658203,46386.25,0.0,3787.93,0.0816606213949908,96.905,89.93,113.43145783412383
14589,2025-11-10 00:00:00+01:00,31.201000213623047,76.62000274658203,43150.96,0.0,3522.44,0.0816306288245659,96.345,88.98,107.43405089665444
14590,2025-11-10 01:00:00+01:00,31.201000213623047,76.62000274658203,42118.7,0.0,3630.71,0.0862018533130885,94.555,87.63499999999999,104.56922075961448
14591,2025-11-10 02:00:00+01:00,31.201000213623047,76.62000274658203,41702.1,0.0,3743.86,0.0897762942178508,92.8325,88.9025,103.75568493882666
14592,2025-11-10 03:00:00+01:00,31.201000213623047,76.62000274658203,41977.0,0.0,3822.58,0.091063677706586,91.1325,87.5225,102.0870509170749
14593,2025-11-10 04:00:00+01:00,31.201000213623047,76.62000274658203,43917.04,0.0,3875.22,0.0882395534652973,91.6475,87.1775,103.68930629089651
14594,2025-11-10 05:00:00+01:00,31.201000213623047,76.62000274658203,50378.0,0.0,3952.92,0.0784652030492546,91.685,92.3125,120.13786369161303
14595,2025-11-10 06:00:00+01:00,31.201000213623047,76.62000274658203,58778.28,0.0,4103.38,0.0698111615260243,89.9375,113.4525,144.1963808927506
14596,2025-11-10 07:00:00+01:00,31.201000213623047,76.62000274658203,64378.86,253.61,4694.44,0.0729189674882532,88.615,142.995,163.8867900327803
14597,2025-11-10 08:00:00+01:00,31.201000213623047,76.62000274658203,66594.84,2420.84,7153.72,0.1074215359467157,97.2725,157.875,159.04145979936538
14598,2025-11-10 09:00:00+01:00,31.201000213623047,76.62000274658203,67073.08,5938.0,10760.21,0.1604251660784885,97.6175,144.2975,144.6469084512546
14599,2025-11-10 10:00:00+01:00,31.201000213623047,76.62000274658203,68195.82,9108.1,13884.22,0.2035934166927542,97.0325,126.2725,136.87385011045785
14600,2025-11-10 11:00:00+01:00,31.201000213623047,76.62000274658203,68523.3,11297.64,16250.44,0.2371520343828811,97.305,115.245,135.3527103685231
14601,2025-11-10 12:00:00+01:00,31.201000213623047,76.62000274658203,67977.23,11892.98,17122.1,0.2518799309339495,97.8375,105.9225,130.52503583226076
14602,2025-11-10 13:00:00+01:00,31.201000213623047,76.62000274658203,67372.51,10731.24,16137.16,0.2395214308863479,96.4025,108.41,130.85414635656477
14603,2025-11-10 14:00:00+01:00,31.201000213623047,76.62000274658203,65949.28,7963.84,13552.81,0.2055035323804136,97.315,115.565,137.95725044663078
14604,2025-11-10 15:00:00+01:00,31.201000213623047,76.62000274658203,65223.13,3798.44,9853.37,0.1510717133398731,97.795,126.2525,141.82538839704856
14605,2025-11-10 16:00:00+01:00,31.201000213623047,76.62000274658203,65558.6,534.81,7752.65,0.1182552708388746,109.8475,133.35500000000002,149.19243107642683
14606,2025-11-10 17:00:00+01:00,31.201000213623047,76.62000274658203,67556.75,0.0,8953.24,0.1325291699004867,125.1,139.4025,156.67547626609974
14607,2025-11-10 18:00:00+01:00,31.201000213623047,76.62000274658203,67756.86,0.0,10901.46,0.1608908677053672,126.1,120.725,159.74528294814888
14608,2025-11-10 19:00:00+01:00,31.201000213623047,76.62000274658203,65752.92,0.0,12647.86,0.1923543471236936,117.955,103.6625,148.11122821455888
14609,2025-11-10 20:00:00+01:00,31.201000213623047,76.62000274658203,62371.57,0.0,14231.05,0.2281656530005312,106.0,90.11,129.53784788721697
14610,2025-11-10 21:00:00+01:00,31.201000213623047,76.62000274658203,59262.8,0.0,15706.04,0.2650235897957869,93.5375,88.9875,109.59053418633295
14611,2025-11-10 22:00:00+01:00,31.201000213623047,76.62000274658203,55507.87,0.0,16481.93,0.2969296065050001,92.315,88.39250000000001,104.11840373932608
14612,2025-11-10 23:00:00+01:00,31.201000213623047,76.62000274658203,52001.31,0.0,17287.57,0.3324448941127743,89.93,83.87,97.96613060501326
14613,2025-11-11 00:00:00+01:00,31.07099914550781,76.93499755859375,48908.98,0.0,19250.16,0.3935915244207522,88.98,83.19,91.25605686571053
14614,2025-11-11 01:00:00+01:00,31.07099914550781,76.93499755859375,47465.93,0.0,19958.95,0.420490022965843,87.63499999999999,79.9825,85.95191114191962
14615,2025-11-11 02:00:00+01:00,31.07099914550781,76.93499755859375,46482.9,0.0,20540.9,0.4419022908549375,88.9025,75.80250000000001,83.73368504731208
14616,2025-11-11 03:00:00+01:00,31.07099914550781,76.93499755859375,46856.92,0.0,21066.71,0.4495965589608543,87.5225,74.87,77.87827170871171
14617,2025-11-11 04:00:00+01:00,31.07099914550781,76.93499755859375,48160.52,0.0,21399.62,0.4443394713254052,87.1775,75.495,79.91647397893016
14618,2025-11-11 05:00:00+01:00,31.07099914550781,76.93499755859375,51322.86,0.0,21497.23,0.418862666574142,92.3125,77.07249999999999,88.55637101824958
14619,2025-11-11 06:00:00+01:00,31.07099914550781,76.93499755859375,57773.16,0.0,21739.04,0.3762826889897864,113.4525,86.7875,105.46138461299165
14620,2025-11-11 07:00:00+01:00,31.07099914550781,76.93499755859375,63141.91,339.55,21901.96,0.3468688228869115,142.995,105.21,127.81441714542875
14621,2025-11-11 08:00:00+01:00,31.07099914550781,76.93499755859375,65944.28,3081.31,24291.67,0.3683665967134121,157.875,113.7975,130.7583141198624
14622,2025-11-11 09:00:00+01:00,31.07099914550781,76.93499755859375,66554.68,7246.51,27840.73,0.4183136331782658,144.2975,103.115,124.29141734939104
14623,2025-11-11 10:00:00+01:00,31.07099914550781,76.93499755859375,67138.21,11361.11,31627.92,0.4710867328051958,126.2725,91.4725,109.81032323848581
14624,2025-11-11 11:00:00+01:00,31.07099914550781,76.93499755859375,67321.58,14230.67,34009.06,0.5051732296679351,115.245,87.9225,102.8028112087404
14625,2025-11-11 12:00:00+01:00,31.07099914550781,76.93499755859375,66935.79,15086.61,33601.16,0.5019909378074136,105.9225,86.66,101.49625319036052
14626,2025-11-11 13:00:00+01:00,31.07099914550781,76.93499755859375,65817.28,14008.05,30526.02,0.4637994762980482,108.41,89.93,103.53082094791903
14627,2025-11-11 14:00:00+01:00,31.07099914550781,76.93499755859375,64136.6,10678.46,24480.76,0.3816971900004525,115.565,101.235,115.4574471420133
14628,2025-11-11 15:00:00+01:00,31.07099914550781,76.93499755859375,63793.35,5069.99,16810.29,0.263511635575885,126.2525,124.275,137.90657071266952
14629,2025-11-11 16:00:00+01:00,31.07099914550781,76.93499755859375,64464.79,679.9,12375.45,0.1919722378383653,133.35500000000002,143.0725,153.9867942875514
14630,2025-11-11 17:00:00+01:00,31.07099914550781,76.93499755859375,66805.46,0.0,13147.65,0.1968050215960184,139.4025,143.2575,158.85642069380498
14631,2025-11-11 18:00:00+01:00,31.07099914550781,76.93499755859375,66340.91,0.0,15038.47,0.2266847108026276,120.725,114.9975,145.67816589299088
14632,2025-11-11 19:00:00+01:00,31.07099914550781,76.93499755859375,64660.18,0.0,16550.62,0.2559630981144866,103.6625,105.0325,130.22741035039473
14633,2025-11-11 20:00:00+01:00,31.07099914550781,76.93499755859375,61109.07,0.0,17745.23,0.2903861897603111,90.11,98.175,109.78983050544063
14634,2025-11-11 21:00:00+01:00,31.07099914550781,76.93499755859375,57569.1,0.0,18409.19,0.3197755392528673,88.9875,96.3825,104.8792100710848
14635,2025-11-11 22:00:00+01:00,31.07099914550781,76.93499755859375,54100.1,0.0,18672.24,0.3451424303568491,88.39250000000001,92.06,98.70371249407442
14636,2025-11-11 23:00:00+01:00,31.07099914550781,76.93499755859375,50680.77,0.0,19191.1,0.3786663066921307,83.87,75.5,92.16049219483973
14637,2025-11-12 00:00:00+01:00,31.10199928283692,77.68499755859375,47680.03,0.0,19948.67,0.4183862719007545,83.19,74.9775,81.9436269980672
14638,2025-11-12 01:00:00+01:00,31.10199928283692,77.68499755859375,46495.5,0.0,20583.25,0.4426933788339315,79.9825,68.315,79.9216860207549
14639,2025-11-12 02:00:00+01:00,31.10199928283692,77.68499755859375,46011.35,0.0,21704.69,0.4717246939131921,75.80250000000001,64.41,76.42438586266093
14640,2025-11-12 03:00:00+01:00,31.10199928283692,77.68499755859375,46532.63,0.0,23051.9,0.4953921580414878,74.87,62.4,75.78996066040196
14641,2025-11-12 04:00:00+01:00,31.10199928283692,77.68499755859375,48042.71,0.0,24207.85,0.5038818583498137,75.495,62.3,72.37795824253959
14642,2025-11-12 05:00:00+01:00,31.10199928283692,77.68499755859375,51483.03,0.0,25626.58,0.4977675166947696,77.07249999999999,69.30000000000001,77.8351715557395
14643,2025-11-12 06:00:00+01:00,31.10199928283692,77.68499755859375,57949.0,0.0,27453.82,0.4737583046344616,86.7875,76.9975,92.93666616983145
14644,2025-11-12 07:00:00+01:00,31.10199928283692,77.68499755859375,64171.82,589.64,28966.4,0.4513881637685532,105.21,107.26,109.54158774490995
14645,2025-11-12 08:00:00+01:00,31.10199928283692,77.68499755859375,66784.19,5705.57,34434.64,0.5156106556782959,113.7975,100.7225,101.80291150338098
14646,2025-11-12 09:00:00+01:00,31.10199928283692,77.68499755859375,66821.24,13031.6,41344.72,0.6187361981581401,103.115,78.1125,81.45380643468779
14647,2025-11-12 10:00:00+01:00,31.10199928283692,77.68499755859375,66944.36,19514.0,46263.06,0.6910673280480883,91.4725,71.5275,64.78336418782627
14648,2025-11-12 11:00:00+01:00,31.10199928283692,77.68499755859375,67449.4,23809.91,48123.33,0.7134730626642383,87.9225,60.005,61.20835825624718
14649,2025-11-12 12:00:00+01:00,31.10199928283692,77.68499755859375,66983.31,24645.65,47031.45,0.7021368456258525,86.66,59.135,59.86521727350044
14650,2025-11-12 13:00:00+01:00,31.10199928283692,77.68499755859375,65662.89,21482.33,43525.88,0.662868783164605,89.93,73.7675,73.47081410030083
14651,2025-11-12 14:00:00+01:00,31.10199928283692,77.68499755859375,63990.79,14974.74,38088.56,0.5952194056995983,101.235,80.425,81.06982420883114
14652,2025-11-12 15:00:00+01:00,31.10199928283692,77.68499755859375,63318.95,6665.72,32049.32,0.5061568455405282,124.275,104.97,99.0885241085608
14653,2025-11-12 16:00:00+01:00,31.10199928283692,77.68499755859375,63779.63,820.28,28960.97,0.4540786767728068,143.0725,113.625,114.46611227332515
14654,2025-11-12 17:00:00+01:00,31.10199928283692,77.68499755859375,65937.32,0.0,30997.9,0.4701116150201264,143.2575,115.395,117.34131837600212
14655,2025-11-12 18:00:00+01:00,31.10199928283692,77.68499755859375,66536.26,0.0,32950.06,0.4952195989832882,114.9975,104.8675,108.8537596788526
14656,2025-11-12 19:00:00+01:00,31.10199928283692,77.68499755859375,64622.99,0.0,34067.63,0.527175081108569,105.0325,88.9275,98.61349900478973
14657,2025-11-12 20:00:00+01:00,31.10199928283692,77.68499755859375,61117.27,0.0,34969.34,0.5721678994215271,98.175,80.945,86.49339962741881
14658,2025-11-12 21:00:00+01:00,31.10199928283692,77.68499755859375,57471.6,0.0,35391.46,0.6158078075752532,96.3825,76.905,76.32333430043137
14659,2025-11-12 22:00:00+01:00,31.10199928283692,77.68499755859375,53780.6,0.0,35137.47,0.6533484191970063,92.06,75.545,70.17619945712676
14660,2025-11-12 23:00:00+01:00,31.10199928283692,77.68499755859375,50083.9,0.0,35274.1,0.704300184150136,75.5,56.935,63.18479274452351
14661,2025-11-13 00:00:00+01:00,30.933000564575195,78.87999725341797,47341.34,0.0,35397.66,0.7477114080953959,74.9775,32.917500000000004,46.80875035584503
14662,2025-11-13 01:00:00+01:00,30.933000564575195,78.87999725341797,45769.63,0.0,35476.79,0.7751163815885956,68.315,18.9725,40.7661872376229
14663,2025-11-13 02:00:00+01:00,30.933000564575195,78.87999725341797,45195.99,0.0,35654.0,0.788875296063019,64.41,11.1875,36.45995603808177
14664,2025-11-13 03:00:00+01:00,30.933000564575195,78.87999725341797,45571.88,0.0,35769.14,0.7848949833131977,62.4,7.78,34.344677363336004
14665,2025-11-13 04:00:00+01:00,30.933000564575195,78.87999725341797,46516.77,0.0,35860.36,0.7709125116015337,62.3,6.0,41.50908157501982
14666,2025-11-13 05:00:00+01:00,30.933000564575195,78.87999725341797,49844.04,0.0,36272.06,0.7277110762434763,69.30000000000001,25.9725,59.24836076385289
14667,2025-11-13 06:00:00+01:00,30.933000564575195,78.87999725341797,56504.92,0.0,37373.94,0.6614280666778348,76.9975,50.885000000000005,75.60610640809239
14668,2025-11-13 07:00:00+01:00,30.933000564575195,78.87999725341797,62057.2,720.47,38278.95,0.6168333407538797,107.26,76.845,91.90414649136567
14669,2025-11-13 08:00:00+01:00,30.933000564575195,78.87999725341797,65352.06,6873.64,44498.97,0.6809115120960362,100.7225,66.0825,84.07166984686855
14670,2025-11-13 09:00:00+01:00,30.933000564575195,78.87999725341797,66395.37,15430.71,52235.19,0.7867294058626785,78.1125,53.61,62.18796696054035
14671,2025-11-13 10:00:00+01:00,30.933000564575195,78.87999725341797,67349.73,22123.89,57415.46,0.8524972556159472,71.5275,50.3225,36.78967822568718
14672,2025-11-13 11:00:00+01:00,30.933000564575195,78.87999725341797,67495.76,25594.49,59083.71,0.8753692082472485,60.005,42.96,29.394257604634333
14673,2025-11-13 12:00:00+01:00,30.933000564575195,78.87999725341797,66893.55,25288.48,56898.12,0.8505770734472042,59.135,48.09,34.20546245993627
14674,2025-11-13 13:00:00+01:00,30.933000564575195,78.87999725341797,66193.66,21404.08,52377.26,0.7912730613790998,73.7675,60.5725,54.17831719474317
14675,2025-11-13 14:00:00+01:00,30.933000564575195,78.87999725341797,64637.99,14624.61,45264.23,0.7002728580049793,80.425,77.33500000000001,66.65614414313367
14676,2025-11-13 15:00:00+01:00,30.933000564575195,78.87999725341797,63313.0,6300.65,36449.88,0.5757092539327295,104.97,101.665,85.25692101025277
14677,2025-11-13 16:00:00+01:00,30.933000564575195,78.87999725341797,63744.0,696.45,29981.03,0.4703349334101507,113.625,111.5125,116.53768557218325
14678,2025-11-13 17:00:00+01:00,30.933000564575195,78.87999725341797,66173.19,0.0,27583.55,0.4168387529123442,115.395,130.1,131.22761330016095
14679,2025-11-13 18:00:00+01:00,30.933000564575195,78.87999725341797,66910.1,0.0,25411.47,0.3797852640513486,104.8675,131.8025,137.69954593586658
14680,2025-11-13 19:00:00+01:00,30.933000564575195,78.87999725341797,65172.17,0.0,23110.92,0.3546133264621059,88.9275,129.8875,132.13433465687075
14681,2025-11-13 20:00:00+01:00,30.933000564575195,78.87999725341797,61026.88,0.0,20970.59,0.3436287419013345,80.945,111.845,122.08032977253093
14682,2025-11-13 21:00:00+01:00,30.933000564575195,78.87999725341797,57181.69,0.0,18499.09,0.3235142227654491,76.905,116.6075,112.85565607267009
14683,2025-11-13 22:00:00+01:00,30.933000564575195,78.87999725341797,53350.98,0.0,16024.81,0.3003658039083132,75.545,110.585,109.67093138470076
14684,2025-11-13 23:00:00+01:00,30.933000564575195,78.87999725341797,49590.35,0.0,14115.6,0.2846440889639528,56.935,102.7725,105.18002203133499
14685,2025-11-14 00:00:00+01:00,30.45800018310547,78.27999877929688,47120.35,0.0,13349.43,0.2833049838799361,32.917500000000004,98.4425,98.78313051419985
14686,2025-11-14 01:00:00+01:00,30.45800018310547,78.27999877929688,45783.12,0.0,12019.64,0.2625343138994165,18.9725,95.8025,96.9017053990202
14687,2025-11-14 02:00:00+01:00,30.45800018310547,78.27999877929688,45274.77,0.0,11044.68,0.2439477880850752,11.1875,94.9325,96.06166845585469
14688,2025-11-14 03:00:00+01:00,30.45800018310547,78.27999877929688,45638.96,0.0,10482.27,0.2296781083027137,7.78,91.53,95.63723348457005
14689,2025-11-14 04:00:00+01:00,30.45800018310547,78.27999877929688,46993.51,0.0,10161.07,0.2162228358306874,6.0,92.13,102.72148994309048
14690,2025-11-14 05:00:00+01:00,30.45800018310547,78.27999877929688,50396.02,0.0,10390.65,0.2061799721076823,25.9725,91.6025,108.94082512351132
14691,2025-11-14 06:00:00+01:00,30.45800018310547,78.27999877929688,57085.37,0.0,11329.58,0.1984673130438731,50.885000000000005,112.7775,123.54928308835252
14692,2025-11-14 07:00:00+01:00,30.45800018310547,78.27999877929688,62367.51,521.47,12711.83,0.2038213486150366,76.845,138.3475,150.83600995361252
14693,2025-11-14 08:00:00+01:00,30.45800018310547,78.27999877929688,65592.56,4521.22,17603.84,0.2683816578788232,66.0825,136.385,144.04937055485385
14694,2025-11-14 09:00:00+01:00,30.45800018310547,78.27999877929688,66887.38,10075.12,23746.74,0.355025716307766,53.61,120.9025,124.18423084319915
14695,2025-11-14 10:00:00+01:00,30.45800018310547,78.27999877929688,67518.61,14517.42,28240.68,0.4182651271377972,50.3225,112.0275,108.99403456752728
14696,2025-11-14 11:00:00+01:00,30.45800018310547,78.27999877929688,67318.53,17114.93,30367.38,0.4510998679782372,42.96,106.035,107.0848132606619
14697,2025-11-14 12:00:00+01:00,30.45800018310547,78.27999877929688,66431.15,17302.71,29793.79,0.4484912574223852,48.09,101.225,102.91035911606873
14698,2025-11-14 13:00:00+01:00,30.45800018310547,78.27999877929688,64527.38,14886.71,27135.88,0.420532803219264,60.5725,105.4225,103.97722669351239
14699,2025-11-14 14:00:00+01:00,30.45800018310547,78.27999877929688,63090.63,10066.97,22606.16,0.3583124783571962,77.33500000000001,107.0625,113.25656681730516
14700,2025-11-14 15:00:00+01:00,30.45800018310547,78.27999877929688,62597.3,4253.46,17518.93,0.2798671827251547,101.665,115.3925,132.24505274133338
14701,2025-11-14 16:00:00+01:00,30.45800018310547,78.27999877929688,63037.59,476.53,14613.47,0.2318215210588124,111.5125,115.965,149.89172121363066
14702,2025-11-14 17:00:00+01:00,30.45800018310547,78.27999877929688,65330.24,0.0,14866.16,0.2275540392584576,130.1,131.57,154.3602426874354
14703,2025-11-14 18:00:00+01:00,30.45800018310547,78.27999877929688,65521.27,0.0,15605.46,0.2381739547725228,131.8025,119.81,147.5732756810117
14704,2025-11-14 19:00:00+01:00,30.45800018310547,78.27999877929688,63251.7,0.0,16458.62,0.2602083421852363,129.8875,106.49,137.55184561229845
14705,2025-11-14 20:00:00+01:00,30.45800018310547,78.27999877929688,59413.87,0.0,17474.76,0.2941192014096844,111.845,98.915,122.13008516666893
14706,2025-11-14 21:00:00+01:00,30.45800018310547,78.27999877929688,55657.77,0.0,18566.6,0.3335850501495864,116.6075,93.1625,114.40656902215632
14707,2025-11-14 22:00:00+01:00,30.45800018310547,78.27999877929688,52470.26,0.0,19500.82,0.371654723957599,110.585,97.015,101.857836687244
14708,2025-11-14 23:00:00+01:00,30.45800018310547,78.27999877929688,49080.25,0.0,20691.01,0.421575073390707,102.7725,78.65,88.16363425272125
14709,2025-11-15 00:00:00+01:00,31.25,77.9800033569336,46709.86,0.0,23700.01,0.507387733444847,98.4425,77.3775,80.14520942659176
14710,2025-11-15 01:00:00+01:00,31.25,77.9800033569336,44567.09,0.0,23911.36,0.5365250456028148,95.8025,77.95,73.74002639231587
14711,2025-11-15 02:00:00+01:00,31.25,77.9800033569336,43493.27,0.0,24317.37,0.5591065007162932,94.9325,74.7175,72.50473492270172
14712,2025-11-15 03:00:00+01:00,31.25,77.9800033569336,43199.87,0.0,24884.46,0.5760308999596454,91.53,73.03,67.22758834183617
14713,2025-11-15 04:00:00+01:00,31.25,77.9800033569336,43106.11,0.0,25511.78,0.5918367487597844,92.13,72.2,63.665033426033474
14714,2025-11-15 05:00:00+01:00,31.25,77.9800033569336,44339.24,0.0,26061.92,0.5877845446634212,91.6025,70.615,61.038111396262536
14715,2025-11-15 06:00:00+01:00,31.25,77.9800033569336,46373.77,0.0,26707.3,0.5759139270807799,112.7775,68.1575,71.62142812564713
14716,2025-11-15 07:00:00+01:00,31.25,77.9800033569336,49276.14,215.15,26672.48,0.5412859041837924,138.3475,77.055,75.45614420035217
14717,2025-11-15 08:00:00+01:00,31.25,77.9800033569336,53102.41,1818.13,27915.05,0.5256832975140519,136.385,80.065,84.68158758245983
14718,2025-11-15 09:00:00+01:00,31.25,77.9800033569336,55962.63,4669.3,30236.49,0.5402978736810086,120.9025,85.235,88.1066792267304
14719,2025-11-15 10:00:00+01:00,31.25,77.9800033569336,57781.67,7550.91,32447.37,0.5615512669395759,112.0275,85.6125,87.38308973743983
14720,2025-11-15 11:00:00+01:00,31.25,77.9800033569336,59056.2,9580.85,33556.16,0.5682072330139415,106.035,85.4225,89.00190246598055
14721,2025-11-15 12:00:00+01:00,31.25,77.9800033569336,58722.34,10103.76,32982.93,0.561676016221139,101.225,84.1925,88.41989645758697
14722,2025-11-15 13:00:00+01:00,31.25,77.9800033569336,56968.33,8871.41,30894.44,0.5423090337135897,105.4225,90.6675,88.24619364945258
14723,2025-11-15 14:00:00+01:00,31.25,77.9800033569336,55346.77,6036.46,27077.02,0.4892249357118356,107.0625,94.6525,88.28114670859433
14724,2025-11-15 15:00:00+01:00,31.25,77.9800033569336,54559.5,2526.34,23090.64,0.4232194209215224,115.3925,101.1925,99.71258706571997
14725,2025-11-15 16:00:00+01:00,31.25,77.9800033569336,55469.37,300.87,20497.17,0.3695223146811434,115.965,109.7925,111.71276921992519
14726,2025-11-15 17:00:00+01:00,31.25,77.9800033569336,57212.97,0.0,20420.55,0.3569216909457904,131.57,121.8,120.42612957191183
14727,2025-11-15 18:00:00+01:00,31.25,77.9800033569336,57929.11,0.0,20432.52,0.3527159315320542,119.81,121.5225,125.21676371063833
14728,2025-11-15 19:00:00+01:00,31.25,77.9800033569336,56302.6,0.0,19905.58,0.3535463725736384,106.49,114.065,118.51441052595071
14729,2025-11-15 20:00:00+01:00,31.25,77.9800033569336,53399.05,0.0,19167.29,0.3589444006290478,98.915,109.125,109.39451528854883
14730,2025-11-15 21:00:00+01:00,31.25,77.9800033569336,50883.77,0.0,17756.24,0.3489568480580435,93.1625,102.885,105.29878749360518
14731,2025-11-15 22:00:00+01:00,31.25,77.9800033569336,48759.55,0.0,15709.2,0.3221768863079792,97.015,101.7175,105.00576476709165
14732,2025-11-15 23:00:00+01:00,31.25,77.9800033569336,46031.11,0.0,13603.28,0.2955236142913947,78.65,97.8675,98.77300157116531
14733,2025-11-16 00:00:00+01:00,31.25,77.9800033569336,44185.82,0.0,14210.71,0.3216124538773723,77.3775,93.7475,91.09979980815804
14734,2025-11-16 01:00:00+01:00,31.25,77.9800033569336,42602.49,0.0,12671.25,0.2974297980476189,77.95,95.0,91.7311839390539
14735,2025-11-16 02:00:00+01:00,31.25,77.9800033569336,41721.74,0.0,11735.37,0.2812770991139686,74.7175,93.35,91.79117992146233
14736,2025-11-16 03:00:00+01:00,31.25,77.9800033569336,41322.81,0.0,11432.89,0.2766726173082923,73.03,91.45,91.41081912001478
14737,2025-11-16 04:00:00+01:00,31.25,77.9800033569336,41582.52,0.0,11703.5,0.2814523986806349,72.2,88.215,90.33441810612781
14738,2025-11-16 05:00:00+01:00,31.25,77.9800033569336,42534.13,0.0,12252.16,0.2880547926363946,70.615,91.13,90.15252599594547
14739,2025-11-16 06:00:00+01:00,31.25,77.9800033569336,44649.9,0.0,12459.42,0.2790469854850633,68.1575,85.6725,95.13692272644911
14740,2025-11-16 07:00:00+01:00,31.25,77.9800033569336,47357.69,310.51,12144.72,0.256446629838481,77.055,92.4875,100.17716919647894
14741,2025-11-16 08:00:00+01:00,31.25,77.9800033569336,50575.73,3009.0,13686.99,0.2706236765597602,80.065,98.49,107.00438846533879
14742,2025-11-16 09:00:00+01:00,31.25,77.9800033569336,53185.82,7059.98,16101.95,0.3027489281348395,85.235,101.185,105.7051198811324
14743,2025-11-16 10:00:00+01:00,31.25,77.9800033569336,55342.61,10414.16,17815.53,0.321913440598137,85.6125,99.2775,105.36333778555175
14744,2025-11-16 11:00:00+01:00,31.25,77.9800033569336,56524.42,12276.69,18565.66,0.3284537903567248,85.4225,102.5675,104.51813833590748
14745,2025-11-16 12:00:00+01:00,31.25,77.9800033569336,56159.98,12035.62,17959.51,0.3197919585584268,84.1925,102.4675,104.10026995968911
14746,2025-11-16 13:00:00+01:00,31.25,77.9800033569336,55056.56,9743.24,15724.1,0.2855990275662702,90.6675,103.9975,107.2916900946304
14747,2025-11-16 14:00:00+01:00,31.25,77.9800033569336,53714.73,6288.65,12576.94,0.2341432228675182,94.6525,109.265,109.19636638030651
14748,2025-11-16 15:00:00+01:00,31.25,77.9800033569336,53833.0,2593.82,9485.51,0.1762025151531212,101.1925,116.72,118.89741935855079
14749,2025-11-16 16:00:00+01:00,31.25,77.9800033569336,55414.09,295.76,7981.37,0.1440314186980186,109.7925,124.495,133.353150431724
14750,2025-11-16 17:00:00+01:00,31.25,77.9800033569336,58145.89,0.0,8568.67,0.1473650157995062,121.8,129.3725,146.40255236563678
14751,2025-11-16 18:00:00+01:00,31.25,77.9800033569336,58734.64,0.0,9565.81,0.1628648783472811,121.5225,125.21,147.3690929688156
14752,2025-11-16 19:00:00+01:00,31.25,77.9800033569336,57141.6,0.0,11004.04,0.1925749366149049,114.065,115.33,136.47129938627188
14753,2025-11-16 20:00:00+01:00,31.25,77.9800033569336,54590.58,0.0,12679.33,0.2322622327456014,109.125,102.7175,125.26279830343229
14754,2025-11-16 21:00:00+01:00,31.25,77.9800033569336,52240.22,0.0,14293.03,0.2736020253602297,102.885,91.41,117.4018212615178
14755,2025-11-16 22:00:00+01:00,31.25,77.9800033569336,50212.24,0.0,15699.47,0.3126622113825907,101.7175,94.385,108.99217278911206
14756,2025-11-16 23:00:00+01:00,31.25,77.9800033569336,47366.58,0.0,16980.14,0.358483555207388,97.8675,86.5275,97.29702460882245
14757,2025-11-17 00:00:00+01:00,31.25,77.9800033569336,45623.49,0.0,18902.25,0.4143096022653441,93.7475,88.29,87.70923300946212
14758,2025-11-17 01:00:00+01:00,31.25,77.9800033569336,44385.51,0.0,19712.8,0.444126923303545,95.0,80.5575,81.38127232954395
14759,2025-11-17 02:00:00+01:00,31.25,77.9800033569336,44098.71,0.0,20519.92,0.4653179196250144,93.35,74.0875,77.93336320737356
14760,2025-11-17 03:00:00+01:00,31.25,77.9800033569336,44425.79,0.0,21297.13,0.4793866354477012,91.45,71.32249999999999,78.54472406702791
14761,2025-11-17 04:00:00+01:00,31.25,77.9800033569336,45992.16,0.0,21657.47,0.4708948219716371,88.215,74.095,76.44393467073496
14762,2025-11-17 05:00:00+01:00,31.25,77.9800033569336,50683.26,0.0,21553.89,0.4252664488382817,91.13,83.6,87.5907331697186
14763,2025-11-17 06:00:00+01:00,31.25,77.9800033569336,58596.06,0.0,21286.38,0.3632732302541718,85.6725,89.59,116.04695584780343
14764,2025-11-17 07:00:00+01:00,31.25,77.9800033569336,64606.13,119.12,20377.88,0.3154171283258389,92.4875,114.8675,138.5002098874324
14765,2025-11-17 08:00:00+01:00,31.25,77.9800033569336,67143.09,1719.59,21717.47,0.3234505590488238,98.49,126.9925,144.64009839432123
14766,2025-11-17 09:00:00+01:00,31.25,77.9800033569336,67417.62,5045.23,25150.48,0.3730549965464436,101.185,121.6875,134.18594419503967
14767,2025-11-17 10:00:00+01:00,31.25,77.9800033569336,68427.4,8281.35,29408.04,0.4297699458945145,99.2775,105.215,120.1214478273067
14768,2025-11-17 11:00:00+01:00,31.25,77.9800033569336,68847.46,10805.0,33524.08,0.4869327059434098,102.5675,84.3925,108.03399472696233
14769,2025-11-17 12:00:00+01:00,31.25,77.9800033569336,67928.22,11922.47,36769.66,0.5413016857292445,102.4675,77.805,99.06087078896405
14770,2025-11-17 13:00:00+01:00,31.25,77.9800033569336,66931.98,11050.26,37366.78,0.5582799133451184,103.9975,77.785,95.78924057721201
14771,2025-11-17 14:00:00+01:00,31.25,77.9800033569336,65793.72,8099.9,34180.02,0.5195027731340464,109.265,87.035,101.5175877158257
14772,2025-11-17 15:00:00+01:00,31.25,77.9800033569336,65284.76,3467.67,28476.57,0.4361901613123506,116.72,97.52,116.53373164321769
14773,2025-11-17 16:00:00+01:00,31.25,77.9800033569336,66110.85,383.13,24533.65,0.3710986925185353,124.495,107.32,132.288440595113
14774,2025-11-17 17:00:00+01:00,31.25,77.9800033569336,67789.1,0.0,23906.73,0.3526633337287759,129.3725,117.355,131.66348194886558
14775,2025-11-17 18:00:00+01:00,31.25,77.9800033569336,67977.13,0.0,23860.22,0.3510036389663694,125.21,116.4925,131.67182832670375
14776,2025-11-17 19:00:00+01:00,31.25,77.9800033569336,66113.58,0.0,23858.12,0.3608656496349364,115.33,110.7025,124.77425194224016
14777,2025-11-17 20:00:00+01:00,31.25,77.9800033569336,62541.64,0.0,23805.0,0.3806264113987694,102.7175,102.89,113.87153815748012
14778,2025-11-17 21:00:00+01:00,31.25,77.9800033569336,59125.25,0.0,23689.9,0.4006731471916527,91.41,92.6975,100.8090815067777
14779,2025-11-17 22:00:00+01:00,31.25,77.9800033569336,55349.7,0.0,23515.05,0.424845121035011,94.385,89.7075,99.01885484921819
14780,2025-11-17 23:00:00+01:00,31.25,77.9800033569336,51322.14,0.0,23698.96,0.4617687414317156,86.5275,81.14,89.50142448456123
14781,2025-11-18 00:00:00+01:00,31.417999267578125,76.86000061035156,48897.43,0.0,23218.14,0.4748335443243471,88.29,84.88499999999999,86.83834928059791
14782,2025-11-18 01:00:00+01:00,31.417999267578125,76.86000061035156,47112.57,0.0,23882.78,0.5069301036842332,80.5575,82.83,84.6956367595674
14783,2025-11-18 02:00:00+01:00,31.417999267578125,76.86000061035156,46729.51,0.0,24125.27,0.5162748335010842,74.0875,79.0375,81.98633924058272
14784,2025-11-18 03:00:00+01:00,31.417999267578125,76.86000061035156,46942.42,0.0,24214.14,0.5158264102030048,71.32249999999999,77.7175,81.7283841972793
14785,2025-11-18 04:00:00+01:00,31.417999267578125,76.86000061035156,48162.1,0.0,23959.22,0.4974704175072369,74.095,80.5125,80.12631084989991
14786,2025-11-18 05:00:00+01:00,31.417999267578125,76.86000061035156,51776.79,0.0,23540.6,0.4546554546053056,83.6,83.4725,87.32887331970605
14787,2025-11-18 06:00:00+01:00,31.417999267578125,76.86000061035156,58097.15,0.0,23262.13,0.4004005359298346,89.59,91.0475,99.63790719451502
14788,2025-11-18 07:00:00+01:00,31.417999267578125,76.86000061035156,63341.22,239.8,22627.5,0.3572318309692753,114.8675,104.735,122.72962521434718
14789,2025-11-18 08:00:00+01:00,31.417999267578125,76.86000061035156,66156.66,3207.16,24750.16,0.3741144126118043,126.9925,119.84,132.94225509580602
14790,2025-11-18 09:00:00+01:00,31.417999267578125,76.86000061035156,66897.96,8233.61,28809.51,0.4306485578288711,121.6875,107.45,120.17969895270775
14791,2025-11-18 10:00:00+01:00,31.417999267578125,76.86000061035156,68121.48,12281.29,32345.84,0.4748258551524679,105.215,92.1275,107.49258437012823
14792,2025-11-18 11:00:00+01:00,31.417999267578125,76.86000061035156,68770.01,14609.56,34479.24,0.5013702920064472,84.3925,88.7975,100.80385420521084
14793,2025-11-18 12:00:00+01:00,31.417999267578125,76.86000061035156,68417.91,14808.02,34683.14,0.5069307144128005,77.805,89.2,99.33631098059102
14794,2025-11-18 13:00:00+01:00,31.417999267578125,76.86000061035156,67457.6,12953.38,32846.59,0.4869220072331475,77.785,90.6,98.84877217198921
14795,2025-11-18 14:00:00+01:00,31.417999267578125,76.86000061035156,66136.24,9133.59,28239.46,0.4269891967812216,87.035,96.575,105.76686829683956
14796,2025-11-18 15:00:00+01:00,31.417999267578125,76.86000061035156,66104.11,3930.47,22083.98,0.3340787735688327,97.52,120.595,124.02096908249568
14797,2025-11-18 16:00:00+01:00,31.417999267578125,76.86000061035156,66627.48,436.49,18399.61,0.2761564747344254,107.32,141.9125,148.04956055474622
14798,2025-11-18 17:00:00+01:00,31.417999267578125,76.86000061035156,68034.35,0.0,18315.24,0.2692057761602476,117.355,151.66,151.2018141020422
14799,2025-11-18 18:00:00+01:00,31.417999267578125,76.86000061035156,67832.91,0.0,19225.4,0.2834228989610761,116.4925,143.8025,141.85162002625455
14800,2025-11-18 19:00:00+01:00,31.417999267578125,76.86000061035156,66465.63,0.0,19786.32,0.2976925065936044,110.7025,131.15,129.14470691599058
14801,2025-11-18 20:00:00+01:00,31.417999267578125,76.86000061035156,62754.57,0.0,19943.68,0.3178044243920714,102.89,107.13,117.86808310370537
14802,2025-11-18 21:00:00+01:00,31.417999267578125,76.86000061035156,58894.39,0.0,19712.83,0.3347149023303043,92.6975,94.6425,108.5575015830544
14803,2025-11-18 22:00:00+01:00,31.417999267578125,76.86000061035156,55414.3,0.0,19067.84,0.3440960184746363,89.7075,97.4825,104.25098865835719
14804,2025-11-18 23:00:00+01:00,31.417999267578125,76.86000061035156,51731.14,0.0,18775.0,0.3629342016505079,81.14,89.9625,101.11110483789578
14805,2025-11-19 00:00:00+01:00,31.694000244140625,78.18000030517578,48805.97,0.0,19833.67,0.4063779491717144,84.88499999999999,87.3775,89.71908959613734
14806,2025-11-19 01:00:00+01:00,31.694000244140625,78.18000030517578,47366.46,0.0,19568.35,0.4131267144698745,82.83,86.225,86.35879910201807
14807,2025-11-19 02:00:00+01:00,31.694000244140625,78.18000030517578,46738.43,0.0,19384.96,0.4147541968322953,79.0375,84.1675,82.89536452332146
14808,2025-11-19 03:00:00+01:00,31.694000244140625,78.18000030517578,47064.18,0.0,19117.46,0.4061997892226742,77.7175,83.185,84.34946274716684
14809,2025-11-19 04:00:00+01:00,31.694000244140625,78.18000030517578,48400.21,0.0,18754.96,0.3874974921828856,80.5125,84.3925,88.38520666386938
14810,2025-11-19 05:00:00+01:00,31.694000244140625,78.18000030517578,50341.61,0.0,18668.17,0.3708298164538579,83.4725,87.0025,92.93900033066994
14811,2025-11-19 06:00:00+01:00,31.694000244140625,78.18000030517578,54063.36,0.0,19186.58,0.3548906319631464,91.0475,99.03,97.2795401884389
14812,2025-11-19 07:00:00+01:00,31.694000244140625,78.18000030517578,58646.32,332.13,19801.37,0.3376404520628676,104.735,127.03,115.05403760678807
14813,2025-11-19 08:00:00+01:00,31.694000244140625,78.18000030517578,62427.59,3898.78,23703.85,0.3797015069171016,119.84,136.67000000000002,118.48519821487557
14814,2025-11-19 09:00:00+01:00,31.694000244140625,78.18000030517578,64049.15,9092.27,28618.46,0.4468202934079811,107.45,115.1625,104.47768579730712
14815,2025-11-19 10:00:00+01:00,31.694000244140625,78.18000030517578,64830.04,12836.89,31601.31,0.4874485654354912,92.1275,97.5225,100.31270344190337
14816,2025-11-19 11:00:00+01:00,31.694000244140625,78.18000030517578,65294.04,14144.33,32547.45,0.4984750521642595,88.7975,91.62,96.20382306424436
14817,2025-11-19 12:00:00+01:00,31.694000244140625,78.18000030517578,64432.1,12904.56,31323.86,0.4861530199254482,89.2,89.59,95.14264181857448
14818,2025-11-19 13:00:00+01:00,31.694000244140625,78.18000030517578,63395.35,9974.63,28598.06,0.4511065873993745,90.6,93.5975,96.96403162031713
14819,2025-11-19 14:00:00+01:00,31.694000244140625,78.18000030517578,61881.14,6265.71,25127.87,0.4060666948918415,96.575,104.62,99.19109722986444
14820,2025-11-19 15:00:00+01:00,31.694000244140625,78.18000030517578,61901.82,2409.98,21770.13,0.351688044010388,120.595,113.05,116.69990189558885
14821,2025-11-19 16:00:00+01:00,31.694000244140625,78.18000030517578,63151.81,235.25,20105.43,0.3183666469229675,141.9125,117.8075,128.7371039358519
14822,2025-11-19 17:00:00+01:00,31.694000244140625,78.18000030517578,65312.01,0.0,20492.68,0.3137658754777619,151.66,127.5675,131.30809562131248
14823,2025-11-19 18:00:00+01:00,31.694000244140625,78.18000030517578,65312.04,0.0,20913.43,0.3202078819892614,143.8025,119.19,131.4433639647512
14824,2025-11-19 19:00:00+01:00,31.694000244140625,78.18000030517578,63602.08,0.0,20431.17,0.3212343054942174,131.15,119.05,124.03381804364355
14825,2025-11-19 20:00:00+01:00,31.694000244140625,78.18000030517578,60482.44,0.0,19736.84,0.3263234749910348,107.13,105.6875,113.28465599693936
14826,2025-11-19 21:00:00+01:00,31.694000244140625,78.18000030517578,56998.1,0.0,18845.36,0.3306313718649163,94.6425,100.225,103.41320844558008
14827,2025-11-19 22:00:00+01:00,31.694000244140625,78.18000030517578,54127.87,0.0,17868.22,0.3301112716369384,97.4825,99.17,100.87493109090256
14828,2025-11-19 23:00:00+01:00,31.694000244140625,78.18000030517578,50934.68,0.0,17052.04,0.3347825096113723,89.9625,91.885,97.92357059406464
14829,2025-11-20 00:00:00+01:00,30.940000534057617,77.63500213623047,48232.62,0.0,19546.08,0.4052460761191811,87.3775,90.6275,92.90747104355167
14830,2025-11-20 01:00:00+01:00,30.940000534057617,77.63500213623047,46924.45,0.0,19332.03,0.4119820263397904,86.225,88.0925,88.3331604082852
14831,2025-11-20 02:00:00+01:00,30.940000534057617,77.63500213623047,46447.52,0.0,19095.39,0.411117536434428,84.1675,87.0325,87.62893452311239
14832,2025-11-20 03:00:00+01:00,30.940000534057617,77.63500213623047,46678.87,0.0,18964.13,0.4062679751231621,83.185,86.795,87.7607443231402
14833,2025-11-20 04:00:00+01:00,30.940000534057617,77.63500213623047,47921.71,0.0,18624.52,0.3886447289988932,84.3925,87.125,92.6640970512488
14834,2025-11-20 05:00:00+01:00,30.940000534057617,77.63500213623047,53019.31,0.0,18144.04,0.3422156945569047,87.0025,90.5025,100.7214016138074
14835,2025-11-20 06:00:00+01:00,30.940000534057617,77.63500213623047,60555.04,0.0,17814.32,0.2941839357559364,99.03,103.6825,116.36144316921117
14836,2025-11-20 07:00:00+01:00,30.940000534057617,77.63500213623047,66235.34,94.9,17113.56,0.2583750607668995,127.03,144.4075,146.64431316219634
14837,2025-11-20 08:00:00+01:00,30.940000534057617,77.63500213623047,68677.62,1712.11,17855.51,0.2599902267638292,136.67000000000002,155.715,152.72766929486647
14838,2025-11-20 09:00:00+01:00,30.940000534057617,77.63500213623047,69012.89,5334.79,20520.31,0.2973402504521488,115.1625,153.655,136.29374391874995
14839,2025-11-20 10:00:00+01:00,30.940000534057617,77.63500213623047,69787.12,8813.49,23132.73,0.3314756361443952,97.5225,141.27,123.25942152607588
14840,2025-11-20 11:00:00+01:00,30.940000534057617,77.63500213623047,70329.48,11191.15,24914.94,0.3542602617914621,91.62,129.3025,118.86608340577823
14841,2025-11-20 12:00:00+01:00,30.940000534057617,77.63500213623047,69718.44,11984.33,25309.0,0.3630173021136133,89.59,125.055,114.51986179443745
14842,2025-11-20 13:00:00+01:00,30.940000534057617,77.63500213623047,68256.63,10805.05,23949.75,0.350878002568999,93.5975,126.1,115.57360637182508
14843,2025-11-20 14:00:00+01:00,30.940000534057617,77.63500213623047,66605.34,7720.39,20365.73,0.305767225224619,104.62,134.2025,127.97175024086802
14844,2025-11-20 15:00:00+01:00,30.940000534057617,77.63500213623047,66185.3,3264.38,15395.37,0.2326101112735592,113.05,149.685,140.57093699387218
14845,2025-11-20 16:00:00+01:00,30.940000534057617,77.63500213623047,67215.06,321.62,12462.55,0.1854130606763702,117.8075,175.82999999999998,149.0489774027672
14846,2025-11-20 17:00:00+01:00,30.940000534057617,77.63500213623047,69032.09,0.0,12410.48,0.1797784189672109,127.5675,175.4725,167.32875167342513
14847,2025-11-20 18:00:00+01:00,30.940000534057617,77.63500213623047,69340.91,0.0,12375.07,0.178467083835723,119.19,163.25,172.680050839841
14848,2025-11-20 19:00:00+01:00,30.940000534057617,77.63500213623047,67694.73,0.0,11954.68,0.176596907886833,119.05,156.01749999999998,166.37913748966685
14849,2025-11-20 20:00:00+01:00,30.940000534057617,77.63500213623047,64085.23,0.0,11440.98,0.1785275639677773,105.6875,137.1025,148.23855121645562
14850,2025-11-20 21:00:00+01:00,30.940000534057617,77.63500213623047,60362.57,0.0,10809.78,0.1790808442750067,100.225,120.7525,136.41641338254175
14851,2025-11-20 22:00:00+01:00,30.940000534057617,77.63500213623047,57053.5,0.0,9993.29,0.1751564759085496,99.17,108.235,124.78747297786664
14852,2025-11-20 23:00:00+01:00,30.940000534057617,77.63500213623047,53412.82,0.0,9305.17,0.174212295816957,91.885,93.7625,116.04536692595597
14853,2025-11-21 00:00:00+01:00,31.15900039672852,78.25,51247.81,0.0,7711.34,0.1504716006107438,90.6275,101.5525,112.6440128640095
14854,2025-11-21 01:00:00+01:00,31.15900039672852,78.25,49719.88,0.0,7335.54,0.1475373632946142,88.0925,94.14,109.01550259946046
14855,2025-11-21 02:00:00+01:00,31.15900039672852,78.25,49191.08,0.0,6997.42,0.1422497737105487,87.0325,90.2825,107.15661096044103
14856,2025-11-21 03:00:00+01:00,31.15900039672852,78.25,49652.82,0.0,6747.28,0.1358891599438079,86.795,90.185,106.6300600822055
14857,2025-11-21 04:00:00+01:00,31.15900039672852,78.25,50980.51,0.0,6551.4,0.128507933692992,87.125,93.625,111.11818667136315
14858,2025-11-21 05:00:00+01:00,31.15900039672852,78.25,54626.65,0.0,6474.68,0.118526030770965,90.5025,101.865,122.87449281231574
14859,2025-11-21 06:00:00+01:00,31.15900039672852,78.25,60787.97,0.0,6524.04,0.1073245248842288,103.6825,133.525,142.474612402709
14860,2025-11-21 07:00:00+01:00,31.15900039672852,78.25,66522.43,152.21,6649.55,0.0999595173988744,144.4075,180.42,179.5005321493557
14861,2025-11-21 08:00:00+01:00,31.15900039672852,78.25,68727.86,3384.07,9668.36,0.1406759936740826,155.715,205.3825,184.2107150667689
14862,2025-11-21 09:00:00+01:00,31.15900039672852,78.25,68519.71,9935.25,15637.42,0.2282178368489565,153.655,181.83,156.0584962725253
14863,2025-11-21 10:00:00+01:00,31.15900039672852,78.25,69117.03,15847.64,20608.59,0.2981694959551692,141.27,151.015,145.89438339478158
14864,2025-11-21 11:00:00+01:00,31.15900039672852,78.25,69448.07,19524.59,23706.94,0.3413621141175899,129.3025,137.72,125.96438300821764
14865,2025-11-21 12:00:00+01:00,31.15900039672852,78.25,68947.54,19838.94,24014.01,0.3482939347294633,125.055,130.3425,124.17609065118175
14866,2025-11-21 13:00:00+01:00,31.15900039672852,78.25,67416.45,16795.98,21114.66,0.3131974465708002,126.1,135.57500000000002,125.85218614491363
14867,2025-11-21 14:00:00+01:00,31.15900039672852,78.25,65488.62,11201.87,15799.6,0.2412571832722605,134.2025,153.7525,143.92438124801623
14868,2025-11-21 15:00:00+01:00,31.15900039672852,78.25,64648.22,4445.09,9659.99,0.1494239129631993,149.685,196.8375,159.81405007536392
14869,2025-11-21 16:00:00+01:00,31.15900039672852,78.25,66086.9,381.41,6818.62,0.1031765750696164,175.82999999999998,251.87,196.0627196540171
14870,2025-11-21 17:00:00+01:00,31.15900039672852,78.25,67371.25,0.0,7776.63,0.1154295044079738,175.4725,250.0075,210.15666130744535
14871,2025-11-21 18:00:00+01:00,31.15900039672852,78.25,67707.19,0.0,8518.05,0.1258071705345019,163.25,205.0875,204.47951237118184
14872,2025-11-21 19:00:00+01:00,31.15900039672852,78.25,65741.91,0.0,8700.0,0.1323356744377619,156.01749999999998,171.3675,170.83715348192226
14873,2025-11-21 20:00:00+01:00,31.15900039672852,78.25,62213.53,0.0,8750.05,0.1406454512160545,137.1025,141.95,156.07722203065651
14874,2025-11-21 21:00:00+01:00,31.15900039672852,78.25,58579.86,0.0,8804.88,0.1503055828145875,120.7525,117.3075,134.90777958703976
14875,2025-11-21 22:00:00+01:00,31.15900039672852,78.25,55390.93,0.0,9098.11,0.1642527034364195,108.235,104.9,122.7846704758031
14876,2025-11-21 23:00:00+01:00,31.15900039672852,78.25,52014.36,0.0,9802.35,0.1884546882460046,93.7625,95.0325,112.68414280947647
14877,2025-11-22 00:00:00+01:00,30.19799995422364,77.4749984741211,49622.82,0.0,9248.33,0.1863725197023521,101.5525,102.2475,112.74140981920438
14878,2025-11-22 01:00:00+01:00,30.19799995422364,77.4749984741211,47493.39,0.0,10048.27,0.2115719681809253,94.14,94.6,107.97991023097663
14879,2025-11-22 02:00:00+01:00,30.19799995422364,77.4749984741211,46516.79,0.0,10882.58,0.2339495050638813,90.2825,88.44,102.0096151502353
14880,2025-11-22 03:00:00+01:00,30.19799995422364,77.4749984741211,46177.69,0.0,11812.96,0.2558153081594563,90.185,85.2775,98.477531419021
14881,2025-11-22 04:00:00+01:00,30.19799995422364,77.4749984741211,46002.1,0.0,12773.47,0.2776714540689073,93.625,86.0975,96.46488987323104
14882,2025-11-22 05:00:00+01:00,30.19799995422364,77.4749984741211,46901.56,0.0,13687.37,0.2918318707753363,101.865,85.2775,100.11127055319328
14883,2025-11-22 06:00:00+01:00,30.19799995422364,77.4749984741211,48574.93,0.0,14558.86,0.299719628973275,133.525,90.5225,112.49175965807981
14884,2025-11-22 07:00:00+01:00,30.19799995422364,77.4749984741211,51212.8,160.25,15270.21,0.2981717460677463,180.42,106.7475,119.94565955754607
14885,2025-11-22 08:00:00+01:00,30.19799995422364,77.4749984741211,54406.87,3960.67,19556.65,0.3594518485699596,205.3825,104.21,118.10620136494995
14886,2025-11-22 09:00:00+01:00,30.19799995422364,77.4749984741211,56999.26,11801.2,27969.72,0.4907032125521097,181.83,89.1175,101.54752592717172
14887,2025-11-22 10:00:00+01:00,30.19799995422364,77.4749984741211,58598.38,18348.98,34204.73,0.583714600884237,151.015,82.00999999999999,79.3613636343023
14888,2025-11-22 11:00:00+01:00,30.19799995422364,77.4749984741211,59510.81,22128.84,37031.45,0.6222642574311684,137.72,78.58,81.36669130399018
14889,2025-11-22 12:00:00+01:00,30.19799995422364,77.4749984741211,58932.12,22587.39,37206.77,0.6313495932894744,130.3425,76.2825,79.51896949255716
14890,2025-11-22 13:00:00+01:00,30.19799995422364,77.4749984741211,57423.19,19292.14,34332.34,0.5978828413054232,135.57500000000002,75.3675,73.51611823204838
14891,2025-11-22 14:00:00+01:00,30.19799995422364,77.4749984741211,56111.81,13091.08,29174.22,0.5199301180054734,153.7525,81.645,81.73651966324421
14892,2025-11-22 15:00:00+01:00,30.19799995422364,77.4749984741211,55901.17,5331.51,22940.24,0.4103713749800994,196.8375,88.965,106.70558956303657
14893,2025-11-22 16:00:00+01:00,30.19799995422364,77.4749984741211,57546.91,417.21,19971.86,0.3470535602437987,251.87,105.0,125.87894674998029
14894,2025-11-22 17:00:00+01:00,30.19799995422364,77.4749984741211,59829.36,0.0,21715.35,0.3629547432292515,250.0075,114.455,125.70888558295124
14895,2025-11-22 18:00:00+01:00,30.19799995422364,77.4749984741211,60559.9,0.0,23383.29,0.3861183719943199,205.0875,109.2525,123.66007923805192
14896,2025-11-22 19:00:00+01:00,30.19799995422364,77.4749984741211,58892.72,0.0,24560.68,0.4170410196002084,171.3675,98.33,114.71506186066898
14897,2025-11-22 20:00:00+01:00,30.19799995422364,77.4749984741211,56105.45,0.0,25522.46,0.4549016182109043,141.95,86.61,95.56663422623372
14898,2025-11-22 21:00:00+01:00,30.19799995422364,77.4749984741211,53553.17,0.0,26270.8,0.4905554609576696,117.3075,89.2475,84.04260516678504
14899,2025-11-22 22:00:00+01:00,30.19799995422364,77.4749984741211,51751.39,0.0,26191.44,0.5061011886818689,104.9,89.4275,83.33389034597887
14900,2025-11-22 23:00:00+01:00,30.19799995422364,77.4749984741211,49121.01,0.0,26276.49,0.5349338296311631,95.0325,82.23,79.17985920139476
14901,2025-11-23 00:00:00+01:00,30.19799995422364,77.4749984741211,47159.17,0.0,24964.79,0.5293729723128349,102.2475,81.5275,79.03350974135732
14902,2025-11-23 01:00:00+01:00,30.19799995422364,77.4749984741211,45482.12,0.0,24606.61,0.5410172171963362,94.6,74.35249999999999,76.82979008388423
14903,2025-11-23 02:00:00+01:00,30.19799995422364,77.4749984741211,44914.39,0.0,24525.0,0.5460388083761042,88.44,70.44,74.00858345350073
14904,2025-11-23 03:00:00+01:00,30.19799995422364,77.4749984741211,44479.97,0.0,24557.47,0.5521017661315639,85.2775,63.23,69.93302589708392
14905,2025-11-23 04:00:00+01:00,30.19799995422364,77.4749984741211,44515.81,0.0,24826.96,0.5577110692678149,86.0975,60.885,69.62869328373995
14906,2025-11-23 05:00:00+01:00,30.19799995422364,77.4749984741211,44958.44,0.0,25420.63,0.5654250902465866,85.2775,64.21,69.18897478034029
14907,2025-11-23 06:00:00+01:00,30.19799995422364,77.4749984741211,46768.79,0.0,26561.58,0.567933872018512,90.5225,62.03,73.34077989295093
14908,2025-11-23 07:00:00+01:00,30.19799995422364,77.4749984741211,49420.41,252.07,27262.96,0.5516538611169648,106.7475,67.9825,75.46070408324402
14909,2025-11-23 08:00:00+01:00,30.19799995422364,77.4749984741211,52465.05,4657.93,32020.54,0.610321347142465,104.21,67.8325,72.4278218573147
14910,2025-11-23 09:00:00+01:00,30.19799995422364,77.4749984741211,54919.75,12347.2,39417.92,0.7177366975054079,89.1175,65.96,61.79087257783955
14911,2025-11-23 10:00:00+01:00,30.19799995422364,77.4749984741211,56817.18,18245.24,43723.8,0.7695524486133327,82.00999999999999,65.985,60.205638212544656
14912,2025-11-23 11:00:00+01:00,30.19799995422364,77.4749984741211,58066.8,21269.15,45121.4,0.7770602132755619,78.58,66.69,62.98021062082129
14913,2025-11-23 12:00:00+01:00,30.19799995422364,77.4749984741211,58015.07,20918.74,44478.68,0.7666745897631986,76.2825,67.8625,60.0907332548299
14914,2025-11-23 13:00:00+01:00,30.19799995422364,77.4749984741211,56760.73,17159.25,41683.84,0.7343781518077059,75.3675,65.45750000000001,64.11114906025057
14915,2025-11-23 14:00:00+01:00,30.19799995422364,77.4749984741211,55289.56,10899.14,37803.99,0.6837455388171391,81.645,69.42750000000001,73.492138880874
14916,2025-11-23 15:00:00+01:00,30.19799995422364,77.4749984741211,55323.52,3942.98,34522.88,0.6240181390077821,88.965,77.28999999999999,80.93973765082512
14917,2025-11-23 16:00:00+01:00,30.19799995422364,77.4749984741211,56887.7,236.55,34553.35,0.6073957989851241,105.0,77.8875,84.28534885149625
14918,2025-11-23 17:00:00+01:00,30.19799995422364,77.4749984741211,59745.7,0.0,37120.04,0.6213006123250208,114.455,80.84,85.87086509418515
14919,2025-11-23 18:00:00+01:00,30.19799995422364,77.4749984741211,60463.92,0.0,38207.22,0.6319011402780532,109.2525,82.54249999999999,83.9267944781473
14920,2025-11-23 19:00:00+01:00,30.19799995422364,77.4749984741211,59216.89,0.0,38410.69,0.6486441620543321,98.33,83.7975,81.50964423173492
14921,2025-11-23 20:00:00+01:00,30.19799995422364,77.4749984741211,56829.45,0.0,37860.17,0.6662068697363415,86.61,77.4125,77.22663445123867
14922,2025-11-23 21:00:00+01:00,30.19799995422364,77.4749984741211,54217.77,0.0,36331.67,0.6701063137288555,89.2475,74.16,76.39201925470655
14923,2025-11-23 22:00:00+01:00,30.19799995422364,77.4749984741211,52211.85,0.0,33957.44,0.6503780270857329,89.4275,75.1675,76.88747950841321
14924,2025-11-23 23:00:00+01:00,30.19799995422364,77.4749984741211,49458.61,0.0,31887.48,0.6447306140134689,82.23,71.2625,77.27801156335296
14925,2025-11-24 00:00:00+01:00,30.19799995422364,77.4749984741211,46973.44,0.0,30169.6,0.6422693333419333,81.5275,72.4575,75.740222817595
14926,2025-11-24 01:00:00+01:00,30.19799995422364,77.4749984741211,45670.8,0.0,28714.13,0.628719663192079,74.35249999999999,70.0625,76.36333998100565
14927,2025-11-24 02:00:00+01:00,30.19799995422364,77.4749984741211,45292.91,0.0,27715.49,0.6119167435671682,70.44,72.255,77.45603013053255
14928,2025-11-24 03:00:00+01:00,30.19799995422364,77.4749984741211,45666.67,0.0,26981.97,0.5908460151373319,63.23,73.275,73.66721867692011
14929,2025-11-24 04:00:00+01:00,30.19799995422364,77.4749984741211,47126.55,0.0,26415.1,0.5605141898652639,60.885,73.755,78.7743714633004
14930,2025-11-24 05:00:00+01:00,30.19799995422364,77.4749984741211,52659.91,0.0,25972.26,0.4932074512673478,64.21,80.065,81.96990233528147
14931,2025-11-24 06:00:00+01:00,30.19799995422364,77.4749984741211,61684.6,0.0,25933.36,0.4204187105986877,62.03,90.3075,103.58607445780622
14932,2025-11-24 07:00:00+01:00,30.19799995422364,77.4749984741211,68199.46,40.56,25143.53,0.3686763794949876,67.9825,104.3925,124.642422478703
14933,2025-11-24 08:00:00+01:00,30.19799995422364,77.4749984741211,70715.47,772.71,24949.32,0.3528127578940205,67.8325,107.785,133.0447164284547
14934,2025-11-24 09:00:00+01:00,30.19799995422364,77.4749984741211,71027.1,2606.44,25189.62,0.3546480145811038,65.96,110.26,126.30143200394575
14935,2025-11-24 10:00:00+01:00,30.19799995422364,77.4749984741211,71461.14,4418.58,24603.71,0.3442949552240147,65.985,117.4475,122.31276533934567
14936,2025-11-24 11:00:00+01:00,30.19799995422364,77.4749984741211,71959.95,5463.49,23303.07,0.3238338825521927,66.69,128.0375,119.28228898052843
14937,2025-11-24 12:00:00+01:00,30.19799995422364,77.4749984741211,71088.43,5542.29,21463.74,0.3019301452709069,67.8625,134.235,119.84998523113883
14938,2025-11-24 13:00:00+01:00,30.19799995422364,77.4749984741211,69934.26,4661.38,18946.3,0.2709158572249258,65.45750000000001,149.9925,121.92889686479612
14939,2025-11-24 14:00:00+01:00,30.19799995422364,77.4749984741211,68903.04,2960.02,15996.54,0.2321601484880551,69.42750000000001,173.5375,132.04985674165678
14940,2025-11-24 15:00:00+01:00,30.19799995422364,77.4749984741211,68175.01,1047.41,13370.06,0.1961137959208053,77.28999999999999,195.8125,144.00131765449328
14941,2025-11-24 16:00:00+01:00,30.19799995422364,77.4749984741211,69006.77,121.23,12286.08,0.1780416616836229,77.8875,225.775,153.43034181094134
14942,2025-11-24 17:00:00+01:00,30.19799995422364,77.4749984741211,70846.62,0.0,12074.63,0.170433395387044,80.84,263.4825,169.67048174182116
14943,2025-11-24 18:00:00+01:00,30.19799995422364,77.4749984741211,71658.81,0.0,11716.54,0.1635045292876752,82.54249999999999,230.5875,192.6259106312561
14944,2025-11-24 19:00:00+01:00,30.19799995422364,77.4749984741211,69487.25,0.0,11074.58,0.1593757127876875,83.7975,188.305,167.26376163188695
14945,2025-11-24 20:00:00+01:00,30.19799995422364,77.4749984741211,65976.83,0.0,10270.34,0.1556658602488682,77.4125,151.185,146.93371775881434
14946,2025-11-24 21:00:00+01:00,30.19799995422364,77.4749984741211,62231.45,0.0,9213.3,0.1480489366472982,74.16,135.235,133.5301508375662
14947,2025-11-24 22:00:00+01:00,30.19799995422364,77.4749984741211,58891.35,0.0,8062.8,0.1369097498806005,75.1675,123.035,125.64987639340248
14948,2025-11-24 23:00:00+01:00,30.19799995422364,77.4749984741211,54839.58,0.0,7133.1,0.1300721121259367,71.2625,105.405,114.61198511465831
14949,2025-11-25 00:00:00+01:00,29.746999740600582,77.58499908447266,51988.45,0.0,6662.85,0.1281601970960549,72.4575,100.9,110.1992977372268
14950,2025-11-25 01:00:00+01:00,29.746999740600582,77.58499908447266,50479.92,0.0,6141.63,0.1216648124399434,70.0625,99.1525,105.97911412935373
14951,2025-11-25 02:00:00+01:00,29.746999740600582,77.58499908447266,49865.23,0.0,5777.95,0.1158713195314909,72.255,97.5875,104.78821028811682
14952,2025-11-25 03:00:00+01:00,29.746999740600582,77.58499908447266,50064.32,0.0,5418.98,0.1082403595797884,73.275,96.0975,103.41491885913254
14953,2025-11-25 04:00:00+01:00,29.746999740600582,77.58499908447266,51549.58,0.0,5030.16,0.0975790685205235,73.755,99.51,109.14950213019131
14954,2025-11-25 05:00:00+01:00,29.746999740600582,77.58499908447266,55465.62,0.0,4776.92,0.086123980929786,80.065,106.73,116.6213135781882
14955,2025-11-25 06:00:00+01:00,29.746999740600582,77.58499908447266,61901.28,0.0,4690.98,0.0757816316438397,90.3075,122.4075,141.111552295291
14956,2025-11-25 07:00:00+01:00,29.746999740600582,77.58499908447266,67509.52,33.48,4649.61,0.0688733974010075,104.3925,291.02,188.55344048361803
14957,2025-11-25 08:00:00+01:00,29.746999740600582,77.58499908447266,69954.56,677.92,5215.27,0.0745522521942026,107.785,333.275,197.34718700491635
14958,2025-11-25 09:00:00+01:00,29.746999740600582,77.58499908447266,70566.99,2348.22,6760.43,0.095801592203975,110.26,292.65,186.48760393837733
14959,2025-11-25 10:00:00+01:00,29.746999740600582,77.58499908447266,71084.77,4039.77,8210.79,0.1155070206859349,117.4475,273.085,184.46339537848405
14960,2025-11-25 11:00:00+01:00,29.746999740600582,77.58499908447266,71574.32,5055.22,8924.69,0.1246912300215089,128.0375,326.6275,192.97693009043468
14961,2025-11-25 12:00:00+01:00,29.746999740600582,77.58499908447266,71229.69,5066.22,8736.13,0.1226473117989636,134.235,351.0,194.1027394653948
14962,2025-11-25 13:00:00+01:00,29.746999740600582,77.58499908447266,69913.18,4164.38,7781.33,0.1112999008039256,149.9925,317.65250000000003,205.81101577905633
14963,2025-11-25 14:00:00+01:00,29.746999740600582,77.58499908447266,68753.16,2614.34,6390.06,0.0929420553043755,173.5375,300.0,220.96630528950556
14964,2025-11-25 15:00:00+01:00,29.746999740600582,77.58499908447266,68226.15,954.62,5235.24,0.0767336277839606,195.8125,309.995,246.94807270845348
14965,2025-11-25 16:00:00+01:00,29.746999740600582,77.58499908447266,69391.13,119.31,5205.61,0.0750183776982708,225.775,325.0825,249.5800768652128
14966,2025-11-25 17:00:00+01:00,29.746999740600582,77.58499908447266,71609.04,0.0,5849.82,0.0816910825669927,263.4825,373.3125,244.36468950200742
14967,2025-11-25 18:00:00+01:00,29.746999740600582,77.58499908447266,71700.37,0.0,6405.22,0.0893331512669553,230.5875,297.905,235.25326572597953
14968,2025-11-25 19:00:00+01:00,29.746999740600582,77.58499908447266,69807.65,0.0,6653.58,0.095313049487368,188.305,249.3725,233.84055937809126
14969,2025-11-25 20:00:00+01:00,29.746999740600582,77.58499908447266,66101.85,0.0,6596.15,0.099787676124074,151.185,172.835,200.62944860375035
14970,2025-11-25 21:00:00+01:00,29.746999740600582,77.58499908447266,62145.25,0.0,6334.26,0.101926695909675,135.235,135.02,150.04051878475633
14971,2025-11-25 22:00:00+01:00,29.746999740600582,77.58499908447266,59013.84,0.0,6023.02,0.1020611436059641,123.035,119.155,140.57637005981124
14972,2025-11-25 23:00:00+01:00,29.746999740600582,77.58499908447266,55252.93,0.0,5815.29,0.1052485361219308,105.405,102.035,128.89532238856725
14973,2025-11-26 00:00:00+01:00,29.38599967956543,78.79499816894531,51936.18,0.0,5288.99,0.1018363306462207,100.9,92.855,119.68914149607801
14974,2025-11-26 01:00:00+01:00,29.38599967956543,78.79499816894531,50233.06,0.0,5285.33,0.1052161663842067,99.1525,89.94999999999999,115.49482436606593
14975,2025-11-26 02:00:00+01:00,29.38599967956543,78.79499816894531,49457.41,0.0,5222.47,0.105595299045058,97.5875,88.325,111.83583252980317
14976,2025-11-26 03:00:00+01:00,29.38599967956543,78.79499816894531,49842.78,0.0,5273.86,0.1058099086556147,96.0975,89.435,111.86181407355052
14977,2025-11-26 04:00:00+01:00,29.38599967956543,78.79499816894531,51278.23,0.0,5409.78,0.1054985712054611,99.51,89.80250000000001,122.98421008570281
14978,2025-11-26 05:00:00+01:00,29.38599967956543,78.79499816894531,54513.13,0.0,5528.06,0.1014078626376053,106.73,97.25,137.06542896090411
14979,2025-11-26 06:00:00+01:00,29.38599967956543,78.79499816894531,60796.56,0.0,5667.2,0.0932158003523199,122.4075,129.8225,150.89481712939272
14980,2025-11-26 07:00:00+01:00,29.38599967956543,78.79499816894531,67070.43,43.88,5643.53,0.0841433400554993,291.02,191.17,266.7490779821612
14981,2025-11-26 08:00:00+01:00,29.38599967956543,78.79499816894531,69628.92,852.71,6142.83,0.0882223937857685,333.275,237.2225,273.7472877241127
14982,2025-11-26 09:00:00+01:00,29.38599967956543,78.79499816894531,69752.28,3061.31,7858.36,0.1126609768006635,292.65,211.8475,251.90117818839127
14983,2025-11-26 10:00:00+01:00,29.38599967956543,78.79499816894531,70000.14,5270.09,9550.13,0.1364301556916271,273.085,197.1375,241.69219809871402
14984,2025-11-26 11:00:00+01:00,29.38599967956543,78.79499816894531,70481.77,6572.81,10538.87,0.1495261824228412,326.6275,170.4975,237.1183093606278
14985,2025-11-26 12:00:00+01:00,29.38599967956543,78.79499816894531,69888.41,6669.41,10500.61,0.1502482314091495,351.0,164.6825,233.4614867741904
14986,2025-11-26 13:00:00+01:00,29.38599967956543,78.79499816894531,68782.91,5526.58,9470.66,0.1376891439839214,317.65250000000003,168.2375,237.8539743467565
14987,2025-11-26 14:00:00+01:00,29.38599967956543,78.79499816894531,67683.9,3477.57,7719.85,0.1140574050676664,300.0,184.49,241.49364084349867
14988,2025-11-26 15:00:00+01:00,29.38599967956543,78.79499816894531,67165.62,1194.88,5934.42,0.0883550244770531,309.995,223.7225,253.56968918375935
14989,2025-11-26 16:00:00+01:00,29.38599967956543,78.79499816894531,68107.84,98.36,5553.4,0.081538336837354,325.0825,294.3775,258.17848479048826
14990,2025-11-26 17:00:00+01:00,29.38599967956543,78.79499816894531,69572.5,0.0,6068.41,0.0872242624474865,373.3125,294.61,248.3486673567217
14991,2025-11-26 18:00:00+01:00,29.38599967956543,78.79499816894531,69871.88,0.0,6380.58,0.0913182813899785,297.905,228.93,243.81209854958
14992,2025-11-26 19:00:00+01:00,29.38599967956543,78.79499816894531,67995.88,0.0,6576.84,0.0967240956221576,249.3725,183.675,237.9041045529395
14993,2025-11-26 20:00:00+01:00,29.38599967956543,78.79499816894531,64814.41,0.0,6868.96,0.1059789018975905,172.835,141.26,183.23533462139295
14994,2025-11-26 21:00:00+01:00,29.38599967956543,78.79499816894531,61291.76,0.0,7249.56,0.1182795207515203,135.02,114.9475,144.90397038509082
14995,2025-11-26 22:00:00+01:00,29.38599967956543,78.79499816894531,58019.81,0.0,7774.74,0.134001472922093,119.155,101.9925,129.2477536386557
14996,2025-11-26 23:00:00+01:00,29.38599967956543,78.79499816894531,54500.25,0.0,8689.47,0.1594390851125565,102.035,90.1875,113.1595066596255
14997,2025-11-27 00:00:00+01:00,29.36800003051757,78.48500061035156,50890.68,0.0,11791.1,0.2316946835389712,92.855,89.945,98.97863470488561
14998,2025-11-27 01:00:00+01:00,29.36800003051757,78.48500061035156,49255.06,0.0,13168.35,0.2673501970625251,89.94999999999999,84.275,97.26453573516939
14999,2025-11-27 02:00:00+01:00,29.36800003051757,78.48500061035156,48712.81,0.0,14347.36,0.2945295087073545,88.325,79.9475,93.10832525599703
15000,2025-11-27 03:00:00+01:00,29.36800003051757,78.48500061035156,48877.56,0.0,15655.18,0.3202938116550225,89.435,77.3425,91.7498842547234
15001,2025-11-27 04:00:00+01:00,29.36800003051757,78.48500061035156,50366.18,0.0,16997.88,0.3374859875540519,89.80250000000001,79.94749999999999,91.45686402593816
15002,2025-11-27 05:00:00+01:00,29.36800003051757,78.48500061035156,53749.32,0.0,18173.49,0.3381157193545675,97.25,82.0775,96.73777617028377
15003,2025-11-27 06:00:00+01:00,29.36800003051757,78.48500061035156,59891.08,0.0,19482.9,0.3253055379323089,129.8225,112.22,114.71013392944917
15004,2025-11-27 07:00:00+01:00,29.36800003051757,78.48500061035156,65507.17,40.06,20605.85,0.314558696351169,191.17,122.0,138.71634589883243
15005,2025-11-27 08:00:00+01:00,29.36800003051757,78.48500061035156,68026.08,1652.66,23520.4,0.3457556277907303,237.2225,123.105,145.51012447108644
15006,2025-11-27 09:00:00+01:00,29.36800003051757,78.48500061035156,68757.38,5468.56,28361.91,0.4124925934623319,211.8475,106.9525,132.82025457899817
15007,2025-11-27 10:00:00+01:00,29.36800003051757,78.48500061035156,69461.89,8992.36,32467.16,0.4674096831417328,197.1375,90.9475,122.54870278100428
15008,2025-11-27 11:00:00+01:00,29.36800003051757,78.48500061035156,70068.71,11017.82,35109.16,0.501067594864945,170.4975,88.66499999999999,115.84247655770702
15009,2025-11-27 12:00:00+01:00,29.36800003051757,78.48500061035156,69571.21,10853.31,36037.5,0.5179944404419594,164.6825,87.0625,103.38640648447941
15010,2025-11-27 13:00:00+01:00,29.36800003051757,78.48500061035156,68324.17,8760.06,35308.15,0.5167739321945991,168.2375,85.75999999999999,101.90320832434469
15011,2025-11-27 14:00:00+01:00,29.36800003051757,78.48500061035156,67223.0,5483.31,33346.65,0.4960601281561281,184.49,89.2475,109.90305958284712
15012,2025-11-27 15:00:00+01:00,29.36800003051757,78.48500061035156,66765.24,1915.83,31214.19,0.4675215725327248,223.7225,90.6,113.31560027948998
15013,2025-11-27 16:00:00+01:00,29.36800003051757,78.48500061035156,67904.74,144.66,31204.74,0.4595369924898413,294.3775,90.43,121.69942882278824
15014,2025-11-27 17:00:00+01:00,29.36800003051757,78.48500061035156,69569.7,0.0,32480.16,0.4668722158544779,294.61,97.5075,122.28797104918888
15015,2025-11-27 18:00:00+01:00,29.36800003051757,78.48500061035156,69651.57,0.0,33250.03,0.4773766046512121,228.93,101.3925,117.10653568465824
15016,2025-11-27 19:00:00+01:00,29.36800003051757,78.48500061035156,67739.3,0.0,33572.68,0.4956159865106938,183.675,88.27,110.08403980253948
15017,2025-11-27 20:00:00+01:00,29.36800003051757,78.48500061035156,64324.39,0.0,33746.47,0.5246294600656719,141.26,85.39750000000001,95.72167779530992
15018,2025-11-27 21:00:00+01:00,29.36800003051757,78.48500061035156,60803.05,0.0,33593.93,0.5525040272564444,114.9475,80.625,81.41294926942828
15019,2025-11-27 22:00:00+01:00,29.36800003051757,78.48500061035156,57510.57,0.0,32889.48,0.5718858288881703,101.9925,85.105,78.55057184701302
15020,2025-11-27 23:00:00+01:00,29.36800003051757,78.48500061035156,53909.16,0.0,32518.17,0.6032030548049342,90.1875,69.45750000000001,69.72436328029897
15021,2025-11-28 00:00:00+01:00,29.36800003051757,79.2750015258789,52288.75,0.0,33076.81,0.6325798569228409,89.945,60.84,61.13356698267438
15022,2025-11-28 01:00:00+01:00,29.36800003051757,79.2750015258789,50723.15,0.0,32600.7,0.6427183641704589,84.275,55.0,61.6962585260774
15023,2025-11-28 02:00:00+01:00,29.36800003051757,79.2750015258789,50300.33,0.0,32203.49,0.640224229017936,79.9475,52.93,60.95215532757596
15024,2025-11-28 03:00:00+01:00,29.36800003051757,79.2750015258789,50707.02,0.0,31913.53,0.6293710415975202,77.3425,47.8825,63.660460518858336
15025,2025-11-28 04:00:00+01:00,29.36800003051757,79.2750015258789,52081.74,0.0,31685.91,0.6083880836914458,79.94749999999999,58.375,68.50137627441815
15026,2025-11-28 05:00:00+01:00,29.36800003051757,79.2750015258789,55577.67,0.0,31393.86,0.5648646298837529,82.0775,61.04,80.14485290668178
15027,2025-11-28 06:00:00+01:00,29.36800003051757,79.2750015258789,61611.35,0.0,31441.0,0.5103118174637771,112.22,82.8625,88.39116011401597
15028,2025-11-28 07:00:00+01:00,29.36800003051757,79.2750015258789,67289.36,51.18,30612.2,0.4549337368560298,122.0,87.82,116.9176610976404
15029,2025-11-28 08:00:00+01:00,29.36800003051757,79.2750015258789,69799.26,1287.54,30750.13,0.4405509456059346,123.105,100.475,125.88242552046225
15030,2025-11-28 09:00:00+01:00,29.36800003051757,79.2750015258789,70593.41,3955.4,31910.15,0.4520273208997798,106.9525,103.4,120.77328538294799
15031,2025-11-28 10:00:00+01:00,29.36800003051757,79.2750015258789,71186.77,6468.45,32823.12,0.4610845525845484,90.9475,97.845,114.8967277493143
15032,2025-11-28 11:00:00+01:00,29.36800003051757,79.2750015258789,71611.12,8106.23,33019.5,0.4610945897144055,88.66499999999999,102.82,112.87252663782017
15033,2025-11-28 12:00:00+01:00,29.36800003051757,79.2750015258789,70921.19,8414.6,32198.22,0.4539999962699441,87.0625,98.7125,110.60229827191282
15034,2025-11-28 13:00:00+01:00,29.36800003051757,79.2750015258789,69392.94,7089.88,30429.92,0.4385160795264595,85.75999999999999,99.45,111.64615806864185
15035,2025-11-28 14:00:00+01:00,29.36800003051757,79.2750015258789,68171.35,4479.85,27612.03,0.4050386268711065,89.2475,98.79,115.99123874347855
15036,2025-11-28 15:00:00+01:00,29.36800003051757,79.2750015258789,67638.34,1596.03,25172.5,0.3721631843164449,90.6,104.67,122.03187936764498
15037,2025-11-28 16:00:00+01:00,29.36800003051757,79.2750015258789,68974.49,140.06,24849.78,0.3602749363771627,90.43,103.4,122.98766466763551
15038,2025-11-28 17:00:00+01:00,29.36800003051757,79.2750015258789,70037.56,0.0,26141.92,0.3732557215909212,97.5075,96.1575,122.78274756459417
15039,2025-11-28 18:00:00+01:00,29.36800003051757,79.2750015258789,69659.36,0.0,27388.37,0.3931757339726957,101.3925,98.125,122.61930046125632
15040,2025-11-28 19:00:00+01:00,29.36800003051757,79.2750015258789,67183.19,0.0,28391.36,0.4225961880609425,88.27,93.32,120.53290582444264
15041,2025-11-28 20:00:00+01:00,29.36800003051757,79.2750015258789,63595.3,0.0,29325.3,0.4611236993203705,85.39750000000001,88.45750000000001,105.776253688501
15042,2025-11-28 21:00:00+01:00,29.36800003051757,79.2750015258789,59805.34,0.0,30019.91,0.5019603599775605,80.625,85.41,91.03405079215148
15043,2025-11-28 22:00:00+01:00,29.36800003051757,79.2750015258789,56704.84,0.0,30194.54,0.5324861157297179,85.105,85.545,82.9587605776611
15044,2025-11-28 23:00:00+01:00,29.36800003051757,79.2750015258789,53359.0,0.0,30417.89,0.5700610954909084,69.45750000000001,77.83,76.62452965345467
15045,2025-11-29 00:00:00+01:00,28.816999435424805,80.07499694824219,49102.2,0.0,27849.55,0.5671751977371329,60.84,81.72999999999999,76.45087893584908
15046,2025-11-29 01:00:00+01:00,28.816999435424805,80.07499694824219,47126.98,0.0,26864.73,0.5700498948648841,55.0,80.89750000000001,68.33734917272338
15047,2025-11-29 02:00:00+01:00,28.816999435424805,80.07499694824219,46050.95,0.0,24976.38,0.542364055346879,52.93,81.33500000000001,69.5670251783518
15048,2025-11-29 03:00:00+01:00,28.816999435424805,80.07499694824219,45595.11,0.0,22911.5,0.5024990617409413,47.8825,82.5575,72.5284341614539
15049,2025-11-29 04:00:00+01:00,28.816999435424805,80.07499694824219,45408.7,0.0,21089.67,0.4644411752671974,58.375,85.6975,74.49353530116196
15050,2025-11-29 05:00:00+01:00,28.816999435424805,80.07499694824219,47126.36,0.0,19567.14,0.4152058422472675,61.04,89.9975,79.23325252323657
15051,2025-11-29 06:00:00+01:00,28.816999435424805,80.07499694824219,49519.41,0.0,18661.7,0.3768562669916995,82.8625,90.8875,89.66046301025435
15052,2025-11-29 07:00:00+01:00,28.816999435424805,80.07499694824219,52519.11,27.9,17741.0,0.3378008499500846,87.82,96.175,100.63141845489837
15053,2025-11-29 08:00:00+01:00,28.816999435424805,80.07499694824219,55845.39,701.91,17988.66,0.3221153974711045,100.475,89.15,106.54594410035158
15054,2025-11-29 09:00:00+01:00,28.816999435424805,80.07499694824219,58305.66,2769.83,19787.79,0.339380259079585,103.4,101.5825,106.89168241223187
15055,2025-11-29 10:00:00+01:00,28.816999435424805,80.07499694824219,59929.71,5144.33,21971.4,0.3666194946769107,97.845,101.44,102.39966184555836
15056,2025-11-29 11:00:00+01:00,28.816999435424805,80.07499694824219,60768.35,6950.69,23469.57,0.3862137115149228,102.82,95.2625,104.03474314336707
15057,2025-11-29 12:00:00+01:00,28.816999435424805,80.07499694824219,60241.67,7486.64,23965.21,0.3978178227134443,98.7125,86.0975,99.05373850292669
15058,2025-11-29 13:00:00+01:00,28.816999435424805,80.07499694824219,58336.56,6536.55,23447.61,0.4019367956557711,99.45,87.9575,96.97042863030559
15059,2025-11-29 14:00:00+01:00,28.816999435424805,80.07499694824219,56793.86,4230.34,21514.42,0.3788159494038939,98.79,91.7275,98.1995191173771
15060,2025-11-29 15:00:00+01:00,28.816999435424805,80.07499694824219,56714.02,1522.7,19912.04,0.3510955491514981,104.67,102.7225,104.33553190820041
15061,2025-11-29 16:00:00+01:00,28.816999435424805,80.07499694824219,58527.67,166.35,20606.08,0.3520741556340661,103.4,102.645,107.75861708110244
15062,2025-11-29 17:00:00+01:00,28.816999435424805,80.07499694824219,60870.65,0.0,22702.18,0.3729577390133081,96.1575,107.085,107.80977184167268
15063,2025-11-29 18:00:00+01:00,28.816999435424805,80.07499694824219,61320.45,0.0,24257.0,0.3955776579598523,98.125,98.13,105.49611446826617
15064,2025-11-29 19:00:00+01:00,28.816999435424805,80.07499694824219,59398.09,0.0,25767.0,0.433801827561492,93.32,88.43,96.62706510476394
15065,2025-11-29 20:00:00+01:00,28.816999435424805,80.07499694824219,56479.49,0.0,26697.0,0.4726848630409579,88.45750000000001,81.1125,89.79352225188948
15066,2025-11-29 21:00:00+01:00,28.816999435424805,80.07499694824219,54068.14,0.0,27152.47,0.5021898292594882,85.41,80.8,83.61710531657678
15067,2025-11-29 22:00:00+01:00,28.816999435424805,80.07499694824219,52165.97,0.0,26968.96,0.5169837730388251,85.545,83.49000000000001,80.91393809861025
15068,2025-11-29 23:00:00+01:00,28.816999435424805,80.07499694824219,49490.39,0.0,27387.78,0.5533959218035267,77.83,77.72749999999999,77.54244185771442
15069,2025-11-30 00:00:00+01:00,28.816999435424805,80.07499694824219,47178.6,0.0,28004.47,0.593584167272114,81.72999999999999,75.9725,66.12810334500669
15070,2025-11-30 01:00:00+01:00,28.816999435424805,80.07499694824219,45602.89,0.0,28200.04,0.6183827383268071,80.89750000000001,69.7825,60.95330023972964
15071,2025-11-30 02:00:00+01:00,28.816999435424805,80.07499694824219,44813.22,0.0,28217.7,0.6296735649369374,81.33500000000001,67.4375,58.289725821831674
15072,2025-11-30 03:00:00+01:00,28.816999435424805,80.07499694824219,44504.34,0.0,27941.9,0.6278466323446553,82.5575,65.355,55.86409796194715
15073,2025-11-30 04:00:00+01:00,28.816999435424805,80.07499694824219,44672.75,0.0,27296.54,0.6110333479333523,85.6975,67.0,50.8845446577716
15074,2025-11-30 05:00:00+01:00,28.816999435424805,80.07499694824219,46022.91,0.0,26393.39,0.5734837278708617,89.9975,74.2925,54.8752093982484
15075,2025-11-30 06:00:00+01:00,28.816999435424805,80.07499694824219,48441.96,0.0,25849.36,0.5336150724426478,90.8875,75.5775,66.02337873024771
15076,2025-11-30 07:00:00+01:00,28.816999435424805,80.07499694824219,50981.09,42.07,25085.07,0.4920465606969081,96.175,75.975,76.13956484577153
15077,2025-11-30 08:00:00+01:00,28.816999435424805,80.07499694824219,53922.12,1440.96,26304.63,0.4878263316635498,89.15,79.84,82.48171888090124
15078,2025-11-30 09:00:00+01:00,28.816999435424805,80.07499694824219,56308.6,4869.84,29310.5,0.5205332754640439,101.5825,80.65,81.31680250796353
15079,2025-11-30 10:00:00+01:00,28.816999435424805,80.07499694824219,58040.63,7915.01,31234.21,0.5381438829078623,101.44,84.4225,81.09240177590709
15080,2025-11-30 11:00:00+01:00,28.816999435424805,80.07499694824219,59455.61,9318.91,31637.8,0.5321247228760877,95.2625,81.5425,82.71687750065361
15081,2025-11-30 12:00:00+01:00,28.816999435424805,80.07499694824219,59480.16,8828.69,30548.66,0.5135941126396442,86.0975,80.695,86.94186616092951
15082,2025-11-30 13:00:00+01:00,28.816999435424805,80.07499694824219,58354.65,6895.57,28512.04,0.4885992803506491,87.9575,82.5175,88.22745355716896
15083,2025-11-30 14:00:00+01:00,28.816999435424805,80.07499694824219,56792.87,4099.37,25674.03,0.4520643171489547,91.7275,87.5475,92.6266823654832
15084,2025-11-30 15:00:00+01:00,28.816999435424805,80.07499694824219,56696.33,1314.46,23062.33,0.4067693622485319,102.7225,93.5775,98.25881492698136
15085,2025-11-30 16:00:00+01:00,28.816999435424805,80.07499694824219,58392.97,91.19,22480.2,0.3849812742210267,102.645,92.81,101.0769698326484
15086,2025-11-30 17:00:00+01:00,28.816999435424805,80.07499694824219,60252.66,0.0,23129.79,0.3838799813346198,107.085,104.0475,106.94910872895167
15087,2025-11-30 18:00:00+01:00,28.816999435424805,80.07499694824219,61098.4,0.0,23656.87,0.3871929542529439,98.13,106.2125,105.96428894399746
15088,2025-11-30 19:00:00+01:00,28.816999435424805,80.07499694824219,59741.82,0.0,23943.68,0.4007859150590347,88.43,104.1275,97.84173787888552
15089,2025-11-30 20:00:00+01:00,28.816999435424805,80.07499694824219,57352.67,0.0,23904.34,0.4167955911351998,81.1125,97.525,93.0046568574763
15090,2025-11-30 21:00:00+01:00,28.816999435424805,80.07499694824219,55270.29,0.0,23316.33,0.4218600987217798,80.8,92.93,92.32446809671612
15091,2025-11-30 22:00:00+01:00,28.816999435424805,80.07499694824219,53439.09,0.0,22104.79,0.4136445810709642,83.49000000000001,92.5975,90.1538935926578
15092,2025-11-30 23:00:00+01:00,28.816999435424805,80.07499694824219,50557.04,0.0,20959.38,0.4145689699368141,77.72749999999999,87.1275,86.40961862866007
15093,2025-12-01 00:00:00+01:00,28.816999435424805,80.07499694824219,47937.68,0.0,20694.28,0.4316913124640801,75.9725,87.995,80.63486994500916
15094,2025-12-01 01:00:00+01:00,28.816999435424805,80.07499694824219,46569.1,0.0,19653.52,0.4220291995288658,69.7825,86.02250000000001,82.16137657980933
15095,2025-12-01 02:00:00+01:00,28.816999435424805,80.07499694824219,46128.55,0.0,19289.64,0.4181713926802009,67.4375,81.34,81.54388929266621
15096,2025-12-01 03:00:00+01:00,28.816999435424805,80.07499694824219,46214.41,0.0,19282.18,0.4172330663926612,65.355,85.14,79.98359224606395
15097,2025-12-01 04:00:00+01:00,28.816999435424805,80.07499694824219,47372.0,0.0,19198.19,0.4052645021520593,67.0,80.2575,81.46816421041004
15098,2025-12-01 05:00:00+01:00,28.816999435424805,80.07499694824219,52409.69,0.0,19354.2,0.3692866719171041,74.2925,88.745,90.79514199082669
15099,2025-12-01 06:00:00+01:00,28.816999435424805,80.07499694824219,61045.7,0.0,20108.35,0.3293983031844342,75.5775,88.625,106.51918927243584
15100,2025-12-01 07:00:00+01:00,28.816999435424805,80.07499694824219,67384.02,24.85,20510.1,0.3043763194442277,75.975,127.86,124.6369085597322
15101,2025-12-01 08:00:00+01:00,28.816999435424805,80.07499694824219,69459.52,1721.09,22915.85,0.3299166190135035,79.84,139.3325,126.59164771734989
15102,2025-12-01 09:00:00+01:00,28.816999435424805,80.07499694824219,69440.33,6743.54,28322.39,0.4078665812204713,80.65,105.095,112.71230008114433
15103,2025-12-01 10:00:00+01:00,28.816999435424805,80.07499694824219,69763.23,11679.74,32798.15,0.4701351986612238,84.4225,93.7325,108.6714841754941
15104,2025-12-01 11:00:00+01:00,28.816999435424805,80.07499694824219,70240.22,14553.32,34985.68,0.4980861391809299,81.5425,85.96,105.4586534045607
15105,2025-12-01 12:00:00+01:00,28.816999435424805,80.07499694824219,69881.54,14593.72,34950.94,0.5001455319244331,80.695,85.01750000000001,107.26922798982774
15106,2025-12-01 13:00:00+01:00,28.816999435424805,80.07499694824219,68559.36,12110.3,33086.75,0.4826000417036273,82.5175,90.07,110.02837601170422
15107,2025-12-01 14:00:00+01:00,28.816999435424805,80.07499694824219,67490.08,7714.82,30225.52,0.4478512989689964,87.5475,107.2175,118.12046722352291
15108,2025-12-01 15:00:00+01:00,28.816999435424805,80.07499694824219,67005.93,2701.42,27440.93,0.4095298728919172,93.5775,120.3225,122.67777145248483
15109,2025-12-01 16:00:00+01:00,28.816999435424805,80.07499694824219,67953.73,175.18,27407.83,0.4033307663312476,92.81,112.965,125.08421036820069
15110,2025-12-01 17:00:00+01:00,28.816999435424805,80.07499694824219,69714.66,0.0,29867.29,0.42842194160763,104.0475,94.4125,123.09982649619523
15111,2025-12-01 18:00:00+01:00,28.816999435424805,80.07499694824219,70596.62,0.0,31744.49,0.4496601961326675,106.2125,88.9925,121.31618868557894
15112,2025-12-01 19:00:00+01:00,28.816999435424805,80.07499694824219,68536.26,0.0,32978.03,0.4811763874362014,104.1275,86.7675,114.91683874108395
15113,2025-12-01 20:00:00+01:00,28.816999435424805,80.07499694824219,64977.48,0.0,33852.77,0.5209923498847612,97.525,82.3,94.64993649955036
15114,2025-12-01 21:00:00+01:00,28.816999435424805,80.07499694824219,61350.66,0.0,34021.78,0.5545462753694016,92.93,75.95,84.71559692287119
15115,2025-12-01 22:00:00+01:00,28.816999435424805,80.07499694824219,58086.36,0.0,33622.21,0.5788314157439317,92.5975,76.43,80.77526094845653
15116,2025-12-01 23:00:00+01:00,28.816999435424805,80.07499694824219,54052.46,0.0,33145.17,0.6132037282645038,87.1275,71.80250000000001,70.8822494236338
15117,2025-12-09 00:00:00+01:00,26.871000289916992,78.98500061035156,47988.47,0.0,29095.76,0.6063073066079607,19.27,73.69749999999999,62.347560924441446
15118,2025-12-09 01:00:00+01:00,26.871000289916992,78.98500061035156,46438.01,0.0,27586.32,0.5940461271716754,11.09,72.785,62.93096061136117
15119,2025-12-09 02:00:00+01:00,26.871000289916992,78.98500061035156,46027.43,0.0,25784.0,0.560187696649544,11.6625,73.7125,66.16475410828434
15120,2025-12-09 03:00:00+01:00,26.871000289916992,78.98500061035156,46085.47,0.0,23930.21,0.5192571540402523,5.59,74.845,68.37768925332847
15121,2025-12-09 04:00:00+01:00,26.871000289916992,78.98500061035156,46853.68,0.0,22446.72,0.479081258829812,12.89,73.72,70.7485209676922
15122,2025-12-09 05:00:00+01:00,26.871000289916992,78.98500061035156,50603.62,0.0,21245.56,0.4198426910130455,28.655,80.205,78.65264562421787
15123,2025-12-09 06:00:00+01:00,26.871000289916992,78.98500061035156,57546.49,0.0,20647.56,0.3587979040322359,64.3175,98.8475,91.53373047445099
15124,2025-12-09 07:00:00+01:00,26.871000289916992,78.98500061035156,63139.9,5.82,20208.24,0.3200549889499263,82.84,105.79,104.83977419442479
15125,2025-12-09 08:00:00+01:00,26.871000289916992,78.98500061035156,65857.13,997.15,21784.05,0.3307773964139072,100.0,129.75,108.30824175664675
15126,2025-12-09 09:00:00+01:00,26.871000289916992,78.98500061035156,66864.03,4676.88,26406.61,0.394929979483,98.3375,111.335,100.82795291061953
15127,2025-12-09 10:00:00+01:00,26.871000289916992,78.98500061035156,67611.36,8477.52,30606.9,0.4526887196984813,86.0375,103.06,94.01858431717537
15128,2025-12-09 11:00:00+01:00,26.871000289916992,78.98500061035156,68289.6,10870.49,32602.04,0.4774085658024928,79.99000000000001,103.34,92.55863915802983
15129,2025-12-09 12:00:00+01:00,26.871000289916992,78.98500061035156,68081.79,11430.57,32491.03,0.4772352488856072,79.3475,97.83,90.83557955447226
15130,2025-12-09 13:00:00+01:00,26.871000289916992,78.98500061035156,66557.95,9866.36,30653.8,0.4605580549790734,86.845,101.1,92.23193949904264
15131,2025-12-09 14:00:00+01:00,26.871000289916992,78.98500061035156,65349.79,6572.58,27723.9,0.4242385476029474,94.08,100.22,94.37910403557424
15132,2025-12-09 15:00:00+01:00,26.871000289916992,78.98500061035156,64855.68,2393.05,24793.13,0.3822815518421391,100.145,110.885,106.65682935071928
15133,2025-12-09 16:00:00+01:00,26.871000289916992,78.98500061035156,65640.35,122.92,24651.17,0.3755490334260025,101.075,108.3,106.620136289008
15134,2025-12-09 17:00:00+01:00,26.871000289916992,78.98500061035156,67352.17,0.0,27157.83,0.403221306692387,109.85,104.5675,108.79370744887119
15135,2025-12-09 18:00:00+01:00,26.871000289916992,78.98500061035156,67383.2,0.0,29284.97,0.4346034322450398,100.2625,96.91,109.17070995052406
15136,2025-12-09 19:00:00+01:00,26.871000289916992,78.98500061035156,65711.91,0.0,30962.21,0.4711810993667386,96.635,85.1025,103.06342749623806
15137,2025-12-09 20:00:00+01:00,26.871000289916992,78.98500061035156,62206.12,0.0,32531.52,0.5229633353562377,89.345,83.67,91.0712002382505
15138,2025-12-09 21:00:00+01:00,26.871000289916992,78.98500061035156,58362.69,0.0,33690.12,0.5772544067832969,83.5175,79.35499999999999,81.0385311833785
15139,2025-12-09 22:00:00+01:00,26.871000289916992,78.98500061035156,55251.7,0.0,33859.81,0.612828383450133,80.21,73.3325,74.27449149463247
15140,2025-12-09 23:00:00+01:00,26.871000289916992,78.98500061035156,51662.63,0.0,34265.78,0.6632604649311774,73.2525,55.42,63.01862346982812
15141,2025-12-10 00:00:00+01:00,27.48900032043457,79.63999938964844,50021.21,0.0,32570.0,0.6511237931567181,73.69749999999999,43.9,61.34369197221
15142,2025-12-10 01:00:00+01:00,27.48900032043457,79.63999938964844,48432.04,0.0,32774.12,0.6767032731479609,72.785,36.48,55.149956229569504
15143,2025-12-10 02:00:00+01:00,27.48900032043457,79.63999938964844,47598.8,0.0,32809.5,0.6892925870632678,73.7125,31.0,53.31435264794904
15144,2025-12-10 03:00:00+01:00,27.48900032043457,79.63999938964844,47942.96,0.0,32533.72,0.6785922269549914,74.845,35.1125,49.472543525603264
15145,2025-12-10 04:00:00+01:00,27.48900032043457,79.63999938964844,49344.63,0.0,31750.07,0.6434351619125657,73.72,48.09,57.06847954779381
15146,2025-12-10 05:00:00+01:00,27.48900032043457,79.63999938964844,52982.45,0.0,30573.07,0.5770414541839719,80.205,69.65,73.85139661847026
15147,2025-12-10 06:00:00+01:00,27.48900032043457,79.63999938964844,59467.24,0.0,29699.64,0.4994285928690437,98.8475,79.12,90.7005075081994
15148,2025-12-10 07:00:00+01:00,27.48900032043457,79.63999938964844,65475.74,1.15,27883.54,0.4258606316742872,105.79,87.505,119.06303215082443
15149,2025-12-10 08:00:00+01:00,27.48900032043457,79.63999938964844,67712.98,1227.2,27571.64,0.4071839696898314,129.75,94.3325,121.36407652513397
15150,2025-12-10 09:00:00+01:00,27.48900032043457,79.63999938964844,68125.32,5096.6,30073.31,0.4414410089462418,111.335,94.225,114.89041735129392
15151,2025-12-10 10:00:00+01:00,27.48900032043457,79.63999938964844,68900.42,8940.71,32745.49,0.4752582059042226,103.06,87.72749999999999,110.40529317543812
15152,2025-12-10 11:00:00+01:00,27.48900032043457,79.63999938964844,69728.06,11197.57,34145.95,0.4897017068179292,103.34,80.9975,105.55545670723565
15153,2025-12-10 12:00:00+01:00,27.48900032043457,79.63999938964844,69256.81,11169.49,33679.25,0.486295138270692,97.83,79.5,104.5304050540586
15154,2025-12-10 13:00:00+01:00,27.48900032043457,79.63999938964844,68214.7,9040.67,31776.73,0.4658340503636556,101.1,81.4425,109.18676012838245
15155,2025-12-10 14:00:00+01:00,27.48900032043457,79.63999938964844,67042.44,5505.39,28498.99,0.4250887944375102,100.22,90.2225,113.55032309419533
15156,2025-12-10 15:00:00+01:00,27.48900032043457,79.63999938964844,66263.18,1867.46,25424.2,0.3836851777437055,110.885,100.665,119.02004522394552
15157,2025-12-10 16:00:00+01:00,27.48900032043457,79.63999938964844,67069.36,101.03,24741.98,0.368901388000586,108.3,104.0025,123.03452439573026
15158,2025-12-10 17:00:00+01:00,27.48900032043457,79.63999938964844,68332.94,0.0,25762.28,0.3770111456675197,104.5675,105.6725,121.97746650999764
15159,2025-12-10 18:00:00+01:00,27.48900032043457,79.63999938964844,68482.23,0.0,26825.77,0.3917186983555122,96.91,104.695,119.29765547645438
15160,2025-12-10 19:00:00+01:00,27.48900032043457,79.63999938964844,66256.95,0.0,27898.56,0.4210661673347375,85.1025,96.7725,118.33750465575123
15161,2025-12-10 20:00:00+01:00,27.48900032043457,79.63999938964844,62817.78,0.0,29077.27,0.4628828015789665,83.67,87.75,107.76210092123961
15162,2025-12-10 21:00:00+01:00,27.48900032043457,79.63999938964844,59133.46,0.0,29606.31,0.500669333318113,79.35499999999999,86.31,95.91889354458561
15163,2025-12-10 22:00:00+01:00,27.48900032043457,79.63999938964844,55787.51,0.0,29186.0,0.5231636973001369,73.3325,82.485,89.59256100513194
15164,2025-12-10 23:00:00+01:00,27.48900032043457,79.63999938964844,52194.14,0.0,28878.83,0.553296404432893,55.42,76.425,87.15764077711138
15165,2025-12-11 00:00:00+01:00,26.60199928283692,78.99500274658203,48000.06,0.0,29499.49,0.6145719399903725,43.9,73.975,72.41435115555569
15166,2025-12-11 01:00:00+01:00,26.60199928283692,78.99500274658203,46579.63,0.0,28987.5,0.6223213879924934,36.48,73.41749999999999,68.88187148096583
15167,2025-12-11 02:00:00+01:00,26.60199928283692,78.99500274658203,46178.75,0.0,28316.62,0.6131958962481237,31.0,72.515,69.3577213480444
15168,2025-12-11 03:00:00+01:00,26.60199928283692,78.99500274658203,46400.74,0.0,27505.87,0.5927894683160678,35.1125,75.2075,67.69931778149399
15169,2025-12-11 04:00:00+01:00,26.60199928283692,78.99500274658203,47999.52,0.0,26506.66,0.5522276054943408,48.09,76.9125,74.65321558742512
15170,2025-12-11 05:00:00+01:00,26.60199928283692,78.99500274658203,52013.84,0.0,25482.83,0.4899240278183799,69.65,80.5925,81.52229566661462
15171,2025-12-11 06:00:00+01:00,26.60199928283692,78.99500274658203,58837.84,0.0,25027.54,0.4253646972041522,79.12,90.09,98.1615106551775
15172,2025-12-11 07:00:00+01:00,26.60199928283692,78.99500274658203,64310.35,0.21,24280.61,0.377553690754668,87.505,98.11,110.9661941803525
15173,2025-12-11 08:00:00+01:00,26.60199928283692,78.99500274658203,67163.11,656.25,24438.61,0.3638695408292037,94.3325,110.3575,121.85970701202474
15174,2025-12-11 09:00:00+01:00,26.60199928283692,78.99500274658203,67889.8,3651.48,26955.45,0.3970471263139606,94.225,106.1675,119.28729632532747
15175,2025-12-11 10:00:00+01:00,26.60199928283692,78.99500274658203,68725.79,7343.24,30178.72,0.4391178332851295,87.72749999999999,93.18,109.89407317941259
15176,2025-12-11 11:00:00+01:00,26.60199928283692,78.99500274658203,69179.16,10013.79,32402.87,0.4683906250858797,80.9975,91.9175,109.25418511603212
15177,2025-12-11 12:00:00+01:00,26.60199928283692,78.99500274658203,68830.42,10636.92,32527.27,0.4725711392618887,79.5,89.4,106.79112253186545
15178,2025-12-11 13:00:00+01:00,26.60199928283692,78.99500274658203,67643.46,9176.38,30546.59,0.4515823110687149,81.4425,90.22,108.80553645586511
15179,2025-12-11 14:00:00+01:00,26.60199928283692,78.99500274658203,66340.43,5933.01,26581.91,0.4006894437674448,90.2225,97.7875,110.68594397851784
15180,2025-12-11 15:00:00+01:00,26.60199928283692,78.99500274658203,65869.56,1963.33,22307.94,0.3386684228134105,100.665,111.265,116.07596301312877
15181,2025-12-11 16:00:00+01:00,26.60199928283692,78.99500274658203,66983.54,112.37,20675.91,0.3086715034307426,104.0025,114.7,122.51486506826367
15182,2025-12-11 17:00:00+01:00,26.60199928283692,78.99500274658203,68761.25,0.0,20909.76,0.3040922030498147,105.6725,115.405,124.52239526583524
15183,2025-12-11 18:00:00+01:00,26.60199928283692,78.99500274658203,68688.82,0.0,20741.2,0.3019588922473906,104.695,112.5675,126.64706353520629
15184,2025-12-11 19:00:00+01:00,26.60199928283692,78.99500274658203,66442.62,0.0,20018.4,0.3012885403523689,96.7725,107.79,121.73932835289754
15185,2025-12-11 20:00:00+01:00,26.60199928283692,78.99500274658203,62655.55,0.0,18564.73,0.2962982528608721,87.75,103.6425,108.34310623762535
15186,2025-12-11 21:00:00+01:00,26.60199928283692,78.99500274658203,58968.43,0.0,16638.98,0.2821675936968022,86.31,94.3925,100.15494411566985
15187,2025-12-11 22:00:00+01:00,26.60199928283692,78.99500274658203,55471.6,0.0,14580.69,0.2628496383261255,82.485,93.585,100.42974056514561
15188,2025-12-11 23:00:00+01:00,26.60199928283692,78.99500274658203,51728.68,0.0,12767.31,0.2468129864812299,76.425,93.735,97.61764705106543
15189,2025-12-12 00:00:00+01:00,26.80500030517578,80.7750015258789,48941.09,0.0,12920.23,0.2639955505151202,73.975,83.78,96.71870535426191
15190,2025-12-12 01:00:00+01:00,26.80500030517578,80.7750015258789,47333.79,0.0,11291.45,0.2385494590146807,73.41749999999999,86.22,95.92673365559169
15191,2025-12-12 02:00:00+01:00,26.80500030517578,80.7750015258789,46801.73,0.0,10065.09,0.2150580757986813,72.515,87.9,95.05333044961843
15192,2025-12-12 03:00:00+01:00,26.80500030517578,80.7750015258789,47029.46,0.0,9140.89,0.1943651914790505,75.2075,90.1825,95.22945963289747
15193,2025-12-12 04:00:00+01:00,26.80500030517578,80.7750015258789,48232.17,0.0,8259.21,0.1712386151874902,76.9125,90.7075,96.27858662490199
15194,2025-12-12 05:00:00+01:00,26.80500030517578,80.7750015258789,51540.69,0.0,7676.77,0.1489458134633149,80.5925,92.2125,107.40502533105578
15195,2025-12-12 06:00:00+01:00,26.80500030517578,80.7750015258789,58001.2,0.0,7604.87,0.1311157355139004,90.09,101.2275,122.00481993670452
15196,2025-12-12 07:00:00+01:00,26.80500030517578,80.7750015258789,63682.49,0.26,7661.68,0.1203106222573409,98.11,121.325,141.4618894859368
15197,2025-12-12 08:00:00+01:00,26.80500030517578,80.7750015258789,66754.73,816.62,8639.16,0.1294164473244942,110.3575,130.8525,151.29455903333337
15198,2025-12-12 09:00:00+01:00,26.80500030517578,80.7750015258789,67513.62,4159.33,11811.5,0.1749498841604183,106.1675,126.9025,147.11318527841792
15199,2025-12-12 10:00:00+01:00,26.80500030517578,80.7750015258789,68076.86,7975.27,14564.7,0.2139449439627584,93.18,121.955,135.71291205596714
15200,2025-12-12 11:00:00+01:00,26.80500030517578,80.7750015258789,68390.76,10717.42,15763.9,0.2304975116184558,91.9175,118.305,127.89968752252433
15201,2025-12-12 12:00:00+01:00,26.80500030517578,80.7750015258789,67627.27,11393.06,15053.61,0.2225967423758793,89.4,113.0675,129.04705235690716
15202,2025-12-12 13:00:00+01:00,26.80500030517578,80.7750015258789,66066.3,9732.0,12553.32,0.1900109435233983,90.22,118.26,133.22525558299446
15203,2025-12-12 14:00:00+01:00,26.80500030517578,80.7750015258789,64551.67,6189.43,8807.42,0.1364398473135644,97.7875,126.8225,144.726484587961
15204,2025-12-12 15:00:00+01:00,26.80500030517578,80.7750015258789,64030.44,2052.34,4958.01,0.0774320776059898,111.265,131.9475,160.45018314495576
15205,2025-12-12 16:00:00+01:00,26.80500030517578,80.7750015258789,65276.68,115.38,3690.48,0.056535963523798,114.7,145.4875,171.0322443714174
15206,2025-12-12 17:00:00+01:00,26.80500030517578,80.7750015258789,66952.49,0.0,4232.65,0.0632187092573825,115.405,146.825,164.99215204841454
15207,2025-12-12 18:00:00+01:00,26.80500030517578,80.7750015258789,67061.2,0.0,4697.26,0.0700443773642517,112.5675,133.1,163.19787997047854
15208,2025-12-12 19:00:00+01:00,26.80500030517578,80.7750015258789,65041.59,0.0,5093.85,0.0783168123537083,107.79,128.0575,152.2472947749789
15209,2025-12-12 20:00:00+01:00,26.80500030517578,80.7750015258789,61262.09,0.0,5622.64,0.091780087801154,103.6425,117.0025,132.82364429365902
15210,2025-12-12 21:00:00+01:00,26.80500030517578,80.7750015258789,57399.8,0.0,6062.04,0.1056108209252278,94.3925,114.93,117.41181920871755
15211,2025-12-12 22:00:00+01:00,26.80500030517578,80.7750015258789,54183.82,0.0,6497.65,0.1199186398965745,93.585,103.82,114.43469246591042
15212,2025-12-12 23:00:00+01:00,26.80500030517578,80.7750015258789,50570.93,0.0,6977.54,0.1379753150400881,93.735,91.7525,104.35251982830943
15213,2025-12-13 00:00:00+01:00,27.68400001525879,80.6500015258789,48036.18,0.0,8458.93,0.1760949767079532,83.78,92.2825,99.328559911393
15214,2025-12-13 01:00:00+01:00,27.68400001525879,80.6500015258789,45916.1,0.0,9173.29,0.1997837359445197,86.22,90.5025,98.66399675706259
15215,2025-12-13 02:00:00+01:00,27.68400001525879,80.6500015258789,44743.41,0.0,9984.29,0.2231454866262661,87.9,87.39,95.90966735345313
15216,2025-12-13 03:00:00+01:00,27.68400001525879,80.6500015258789,44451.95,0.0,10918.82,0.2456319688459939,90.1825,87.0425,94.14109596348273
15217,2025-12-13 04:00:00+01:00,27.68400001525879,80.6500015258789,44216.96,0.0,11595.64,0.2622441705032991,90.7075,85.0,91.49083645735685
15218,2025-12-13 05:00:00+01:00,27.68400001525879,80.6500015258789,46419.46,0.0,12007.34,0.258670393783411,92.2125,84.66749999999999,95.40772869832529
15219,2025-12-13 06:00:00+01:00,27.68400001525879,80.6500015258789,49211.42,0.0,12634.71,0.2567434550239063,101.2275,79.1425,103.40539280085723
15220,2025-12-13 07:00:00+01:00,27.68400001525879,80.6500015258789,52132.58,0.19,12975.68,0.2488977142031148,121.325,81.135,109.7324996814952
15221,2025-12-13 08:00:00+01:00,27.68400001525879,80.6500015258789,55450.22,450.4,13504.55,0.2435436684933722,130.8525,95.9525,118.39215748199202
15222,2025-12-13 09:00:00+01:00,27.68400001525879,80.6500015258789,57659.79,2291.02,15177.42,0.2632236433287003,126.9025,106.77,116.58111287286336
15223,2025-12-13 10:00:00+01:00,27.68400001525879,80.6500015258789,59346.44,4445.97,16734.1,0.2819731056686849,121.955,102.585,112.96820454679158
15224,2025-12-13 11:00:00+01:00,27.68400001525879,80.6500015258789,60456.22,5994.44,17554.96,0.2903747537820964,118.305,98.0925,112.20709522771008
15225,2025-12-13 12:00:00+01:00,27.68400001525879,80.6500015258789,60261.41,6379.44,17411.03,0.2889250350615883,113.0675,93.7575,111.30928658149068
15226,2025-12-13 13:00:00+01:00,27.68400001525879,80.6500015258789,58556.12,5379.68,16022.51,0.2736265653746138,118.26,92.935,111.30853764907786
15227,2025-12-13 14:00:00+01:00,27.68400001525879,80.6500015258789,56955.03,3379.86,13661.05,0.2398567781915211,126.8225,95.7575,115.54667144987904
15228,2025-12-13 15:00:00+01:00,27.68400001525879,80.6500015258789,56580.99,1136.86,11449.45,0.2023550665687618,131.9475,114.6575,123.84442727440668
15229,2025-12-13 16:00:00+01:00,27.68400001525879,80.6500015258789,58375.67,69.45,11147.68,0.1909644891114801,145.4875,119.7075,135.12972794602803
15230,2025-12-13 17:00:00+01:00,27.68400001525879,80.6500015258789,60048.82,0.0,12063.91,0.200901699616928,146.825,118.4475,140.102167343076
15231,2025-12-13 18:00:00+01:00,27.68400001525879,80.6500015258789,60373.82,0.0,12766.54,0.2114582114877842,133.1,112.255,133.8273951577251
15232,2025-12-13 19:00:00+01:00,27.68400001525879,80.6500015258789,58902.04,0.0,13437.3,0.2281296199201029,128.0575,103.63,123.38703038346263
15233,2025-12-13 20:00:00+01:00,27.68400001525879,80.6500015258789,55988.69,0.0,14201.0,0.2536405119938257,117.0025,91.7075,110.85039398384565
15234,2025-12-13 21:00:00+01:00,27.68400001525879,80.6500015258789,53527.47,0.0,14695.41,0.2745395961597774,114.93,90.5575,106.61995188026597
15235,2025-12-13 22:00:00+01:00,27.68400001525879,80.6500015258789,51514.09,0.0,14934.7,0.2899148562480838,103.82,93.685,102.13620995447357
15236,2025-12-13 23:00:00+01:00,27.68400001525879,80.6500015258789,48625.36,0.0,15253.04,0.3136848754819121,91.7525,84.3875,93.35227570858432
15237,2025-12-14 00:00:00+01:00,27.68400001525879,80.6500015258789,45873.99,0.0,15390.19,0.3354883670821988,92.2825,91.195,88.24350467063812
15238,2025-12-14 01:00:00+01:00,27.68400001525879,80.6500015258789,44223.12,0.0,15439.55,0.3491284648507096,90.5025,90.5225,82.05439753713478
15239,2025-12-14 02:00:00+01:00,27.68400001525879,80.6500015258789,43817.2,0.0,15505.72,0.3538729082748617,87.39,81.9,79.30565523268088
15240,2025-12-14 03:00:00+01:00,27.68400001525879,80.6500015258789,43326.51,0.0,16035.57,0.3701098933724156,87.0425,79.95,76.38938887634077
15241,2025-12-14 04:00:00+01:00,27.68400001525879,80.6500015258789,43314.95,0.0,16679.25,0.3850691273139945,85.0,77.305,74.33463696528436
15242,2025-12-14 05:00:00+01:00,27.68400001525879,80.6500015258789,43420.26,0.0,17358.56,0.399780194683362,84.66749999999999,78.7625,73.22226569642638
15243,2025-12-14 06:00:00+01:00,27.68400001525879,80.6500015258789,44889.77,0.0,18325.7,0.4082377788061205,79.1425,77.175,74.99954060805665
15244,2025-12-14 07:00:00+01:00,27.68400001525879,80.6500015258789,47517.63,0.1,19045.63,0.4008118670058225,81.135,77.4725,79.80719016837571
15245,2025-12-14 08:00:00+01:00,27.68400001525879,80.6500015258789,50762.18,395.23,20202.97,0.3979925605247859,95.9525,81.76,84.634159877646
15246,2025-12-14 09:00:00+01:00,27.68400001525879,80.6500015258789,53558.76,2260.96,22825.48,0.426176408784263,106.77,82.345,86.96516143759976
15247,2025-12-14 10:00:00+01:00,27.68400001525879,80.6500015258789,55733.66,4634.84,25379.64,0.4553736466517049,102.585,80.005,84.9600256050879
15248,2025-12-14 11:00:00+01:00,27.68400001525879,80.6500015258789,57309.56,6329.35,26890.83,0.4692206674646916,98.0925,84.0775,84.54356877582221
15249,2025-12-14 12:00:00+01:00,27.68400001525879,80.6500015258789,57002.29,6855.03,27344.48,0.4797084467168409,93.7575,87.27250000000001,84.52939920044203
15250,2025-12-14 13:00:00+01:00,27.68400001525879,80.6500015258789,55722.14,5940.11,26367.88,0.4732029314607797,92.935,86.95750000000001,84.98780802186123
15251,2025-12-14 14:00:00+01:00,27.68400001525879,80.6500015258789,54716.61,3771.76,24192.08,0.4421341160495626,95.7575,88.65,87.95505559423219
15252,2025-12-14 15:00:00+01:00,27.68400001525879,80.6500015258789,54686.88,1251.22,22214.97,0.4062211995992053,114.6575,92.0975,93.5687698413976
15253,2025-12-14 16:00:00+01:00,27.68400001525879,80.6500015258789,56145.7,89.37,22137.39,0.3942846913665188,119.7075,99.2825,97.52187697185853
15254,2025-12-14 17:00:00+01:00,27.68400001525879,80.6500015258789,58663.47,0.0,23132.05,0.3943177925897806,118.4475,102.785,100.0243722794549
15255,2025-12-14 18:00:00+01:00,27.68400001525879,80.6500015258789,59316.04,0.0,23919.99,0.4032634342408456,112.255,103.2925,98.29719051696514
15256,2025-12-14 19:00:00+01:00,27.68400001525879,80.6500015258789,58531.88,0.0,24452.37,0.4177615684960467,103.63,92.99,95.32815703874402
15257,2025-12-14 20:00:00+01:00,27.68400001525879,80.6500015258789,56034.11,0.0,24994.84,0.4460647272802111,91.7075,90.3975,89.01787707797328
15258,2025-12-14 21:00:00+01:00,27.68400001525879,80.6500015258789,53351.38,0.0,25207.47,0.4724801869281582,90.5575,84.4025,82.72367613333398
15259,2025-12-14 22:00:00+01:00,27.68400001525879,80.6500015258789,51613.94,0.0,24911.71,0.482654685830484,93.685,82.65,78.76935506209287
15260,2025-12-14 23:00:00+01:00,27.68400001525879,80.6500015258789,48981.93,0.0,24589.91,0.5020200305496292,84.3875,75.75,69.06375501132837
15261,2025-12-15 00:00:00+01:00,27.68400001525879,80.6500015258789,45868.26,0.0,24620.57,0.5367670366094621,91.195,72.5,63.74958438222606
15262,2025-12-15 01:00:00+01:00,27.68400001525879,80.6500015258789,44721.59,0.0,24853.29,0.5557335952152566,90.5225,71.8775,62.70289563648932
15263,2025-12-15 02:00:00+01:00,27.68400001525879,80.6500015258789,44401.47,0.0,25005.93,0.5631779757374749,81.9,71.0375,61.39896125829041
15264,2025-12-15 03:00:00+01:00,27.68400001525879,80.6500015258789,44512.72,0.0,25112.12,0.5641560433592563,79.95,70.6675,59.6227920702656
15265,2025-12-15 04:00:00+01:00,27.68400001525879,80.6500015258789,46166.0,0.0,24940.59,0.5402371874235937,77.305,75.28,64.73040138408976
15266,2025-12-15 05:00:00+01:00,27.68400001525879,80.6500015258789,51245.75,0.0,24683.06,0.4816606254212963,78.7625,76.8025,76.80516474065476
15267,2025-12-15 06:00:00+01:00,27.68400001525879,80.6500015258789,59772.44,0.0,24984.72,0.4179973244495293,77.175,86.525,92.1289976435488
15268,2025-12-15 07:00:00+01:00,27.68400001525879,80.6500015258789,66321.28,0.12,24781.81,0.3736630233352458,77.4725,98.79,102.47004839555203
15269,2025-12-15 08:00:00+01:00,27.68400001525879,80.6500015258789,68898.61,937.47,25700.6,0.3730205877342052,81.76,101.1275,114.3811994668472
15270,2025-12-15 09:00:00+01:00,27.68400001525879,80.6500015258789,68996.69,5412.0,30091.47,0.436129182365686,82.345,96.65,98.62138747820502
15271,2025-12-15 10:00:00+01:00,27.68400001525879,80.6500015258789,69465.97,10599.29,34018.04,0.4897079821256785,80.005,89.61500000000001,94.56459348803573
15272,2025-12-15 11:00:00+01:00,27.68400001525879,80.6500015258789,70036.26,14660.82,35704.4,0.5097987813013147,84.0775,79.7225,90.27396013639735
15273,2025-12-15 12:00:00+01:00,27.68400001525879,80.6500015258789,69171.6,16267.24,34923.4,0.504880615671044,87.27250000000001,79.77,91.22950205029359
15274,2025-12-15 13:00:00+01:00,27.68400001525879,80.6500015258789,67898.52,14140.38,31911.62,0.4699899201823559,86.95750000000001,88.26,92.61527756980925
15275,2025-12-15 14:00:00+01:00,27.68400001525879,80.6500015258789,66568.04,9119.41,27756.24,0.4169604512290041,88.65,95.4375,95.54002714615753
15276,2025-12-15 15:00:00+01:00,27.68400001525879,80.6500015258789,66400.37,3135.63,23401.85,0.3524355360742062,92.0975,107.3,104.41070536505197
15277,2025-12-15 16:00:00+01:00,27.68400001525879,80.6500015258789,67184.52,165.8,22614.99,0.3366101297833772,99.2825,108.655,109.7333165602147
15278,2025-12-15 17:00:00+01:00,27.68400001525879,80.6500015258789,69165.82,0.0,24873.91,0.3596271973122523,102.785,104.2125,110.18246897927831
15279,2025-12-15 18:00:00+01:00,27.68400001525879,80.6500015258789,69537.6,0.0,26447.54,0.380334380194264,103.2925,98.1575,110.56710633915945
15280,2025-12-15 19:00:00+01:00,27.68400001525879,80.6500015258789,67517.68,0.0,27149.53,0.4021099361823289,92.99,90.4175,102.42473991084222
15281,2025-12-15 20:00:00+01:00,27.68400001525879,80.6500015258789,64180.92,0.0,27715.27,0.4318303632244862,90.3975,84.25,95.50600519670873
15282,2025-12-15 21:00:00+01:00,27.68400001525879,80.6500015258789,60579.88,0.0,27644.5,0.4563313759524893,84.4025,85.17,88.68636940158972
15283,2025-12-15 22:00:00+01:00,27.68400001525879,80.6500015258789,57324.48,0.0,26778.11,0.4671321919593283,82.65,84.9775,86.05270311937605
15284,2025-12-15 23:00:00+01:00,27.68400001525879,80.6500015258789,53122.75,0.0,26180.61,0.4928323551599207,75.75,80.4625,80.43430423558912
15285,2025-12-16 00:00:00+01:00,27.424999237060547,82.02999877929688,50389.55,0.0,23612.37,0.4685965640755679,72.5,80.67,78.83351869740315
15286,2025-12-16 01:00:00+01:00,27.424999237060547,82.02999877929688,48860.25,0.0,22539.74,0.4613103697870333,71.8775,79.05250000000001,78.58207419649786
15287,2025-12-16 02:00:00+01:00,27.424999237060547,82.02999877929688,48500.3,0.0,21640.08,0.4461844564989939,71.0375,77.0975,78.6977876302632
15288,2025-12-16 03:00:00+01:00,27.424999237060547,82.02999877929688,48844.33,0.0,21029.73,0.4305459814003905,70.6675,79.0525,79.04503004901184
15289,2025-12-16 04:00:00+01:00,27.424999237060547,82.02999877929688,50135.37,0.0,20551.18,0.4099137992977983,75.28,80.3875,81.37593949967264
15290,2025-12-16 05:00:00+01:00,27.424999237060547,82.02999877929688,53835.77,0.0,20171.52,0.374686198344579,76.8025,82.3125,88.63779710843356
15291,2025-12-16 06:00:00+01:00,27.424999237060547,82.02999877929688,60232.33,0.0,20140.38,0.3343782317014171,86.525,88.4,95.92891527038067
15292,2025-12-16 07:00:00+01:00,27.424999237060547,82.02999877929688,65846.69,0.05,19471.24,0.2957056762768628,98.79,91.385,118.25642941245445
15293,2025-12-16 08:00:00+01:00,27.424999237060547,82.02999877929688,68725.49,1026.34,19967.46,0.2905393616996343,101.1275,100.4675,135.41260256919043
15294,2025-12-16 09:00:00+01:00,27.424999237060547,82.02999877929688,69592.62,6238.99,24257.32,0.3485616721502134,96.65,101.265,113.19483533464668
15295,2025-12-16 10:00:00+01:00,27.424999237060547,82.02999877929688,70448.93,11999.99,28230.25,0.400719357923432,89.61500000000001,92.345,105.49498042120311
15296,2025-12-16 11:00:00+01:00,27.424999237060547,82.02999877929688,70945.12,15559.84,29334.96,0.4134880594446118,79.7225,90.6075,101.48279331626004
15297,2025-12-16 12:00:00+01:00,27.424999237060547,82.02999877929688,70495.04,16154.14,27232.73,0.3863070365821046,79.77,91.5125,99.8982072288472
15298,2025-12-16 13:00:00+01:00,27.424999237060547,82.02999877929688,69059.28,13574.61,22784.93,0.3299329213496096,88.26,99.885,111.01985425030047
15299,2025-12-16 14:00:00+01:00,27.424999237060547,82.02999877929688,67200.25,8475.18,16409.73,0.2441915022274185,95.4375,124.3975,117.78055145412273
15300,2025-12-16 15:00:00+01:00,27.424999237060547,82.02999877929688,67105.18,2671.94,10578.59,0.1576419286621924,107.3,139.3775,133.88648926439805
15301,2025-12-16 16:00:00+01:00,27.424999237060547,82.02999877929688,67692.95,107.25,8880.54,0.1311885506347133,108.655,155.3125,137.37384161152653
15302,2025-12-16 17:00:00+01:00,27.424999237060547,82.02999877929688,69250.0,0.0,9298.12,0.134268880847037,104.2125,162.20499999999998,144.40294504535711
15303,2025-12-16 18:00:00+01:00,27.424999237060547,82.02999877929688,69003.94,0.0,9577.86,0.1388016394225023,98.1575,142.25,147.28141078921396
15304,2025-12-16 19:00:00+01:00,27.424999237060547,82.02999877929688,67457.23,0.0,9447.28,0.1400484425257235,90.4175,137.0975,138.46838946401272
15305,2025-12-16 20:00:00+01:00,27.424999237060547,82.02999877929688,63939.11,0.0,8978.24,0.1404185951070606,84.25,128.85,126.04240699359153
15306,2025-12-16 21:00:00+01:00,27.424999237060547,82.02999877929688,60331.14,0.0,8501.75,0.1409181062812806,85.17,118.9425,118.02620496697025
15307,2025-12-16 22:00:00+01:00,27.424999237060547,82.02999877929688,56929.55,0.0,7900.32,0.1387736245695295,84.9775,115.575,111.52875245662135
15308,2025-12-16 23:00:00+01:00,27.424999237060547,82.02999877929688,53278.77,0.0,7694.04,0.1444109914428559,80.4625,103.42,102.43890475186188
15309,2025-12-17 00:00:00+01:00,26.763999938964844,82.1050033569336,48370.36,0.0,10654.4,0.2202671222169387,80.67,89.0025,90.9814639732201
15310,2025-12-17 01:00:00+01:00,26.763999938964844,82.1050033569336,47026.07,0.0,10243.19,0.2178193924736174,79.05250000000001,89.79,91.95765005438867
15311,2025-12-17 02:00:00+01:00,26.763999938964844,82.1050033569336,46455.37,0.0,9995.51,0.2151637151495803,77.0975,86.4925,91.18009589507376
15312,2025-12-17 03:00:00+01:00,26.763999938964844,82.1050033569336,46803.23,0.0,9969.17,0.2130017521839834,79.0525,85.025,90.91458665285997
15313,2025-12-17 04:00:00+01:00,26.763999938964844,82.1050033569336,48370.01,0.0,10089.23,0.2085844100076505,80.3875,88.0775,91.07755051049826
15314,2025-12-17 05:00:00+01:00,26.763999938964844,82.1050033569336,51996.2,0.0,10293.51,0.1979665821352393,82.3125,90.4975,97.2037279096131
15315,2025-12-17 06:00:00+01:00,26.763999938964844,82.1050033569336,58569.82,0.0,10708.8,0.1828381920615705,88.4,95.4875,115.78188442641148
15316,2025-12-17 07:00:00+01:00,26.763999938964844,82.1050033569336,64964.72,0.01,11069.03,0.170385249075131,91.385,108.825,129.00060862526766
15317,2025-12-17 08:00:00+01:00,26.763999938964844,82.1050033569336,67386.98,884.22,12303.23,0.1825757735125426,100.4675,133.46,135.9237858119953
15318,2025-12-17 09:00:00+01:00,26.763999938964844,82.1050033569336,67607.04,5133.21,16631.18,0.245997754043662,101.265,126.295,122.81691287120671
15319,2025-12-17 10:00:00+01:00,26.763999938964844,82.1050033569336,68388.62,9716.77,20647.04,0.3019075395435808,92.345,124.535,112.9752130396653
15320,2025-12-17 11:00:00+01:00,26.763999938964844,82.1050033569336,69243.62,12488.05,22268.81,0.3216008925700879,90.6075,118.15,109.84175365341795
15321,2025-12-17 12:00:00+01:00,26.763999938964844,82.1050033569336,68678.72,12651.55,21126.47,0.3076130422483685,91.5125,111.895,110.11641986086309
15322,2025-12-17 13:00:00+01:00,26.763999938964844,82.1050033569336,67514.62,10336.18,18096.35,0.2680360194180111,99.885,122.6575,115.82805024549658
15323,2025-12-17 14:00:00+01:00,26.763999938964844,82.1050033569336,65923.01,6370.37,14220.44,0.2157128443898856,124.3975,129.97,119.49924074030373
15324,2025-12-17 15:00:00+01:00,26.763999938964844,82.1050033569336,65451.02,2075.99,10762.47,0.1644354816526258,139.3775,127.5025,140.2750642442884
15325,2025-12-17 16:00:00+01:00,26.763999938964844,82.1050033569336,66079.52,109.87,10318.18,0.1561479259903601,155.3125,126.4975,147.2827467077746
15326,2025-12-17 17:00:00+01:00,26.763999938964844,82.1050033569336,67728.66,0.0,11874.8,0.1753290261205036,162.20499999999998,122.825,151.96299967383845
15327,2025-12-17 18:00:00+01:00,26.763999938964844,82.1050033569336,67567.08,0.0,13395.13,0.1982493545380014,142.25,111.4,140.64906508543984
15328,2025-12-17 19:00:00+01:00,26.763999938964844,82.1050033569336,65726.18,0.0,14951.37,0.2274796739704818,137.0975,97.505,131.98687203060018
15329,2025-12-17 20:00:00+01:00,26.763999938964844,82.1050033569336,62226.87,0.0,16696.21,0.2683119044444446,128.85,94.71,113.80293574000106
15330,2025-12-17 21:00:00+01:00,26.763999938964844,82.1050033569336,58618.01,0.0,18121.63,0.3091478198749586,118.9425,94.7025,102.06041591016032
15331,2025-12-17 22:00:00+01:00,26.763999938964844,82.1050033569336,55128.59,0.0,19086.46,0.3462170898355613,115.575,93.2175,98.75116555339515
15332,2025-12-17 23:00:00+01:00,26.763999938964844,82.1050033569336,51213.93,0.0,20085.55,0.3921891953239695,103.42,85.0,86.67981900748106
15333,2025-12-18 00:00:00+01:00,27.35700035095215,81.31999969482422,48512.6,0.0,22051.02,0.4545421188609676,89.0025,77.755,77.52467202419194
15334,2025-12-18 01:00:00+01:00,27.35700035095215,81.31999969482422,47001.65,0.0,23560.94,0.5012789975455586,89.79,69.065,73.37030423883093
15335,2025-12-18 02:00:00+01:00,27.35700035095215,81.31999969482422,46578.23,0.0,25309.63,0.5433789561038753,86.4925,60.1275,65.98376242741031
15336,2025-12-18 03:00:00+01:00,27.35700035095215,81.31999969482422,46961.03,0.0,27148.03,0.578096987954034,85.025,48.89,60.36291195022519
15337,2025-12-18 04:00:00+01:00,27.35700035095215,81.31999969482422,48231.73,0.0,28655.2,0.5941151187000517,88.0775,44.8175,58.49371566236007
15338,2025-12-18 05:00:00+01:00,27.35700035095215,81.31999969482422,51327.28,0.0,30262.87,0.5896059560160589,90.4975,50.8275,60.517981621833314
15339,2025-12-18 06:00:00+01:00,27.35700035095215,81.31999969482422,57445.24,0.0,32251.51,0.5614305031084507,95.4875,63.24250000000001,75.83964562691719
15340,2025-12-18 07:00:00+01:00,27.35700035095215,81.31999969482422,62778.51,0.01,33442.24,0.5327020344170795,108.825,81.525,82.44064533172424
15341,2025-12-18 08:00:00+01:00,27.35700035095215,81.31999969482422,65645.87,917.71,35254.61,0.537042314994524,133.46,90.7425,86.14193324049737
15342,2025-12-18 09:00:00+01:00,27.35700035095215,81.31999969482422,66316.02,5109.29,39738.38,0.5992274565634023,126.295,88.5575,82.29688225990795
15343,2025-12-18 10:00:00+01:00,27.35700035095215,81.31999969482422,67024.56,10038.1,44043.23,0.6571207627984249,124.535,78.2825,75.93010071883782
15344,2025-12-18 11:00:00+01:00,27.35700035095215,81.31999969482422,67439.63,13529.46,45680.53,0.6773543981962304,118.15,78.2875,75.58507802835487
15345,2025-12-18 12:00:00+01:00,27.35700035095215,81.31999969482422,66946.94,14460.51,44225.31,0.6606024113035484,111.895,77.4225,74.82422282620527
15346,2025-12-18 13:00:00+01:00,27.35700035095215,81.31999969482422,65386.78,12723.74,40615.86,0.6211631769264119,122.6575,79.47749999999999,75.09103966431019
15347,2025-12-18 14:00:00+01:00,27.35700035095215,81.31999969482422,64066.66,8330.61,35331.68,0.5514830958018596,129.97,103.755,84.07289747680613
15348,2025-12-18 15:00:00+01:00,27.35700035095215,81.31999969482422,63666.66,2818.16,30435.54,0.4780451808720536,127.5025,114.4925,92.78738507650655
15349,2025-12-18 16:00:00+01:00,27.35700035095215,81.31999969482422,64620.36,150.56,30124.0,0.4661688668298708,126.4975,110.8825,94.89966056115311
15350,2025-12-18 17:00:00+01:00,27.35700035095215,81.31999969482422,66418.03,0.0,33354.09,0.5021842712736008,122.825,103.4175,91.781105855769
15351,2025-12-18 18:00:00+01:00,27.35700035095215,81.31999969482422,66786.52,0.0,36609.88,0.5481627129923579,111.4,88.255,86.00846775469677
15352,2025-12-18 19:00:00+01:00,27.35700035095215,81.31999969482422,64712.54,0.0,39120.7,0.6045304355841185,97.505,80.14,81.55606709917431
15353,2025-12-18 20:00:00+01:00,27.35700035095215,81.31999969482422,61169.2,0.0,41209.48,0.6736965661356211,94.71,67.6825,67.35208150260257
15354,2025-12-18 21:00:00+01:00,27.35700035095215,81.31999969482422,57873.4,0.0,42204.08,0.729248324665693,94.7025,53.255,56.30791831357562
15355,2025-12-18 22:00:00+01:00,27.35700035095215,81.31999969482422,54593.13,0.0,41859.39,0.7667519702997883,93.2175,51.8,49.2034236951216
15356,2025-12-18 23:00:00+01:00,27.35700035095215,81.31999969482422,51118.81,0.0,42042.72,0.8224510701985334,85.0,18.6525,28.86907525151436
15357,2025-12-19 00:00:00+01:00,27.652000427246094,80.91500091552734,48378.6,0.0,41714.23,0.862245496797707,77.755,9.84,24.76048607043399
15358,2025-12-19 01:00:00+01:00,27.652000427246094,80.91500091552734,46662.31,0.0,41380.06,0.8867983601997418,69.065,5.8575,22.118385617334404
15359,2025-12-19 02:00:00+01:00,27.652000427246094,80.91500091552734,46053.38,0.0,41114.63,0.8927603140328113,60.1275,4.33,20.402718980365446
15360,2025-12-19 03:00:00+01:00,27.652000427246094,80.91500091552734,46231.3,0.0,40610.69,0.8784241410303356,48.89,3.515,19.79469113236286
15361,2025-12-19 04:00:00+01:00,27.652000427246094,80.91500091552734,47641.77,0.0,39823.41,0.8358927468824328,44.8175,4.115,20.58908944906339
15362,2025-12-19 05:00:00+01:00,27.652000427246094,80.91500091552734,50962.2,0.0,38894.28,0.7631986058758847,50.8275,10.775,38.38490686235728
15363,2025-12-19 06:00:00+01:00,27.652000427246094,80.91500091552734,57060.27,0.0,38507.92,0.6748639638973205,63.24250000000001,40.28,66.99356283463626
15364,2025-12-19 07:00:00+01:00,27.652000427246094,80.91500091552734,63003.84,0.0,36934.09,0.5862196652479881,81.525,76.7125,85.33135399090354
15365,2025-12-19 08:00:00+01:00,27.652000427246094,80.91500091552734,66404.57,750.48,36120.05,0.5439392197639501,90.7425,89.5425,97.09703691683346
15366,2025-12-19 09:00:00+01:00,27.652000427246094,80.91500091552734,66954.64,3871.12,37722.73,0.5634072559327618,88.5575,89.38499999999999,92.57354419977746
15367,2025-12-19 10:00:00+01:00,27.652000427246094,80.91500091552734,67421.35,7190.73,38887.8,0.5767876198597643,78.2825,89.23,92.11044303251825
15368,2025-12-19 11:00:00+01:00,27.652000427246094,80.91500091552734,67624.27,8910.16,37998.85,0.5619114260957032,78.2875,87.49000000000001,92.16334623305808
15369,2025-12-19 12:00:00+01:00,27.652000427246094,80.91500091552734,67013.13,8767.99,34976.53,0.5219354773427333,77.4225,84.57249999999999,93.37100021761782
15370,2025-12-19 13:00:00+01:00,27.652000427246094,80.91500091552734,65526.41,7042.65,30898.25,0.4715388802054714,79.47749999999999,87.625,99.1625615598985
15371,2025-12-19 14:00:00+01:00,27.652000427246094,80.91500091552734,63899.28,4259.23,26469.43,0.4142367487686502,103.755,93.3475,105.40176439754224
15372,2025-12-19 15:00:00+01:00,27.652000427246094,80.91500091552734,62960.26,1359.59,22741.12,0.3611980000779542,114.4925,97.4025,110.99864607480932
15373,2025-12-19 16:00:00+01:00,27.652000427246094,80.91500091552734,63866.44,99.01,21316.56,0.3337677815870482,110.8825,100.3325,115.892685075085
15374,2025-12-19 17:00:00+01:00,27.652000427246094,80.91500091552734,65060.94,0.0,21181.63,0.3255660000723067,103.4175,106.905,117.57194082434158
15375,2025-12-19 18:00:00+01:00,27.652000427246094,80.91500091552734,64863.29,0.0,21168.86,0.3263611820605521,88.255,107.48,118.98315725322081
15376,2025-12-19 19:00:00+01:00,27.652000427246094,80.91500091552734,62825.94,0.0,21044.92,0.3349718284621014,80.14,105.1225,113.4420091027252
15377,2025-12-19 20:00:00+01:00,27.652000427246094,80.91500091552734,59010.32,0.0,20638.4,0.3497422145228593,67.6825,102.91,106.92195531003661
15378,2025-12-19 21:00:00+01:00,27.652000427246094,80.91500091552734,55349.53,0.0,19517.02,0.3526140149062487,53.255,98.4625,101.22587102975038
15379,2025-12-19 22:00:00+01:00,27.652000427246094,80.91500091552734,52242.78,0.0,17799.54,0.3407081322355533,51.8,96.2775,98.9527014524685
15380,2025-12-19 23:00:00+01:00,27.652000427246094,80.91500091552734,48951.95,0.0,15987.54,0.3265965910803152,18.6525,90.18,93.36858415516127
15381,2025-12-20 00:00:00+01:00,28.160999298095703,81.77999877929688,45590.71,0.0,14608.57,0.3204286574347211,9.84,84.8125,91.63416353452742
15382,2025-12-20 01:00:00+01:00,28.160999298095703,81.77999877929688,43800.62,0.0,13027.03,0.2974165661816164,5.8575,83.4,88.0313822502378
15383,2025-12-20 02:00:00+01:00,28.160999298095703,81.77999877929688,42791.14,0.0,11647.57,0.2721958329990283,4.33,85.0025,89.17350829215543
15384,2025-12-20 03:00:00+01:00,28.160999298095703,81.77999877929688,42567.91,0.0,10424.41,0.2448889315343673,3.515,87.4875,91.24565298373366
15385,2025-12-20 04:00:00+01:00,28.160999298095703,81.77999877929688,42691.07,0.0,9175.98,0.2149390961119177,4.115,88.46000000000001,91.90630388105026
15386,2025-12-20 05:00:00+01:00,28.160999298095703,81.77999877929688,43849.24,0.0,7640.6,0.1742470336602762,10.775,89.915,95.68185093655303
15387,2025-12-20 06:00:00+01:00,28.160999298095703,81.77999877929688,45857.38,0.0,6409.19,0.1397635451175441,40.28,95.975,98.11538919921121
15388,2025-12-20 07:00:00+01:00,28.160999298095703,81.77999877929688,48754.08,0.0,5532.32,0.1134739902561028,76.7125,104.0,104.20923125623968
15389,2025-12-20 08:00:00+01:00,28.160999298095703,81.77999877929688,52563.56,585.76,5490.58,0.1044560147553826,89.5425,113.2075,116.62573784485699
15390,2025-12-20 09:00:00+01:00,28.160999298095703,81.77999877929688,55283.07,3289.66,7735.83,0.1399312664546431,89.38499999999999,114.8,121.17115156811376
15391,2025-12-20 10:00:00+01:00,28.160999298095703,81.77999877929688,56807.45,6634.8,10687.65,0.1881381755054771,89.23,112.6675,116.00862291115301
15392,2025-12-20 11:00:00+01:00,28.160999298095703,81.77999877929688,57592.11,8912.93,12535.22,0.2176551614070651,87.49000000000001,110.9875,109.83073660676476
15393,2025-12-20 12:00:00+01:00,28.160999298095703,81.77999877929688,56875.56,9255.42,12477.13,0.2193759498421859,84.57249999999999,110.2675,108.87105470139153
15394,2025-12-20 13:00:00+01:00,28.160999298095703,81.77999877929688,55407.98,7761.36,10920.15,0.1970862319476208,87.625,114.9825,109.14329333318256
15395,2025-12-20 14:00:00+01:00,28.160999298095703,81.77999877929688,54239.95,4864.45,8519.27,0.157066332074962,93.3475,119.4825,112.29237331576894
15396,2025-12-20 15:00:00+01:00,28.160999298095703,81.77999877929688,54265.24,1628.77,6429.12,0.1184758419720476,97.4025,120.6375,128.8211596026901
15397,2025-12-20 16:00:00+01:00,28.160999298095703,81.77999877929688,55339.62,100.02,6545.4,0.1182769234558753,100.3325,120.205,131.64738178783006
15398,2025-12-20 17:00:00+01:00,28.160999298095703,81.77999877929688,57058.65,0.0,8187.89,0.1434995394837593,106.905,122.3925,132.10695594565374
15399,2025-12-20 18:00:00+01:00,28.160999298095703,81.77999877929688,57551.88,0.0,9830.35,0.1708084948448585,107.48,118.265,129.57701153768377
15400,2025-12-20 19:00:00+01:00,28.160999298095703,81.77999877929688,56148.86,0.0,11373.63,0.2025620822573134,105.1225,104.11,117.9150900662298
15401,2025-12-20 20:00:00+01:00,28.160999298095703,81.77999877929688,53361.31,0.0,12948.26,0.2426525885060444,102.91,96.3825,108.43198251487104
15402,2025-12-20 21:00:00+01:00,28.160999298095703,81.77999877929688,50908.57,0.0,14289.16,0.2806828005028067,98.4625,93.01,100.86718951615035
15403,2025-12-20 22:00:00+01:00,28.160999298095703,81.77999877929688,49138.18,0.0,15284.18,0.3110448941513412,96.2775,92.245,98.0844325788472
15404,2025-12-20 23:00:00+01:00,28.160999298095703,81.77999877929688,46578.89,0.0,16010.19,0.3437220164877862,90.18,90.6725,93.20439886197579
15405,2025-12-21 00:00:00+01:00,28.160999298095703,81.77999877929688,44185.62,0.0,12516.68,0.2832749658637187,84.8125,95.7,92.8136932899122
15406,2025-12-21 01:00:00+01:00,28.160999298095703,81.77999877929688,42654.38,0.0,12887.11,0.3021286441621872,83.4,90.045,89.38608337636295
15407,2025-12-21 02:00:00+01:00,28.160999298095703,81.77999877929688,42098.06,0.0,13091.18,0.3109687239005862,85.0025,86.485,89.30395233890646
15408,2025-12-21 03:00:00+01:00,28.160999298095703,81.77999877929688,41831.58,0.0,13111.39,0.313432817906129,87.4875,85.39500000000001,87.62369000859321
15409,2025-12-21 04:00:00+01:00,28.160999298095703,81.77999877929688,42144.37,0.0,13046.38,0.3095640057474902,88.46000000000001,85.6275,87.38690525202158
15410,2025-12-21 05:00:00+01:00,28.160999298095703,81.77999877929688,43200.64,0.0,13099.03,0.3032137949106278,89.915,86.825,89.26236687661925
15411,2025-12-21 06:00:00+01:00,28.160999298095703,81.77999877929688,45568.67,0.0,13444.55,0.295039332880455,95.975,88.14,96.38281522882046
15412,2025-12-21 07:00:00+01:00,28.160999298095703,81.77999877929688,48337.47,0.0,13942.51,0.2884410375039403,104.0,92.8525,99.64773064395415
15413,2025-12-21 08:00:00+01:00,28.160999298095703,81.77999877929688,51493.25,529.04,15160.68,0.2944207249893101,113.2075,102.1475,107.21010900593981
15414,2025-12-21 09:00:00+01:00,28.160999298095703,81.77999877929688,54005.52,3451.78,18452.67,0.3416811836379538,114.8,107.01,105.43543230767386
15415,2025-12-21 10:00:00+01:00,28.160999298095703,81.77999877929688,55783.41,7174.75,21720.06,0.3893641495940523,112.6675,102.5825,101.89478071689297
15416,2025-12-21 11:00:00+01:00,28.160999298095703,81.77999877929688,57089.1,10273.23,23863.58,0.4180058889668946,110.9875,101.3,97.48309587688456
15417,2025-12-21 12:00:00+01:00,28.160999298095703,81.77999877929688,56953.27,11591.35,24324.86,0.4271020785238315,110.2675,98.4825,97.1368453567355
15418,2025-12-21 13:00:00+01:00,28.160999298095703,81.77999877929688,55841.99,10372.89,23257.13,0.4164810386563085,114.9825,94.8675,99.0759999193378
15419,2025-12-21 14:00:00+01:00,28.160999298095703,81.77999877929688,54935.32,6948.98,21464.53,0.3907236727863378,119.4825,98.8925,101.48848400663515
15420,2025-12-21 15:00:00+01:00,28.160999298095703,81.77999877929688,55005.95,2565.73,19847.08,0.3608169660989735,120.6375,100.87,107.0363839541008
15421,2025-12-21 16:00:00+01:00,28.160999298095703,81.77999877929688,56112.13,157.53,20932.34,0.3730448299907622,120.205,97.515,104.89531068490561
15422,2025-12-21 17:00:00+01:00,28.160999298095703,81.77999877929688,58098.72,0.0,24079.57,0.4144595611720086,122.3925,97.0675,104.03501644420784
15423,2025-12-21 18:00:00+01:00,28.160999298095703,81.77999877929688,58689.48,0.0,26346.01,0.4489051529424173,118.265,90.795,97.59212296204974
15424,2025-12-21 19:00:00+01:00,28.160999298095703,81.77999877929688,57898.78,0.0,27785.04,0.4798899043330636,104.11,86.14,90.27570764998539
15425,2025-12-21 20:00:00+01:00,28.160999298095703,81.77999877929688,55714.62,0.0,29027.83,0.5210092071845758,96.3825,81.655,83.9851543053474
15426,2025-12-21 21:00:00+01:00,28.160999298095703,81.77999877929688,52963.32,0.0,29747.4,0.5616604094000035,93.01,78.8625,81.6038421883788
15427,2025-12-21 22:00:00+01:00,28.160999298095703,81.77999877929688,50941.6,0.0,29699.7,0.5830146676619865,92.245,77.495,73.84689654745256
15428,2025-12-21 23:00:00+01:00,28.160999298095703,81.77999877929688,48190.67,0.0,29852.56,0.6194676271113334,90.6725,70.905,66.07311368090924
15429,2025-12-22 00:00:00+01:00,28.160999298095703,81.77999877929688,45529.84,0.0,28714.74,0.6306795717642145,95.7,70.22749999999999,65.4624644402931
15430,2025-12-22 01:00:00+01:00,28.160999298095703,81.77999877929688,44224.63,0.0,28188.29,0.637388939005846,90.045,68.8275,63.7829540215709
15431,2025-12-22 02:00:00+01:00,28.160999298095703,81.77999877929688,43995.92,0.0,27601.31,0.6273606733016697,86.485,67.785,65.50817902844277
15432,2025-12-22 03:00:00+01:00,28.160999298095703,81.77999877929688,44021.31,0.0,26853.56,0.6100127414177332,85.39500000000001,66.31,65.47667627510148
15433,2025-12-22 04:00:00+01:00,28.160999298095703,81.77999877929688,45316.4,0.0,26291.76,0.5801820090342167,85.6275,71.5175,68.59423229997549
15434,2025-12-22 05:00:00+01:00,28.160999298095703,81.77999877929688,49802.76,0.0,25962.68,0.5213100638355564,86.825,74.1125,79.33554543794693
15435,2025-12-22 06:00:00+01:00,28.160999298095703,81.77999877929688,57586.84,0.0,26022.91,0.4518898761501951,88.14,78.1875,90.2274546832871
15436,2025-12-22 07:00:00+01:00,28.160999298095703,81.77999877929688,63346.94,0.0,25708.52,0.4058368091014598,92.8525,90.4475,100.6436445607533
15437,2025-12-22 08:00:00+01:00,28.160999298095703,81.77999877929688,66416.99,464.67,25580.11,0.3851440722644696,102.1475,93.3425,112.61502751637894
15438,2025-12-22 09:00:00+01:00,28.160999298095703,81.77999877929688,67555.16,2894.43,27412.83,0.4057843989406902,107.01,90.7925,108.1882812324209
15439,2025-12-22 10:00:00+01:00,28.160999298095703,81.77999877929688,67803.76,5820.35,29211.14,0.4308188807772874,102.5825,89.2475,104.64667946387516
15440,2025-12-22 11:00:00+01:00,28.160999298095703,81.77999877929688,68052.11,7902.52,29744.56,0.4370850513764988,101.3,85.0,103.81694742888789
15441,2025-12-22 12:00:00+01:00,28.160999298095703,81.77999877929688,67225.74,8553.2,29205.86,0.434444604040886,98.4825,86.34,101.8428760428949
15442,2025-12-22 13:00:00+01:00,28.160999298095703,81.77999877929688,66156.56,7432.12,27861.34,0.4211425139969275,94.8675,88.615,99.39494761965399
15443,2025-12-22 14:00:00+01:00,28.160999298095703,81.77999877929688,65025.93,4891.5,26113.81,0.4015907192097689,98.8925,92.1225,99.73710200458586
15444,2025-12-22 15:00:00+01:00,28.160999298095703,81.77999877929688,64597.91,1782.91,24286.75,0.3759680459668171,100.87,99.5375,107.59554568776262
15445,2025-12-22 16:00:00+01:00,28.160999298095703,81.77999877929688,65526.69,116.57,24490.03,0.373741295283839,97.515,101.18,106.51085349252557
15446,2025-12-22 17:00:00+01:00,28.160999298095703,81.77999877929688,66884.16,0.0,26053.33,0.389529150042472,97.0675,107.8925,106.74271079162553
15447,2025-12-22 18:00:00+01:00,28.160999298095703,81.77999877929688,66996.21,0.0,26616.07,0.3972772489074714,90.795,100.9,105.02343467752596
15448,2025-12-22 19:00:00+01:00,28.160999298095703,81.77999877929688,65336.57,0.0,26465.17,0.4050590656342903,86.14,93.79,99.92256863384902
15449,2025-12-22 20:00:00+01:00,28.160999298095703,81.77999877929688,62337.96,0.0,26264.72,0.4213278714251592,81.655,89.47749999999999,97.2066276853927
15450,2025-12-22 21:00:00+01:00,28.160999298095703,81.77999877929688,58934.11,0.0,25876.65,0.4390776410402944,78.8625,84.86,91.14795721153779
15451,2025-12-22 22:00:00+01:00,28.160999298095703,81.77999877929688,55616.88,0.0,25349.89,0.4557948952807502,77.495,84.8225,90.53084052501957
15452,2025-12-22 23:00:00+01:00,28.160999298095703,81.77999877929688,51627.21,0.0,25564.38,0.4951726036531564,70.905,77.9675,85.29788325101279
15453,2025-12-23 00:00:00+01:00,27.687000274658203,82.33499908447266,48255.97,0.0,26323.21,0.5454912624188278,70.22749999999999,72.2325,80.96307787542636
15454,2025-12-23 01:00:00+01:00,27.687000274658203,82.33499908447266,46740.12,0.0,27239.26,0.5827811309464371,68.8275,65.0325,78.32867315447655
15455,2025-12-23 02:00:00+01:00,27.687000274658203,82.33499908447266,46066.0,0.0,28280.16,0.6139052662236996,67.785,62.005,74.05918048464986
15456,2025-12-23 03:00:00+01:00,27.687000274658203,82.33499908447266,46146.16,0.0,28924.74,0.62680708413727,66.31,59.06,73.24686762297006
15457,2025-12-23 04:00:00+01:00,27.687000274658203,82.33499908447266,47279.12,0.0,29211.52,0.6178524472075934,71.5175,58.1125,72.0475720954353
15458,2025-12-23 05:00:00+01:00,27.687000274658203,82.33499908447266,50501.83,0.0,29907.82,0.592212598911324,74.1125,59.0225,73.77341696544413
15459,2025-12-23 06:00:00+01:00,27.687000274658203,82.33499908447266,56227.52,0.0,30860.81,0.5488559693636041,78.1875,67.8475,84.72947999108118
15460,2025-12-23 07:00:00+01:00,27.687000274658203,82.33499908447266,61091.11,0.0,31283.35,0.5120769616868842,90.4475,78.0175,91.27294517057356
15461,2025-12-23 08:00:00+01:00,27.687000274658203,82.33499908447266,64155.34,298.07,32194.95,0.5018280628702415,93.3425,83.875,98.02617965603028
15462,2025-12-23 09:00:00+01:00,27.687000274658203,82.33499908447266,65427.26,2024.76,34276.48,0.5238868324114617,90.7925,85.465,96.35691909554514
15463,2025-12-23 10:00:00+01:00,27.687000274658203,82.33499908447266,66011.79,4264.66,36205.33,0.5484676297145605,89.2475,83.8375,94.21711708230171
15464,2025-12-23 11:00:00+01:00,27.687000274658203,82.33499908447266,66310.8,5922.13,37632.89,0.5675227865494726,85.0,81.86749999999999,91.73355924818902
15465,2025-12-23 12:00:00+01:00,27.687000274658203,82.33499908447266,65940.59,6434.96,37902.26,0.574794068331085,86.34,80.485,90.39665939054164
15466,2025-12-23 13:00:00+01:00,27.687000274658203,82.33499908447266,64773.02,5538.82,37318.75,0.5761465189401164,88.615,79.2125,89.9607406276078
15467,2025-12-23 14:00:00+01:00,27.687000274658203,82.33499908447266,63723.0,3626.8,36284.85,0.5694152816770373,92.1225,79.215,89.93376920044524
15468,2025-12-23 15:00:00+01:00,27.687000274658203,82.33499908447266,63380.32,1302.99,34900.32,0.5506491604096273,99.5375,81.8275,95.39889496799628
15469,2025-12-23 16:00:00+01:00,27.687000274658203,82.33499908447266,64291.01,99.03,35207.33,0.5476244656060584,101.18,83.6875,95.73524885844161
15470,2025-12-23 17:00:00+01:00,27.687000274658203,82.33499908447266,65034.97,0.0,36394.68,0.5596170797711421,107.8925,82.4675,96.08261223135239
15471,2025-12-23 18:00:00+01:00,27.687000274658203,82.33499908447266,65022.57,0.0,37152.16,0.5713732938314537,100.9,83.945,95.22750146419703
15472,2025-12-23 19:00:00+01:00,27.687000274658203,82.33499908447266,63868.16,0.0,37334.23,0.58455151978943,93.79,82.465,90.69561696098438
15473,2025-12-23 20:00:00+01:00,27.687000274658203,82.33499908447266,60948.44,0.0,37169.91,0.60985826698602,89.47749999999999,78.005,87.02466750313097
15474,2025-12-23 21:00:00+01:00,27.687000274658203,82.33499908447266,57538.34,0.0,36277.95,0.630500462712254,84.86,69.93,84.12796453983464
15475,2025-12-23 22:00:00+01:00,27.687000274658203,82.33499908447266,54344.26,0.0,34520.31,0.6352153841757684,84.8225,71.83500000000001,84.61340555503777
15476,2025-12-23 23:00:00+01:00,27.687000274658203,82.33499908447266,50969.8,0.0,33335.35,0.6540215969742824,77.9675,64.0925,79.6103643343782
15477,2025-12-24 00:00:00+01:00,27.73200035095215,83.06500244140625,46340.58,0.0,34016.51,0.7340544721852738,72.2325,60.2475,76.7233280779196
15478,2025-12-24 01:00:00+01:00,27.73200035095215,83.06500244140625,44913.3,0.0,33251.76,0.7403544160103233,65.0325,55.8625,75.71725955397012
15479,2025-12-24 02:00:00+01:00,27.73200035095215,83.06500244140625,44185.03,0.0,32779.41,0.7418668719378788,62.005,56.8,74.24983908526715
15480,2025-12-24 03:00:00+01:00,27.73200035095215,83.06500244140625,44250.5,0.0,32547.31,0.7355241182053255,59.06,55.84,75.45689805045095
15481,2025-12-24 04:00:00+01:00,27.73200035095215,83.06500244140625,45131.51,0.0,32515.15,0.7204534036817174,58.1125,55.8475,77.3751815184308
15482,2025-12-24 05:00:00+01:00,27.73200035095215,83.06500244140625,46205.59,0.0,32543.32,0.704315646504175,59.0225,55.85,79.21941110346077
15483,2025-12-24 06:00:00+01:00,27.73200035095215,83.06500244140625,48335.6,0.0,32942.03,0.6815272799589687,67.8475,57.215,79.56402659903794
15484,2025-12-24 07:00:00+01:00,27.73200035095215,83.06500244140625,51859.65,0.0,32335.14,0.6235124994820611,78.0175,67.44500000000001,88.67646404367659
15485,2025-12-24 08:00:00+01:00,27.73200035095215,83.06500244140625,55211.68,421.74,32350.49,0.5859356207625025,83.875,81.0,97.1341994249359
15486,2025-12-24 09:00:00+01:00,27.73200035095215,83.06500244140625,57413.91,3234.69,34744.14,0.6051519569725956,85.465,82.47,93.6977421608332
15487,2025-12-24 10:00:00+01:00,27.73200035095215,83.06500244140625,58646.9,6891.98,38109.68,0.6498157616771192,83.8375,76.02250000000001,91.87414290088644
15488,2025-12-24 11:00:00+01:00,27.73200035095215,83.06500244140625,59348.33,9524.27,40926.23,0.6895936245064362,81.86749999999999,69.2875,87.04863975299803
15489,2025-12-24 12:00:00+01:00,27.73200035095215,83.06500244140625,59031.4,10555.56,42125.99,0.713620039383511,80.485,68.5125,82.19335197294622
15490,2025-12-24 13:00:00+01:00,27.73200035095215,83.06500244140625,57730.11,9451.23,41322.58,0.7157890395989563,79.2125,67.9875,80.67137789833488
15491,2025-12-24 14:00:00+01:00,27.73200035095215,83.06500244140625,56359.02,6259.36,38669.99,0.6861366644263621,79.215,73.7575,88.10290503355722
15492,2025-12-24 15:00:00+01:00,27.73200035095215,83.06500244140625,55839.72,2119.12,35416.85,0.6342590900107917,81.8275,83.0525,92.10691685847462
15493,2025-12-24 16:00:00+01:00,27.73200035095215,83.06500244140625,56993.71,145.81,35054.59,0.6150606793951365,83.6875,87.9,91.26276663249733
15494,2025-12-24 17:00:00+01:00,27.73200035095215,83.06500244140625,58825.04,0.0,36225.25,0.6158134358062801,82.4675,89.1325,91.2017443911182
15495,2025-12-24 18:00:00+01:00,27.73200035095215,83.06500244140625,58690.8,0.0,36825.17,0.6274436537536643,83.945,78.9075,90.40666580207431
15496,2025-12-24 19:00:00+01:00,27.73200035095215,83.06500244140625,57062.39,0.0,36840.11,0.6456110582389537,82.465,71.77250000000001,84.99618640241073
15497,2025-12-24 20:00:00+01:00,27.73200035095215,83.06500244140625,54771.71,0.0,36569.88,0.6676782593299208,78.005,68.1575,83.60577900163456
15498,2025-12-24 21:00:00+01:00,27.73200035095215,83.06500244140625,52644.09,0.0,35803.08,0.680096854047606,69.93,67.9875,81.85003424893591
15499,2025-12-24 22:00:00+01:00,27.73200035095215,83.06500244140625,50457.24,0.0,34313.8,0.6800570144779903,71.83500000000001,69.0075,80.43270487864781
15500,2025-12-24 23:00:00+01:00,27.73200035095215,83.06500244140625,47465.46,0.0,33408.3,0.7038444374701427,64.0925,65.1625,81.83491089078098
15501,2025-12-25 00:00:00+01:00,28.09499931335449,82.80999755859375,42914.05,0.0,32636.22,0.7605019799435144,60.2475,63.22,65.60446933913192
15502,2025-12-25 01:00:00+01:00,28.09499931335449,82.80999755859375,41264.21,0.0,31821.27,0.7711590744688535,55.8625,58.4425,54.9019319133963
15503,2025-12-25 02:00:00+01:00,28.09499931335449,82.80999755859375,40484.21,0.0,31066.78,0.767380170993239,56.8,56.8575,52.603810256011904
15504,2025-12-25 03:00:00+01:00,28.09499931335449,82.80999755859375,40045.77,0.0,30439.27,0.7601119916635111,55.84,55.845,52.068867159803666
15505,2025-12-25 04:00:00+01:00,28.09499931335449,82.80999755859375,40088.7,0.0,30066.49,0.7499991267489345,55.8475,54.53,51.15825359195717
15506,2025-12-25 05:00:00+01:00,28.09499931335449,82.80999755859375,40346.66,0.0,29876.74,0.7405009483460337,55.85,52.605,50.27294000924806
15507,2025-12-25 06:00:00+01:00,28.09499931335449,82.80999755859375,40867.35,0.0,29950.01,0.7328591159610645,57.215,49.165,51.004769085283435
15508,2025-12-25 07:00:00+01:00,28.09499931335449,82.80999755859375,42906.21,0.0,29030.61,0.6766062533426731,67.44500000000001,54.0275,73.75557086149618
15509,2025-12-25 08:00:00+01:00,28.09499931335449,82.80999755859375,45707.29,1057.17,29133.8,0.6373994168900847,81.0,64.205,81.51580900258982
15510,2025-12-25 09:00:00+01:00,28.09499931335449,82.80999755859375,48426.54,7009.2,33563.25,0.6930755324057685,82.47,64.7075,78.44424365771624
15511,2025-12-25 10:00:00+01:00,28.09499931335449,82.80999755859375,50133.32,13717.49,37032.02,0.7386708080097885,76.02250000000001,53.765,66.21831743410686
15512,2025-12-25 11:00:00+01:00,28.09499931335449,82.80999755859375,51122.74,18063.57,37904.86,0.7414481303737929,69.2875,48.9825,61.11516084195856
15513,2025-12-25 12:00:00+01:00,28.09499931335449,82.80999755859375,50787.03,19241.39,37048.32,0.7294838858012599,68.5125,48.4875,64.69861617153663
15514,2025-12-25 13:00:00+01:00,28.09499931335449,82.80999755859375,49290.23,16701.93,33790.35,0.6855384929862289,67.9875,47.865,69.68429089808986
15515,2025-12-25 14:00:00+01:00,28.09499931335449,82.80999755859375,48083.17,11189.82,28811.81,0.5992077892120657,73.7575,68.5475,79.314481220567
15516,2025-12-25 15:00:00+01:00,28.09499931335449,82.80999755859375,47806.96,4106.84,23889.39,0.4997052729352158,83.0525,89.41499999999999,86.22499299209927
15517,2025-12-25 16:00:00+01:00,28.09499931335449,82.80999755859375,48906.73,261.63,22997.65,0.4702348735091806,87.9,92.235,89.53735598464156
15518,2025-12-25 17:00:00+01:00,28.09499931335449,82.80999755859375,50519.94,0.0,23788.25,0.4708685322130492,89.1325,94.005,90.06119714201068
15519,2025-12-25 18:00:00+01:00,28.09499931335449,82.80999755859375,51160.84,0.0,23355.72,0.4565155692407483,78.9075,94.055,90.09369424787053
15520,2025-12-25 19:00:00+01:00,28.09499931335449,82.80999755859375,50623.0,0.0,22336.95,0.4412411353651025,71.77250000000001,91.715,90.95660937016105
15521,2025-12-25 20:00:00+01:00,28.09499931335449,82.80999755859375,48979.21,0.0,21205.38,0.4329465500907535,68.1575,91.0325,90.0581598899334
15522,2025-12-25 21:00:00+01:00,28.09499931335449,82.80999755859375,47411.68,0.0,19707.7,0.4156718343632472,67.9875,92.7,88.3964708126281
15523,2025-12-25 22:00:00+01:00,28.09499931335449,82.80999755859375,45793.52,0.0,17943.88,0.3918432126659311,69.0075,96.1525,88.37444135431721
15524,2025-12-25 23:00:00+01:00,28.09499931335449,82.80999755859375,43342.29,0.0,16810.12,0.3878456813454374,65.1625,91.47,84.23542202574997
15525,2025-12-26 00:00:00+01:00,28.09499931335449,82.80999755859375,42151.64,0.0,14382.6,0.3412109231476614,63.22,97.1,87.02982365699683
15526,2025-12-26 01:00:00+01:00,28.09499931335449,82.80999755859375,40765.97,0.0,13937.55,0.3418917787699171,58.4425,91.0525,83.41913240257826
15527,2025-12-26 02:00:00+01:00,28.09499931335449,82.80999755859375,40131.8,0.0,13501.32,0.3364244812501745,56.8575,85.8175,83.30497191060367
15528,2025-12-26 03:00:00+01:00,28.09499931335449,82.80999755859375,39802.44,0.0,13018.19,0.3270701493860501,55.845,83.05250000000001,83.29129161871262
15529,2025-12-26 04:00:00+01:00,28.09499931335449,82.80999755859375,40074.91,0.0,12812.95,0.3197249849544952,54.53,82.3925,82.7585365792494
15530,2025-12-26 05:00:00+01:00,28.09499931335449,82.80999755859375,40914.16,0.0,12861.64,0.3143566920806007,52.605,82.83500000000001,84.51979945375403
15531,2025-12-26 06:00:00+01:00,28.09499931335449,82.80999755859375,42155.66,0.0,13076.26,0.31018990087922,49.165,85.02,85.14153015142581
15532,2025-12-26 07:00:00+01:00,28.09499931335449,82.80999755859375,44340.72,0.0,12893.12,0.29077380784733,54.0275,93.115,87.17403825368746
15533,2025-12-26 08:00:00+01:00,28.09499931335449,82.80999755859375,47224.8,906.14,13781.72,0.2918322575655518,64.205,98.9,93.20625560270189
15534,2025-12-26 09:00:00+01:00,28.09499931335449,82.80999755859375,49850.72,6145.66,18825.51,0.3776376749668534,64.7075,96.73,91.83789855343092
15535,2025-12-26 10:00:00+01:00,28.09499931335449,82.80999755859375,51338.06,12438.54,24030.3,0.4680796273820866,53.765,89.25,82.33687851136526
15536,2025-12-26 11:00:00+01:00,28.09499931335449,82.80999755859375,52455.65,16684.61,25811.02,0.4920541446932686,48.9825,84.9925,81.94356926115594
15537,2025-12-26 12:00:00+01:00,28.09499931335449,82.80999755859375,52254.43,18073.35,24982.56,0.4780945844250727,48.4875,82.3125,82.38335576757251
15538,2025-12-26 13:00:00+01:00,28.09499931335449,82.80999755859375,50845.2,15978.68,22031.02,0.4332959649222943,47.865,83.0975,81.88372708609502
15539,2025-12-26 14:00:00+01:00,28.09499931335449,82.80999755859375,49797.91,10736.45,17142.05,0.3442323181145087,68.5475,92.7,92.93499393422974
15540,2025-12-26 15:00:00+01:00,28.09499931335449,82.80999755859375,49481.7,3953.79,11654.84,0.2355383909130975,89.41499999999999,109.1425,101.84385462257052
15541,2025-12-26 16:00:00+01:00,28.09499931335449,82.80999755859375,50463.04,251.31,9282.21,0.1839407613604053,92.235,116.7725,106.67665343624934
15542,2025-12-26 17:00:00+01:00,28.09499931335449,82.80999755859375,51912.01,0.0,9810.73,0.1889876735289217,94.005,120.47,110.78582642248296
15543,2025-12-26 18:00:00+01:00,28.09499931335449,82.80999755859375,52375.25,0.0,9963.74,0.1902375644621767,94.055,116.9725,113.37439456236743
15544,2025-12-26 19:00:00+01:00,28.09499931335449,82.80999755859375,51361.6,0.0,9781.43,0.1904424706024651,91.715,116.2625,111.11480374335314
15545,2025-12-26 20:00:00+01:00,28.09499931335449,82.80999755859375,49467.0,0.0,9460.93,0.1912574038871859,91.0325,113.725,108.46648047138444
15546,2025-12-26 21:00:00+01:00,28.09499931335449,82.80999755859375,47602.88,0.0,9140.72,0.1920203146969216,92.7,111.5,104.77793717936814
15547,2025-12-26 22:00:00+01:00,28.09499931335449,82.80999755859375,46010.28,0.0,8770.13,0.1906124022304118,96.1525,108.255,104.99900482986374
15548,2025-12-26 23:00:00+01:00,28.09499931335449,82.80999755859375,43512.21,0.0,8595.43,0.1975406442932821,91.47,99.3675,100.56619582425208
15549,2025-12-27 00:00:00+01:00,28.09499931335449,82.80999755859375,44090.49,0.0,8098.11,0.1836702199989906,97.1,96.69,102.33460611719318
15550,2025-12-27 01:00:00+01:00,28.09499931335449,82.80999755859375,42614.13,0.0,8213.29,0.1927363059640696,91.0525,91.725,102.2869539265396
15551,2025-12-27 02:00:00+01:00,28.09499931335449,82.80999755859375,41792.45,0.0,8704.85,0.2082876212788942,85.8175,84.7075,96.94844373537053
15552,2025-12-27 03:00:00+01:00,28.09499931335449,82.80999755859375,41382.7,0.0,9491.25,0.2293530871041877,83.05250000000001,82.7175,96.23958556078016
15553,2025-12-27 04:00:00+01:00,28.09499931335449,82.80999755859375,41484.39,0.0,10379.23,0.2501960375335889,82.3925,83.9975,93.77085944605281
15554,2025-12-27 05:00:00+01:00,28.09499931335449,82.80999755859375,42615.37,0.0,11319.25,0.2656142607079055,82.83500000000001,83.17,95.63692100195054
15555,2025-12-27 06:00:00+01:00,28.09499931335449,82.80999755859375,43933.08,0.0,12416.73,0.2826282609180534,85.02,88.015,95.19117062557838
15556,2025-12-27 07:00:00+01:00,28.09499931335449,82.80999755859375,46350.55,0.0,13363.09,0.2883048852088475,93.115,99.505,100.31234307991967
15557,2025-12-27 08:00:00+01:00,28.09499931335449,82.80999755859375,49829.44,909.02,15752.71,0.3161325914326685,98.9,102.32,107.01618382171117
15558,2025-12-27 09:00:00+01:00,28.09499931335449,82.80999755859375,52511.82,5556.9,22103.57,0.4209256124771669,96.73,93.81,95.64689229152809
15559,2025-12-27 10:00:00+01:00,28.09499931335449,82.80999755859375,54259.5,10714.4,28331.93,0.5221561200301963,89.25,80.0325,87.48002962822542
15560,2025-12-27 11:00:00+01:00,28.09499931335449,82.80999755859375,55277.49,14036.03,32252.97,0.5834738515472621,84.9925,75.395,86.19714394826188
15561,2025-12-27 12:00:00+01:00,28.09499931335449,82.80999755859375,54757.66,14921.57,34107.63,0.6228832640724815,82.3125,74.54,83.4300968414501
15562,2025-12-27 13:00:00+01:00,28.09499931335449,82.80999755859375,53468.3,13012.17,33631.71,0.6290027921910734,83.0975,76.7375,84.3182144431479
15563,2025-12-27 14:00:00+01:00,28.09499931335449,82.80999755859375,52387.52,8764.58,30571.46,0.5835637952352843,92.7,81.19999999999999,83.35941565715567
15564,2025-12-27 15:00:00+01:00,28.09499931335449,82.80999755859375,51982.32,3374.63,26097.05,0.5020370386504417,109.1425,94.5425,88.24036576449335
15565,2025-12-27 16:00:00+01:00,28.09499931335449,82.80999755859375,53170.7,230.44,23779.45,0.4472284546851502,116.7725,103.0075,96.1940983424999
15566,2025-12-27 17:00:00+01:00,28.09499931335449,82.80999755859375,55062.77,0.0,23729.41,0.4309519843569526,120.47,105.925,101.94476430876949
15567,2025-12-27 18:00:00+01:00,28.09499931335449,82.80999755859375,55438.53,0.0,22889.15,0.412874403341345,116.9725,108.4275,106.32833357547487
15568,2025-12-27 19:00:00+01:00,28.09499931335449,82.80999755859375,53771.49,0.0,21696.38,0.4034922594848139,116.2625,105.0,103.00793799379532
15569,2025-12-27 20:00:00+01:00,28.09499931335449,82.80999755859375,51057.95,0.0,20096.57,0.3936031508523935,113.725,102.5875,99.64123634277846
15570,2025-12-27 21:00:00+01:00,28.09499931335449,82.80999755859375,48856.76,0.0,18061.42,0.3696810839749337,111.5,93.895,103.84369867149746
15571,2025-12-27 22:00:00+01:00,28.09499931335449,82.80999755859375,46987.25,0.0,16155.26,0.3438222070149195,108.255,95.4175,103.18750841240026
15572,2025-12-27 23:00:00+01:00,28.09499931335449,82.80999755859375,44528.09,0.0,14982.36,0.3364698552449768,99.3675,91.295,93.95298768176792
15573,2025-12-28 00:00:00+01:00,28.09499931335449,82.80999755859375,43083.82,0.0,14697.24,0.3411313109327048,96.69,84.33500000000001,92.48351192364369
15574,2025-12-28 01:00:00+01:00,28.09499931335449,82.80999755859375,41643.6,0.0,13667.15,0.3281932877253183,91.725,83.37,88.01751521010384
15575,2025-12-28 02:00:00+01:00,28.09499931335449,82.80999755859375,40908.66,0.0,12827.57,0.3135661250420897,84.7075,79.96000000000001,88.16986468782392
15576,2025-12-28 03:00:00+01:00,28.09499931335449,82.80999755859375,40677.74,0.0,12006.86,0.2951702822489228,82.7175,78.8175,91.11825310700648
15577,2025-12-28 04:00:00+01:00,28.09499931335449,82.80999755859375,40982.89,0.0,11003.47,0.2684893622024973,83.9975,80.4475,90.70629009670336
15578,2025-12-28 05:00:00+01:00,28.09499931335449,82.80999755859375,41994.99,0.0,10180.08,0.2424117733466749,83.17,83.61,93.11592805956732
15579,2025-12-28 06:00:00+01:00,28.09499931335449,82.80999755859375,44227.06,0.0,9703.79,0.2194084345151117,88.015,86.47749999999999,95.68305118966812
15580,2025-12-28 07:00:00+01:00,28.09499931335449,82.80999755859375,47075.11,0.0,9193.41,0.1952923742089413,99.505,92.15,104.69140937070006
15581,2025-12-28 08:00:00+01:00,28.09499931335449,82.80999755859375,50140.22,888.91,9513.93,0.1897464749477073,102.32,97.3625,112.13032232215913
15582,2025-12-28 09:00:00+01:00,28.09499931335449,82.80999755859375,52684.91,5921.68,13695.24,0.2599461591070486,93.81,96.565,110.67340968573004
15583,2025-12-28 10:00:00+01:00,28.09499931335449,82.80999755859375,54556.57,11976.32,18726.84,0.3432554501972438,80.0325,88.2125,104.54545248179103
15584,2025-12-28 11:00:00+01:00,28.09499931335449,82.80999755859375,55666.72,16358.78,22304.08,0.400671711859317,75.395,88.3675,99.83960463345717
15585,2025-12-28 12:00:00+01:00,28.09499931335449,82.80999755859375,55188.77,17841.43,23513.61,0.4260578736532708,74.54,80.0225,94.45428018780835
15586,2025-12-28 13:00:00+01:00,28.09499931335449,82.80999755859375,54107.03,15740.54,21995.8,0.4065238841595031,76.7375,80.025,95.04306057086339
15587,2025-12-28 14:00:00+01:00,28.09499931335449,82.80999755859375,53122.99,10622.39,18362.85,0.3456667253959788,81.19999999999999,86.6775,100.20805483720275
15588,2025-12-28 15:00:00+01:00,28.09499931335449,82.80999755859375,53109.53,3987.69,13998.57,0.2635792483451502,94.5425,100.87,107.63232445875674
15589,2025-12-28 16:00:00+01:00,28.09499931335449,82.80999755859375,54278.1,282.41,13068.97,0.2407779564426945,103.0075,110.8825,111.55104827720724
15590,2025-12-28 17:00:00+01:00,28.09499931335449,82.80999755859375,56400.12,0.0,15121.89,0.2681180465098091,105.925,113.7025,113.68002168144405
15591,2025-12-28 18:00:00+01:00,28.09499931335449,82.80999755859375,57455.8,0.0,16709.72,0.290827383781824,108.4275,114.455,115.57365023133755
15592,2025-12-28 19:00:00+01:00,28.09499931335449,82.80999755859375,56695.93,0.0,18131.19,0.3197970294658193,105.0,109.3325,113.87799172958012
15593,2025-12-28 20:00:00+01:00,28.09499931335449,82.80999755859375,54332.54,0.0,19602.59,0.3607891329282987,102.5875,105.01,107.28471897477307
15594,2025-12-28 21:00:00+01:00,28.09499931335449,82.80999755859375,52103.5,0.0,20878.53,0.4007126199966004,93.895,99.0275,98.42988489226497
15595,2025-12-28 22:00:00+01:00,28.09499931335449,82.80999755859375,50359.87,0.0,21545.66,0.4278339081439578,95.4175,98.2825,95.24692997212631
15596,2025-12-28 23:00:00+01:00,28.09499931335449,82.80999755859375,47883.72,0.0,22436.66,0.4685655165328496,91.295,88.44,88.23581314693851
15597,2025-12-29 00:00:00+01:00,28.09499931335449,82.80999755859375,45952.38,0.0,23324.9,0.5075885078188358,84.33500000000001,89.88,83.16439637814084
15598,2025-12-29 01:00:00+01:00,28.09499931335449,82.80999755859375,44687.05,0.0,24338.21,0.544636757059453,83.37,84.98249999999999,79.76526780463361
15599,2025-12-29 02:00:00+01:00,28.09499931335449,82.80999755859375,44433.84,0.0,25083.93,0.5645231200894356,79.96000000000001,84.1825,73.50506650425116
15600,2025-12-29 03:00:00+01:00,28.09499931335449,82.80999755859375,44494.47,0.0,25336.65,0.5694336845523873,78.8175,82.19,71.56769922377416
15601,2025-12-29 04:00:00+01:00,28.09499931335449,82.80999755859375,45879.35,0.0,25102.12,0.5471332962330256,80.4475,83.6225,72.78539636541757
15602,2025-12-29 05:00:00+01:00,28.09499931335449,82.80999755859375,50281.56,0.0,24404.24,0.4853516874803901,83.61,90.7925,82.4929022117408
15603,2025-12-29 06:00:00+01:00,28.09499931335449,82.80999755859375,57814.57,0.0,23789.01,0.411470845426772,86.47749999999999,96.3325,97.67318864805524
15604,2025-12-29 07:00:00+01:00,28.09499931335449,82.80999755859375,63317.8,0.0,22783.25,0.3598237777749978,92.15,104.7175,110.63242690978936
15605,2025-12-29 08:00:00+01:00,28.09499931335449,82.80999755859375,65925.51,618.33,23069.52,0.349933129019414,97.3625,113.8775,121.11415795999432
15606,2025-12-29 09:00:00+01:00,28.09499931335449,82.80999755859375,66598.63,3834.07,26164.66,0.3928708442812005,96.565,111.01,108.99708347038184
15607,2025-12-29 10:00:00+01:00,28.09499931335449,82.80999755859375,66575.21,7649.65,29704.75,0.4461833465570467,88.2125,97.645,102.49532941669402
15608,2025-12-29 11:00:00+01:00,28.09499931335449,82.80999755859375,66902.31,10188.0,32036.77,0.4788589511365363,88.3675,90.345,100.78456869509736
15609,2025-12-29 12:00:00+01:00,28.09499931335449,82.80999755859375,66189.87,10798.31,32949.87,0.4978083503566621,80.0225,87.6575,97.3581414149903
15610,2025-12-29 13:00:00+01:00,28.09499931335449,82.80999755859375,65214.39,9313.81,32234.41,0.494283700193426,80.025,88.52250000000001,96.62403583604505
15611,2025-12-29 14:00:00+01:00,28.09499931335449,82.80999755859375,64371.55,6121.05,30157.72,0.46849454448922,86.6775,96.1025,98.41894079807074
15612,2025-12-29 15:00:00+01:00,28.09499931335449,82.80999755859375,64020.94,2387.44,27672.93,0.4322481050056047,100.87,103.5075,106.73728845727572
15613,2025-12-29 16:00:00+01:00,28.09499931335449,82.80999755859375,65068.95,181.47,26861.86,0.4128214762320858,110.8825,108.655,111.18649224513848
15614,2025-12-29 17:00:00+01:00,28.09499931335449,82.80999755859375,66794.03,0.0,27602.2,0.4132435188574123,113.7025,107.0075,114.30585240008568
15615,2025-12-29 18:00:00+01:00,28.09499931335449,82.80999755859375,67023.46,0.0,28181.7,0.4204751589338307,114.455,103.3075,116.13866474665858
15616,2025-12-29 19:00:00+01:00,28.09499931335449,82.80999755859375,65407.37,0.0,28338.36,0.4332594323188259,109.3325,95.1475,109.33335576330428
15617,2025-12-29 20:00:00+01:00,28.09499931335449,82.80999755859375,62321.67,0.0,28088.98,0.4507096808460508,105.01,90.3725,105.33294130271682
15618,2025-12-29 21:00:00+01:00,28.09499931335449,82.80999755859375,58984.13,0.0,27371.6,0.4640502453008885,99.0275,83.245,99.95622169186223
15619,2025-12-29 22:00:00+01:00,28.09499931335449,82.80999755859375,55796.51,0.0,26227.55,0.4700571773270304,98.2825,87.91499999999999,95.98971772227596
15620,2025-12-29 23:00:00+01:00,28.09499931335449,82.80999755859375,51790.99,0.0,25408.4,0.4905949856354175,88.44,83.3425,86.91592858029365
15621,2025-12-30 00:00:00+01:00,28.53400039672852,82.06999969482422,49401.06,0.0,25649.35,0.5192064703633471,89.88,77.8625,82.9634522453318
15622,2025-12-30 01:00:00+01:00,28.53400039672852,82.06999969482422,47693.48,0.0,25227.99,0.5289609815578646,84.98249999999999,73.215,73.70355251770496
15623,2025-12-30 02:00:00+01:00,28.53400039672852,82.06999969482422,46981.85,0.0,25158.74,0.5354991341261575,84.1825,71.855,71.48030967488918
15624,2025-12-30 03:00:00+01:00,28.53400039672852,82.06999969482422,47119.85,0.0,25333.94,0.537648994948488,82.19,69.3575,69.87419631812783
15625,2025-12-30 04:00:00+01:00,28.53400039672852,82.06999969482422,47966.1,0.0,25429.51,0.5301558808137088,83.6225,68.5375,73.7558183033868
15626,2025-12-30 05:00:00+01:00,28.53400039672852,82.06999969482422,50592.14,0.0,25209.15,0.4982819464647509,90.7925,71.99,78.67733752204104
15627,2025-12-30 06:00:00+01:00,28.53400039672852,82.06999969482422,55465.32,0.0,25118.27,0.452864420424715,96.3325,80.02,90.39029697160903
15628,2025-12-30 07:00:00+01:00,28.53400039672852,82.06999969482422,60497.94,0.0,24214.4,0.4002516448658827,104.7175,87.97,103.50053131480068
15629,2025-12-30 08:00:00+01:00,28.53400039672852,82.06999969482422,63560.47,818.55,24146.08,0.3798914639272032,113.8775,94.8775,112.36456636137588
15630,2025-12-30 09:00:00+01:00,28.53400039672852,82.06999969482422,64666.4,5833.74,28170.7,0.4356311777931613,111.01,94.3925,105.98677693795955
15631,2025-12-30 10:00:00+01:00,28.53400039672852,82.06999969482422,65395.97,11772.32,32534.74,0.4975037451852914,97.645,85.82,98.83747778125633
15632,2025-12-30 11:00:00+01:00,28.53400039672852,82.06999969482422,65778.78,15802.07,34951.96,0.5313561606750146,90.345,79.38,94.57949773721657
15633,2025-12-30 12:00:00+01:00,28.53400039672852,82.06999969482422,65379.06,17126.76,35533.93,0.543506284650849,87.6575,76.155,91.599260349242
15634,2025-12-30 13:00:00+01:00,28.53400039672852,82.06999969482422,64335.71,15232.52,33869.4,0.5264479088632973,88.52250000000001,76.7575,93.14226709381911
15635,2025-12-30 14:00:00+01:00,28.53400039672852,82.06999969482422,63440.26,10498.88,29603.88,0.4666418453413271,96.1025,88.9675,97.21577508576581
15636,2025-12-30 15:00:00+01:00,28.53400039672852,82.06999969482422,63244.2,4071.14,23882.0,0.3776156548145734,103.5075,102.325,107.80663038524672
15637,2025-12-30 16:00:00+01:00,28.53400039672852,82.06999969482422,64235.69,274.25,21049.71,0.3276949309133761,108.655,109.1,115.00112951874605
15638,2025-12-30 17:00:00+01:00,28.53400039672852,82.06999969482422,64963.11,0.0,21458.79,0.3303227015562643,107.0075,110.715,116.42573688026701
15639,2025-12-30 18:00:00+01:00,28.53400039672852,82.06999969482422,64952.25,0.0,21355.46,0.3287870704511718,103.3075,109.12,116.60552289001586
15640,2025-12-30 19:00:00+01:00,28.53400039672852,82.06999969482422,63736.19,0.0,20745.4,0.3254885489193049,95.1475,105.6075,109.34510912352243
15641,2025-12-30 20:00:00+01:00,28.53400039672852,82.06999969482422,60897.55,0.0,20276.03,0.3329531318857731,90.3725,101.04,106.201808803568
15642,2025-12-30 21:00:00+01:00,28.53400039672852,82.06999969482422,58113.45,0.0,19909.18,0.3425916030897165,83.245,93.3225,98.23422962418863
15643,2025-12-30 22:00:00+01:00,28.53400039672852,82.06999969482422,55323.01,0.0,19852.3,0.3588434540422071,87.91499999999999,92.045,97.38930299115334
15644,2025-12-30 23:00:00+01:00,28.53400039672852,82.06999969482422,52109.9,0.0,20629.51,0.395884659077088,83.3425,85.8075,94.05944752357405
15645,2025-12-31 00:00:00+01:00,27.766000747680664,81.94499969482422,47644.28,0.0,19842.57,0.4164732890461408,77.8625,88.0825,86.3169357728735
15646,2025-12-31 01:00:00+01:00,27.766000747680664,81.94499969482422,46168.02,0.0,20651.21,0.4473055157125418,73.215,84.3375,82.12664835114168
15647,2025-12-31 02:00:00+01:00,27.766000747680664,81.94499969482422,45496.65,0.0,21458.92,0.4716593418478811,71.855,80.2125,79.0883400353541
15648,2025-12-31 03:00:00+01:00,27.766000747680664,81.94499969482422,45733.4,0.0,23048.13,0.5039671223867093,69.3575,76.58,74.57973531581109
15649,2025-12-31 04:00:00+01:00,27.766000747680664,81.94499969482422,46574.05,0.0,25064.24,0.5381589102648021,68.5375,74.9325,70.17596135166018
15650,2025-12-31 05:00:00+01:00,27.766000747680664,81.94499969482422,47514.66,0.0,26668.17,0.5612619346194917,71.99,77.3775,73.28945762143343
15651,2025-12-31 06:00:00+01:00,27.766000747680664,81.94499969482422,50203.66,0.0,27999.5,0.5577183017019638,80.02,81.86749999999999,81.07711126349126
15652,2025-12-31 07:00:00+01:00,27.766000747680664,81.94499969482422,53913.15,0.0,28461.07,0.5279059004105852,87.97,85.2825,84.98776649259402
15653,2025-12-31 08:00:00+01:00,27.766000747680664,81.94499969482422,56624.53,529.7,29587.53,0.5225214230435958,94.8775,95.7925,90.81715655547622
15654,2025-12-31 09:00:00+01:00,27.766000747680664,81.94499969482422,58560.96,3204.95,32886.71,0.5615807868310935,94.3925,95.335,91.83934160608233
15655,2025-12-31 10:00:00+01:00,27.766000747680664,81.94499969482422,59672.35,6330.91,36138.07,0.6056082925164489,85.82,89.26249999999999,88.9729803604783
15656,2025-12-31 11:00:00+01:00,27.766000747680664,81.94499969482422,60759.91,8005.05,37792.26,0.6219933504473601,79.38,83.48,85.27716644604504
15657,2025-12-31 12:00:00+01:00,27.766000747680664,81.94499969482422,60819.49,7942.23,38128.37,0.6269103866824746,76.155,83.0475,83.05228368096746
15658,2025-12-31 13:00:00+01:00,27.766000747680664,81.94499969482422,59941.97,6471.99,37346.55,0.6230450883374296,76.7575,85.17,82.92056259388445
15659,2025-12-31 14:00:00+01:00,27.766000747680664,81.94499969482422,58964.33,4064.2,35396.73,0.600307507844097,88.9675,85.17750000000001,86.85517443889282
15660,2025-12-31 15:00:00+01:00,27.766000747680664,81.94499969482422,58664.35,1587.02,32827.08,0.5595745967423871,102.325,90.8325,91.56117674720217
15661,2025-12-31 16:00:00+01:00,27.766000747680664,81.94499969482422,59282.19,166.67,31252.84,0.5271876763447525,109.1,100.705,92.79417345148269
15662,2025-12-31 17:00:00+01:00,27.766000747680664,81.94499969482422,60982.94,0.0,30915.73,0.5069570275708325,110.715,110.1,95.78235212491778
15663,2025-12-31 18:00:00+01:00,27.766000747680664,81.94499969482422,62021.4,0.0,30625.03,0.493781662378827,109.12,107.5275,97.98374647680514
15664,2025-12-31 19:00:00+01:00,27.766000747680664,81.94499969482422,60858.5,0.0,30675.61,0.5040480786572051,105.6075,95.99,97.17727448231255
15665,2025-12-31 20:00:00+01:00,27.766000747680664,81.94499969482422,58151.0,0.0,31630.94,0.5439449019717726,101.04,86.8025,92.29657459401051
15666,2025-12-31 21:00:00+01:00,27.766000747680664,81.94499969482422,55475.72,0.0,32610.38,0.5878315773841544,93.3225,79.7975,82.10628912818754
15667,2025-12-31 22:00:00+01:00,27.766000747680664,81.94499969482422,53186.7,0.0,33220.62,0.6246038952172999,92.045,81.39,76.26143307179326
15668,2025-12-31 23:00:00+01:00,27.766000747680664,81.94499969482422,50311.96,0.0,34681.98,0.6893386779824641,85.8075,76.4475,65.60138809343266
15669,2026-01-01 00:00:00+01:00,28.160999298095703,82.02999877929688,46296.66,0.0,37391.59,0.8076519989114436,88.0825,58.2775,47.85375048246517
15670,2026-01-20 00:00:00+01:00,36.87900161743164,82.98999786376953,53950.37,0.0,10865.6,0.2013999162190361,101.15,115.06,123.14755076148346
15671,2026-01-20 01:00:00+01:00,36.87900161743164,82.98999786376953,52684.47,0.0,10308.15,0.1956582271406244,100.44,114.335,121.10170564556847
15672,2026-01-20 02:00:00+01:00,36.87900161743164,82.98999786376953,52253.97,0.0,9745.09,0.1864947294556768,100.8325,110.355,121.22671502776794
15673,2026-01-20 03:00:00+01:00,36.87900161743164,82.98999786376953,52465.39,0.0,9204.51,0.1754396564715444,100.4375,109.8675,121.58054441257995
15674,2026-01-20 04:00:00+01:00,36.87900161743164,82.98999786376953,53712.25,0.0,8810.4,0.1640296207729094,100.135,113.1725,127.24989232538191
15675,2026-01-20 05:00:00+01:00,36.87900161743164,82.98999786376953,56961.65,0.0,8646.54,0.1517958134724335,102.53,125.28,132.83270841111033
15676,2026-01-20 06:00:00+01:00,36.87900161743164,82.98999786376953,63432.95,0.0,8797.9,0.1386960562075867,126.38,190.105,157.76929447387533
15677,2026-01-20 07:00:00+01:00,36.87900161743164,82.98999786376953,68997.82,0.53,8899.61,0.1289839301982317,161.08249999999998,240.8775,206.60044118321895
15678,2026-01-20 08:00:00+01:00,36.87900161743164,82.98999786376953,71854.83,1596.84,10656.42,0.1483048529725413,175.98250000000002,262.785,218.4389969996074
15679,2026-01-20 09:00:00+01:00,36.87900161743164,82.98999786376953,71856.83,7935.29,16935.24,0.2356803103844575,161.9375,179.535,176.2948440334082
15680,2026-01-20 10:00:00+01:00,36.87900161743164,82.98999786376953,72148.58,15530.8,23447.93,0.3249950310421917,135.9225,132.17,145.30088684916234
15681,2026-01-20 11:00:00+01:00,36.87900161743164,82.98999786376953,72411.34,21436.2,27197.55,0.3755979380611382,120.5275,107.9525,130.18620879313244
15682,2026-01-20 12:00:00+01:00,36.87900161743164,82.98999786376953,71740.14,23814.34,27879.65,0.38861995524561,117.56,103.6225,126.51304268081357
15683,2026-01-20 13:00:00+01:00,36.87900161743164,82.98999786376953,70136.56,21324.37,24666.68,0.3516950360337468,125.0025,105.755,131.52408079474984
15684,2026-01-20 14:00:00+01:00,36.87900161743164,82.98999786376953,68536.23,15084.8,18489.32,0.2697743951965589,144.35,136.7225,149.87075686061502
15685,2026-01-20 15:00:00+01:00,36.87900161743164,82.98999786376953,67952.13,7519.64,11948.05,0.1758303970492417,170.0425,178.26,174.17397839516917
15686,2026-01-20 16:00:00+01:00,36.87900161743164,82.98999786376953,68507.44,1427.31,8123.6,0.1185798213860305,194.89,276.735,212.764603010148
15687,2026-01-20 17:00:00+01:00,36.87900161743164,82.98999786376953,71195.22,15.43,9680.53,0.1359716284132598,208.2275,249.63,217.20791599210048
15688,2026-01-20 18:00:00+01:00,36.87900161743164,82.98999786376953,71686.1,0.0,12064.61,0.1682977592352914,200.055,193.925,216.59636260162432
15689,2026-01-20 19:00:00+01:00,36.87900161743164,82.98999786376953,70309.89,0.0,13261.57,0.1886159969545371,180.9625,181.9175,187.0276546115981
15690,2026-01-20 20:00:00+01:00,36.87900161743164,82.98999786376953,67097.63,0.0,13322.89,0.1985597702633371,157.385,155.10000000000002,164.15820643936775
15691,2026-01-20 21:00:00+01:00,36.87900161743164,82.98999786376953,63194.36,0.0,12504.23,0.1978693984403245,135.17,139.89,148.79109564766821
15692,2026-01-20 22:00:00+01:00,36.87900161743164,82.98999786376953,60081.54,0.0,11362.69,0.1891211509909497,126.4025,117.1925,146.06092396387618
15693,2026-01-20 23:00:00+01:00,36.87900161743164,82.98999786376953,56665.59,0.0,10535.73,0.1859281796614262,112.47,107.8375,132.75095766889893
15694,2026-01-21 00:00:00+01:00,35.887001037597656,79.94000244140625,53595.3,0.0,10679.66,0.1992648608741317,115.06,101.49,128.52767387396852
15695,2026-01-21 01:00:00+01:00,35.887001037597656,79.94000244140625,52217.04,0.0,10803.07,0.2068878281482657,114.335,101.7175,128.0718970535513
15696,2026-01-21 02:00:00+01:00,35.887001037597656,79.94000244140625,51489.03,0.0,11144.85,0.2164509604829512,110.355,98.7575,124.65585592879992
15697,2026-01-21 03:00:00+01:00,35.887001037597656,79.94000244140625,51907.71,0.0,11648.54,0.2244086668002867,109.8675,100.91,123.86700117959059
15698,2026-01-21 04:00:00+01:00,35.887001037597656,79.94000244140625,53199.39,0.0,12370.18,0.2325248465757737,113.1725,98.845,127.880574938553
15699,2026-01-21 05:00:00+01:00,35.887001037597656,79.94000244140625,56395.93,0.0,13603.91,0.2412214852665393,125.28,98.6925,134.19570268427788
15700,2026-01-21 06:00:00+01:00,35.887001037597656,79.94000244140625,63072.02,0.0,15064.29,0.2388426753671687,190.105,107.8725,158.06437306309067
15701,2026-01-21 07:00:00+01:00,35.887001037597656,79.94000244140625,69584.78,0.74,15801.93,0.227088883484709,240.8775,160.0,181.27541956558963
15702,2026-01-21 08:00:00+01:00,35.887001037597656,79.94000244140625,72086.26,1616.32,17535.57,0.2432581465256682,262.785,176.3975,188.74074939775983
15703,2026-01-21 09:00:00+01:00,35.887001037597656,79.94000244140625,71993.54,8048.16,23568.0,0.3273627049972313,179.535,142.89249999999998,167.24266685509048
15704,2026-01-21 10:00:00+01:00,35.887001037597656,79.94000244140625,72114.5,15869.48,30020.98,0.4162960291735648,132.17,118.3,133.3597028512994
15705,2026-01-21 11:00:00+01:00,35.887001037597656,79.94000244140625,72338.96,21613.14,33800.05,0.467245451072666,107.9525,100.9925,117.4052139300428
15706,2026-01-21 12:00:00+01:00,35.887001037597656,79.94000244140625,71002.2,23537.97,34259.46,0.4825126544695076,103.6225,99.13,112.57392884716893
15707,2026-01-21 13:00:00+01:00,35.887001037597656,79.94000244140625,69573.4,20985.58,31490.69,0.4526254286188938,105.755,103.475,116.37047095146356
15708,2026-01-21 14:00:00+01:00,35.887001037597656,79.94000244140625,67882.96,14850.82,26138.45,0.3850517124790887,136.7225,108.6225,128.03354280823356
15709,2026-01-21 15:00:00+01:00,35.887001037597656,79.94000244140625,67085.62,7352.67,20308.23,0.3027210599972511,178.26,126.9275,149.931469361493
15710,2026-01-21 16:00:00+01:00,35.887001037597656,79.94000244140625,67916.63,1422.4,17135.63,0.2523038907772214,276.735,145.035,171.82765697924054
15711,2026-01-21 17:00:00+01:00,35.887001037597656,79.94000244140625,69738.33,19.83,18625.86,0.2670821053118016,249.63,139.11,176.451237051524
15712,2026-01-21 18:00:00+01:00,35.887001037597656,79.94000244140625,70604.72,0.0,20685.13,0.2929709231489097,193.925,138.9075,174.38678529448805
15713,2026-01-21 19:00:00+01:00,35.887001037597656,79.94000244140625,69082.22,0.0,21687.66,0.3139398241234952,181.9175,127.83,162.2246456959047
15714,2026-01-21 20:00:00+01:00,35.887001037597656,79.94000244140625,65788.21,0.0,22097.64,0.3358905797352001,155.10000000000002,105.4475,143.03097261760126
15715,2026-01-21 21:00:00+01:00,35.887001037597656,79.94000244140625,62180.23,0.0,22325.69,0.3590480446342755,139.89,102.44,130.0905509465307
15716,2026-01-21 22:00:00+01:00,35.887001037597656,79.94000244140625,58817.87,0.0,22335.83,0.3797456452639741,117.1925,104.76,120.74515947282612
15717,2026-01-21 23:00:00+01:00,35.887001037597656,79.94000244140625,55300.67,0.0,22651.47,0.4096057063305732,107.8375,99.375,110.98925093290491
15718,2026-01-22 00:00:00+01:00,39.20800018310547,82.28500366210938,53658.64,0.0,23764.02,0.4428740645601763,101.49,92.7975,106.99749947147454
15719,2026-01-22 01:00:00+01:00,39.20800018310547,82.28500366210938,51854.07,0.0,24047.24,0.463748361418159,101.7175,92.5275,102.8625255290663
15720,2026-01-22 02:00:00+01:00,39.20800018310547,82.28500366210938,51297.04,0.0,24080.4,0.4694305947342321,98.7575,91.45,101.9714434541145
15721,2026-01-22 03:00:00+01:00,39.20800018310547,82.28500366210938,51429.74,0.0,24018.68,0.4670192770822836,100.91,91.82,103.12702840796915
15722,2026-01-22 04:00:00+01:00,39.20800018310547,82.28500366210938,52366.37,0.0,23975.67,0.4578447961052398,98.845,92.85,103.86935874309705
15723,2026-01-22 05:00:00+01:00,39.20800018310547,82.28500366210938,55626.3,0.0,23887.96,0.4294364355656521,98.6925,93.1875,108.66417277004203
15724,2026-01-22 06:00:00+01:00,39.20800018310547,82.28500366210938,62388.96,0.0,24004.74,0.3847594189124551,107.8725,100.6775,122.93196342847024
15725,2026-01-22 07:00:00+01:00,39.20800018310547,82.28500366210938,68068.46,0.88,23647.62,0.347409358115725,160.0,125.52,147.7052991154269
15726,2026-01-22 08:00:00+01:00,39.20800018310547,82.28500366210938,70978.17,1575.57,24856.7,0.3502020409443915,176.3975,137.1225,161.3649247350071
15727,2026-01-22 09:00:00+01:00,39.20800018310547,82.28500366210938,71603.03,7377.64,29670.45,0.4143742240496841,142.89249999999998,114.4175,139.74048141897273
15728,2026-01-22 10:00:00+01:00,39.20800018310547,82.28500366210938,71632.11,14982.0,35505.03,0.4956580225689766,118.3,95.2575,118.0932565083707
15729,2026-01-22 11:00:00+01:00,39.20800018310547,82.28500366210938,71886.48,21207.95,39765.86,0.5531757848550694,100.9925,89.075,108.25625858125642
15730,2026-01-22 12:00:00+01:00,39.20800018310547,82.28500366210938,71162.8,23858.53,41392.93,0.5816652800927359,99.13,83.8575,99.16263954710065
15731,2026-01-22 13:00:00+01:00,39.20800018310547,82.28500366210938,69591.09,21499.58,38801.88,0.55756965431098,103.475,88.065,103.9985746882818
15732,2026-01-22 14:00:00+01:00,39.20800018310547,82.28500366210938,67651.69,15370.2,33118.2,0.4895398769063211,108.6225,94.91,112.61325520280533
15733,2026-01-22 15:00:00+01:00,39.20800018310547,82.28500366210938,66751.84,7777.35,26530.91,0.3974558603332199,126.9275,107.78,130.8409715237462
15734,2026-01-22 16:00:00+01:00,39.20800018310547,82.28500366210938,67600.31,1629.37,22370.85,0.3309282161086349,145.035,130.8975,149.52177492942695
15735,2026-01-22 17:00:00+01:00,39.20800018310547,82.28500366210938,70203.6,18.12,23053.84,0.3283854388765838,139.11,136.365,153.8528680354375
15736,2026-01-22 18:00:00+01:00,39.20800018310547,82.28500366210938,71320.65,0.0,24260.73,0.3401641740028779,138.9075,129.6675,151.23087867210847
15737,2026-01-22 19:00:00+01:00,39.20800018310547,82.28500366210938,69881.42,0.0,24485.53,0.3503868409728384,127.83,121.5675,144.60661447992584
15738,2026-01-22 20:00:00+01:00,39.20800018310547,82.28500366210938,66399.44,0.0,24183.21,0.364208041458752,105.4475,109.35,128.38042253399573
15739,2026-01-22 21:00:00+01:00,39.20800018310547,82.28500366210938,62840.47,0.0,23595.73,0.3754862112941729,102.44,106.945,123.47400270315117
15740,2026-01-22 22:00:00+01:00,39.20800018310547,82.28500366210938,59616.66,0.0,22889.07,0.3839374764731976,104.76,103.3225,120.06014480420426
15741,2026-01-22 23:00:00+01:00,39.20800018310547,82.28500366210938,56137.97,0.0,22572.91,0.4020970119863441,99.375,97.3075,114.90019749380382
15742,2026-01-23 00:00:00+01:00,38.07899856567383,83.21499633789062,54623.27,0.0,23494.56,0.4301199835838975,92.7975,97.8875,110.3573809057281
15743,2026-01-23 01:00:00+01:00,38.07899856567383,83.21499633789062,52917.68,0.0,23723.76,0.4483144384923309,92.5275,97.245,108.9642679580664
15744,2026-01-23 02:00:00+01:00,38.07899856567383,83.21499633789062,52398.38,0.0,23869.41,0.4555371749173281,91.45,95.9475,105.73397978927383
15745,2026-01-23 03:00:00+01:00,38.07899856567383,83.21499633789062,52711.6,0.0,24127.63,0.4577290386826184,91.82,95.0025,105.06121621507661
15746,2026-01-23 04:00:00+01:00,38.07899856567383,83.21499633789062,53955.92,0.0,24531.82,0.4546641035025138,92.85,95.6225,107.1897929054859
15747,2026-01-23 05:00:00+01:00,38.07899856567383,83.21499633789062,57548.81,0.0,25024.89,0.4348463503528836,93.1875,96.9975,110.07765998151496
15748,2026-01-23 06:00:00+01:00,38.07899856567383,83.21499633789062,63838.84,0.0,25553.07,0.4002746603164664,100.6775,108.1975,121.48472676628644
15749,2026-01-23 07:00:00+01:00,38.07899856567383,83.21499633789062,69299.35,0.72,25703.64,0.3709073749795766,125.52,133.0,140.32676030739742
15750,2026-01-23 08:00:00+01:00,38.07899856567383,83.21499633789062,72287.31,1157.89,27066.71,0.374432386490183,137.1225,152.9375,151.03042506693401
15751,2026-01-23 09:00:00+01:00,38.07899856567383,83.21499633789062,73223.67,5656.25,31006.99,0.4234558305499498,114.4175,142.4875,137.03115938096548
15752,2026-01-23 10:00:00+01:00,38.07899856567383,83.21499633789062,73185.08,11467.01,35337.78,0.4828549752923881,95.2575,115.3775,119.13002880290635
15753,2026-01-23 11:00:00+01:00,38.07899856567383,83.21499633789062,72596.35,16325.46,38923.04,0.5361569830251579,89.075,100.1275,108.00995777495547
15754,2026-01-23 12:00:00+01:00,38.07899856567383,83.21499633789062,71300.18,18380.53,40344.53,0.5658405069151522,83.8575,96.2125,101.27825364316803
15755,2026-01-23 13:00:00+01:00,38.07899856567383,83.21499633789062,69426.45,16572.36,38807.41,0.5589715446261516,88.065,95.76,104.12705045338055
15756,2026-01-23 14:00:00+01:00,38.07899856567383,83.21499633789062,67546.68,11879.4,35100.89,0.5196538156250383,94.91,97.08,113.53497868471266
15757,2026-01-23 15:00:00+01:00,38.07899856567383,83.21499633789062,66588.28,5974.79,30788.89,0.4623770128223199,107.78,108.7675,124.73723050684555
15758,2026-01-23 16:00:00+01:00,38.07899856567383,83.21499633789062,67147.18,1301.25,28524.32,0.4248029477299266,130.8975,124.0475,138.98002866534114
15759,2026-01-23 17:00:00+01:00,38.07899856567383,83.21499633789062,69631.29,21.45,29746.54,0.4272007598269111,136.365,136.08499999999998,140.4863119363531
15760,2026-01-23 18:00:00+01:00,38.07899856567383,83.21499633789062,70265.61,0.0,30881.07,0.439490527380394,129.6675,128.48250000000002,140.59628979870837
15761,2026-01-23 19:00:00+01:00,38.07899856567383,83.21499633789062,68387.49,0.0,30814.92,0.4505929373266085,121.5675,116.8025,134.8574814379116
15762,2026-01-23 20:00:00+01:00,38.07899856567383,83.21499633789062,64973.89,0.0,30185.73,0.4645824652849656,109.35,107.2225,123.81612477371092
15763,2026-01-23 21:00:00+01:00,38.07899856567383,83.21499633789062,61274.55,0.0,29262.84,0.4775692354366422,106.945,103.96,117.00212220439873
15764,2026-01-23 22:00:00+01:00,38.07899856567383,83.21499633789062,58419.37,0.0,27981.11,0.4789697320462425,103.3225,104.79,111.55476604628552
15765,2026-01-23 23:00:00+01:00,38.07899856567383,83.21499633789062,55048.04,0.0,26846.16,0.4876860283331275,97.3075,96.995,109.14407920307374
15766,2026-01-24 00:00:00+01:00,40.03900146484375,83.17500305175781,51866.34,0.0,26338.37,0.5078123884377012,97.8875,99.8,104.05945904234186
15767,2026-01-24 01:00:00+01:00,40.03900146484375,83.17500305175781,49875.21,0.0,25339.67,0.5080614195893989,97.245,99.035,102.77011517527097
15768,2026-01-24 02:00:00+01:00,40.03900146484375,83.17500305175781,48789.05,0.0,24552.79,0.5032438630177788,95.9475,98.315,100.84693745273323
15769,2026-01-24 03:00:00+01:00,40.03900146484375,83.17500305175781,48559.29,0.0,23695.34,0.4879671839337092,95.0025,97.825,101.52227406959783
15770,2026-01-24 04:00:00+01:00,40.03900146484375,83.17500305175781,48606.47,0.0,22697.95,0.4669738410407145,95.6225,97.5475,101.74990721296066
15771,2026-01-24 05:00:00+01:00,40.03900146484375,83.17500305175781,49230.81,0.0,22139.15,0.4497011118749212,96.9975,98.91,101.5234536335088
15772,2026-01-24 06:00:00+01:00,40.03900146484375,83.17500305175781,50688.39,0.0,22084.21,0.4356857654315542,108.1975,100.3975,106.9106053676324
15773,2026-01-24 07:00:00+01:00,40.03900146484375,83.17500305175781,53430.74,8.16,21683.27,0.4058201326790869,133.0,104.06,119.91551659773452
15774,2026-01-24 08:00:00+01:00,40.03900146484375,83.17500305175781,56859.24,855.64,22093.64,0.3885672758924376,152.9375,110.9975,126.30582091585804
15775,2026-01-24 09:00:00+01:00,40.03900146484375,83.17500305175781,59453.71,3603.4,23920.39,0.4023363722125437,142.4875,123.0925,130.86945437395352
15776,2026-01-24 10:00:00+01:00,40.03900146484375,83.17500305175781,61249.76,7093.88,26057.6,0.425431871010526,115.3775,119.24,124.49273960869819
15777,2026-01-24 11:00:00+01:00,40.03900146484375,83.17500305175781,62428.4,10380.0,28156.26,0.451016844825269,100.1275,110.2975,117.35410009931422
15778,2026-01-24 12:00:00+01:00,40.03900146484375,83.17500305175781,62059.92,12302.57,28994.36,0.4671994420123004,96.2125,106.2175,115.37671198305797
15779,2026-01-24 13:00:00+01:00,40.03900146484375,83.17500305175781,60287.82,11952.21,28073.47,0.4656574080028673,95.76,101.8725,114.60405888169882
15780,2026-01-24 14:00:00+01:00,40.03900146484375,83.17500305175781,58544.98,9224.17,25261.61,0.4314906247416105,97.08,105.12,117.94935747769837
15781,2026-01-24 15:00:00+01:00,40.03900146484375,83.17500305175781,57902.14,5121.93,21285.67,0.3676145647867911,108.7675,118.2275,126.00755803403858
15782,2026-01-24 16:00:00+01:00,40.03900146484375,83.17500305175781,59159.59,1320.59,18148.27,0.3067680150746873,124.0475,131.905,145.81026089983533
15783,2026-01-24 17:00:00+01:00,40.03900146484375,83.17500305175781,61730.57,34.63,18131.07,0.2937129852690955,136.08499999999998,146.7225,148.1409750700248
15784,2026-01-24 18:00:00+01:00,40.03900146484375,83.17500305175781,62517.71,0.0,19181.05,0.3068098623083267,128.48250000000002,141.7475,148.76899710410447
15785,2026-01-24 19:00:00+01:00,40.03900146484375,83.17500305175781,60666.03,0.0,19456.18,0.3207096293723671,116.8025,131.9325,143.29418803861734
15786,2026-01-24 20:00:00+01:00,40.03900146484375,83.17500305175781,57578.49,0.0,19062.82,0.3310753720128688,107.2225,118.6725,131.2289262151466
15787,2026-01-24 21:00:00+01:00,40.03900146484375,83.17500305175781,54914.87,0.0,18287.67,0.3330185430042866,103.96,110.5375,125.16502836764658
15788,2026-01-24 22:00:00+01:00,40.03900146484375,83.17500305175781,52769.41,0.0,17201.51,0.3259750297898014,104.79,110.31,120.77550876243562
15789,2026-01-24 23:00:00+01:00,40.03900146484375,83.17500305175781,50053.72,0.0,16313.26,0.3259150368192584,96.995,104.15,117.11722717843486
15790,2026-01-25 00:00:00+01:00,40.03900146484375,83.17500305175781,47833.43,0.0,16557.11,0.3461409728831612,99.8,101.4425,116.95816787083966
15791,2026-01-25 01:00:00+01:00,40.03900146484375,83.17500305175781,46213.16,0.0,16395.42,0.3547781626803321,99.035,101.7575,113.04225511865845
15792,2026-01-25 02:00:00+01:00,40.03900146484375,83.17500305175781,45470.0,0.0,16235.19,0.3570527819755766,98.315,101.315,111.33240011900003
15793,2026-01-25 03:00:00+01:00,40.03900146484375,83.17500305175781,45184.66,0.0,15889.07,0.3516474395620886,97.825,101.77,109.8283857564688
15794,2026-01-25 04:00:00+01:00,40.03900146484375,83.17500305175781,45350.77,0.0,15452.25,0.3407274010252246,97.5475,100.8625,110.35593347325099
15795,2026-01-25 05:00:00+01:00,40.03900146484375,83.17500305175781,46215.96,0.0,15328.32,0.3316672421536483,98.91,100.5125,111.5853892171153
15796,2026-01-25 06:00:00+01:00,40.03900146484375,83.17500305175781,48068.8,0.0,15781.17,0.3283038061427986,100.3975,99.965,113.92655605739166
15797,2026-01-25 07:00:00+01:00,40.03900146484375,83.17500305175781,50504.28,4.86,16181.25,0.3203936378619013,104.06,102.06,115.9939154884204
15798,2026-01-25 08:00:00+01:00,40.03900146484375,83.17500305175781,53323.12,492.15,16784.62,0.3147719037605503,110.9975,103.7575,124.68991869304267
15799,2026-01-25 09:00:00+01:00,40.03900146484375,83.17500305175781,55941.81,2374.79,18374.0,0.3284484359143101,123.0925,108.8875,134.13413678823812
15800,2026-01-25 10:00:00+01:00,40.03900146484375,83.17500305175781,58058.92,4712.86,20099.91,0.3461984824474519,119.24,113.1925,131.2978786661427
15801,2026-01-25 11:00:00+01:00,40.03900146484375,83.17500305175781,59405.92,6541.76,21407.45,0.3603588665304133,110.2975,116.0175,123.44498098135679
15802,2026-01-25 12:00:00+01:00,40.03900146484375,83.17500305175781,59518.4,7155.21,21807.72,0.3664029946425974,106.2175,120.03,122.67421169597176
15803,2026-01-25 13:00:00+01:00,40.03900146484375,83.17500305175781,58312.71,6372.14,21526.33,0.3691533114531715,101.8725,116.1075,117.85130878154315
15804,2026-01-25 14:00:00+01:00,40.03900146484375,83.17500305175781,56723.92,4589.73,20804.33,0.3667646734628417,105.12,114.315,117.21196441417821
15805,2026-01-25 15:00:00+01:00,40.03900146484375,83.17500305175781,56352.71,2402.12,20089.88,0.3565024645032151,118.2275,111.7525,125.23558447125605
15806,2026-01-25 16:00:00+01:00,40.03900146484375,83.17500305175781,57619.52,577.61,19998.93,0.347086022176671,131.905,116.9,138.17864631756265
15807,2026-01-25 17:00:00+01:00,40.03900146484375,83.17500305175781,60462.63,21.17,20791.03,0.3438657894398795,146.7225,131.2125,144.1786667576195
15808,2026-01-25 18:00:00+01:00,40.03900146484375,83.17500305175781,61522.82,0.0,21316.21,0.3464764781025192,141.7475,137.375,147.75925997011961
15809,2026-01-25 19:00:00+01:00,40.03900146484375,83.17500305175781,60084.38,0.0,20915.69,0.348105281214834,131.9325,132.575,143.30950550086465
15810,2026-01-25 20:00:00+01:00,40.03900146484375,83.17500305175781,57843.94,0.0,20301.74,0.3509743630273155,118.6725,124.0175,134.208482046184
15811,2026-01-25 21:00:00+01:00,40.03900146484375,83.17500305175781,55825.2,0.0,19512.44,0.3495274534888316,110.5375,114.0225,123.45658850530988
15812,2026-01-25 22:00:00+01:00,40.03900146484375,83.17500305175781,54051.14,0.0,18796.57,0.3477552924234798,110.31,111.9425,121.89362933483943
15813,2026-01-25 23:00:00+01:00,40.03900146484375,83.17500305175781,51537.27,0.0,18842.25,0.3656043480057045,104.15,104.49,116.56782464516041
15814,2026-01-26 00:00:00+01:00,40.03900146484375,83.17500305175781,49954.56,0.0,18899.59,0.3783356313461002,101.4425,103.925,115.1010965923832
15815,2026-01-26 01:00:00+01:00,40.03900146484375,83.17500305175781,48650.9,0.0,19569.82,0.4022499069077345,101.7575,101.1125,110.46136854269079
15816,2026-01-26 02:00:00+01:00,40.03900146484375,83.17500305175781,48124.8,0.0,20402.1,0.4239415020064619,101.315,98.7275,108.69373837037703
15817,2026-01-26 03:00:00+01:00,40.03900146484375,83.17500305175781,48637.17,0.0,20982.72,0.4314132585363389,101.77,95.8525,105.00268447494547
15818,2026-01-26 04:00:00+01:00,40.03900146484375,83.17500305175781,49733.84,0.0,21324.33,0.4287690231784296,100.8625,95.0325,104.69190593726287
15819,2026-01-26 05:00:00+01:00,40.03900146484375,83.17500305175781,54886.02,0.0,21504.1,0.3917955792036304,100.5125,97.1925,111.57354592257474
15820,2026-01-26 06:00:00+01:00,40.03900146484375,83.17500305175781,64148.91,0.0,21701.73,0.3383023966676436,99.965,114.2775,136.81482078742312
15821,2026-01-26 07:00:00+01:00,40.03900146484375,83.17500305175781,70723.36,6.39,21797.23,0.3082041067748755,102.06,153.1975,158.74101062013477
15822,2026-01-26 08:00:00+01:00,40.03900146484375,83.17500305175781,72903.08,295.47,22258.12,0.3053111061555545,103.7575,175.1325,162.3560589240205
15823,2026-01-26 09:00:00+01:00,40.03900146484375,83.17500305175781,72470.35,1224.92,23245.43,0.3207577995248045,108.8875,177.9675,157.36486356474063
15824,2026-01-26 10:00:00+01:00,40.03900146484375,83.17500305175781,72434.84,2551.19,24427.03,0.337227637924343,113.1925,178.0125,151.34183649072406
15825,2026-01-26 11:00:00+01:00,40.03900146484375,83.17500305175781,72280.65,3579.04,25098.0,0.3472298602257686,116.0175,170.3425,145.87992863707944
15826,2026-01-26 12:00:00+01:00,40.03900146484375,83.17500305175781,71728.66,3911.87,24982.92,0.3482975981499866,120.03,156.03,145.1917831122575
15827,2026-01-26 13:00:00+01:00,40.03900146484375,83.17500305175781,70139.79,3659.27,24210.11,0.3451694109227916,116.1075,149.39499999999998,147.0112592744499
15828,2026-01-26 14:00:00+01:00,40.03900146484375,83.17500305175781,68732.92,2776.28,22816.32,0.3319562154013017,114.315,147.78,152.07664166023739
15829,2026-01-26 15:00:00+01:00,40.03900146484375,83.17500305175781,68287.14,1553.4,21078.17,0.3086696850521679,111.7525,159.97,157.57254034092688
15830,2026-01-26 16:00:00+01:00,40.03900146484375,83.17500305175781,69244.56,446.21,19617.79,0.2833116420577571,116.9,166.32999999999998,168.46351750826642
15831,2026-01-26 17:00:00+01:00,40.03900146484375,83.17500305175781,71530.84,23.35,18781.4,0.262563671800504,131.2125,178.6975,185.93748414714798
15832,2026-01-26 18:00:00+01:00,40.03900146484375,83.17500305175781,72713.53,0.0,18109.47,0.2490522740060822,137.375,178.0225,188.59574125505617
15833,2026-01-26 19:00:00+01:00,40.03900146484375,83.17500305175781,70577.66,0.0,17244.14,0.2443285877933146,132.575,169.9725,181.837104912445
15834,2026-01-26 20:00:00+01:00,40.03900146484375,83.17500305175781,66903.27,0.0,16088.45,0.2404732982049347,124.0175,154.16500000000002,167.75970753183321
15835,2026-01-26 21:00:00+01:00,40.03900146484375,83.17500305175781,63119.21,0.0,15196.97,0.2407661629097122,114.0225,137.1125,147.4426721929496
15836,2026-01-26 22:00:00+01:00,40.03900146484375,83.17500305175781,59794.66,0.0,14556.33,0.2434386280909635,111.9425,121.5,139.9004530388853
15837,2026-01-26 23:00:00+01:00,40.03900146484375,83.17500305175781,55777.34,0.0,14048.86,0.2518739688461526,104.49,111.685,131.16899955035197
15838,2026-01-27 00:00:00+01:00,39.11199951171875,82.33000183105469,53368.93,0.0,10233.05,0.191741711855242,103.925,118.7675,131.545234802415
15839,2026-01-27 01:00:00+01:00,39.11199951171875,82.33000183105469,52166.12,0.0,9570.36,0.1834593026693456,101.1125,113.7025,129.1819625431456
15840,2026-01-27 02:00:00+01:00,39.11199951171875,82.33000183105469,51456.39,0.0,9110.53,0.1770534232624843,98.7275,112.1575,127.4350591621712
15841,2026-01-27 03:00:00+01:00,39.11199951171875,82.33000183105469,51697.09,0.0,9035.82,0.1747839191384304,95.8525,111.4875,122.91117398985104
15842,2026-01-27 04:00:00+01:00,39.11199951171875,82.33000183105469,52967.64,0.0,9300.88,0.1755955145112004,95.0325,110.545,123.88908079849536
15843,2026-01-27 05:00:00+01:00,39.11199951171875,82.33000183105469,56521.76,0.0,9745.81,0.1724258055353502,97.1925,111.65,130.4439853393293
15844,2026-01-27 06:00:00+01:00,39.11199951171875,82.33000183105469,63114.98,0.0,10420.25,0.1650994739814384,114.2775,133.61,158.7223679743658
15845,2026-01-27 07:00:00+01:00,39.11199951171875,82.33000183105469,68822.45,9.17,11103.01,0.1613283165360535,153.1975,159.875,191.41274711183996
15846,2026-01-27 08:00:00+01:00,39.11199951171875,82.33000183105469,71967.87,802.14,12851.74,0.1785760784390901,175.1325,176.635,216.19745841993284
15847,2026-01-27 09:00:00+01:00,39.11199951171875,82.33000183105469,71957.38,3098.83,16144.11,0.2243565565860851,177.9675,171.195,198.47573668182207
15848,2026-01-27 10:00:00+01:00,39.11199951171875,82.33000183105469,72411.19,5849.2,19701.38,0.2720764566537193,178.0125,148.45749999999998,178.5951424862156
15849,2026-01-27 11:00:00+01:00,39.11199951171875,82.33000183105469,72639.09,8136.55,22756.95,0.3132879279857047,170.3425,133.29,165.0677790683376
15850,2026-01-27 12:00:00+01:00,39.11199951171875,82.33000183105469,72209.04,8814.83,24385.94,0.337713117313606,156.03,123.03,151.18083292413883
15851,2026-01-27 13:00:00+01:00,39.11199951171875,82.33000183105469,70621.99,7732.6,24572.53,0.347944457477346,149.39499999999998,112.4875,146.87157276805073
15852,2026-01-27 14:00:00+01:00,39.11199951171875,82.33000183105469,68786.68,5345.44,24158.29,0.3512059310972407,147.78,131.0825,147.56723706233151
15853,2026-01-27 15:00:00+01:00,39.11199951171875,82.33000183105469,68748.49,2651.23,23846.16,0.3468608546388639,159.97,127.4475,155.65253641164156
15854,2026-01-27 16:00:00+01:00,39.11199951171875,82.33000183105469,69757.88,640.68,24024.95,0.344404818445686,166.32999999999998,132.98,160.5334578132585
15855,2026-01-27 17:00:00+01:00,39.11199951171875,82.33000183105469,72910.17,27.03,24398.76,0.334641381259344,178.6975,152.62,174.13182262166913
15856,2026-01-27 18:00:00+01:00,39.11199951171875,82.33000183105469,72903.14,0.0,24467.7,0.3356192887802062,178.0225,141.14,172.69614966773577
15857,2026-01-27 19:00:00+01:00,39.11199951171875,82.33000183105469,71196.4,0.0,24048.34,0.3377746627164049,169.9725,138.8825,161.28096495160452
15858,2026-01-27 20:00:00+01:00,39.11199951171875,82.33000183105469,67858.58,0.0,23243.4,0.3425270613763909,154.16500000000002,121.5875,146.19192472932667
15859,2026-01-27 21:00:00+01:00,39.11199951171875,82.33000183105469,63672.44,0.0,22301.78,0.3502579765515098,137.1125,119.3675,131.64956949908625
15860,2026-01-27 22:00:00+01:00,39.11199951171875,82.33000183105469,60542.5,0.0,21325.59,0.3522416483706088,121.5,120.7,127.28204379678739
15861,2026-01-27 23:00:00+01:00,39.11199951171875,82.33000183105469,56875.79,0.0,20725.69,0.3644026746064708,111.685,111.85,119.64195719734715
15862,2026-01-28 00:00:00+01:00,38.76100158691406,83.20999908447266,54573.21,0.0,20655.38,0.3784893722801922,118.7675,105.475,117.3864995636931
15863,2026-01-28 01:00:00+01:00,38.76100158691406,83.20999908447266,52970.15,0.0,20829.26,0.3932263736475682,113.7025,104.465,115.51136635991695
15864,2026-01-28 02:00:00+01:00,38.76100158691406,83.20999908447266,52249.48,0.0,21151.64,0.4048201053092164,112.1575,104.465,111.48989026725634
15865,2026-01-28 03:00:00+01:00,38.76100158691406,83.20999908447266,52725.81,0.0,21268.8,0.4033849834827791,111.4875,102.24,112.54816815022741
15866,2026-01-28 04:00:00+01:00,38.76100158691406,83.20999908447266,54029.22,0.0,21199.63,0.3923734230491624,110.545,104.7125,111.49010110135877
15867,2026-01-28 05:00:00+01:00,38.76100158691406,83.20999908447266,57596.6,0.0,21221.95,0.3684583811599194,111.65,106.6,115.29185227736325
15868,2026-01-28 06:00:00+01:00,38.76100158691406,83.20999908447266,64247.77,0.0,21443.87,0.3337683159534146,133.61,113.6975,134.0348145410695
15869,2026-01-28 07:00:00+01:00,38.76100158691406,83.20999908447266,70341.66,15.62,21190.31,0.3012483640134099,159.875,143.5975,173.41522267671235
15870,2026-01-28 08:00:00+01:00,38.76100158691406,83.20999908447266,72796.39,510.4,21874.64,0.3004907248421947,176.635,171.0025,182.6802003054882
15871,2026-01-28 09:00:00+01:00,38.76100158691406,83.20999908447266,72454.5,1993.78,23240.87,0.320765031803302,171.195,173.64499999999998,176.77599716241184
15872,2026-01-28 10:00:00+01:00,38.76100158691406,83.20999908447266,72593.03,3791.45,24576.29,0.338548893697019,148.45749999999998,172.325,160.08075743264908
15873,2026-01-28 11:00:00+01:00,38.76100158691406,83.20999908447266,72329.83,5230.46,25534.27,0.3530254391095588,133.29,166.24,146.73053286308368
15874,2026-01-28 12:00:00+01:00,38.76100158691406,83.20999908447266,71280.92,5526.13,25684.27,0.3603246141659894,123.03,157.0875,144.7343412888007
15875,2026-01-28 13:00:00+01:00,38.76100158691406,83.20999908447266,70114.49,4755.36,25336.48,0.3613586862913274,112.4875,147.9125,139.72393047993836
15876,2026-01-28 14:00:00+01:00,38.76100158691406,83.20999908447266,68785.2,3331.82,24944.44,0.3626425451459554,131.0825,145.035,143.9176517196468
15877,2026-01-28 15:00:00+01:00,38.76100158691406,83.20999908447266,68767.44,1716.62,24538.2,0.3568287549519323,127.4475,141.13750000000002,148.2548921905771
15878,2026-01-28 16:00:00+01:00,38.76100158691406,83.20999908447266,69761.1,432.79,24541.05,0.3517870273903669,132.98,147.1275,153.91595144217763
15879,2026-01-28 17:00:00+01:00,38.76100158691406,83.20999908447266,71530.77,17.43,25198.38,0.3522732943665679,152.62,164.2225,164.0009610166781
15880,2026-01-28 18:00:00+01:00,38.76100158691406,83.20999908447266,71954.77,0.0,25823.07,0.3588791958672261,141.14,170.425,162.09281808995343
15881,2026-01-28 19:00:00+01:00,38.76100158691406,83.20999908447266,70299.0,0.0,25902.5,0.3684618557350087,138.8825,161.225,154.3652935588682
15882,2026-01-28 20:00:00+01:00,38.76100158691406,83.20999908447266,67145.51,0.0,25696.69,0.382701538735397,121.5875,134.265,135.07199247599937
15883,2026-01-28 21:00:00+01:00,38.76100158691406,83.20999908447266,63389.57,0.0,25348.91,0.3998908652638137,119.3675,119.01,128.5626652899689
15884,2026-01-28 22:00:00+01:00,38.76100158691406,83.20999908447266,59967.28,0.0,24781.28,0.4132466904596562,120.7,117.0,124.83164255684082
15885,2026-01-28 23:00:00+01:00,38.76100158691406,83.20999908447266,56761.23,0.0,23986.23,0.422581223059722,111.85,110.9575,117.68455570373709
15886,2026-01-29 00:00:00+01:00,38.86100006103516,81.31999969482422,53527.7,0.0,24162.94,0.4514100175327148,105.475,104.55,112.26176859172708
15887,2026-01-29 01:00:00+01:00,38.86100006103516,81.31999969482422,51512.07,0.0,23051.23,0.4474918207621064,104.465,104.0,109.61338535688841
15888,2026-01-29 02:00:00+01:00,38.86100006103516,81.31999969482422,50623.44,0.0,22073.3,0.436029238543246,104.465,101.88,110.14659755657577
15889,2026-01-29 03:00:00+01:00,38.86100006103516,81.31999969482422,51053.43,0.0,21437.2,0.419897350595269,102.24,100.0225,111.86860132409944
15890,2026-01-29 04:00:00+01:00,38.86100006103516,81.31999969482422,52614.79,0.0,21148.2,0.4019440160453089,104.7125,100.9325,113.35730429948333
15891,2026-01-29 05:00:00+01:00,38.86100006103516,81.31999969482422,56795.57,0.0,21284.06,0.3747485938824544,106.6,104.6375,117.76160717324977
15892,2026-01-29 06:00:00+01:00,38.86100006103516,81.31999969482422,63176.88,0.0,21660.39,0.3428531132998569,113.6975,116.12,134.02651691136617
15893,2026-01-29 07:00:00+01:00,38.86100006103516,81.31999969482422,69039.2,11.45,21300.21,0.3085234185349014,143.5975,149.595,163.31604432624232
15894,2026-01-29 08:00:00+01:00,38.86100006103516,81.31999969482422,72236.96,323.72,21387.43,0.2960732289542537,171.0025,165.6825,181.14049210747385
15895,2026-01-29 09:00:00+01:00,38.86100006103516,81.31999969482422,72714.16,1265.52,22252.86,0.3060320025279763,173.64499999999998,168.035,174.14046378609407
15896,2026-01-29 10:00:00+01:00,38.86100006103516,81.31999969482422,72939.05,2474.12,23496.11,0.3221334798955931,172.325,160.675,169.90946779131713
15897,2026-01-29 11:00:00+01:00,38.86100006103516,81.31999969482422,72973.97,3449.13,24347.78,0.333650204266857,166.24,152.7925,166.27196304263242
15898,2026-01-29 12:00:00+01:00,38.86100006103516,81.31999969482422,72395.45,3707.22,24169.04,0.3338475000384903,157.0875,143.035,160.38643943775168
15899,2026-01-29 13:00:00+01:00,38.86100006103516,81.31999969482422,71246.29,3390.89,23485.57,0.329639199412399,147.9125,142.815,151.9117228333775
15900,2026-01-29 14:00:00+01:00,38.86100006103516,81.31999969482422,70013.76,2652.58,22250.72,0.3178049571515935,145.035,142.9925,151.8367843396611
15901,2026-01-29 15:00:00+01:00,38.86100006103516,81.31999969482422,69510.08,1568.93,20538.73,0.2954784399190047,141.13750000000002,147.6125,158.71028713259756
15902,2026-01-29 16:00:00+01:00,38.86100006103516,81.31999969482422,71248.35,493.72,19212.4,0.2696539638785103,147.1275,153.1025,163.9281260577971
15903,2026-01-29 17:00:00+01:00,38.86100006103516,81.31999969482422,73119.95,46.48,19240.54,0.2631366678638133,164.2225,159.4775,177.65169852311965
15904,2026-01-29 18:00:00+01:00,38.86100006103516,81.31999969482422,72540.0,0.0,19983.64,0.2754844223496713,170.425,157.24,176.95679668931825
15905,2026-01-29 19:00:00+01:00,38.86100006103516,81.31999969482422,70184.92,0.0,20494.98,0.2920140109453691,161.225,150.0375,163.0370736755179
15906,2026-01-29 20:00:00+01:00,38.86100006103516,81.31999969482422,66750.7,0.0,20707.02,0.3102142748600068,134.265,126.5575,140.73435363469412
15907,2026-01-29 21:00:00+01:00,38.86100006103516,81.31999969482422,62834.1,0.0,20834.38,0.3315775987351489,119.01,113.57,130.42866417613948
15908,2026-01-29 22:00:00+01:00,38.86100006103516,81.31999969482422,59531.8,0.0,20916.5,0.3513500347123133,117.0,109.315,125.16548296682606
15909,2026-01-29 23:00:00+01:00,38.86100006103516,81.31999969482422,56068.0,0.0,20886.35,0.3725181921287511,110.9575,102.9775,116.22985978734222
15910,2026-01-30 00:00:00+01:00,40.11299896240234,78.80999755859375,53478.67,0.0,20394.11,0.381350358866189,104.55,111.065,113.84339616087995
15911,2026-01-30 01:00:00+01:00,40.11299896240234,78.80999755859375,51928.66,0.0,20654.5,0.3977476021145649,104.0,103.3125,112.33516124555425
15912,2026-01-30 02:00:00+01:00,40.11299896240234,78.80999755859375,51446.79,0.0,20877.61,0.4058097695879937,101.88,100.8525,111.56170728122261
15913,2026-01-30 03:00:00+01:00,40.11299896240234,78.80999755859375,51737.55,0.0,21122.35,0.4082595715475008,100.0225,97.3875,109.95042323439041
15914,2026-01-30 04:00:00+01:00,40.11299896240234,78.80999755859375,53233.4,0.0,21536.33,0.4045642396682225,100.9325,97.3,112.66881435380402
15915,2026-01-30 05:00:00+01:00,40.11299896240234,78.80999755859375,57115.49,0.0,22084.57,0.3866651585433889,104.6375,96.2775,115.7532549912663
15916,2026-01-30 06:00:00+01:00,40.11299896240234,78.80999755859375,63728.13,0.0,22976.62,0.360541255429817,116.12,111.125,130.7028619844584
15917,2026-01-30 07:00:00+01:00,40.11299896240234,78.80999755859375,69256.0,12.23,23297.83,0.336401611364156,149.595,131.7775,160.62485591300197
15918,2026-01-30 08:00:00+01:00,40.11299896240234,78.80999755859375,71918.23,651.76,24386.07,0.3390805084692601,165.6825,143.755,167.20533204518887
15919,2026-01-30 09:00:00+01:00,40.11299896240234,78.80999755859375,73261.33,2650.93,26485.42,0.3615197812595649,168.035,147.035,163.2757388584351
15920,2026-01-30 10:00:00+01:00,40.11299896240234,78.80999755859375,73319.91,5181.92,28700.3,0.3914393784182987,160.675,132.63,153.16909906761765
15921,2026-01-30 11:00:00+01:00,40.11299896240234,78.80999755859375,73154.79,7211.3,30363.24,0.4150547079124888,152.7925,126.1,139.81847755003952
15922,2026-01-30 12:00:00+01:00,40.11299896240234,78.80999755859375,72327.05,7968.67,30773.66,0.4254792639233206,143.035,118.205,132.89339062697707
15923,2026-01-30 13:00:00+01:00,40.11299896240234,78.80999755859375,70423.43,7426.52,30442.32,0.4322754514467308,142.815,110.39,130.87956585366896
15924,2026-01-30 14:00:00+01:00,40.11299896240234,78.80999755859375,68744.01,5588.23,29555.79,0.4299398594248517,142.9925,110.3175,129.8916886107567
15925,2026-01-30 15:00:00+01:00,40.11299896240234,78.80999755859375,68201.46,3141.69,28590.81,0.4192111136009095,147.6125,111.195,135.01070367514643
15926,2026-01-30 16:00:00+01:00,40.11299896240234,78.80999755859375,69571.74,967.69,28616.82,0.4113282202786176,153.1025,114.9375,140.1268656141243
15927,2026-01-30 17:00:00+01:00,40.11299896240234,78.80999755859375,71331.86,51.05,29709.02,0.4164901910006987,159.4775,124.81,142.440572136782
15928,2026-01-30 18:00:00+01:00,40.11299896240234,78.80999755859375,71104.74,0.0,30684.81,0.4315438041920209,157.24,122.8875,137.83694878185787
15929,2026-01-30 19:00:00+01:00,40.11299896240234,78.80999755859375,68754.74,0.0,31208.22,0.4539064506019648,150.0375,113.0875,130.85899374241478
15930,2026-01-30 20:00:00+01:00,40.11299896240234,78.80999755859375,65222.44,0.0,31434.5,0.4819583565898548,126.5575,108.5975,118.58786539170403
15931,2026-01-30 21:00:00+01:00,40.11299896240234,78.80999755859375,61472.15,0.0,31369.83,0.5103096279355269,113.57,101.6825,107.50895266261001
15932,2026-01-30 22:00:00+01:00,40.11299896240234,78.80999755859375,58182.06,0.0,30617.26,0.5262319690079327,109.315,101.09,102.49360701998279
15933,2026-01-30 23:00:00+01:00,40.11299896240234,78.80999755859375,54734.51,0.0,30344.42,0.5543928317702317,102.9775,92.695,98.81506963480902
15934,2026-01-31 00:00:00+01:00,39.28499984741211,76.80500030517578,53475.6,0.0,28289.25,0.5290122970983004,111.065,96.9525,101.42653261652386
15935,2026-01-31 01:00:00+01:00,39.28499984741211,76.80500030517578,51228.83,0.0,28124.24,0.5489924324742547,103.3125,97.3775,95.8953586848815
15936,2026-01-31 02:00:00+01:00,39.28499984741211,76.80500030517578,50055.41,0.0,28250.46,0.5643837498155775,100.8525,94.5075,92.417895763147
15937,2026-01-31 03:00:00+01:00,39.28499984741211,76.80500030517578,49730.97,0.0,28460.33,0.572285841082069,97.3875,94.08,91.9980699913797
15938,2026-01-31 04:00:00+01:00,39.28499984741211,76.80500030517578,49689.88,0.0,28715.15,0.5778872879995107,97.3,93.325,90.71009403797956
15939,2026-01-31 05:00:00+01:00,39.28499984741211,76.80500030517578,50945.16,0.0,28899.2,0.5672609526464808,96.2775,94.0575,93.43991344067445
15940,2026-01-31 06:00:00+01:00,39.28499984741211,76.80500030517578,52795.75,0.0,29308.62,0.5551321838301128,111.125,93.45,96.71373698036187
15941,2026-01-31 07:00:00+01:00,39.28499984741211,76.80500030517578,55552.93,22.75,28904.16,0.5202994692592633,131.7775,92.9025,105.28010126536068
15942,2026-01-31 08:00:00+01:00,39.28499984741211,76.80500030517578,58482.28,742.97,29150.36,0.4984477348526002,143.755,103.955,111.80804071109158
15943,2026-01-31 09:00:00+01:00,39.28499984741211,76.80500030517578,60972.25,2719.4,30251.79,0.4961566941524781,147.035,109.0625,116.05591069953634
15944,2026-01-31 10:00:00+01:00,39.28499984741211,76.80500030517578,62591.4,5297.89,31619.06,0.5051662048611844,132.63,114.215,113.42612769333675
15945,2026-01-31 11:00:00+01:00,39.28499984741211,76.80500030517578,63463.25,7599.64,32567.03,0.5131636024765256,126.1,113.47,110.94792950933663
15946,2026-01-31 12:00:00+01:00,39.28499984741211,76.80500030517578,63197.23,8696.82,32429.69,0.5131504971795202,118.205,111.2775,108.38788372484953
15947,2026-01-31 13:00:00+01:00,39.28499984741211,76.80500030517578,61567.08,8434.1,31522.91,0.5120091775487794,110.39,107.39,105.25931374592379
15948,2026-01-31 14:00:00+01:00,39.28499984741211,76.80500030517578,59511.99,6671.05,29650.54,0.4982280040546068,110.3175,110.305,106.10854836547857
15949,2026-01-31 15:00:00+01:00,39.28499984741211,76.80500030517578,59384.99,3829.03,27163.99,0.4574218164459703,111.195,113.1675,115.21276348745651
15950,2026-01-31 16:00:00+01:00,39.28499984741211,76.80500030517578,61068.3,1158.72,25335.44,0.4148705628918979,114.9375,119.3575,127.44721542673348
15951,2026-01-31 17:00:00+01:00,39.28499984741211,76.80500030517578,63515.69,54.28,25072.68,0.3947478173668982,124.81,134.605,138.204311058927
15952,2026-01-31 18:00:00+01:00,39.28499984741211,76.80500030517578,64355.45,0.0,25383.25,0.3944226945201342,122.8875,138.0375,138.5820811190461
15953,2026-01-31 19:00:00+01:00,39.28499984741211,76.80500030517578,62798.92,0.0,25314.92,0.4031107540697975,113.0875,133.95,135.97155210290785
15954,2026-01-31 20:00:00+01:00,39.28499984741211,76.80500030517578,59719.29,0.0,25011.64,0.4188201165119645,108.5975,125.645,122.16884500526069
15955,2026-01-31 21:00:00+01:00,39.28499984741211,76.80500030517578,56603.53,0.0,24411.14,0.4312653291356095,101.6825,114.2075,116.09341138680628
15956,2026-01-31 22:00:00+01:00,39.28499984741211,76.80500030517578,54650.6,0.0,23044.26,0.4216652698375378,101.09,114.145,115.44275466143189
15957,2026-01-31 23:00:00+01:00,39.28499984741211,76.80500030517578,52017.22,0.0,22216.34,0.4270958731690975,92.695,105.9,110.06276832448128
15958,2026-02-01 00:00:00+01:00,39.28499984741211,76.80500030517578,49395.1,0.0,22110.31,0.4476215251213943,96.9525,96.09,105.18827005207346
15959,2026-02-01 01:00:00+01:00,39.28499984741211,76.80500030517578,47724.06,0.0,21782.6,0.4564280573663623,97.3775,94.0075,101.15130946325526
15960,2026-02-01 02:00:00+01:00,39.28499984741211,76.80500030517578,46854.51,0.0,21465.41,0.4581290039191255,94.5075,98.4025,101.39808124242147
15961,2026-02-01 03:00:00+01:00,39.28499984741211,76.80500030517578,46834.51,0.0,21075.67,0.4500029998285445,94.08,96.0575,101.18047249559348
15962,2026-02-01 04:00:00+01:00,39.28499984741211,76.80500030517578,47032.64,0.0,21013.87,0.4467933332156575,93.325,98.3125,101.46151957239351
15963,2026-02-01 05:00:00+01:00,39.28499984741211,76.80500030517578,47620.53,0.0,20926.47,0.4394421900723402,94.0575,98.2225,100.29498968294517
15964,2026-02-01 06:00:00+01:00,39.28499984741211,76.80500030517578,49396.14,0.0,20972.75,0.424582770956479,93.45,96.015,102.62656995008214
15965,2026-02-01 07:00:00+01:00,39.28499984741211,76.80500030517578,51800.14,14.59,21043.17,0.4062377050706353,92.9025,99.5,105.96512707834574
15966,2026-02-01 08:00:00+01:00,39.28499984741211,76.80500030517578,54837.23,645.28,21874.15,0.3988923218042026,103.955,105.255,111.56618341611743
15967,2026-02-01 09:00:00+01:00,39.28499984741211,76.80500030517578,57459.09,2675.78,23847.08,0.4150271087803467,109.0625,109.235,117.67028669202003
15968,2026-02-01 10:00:00+01:00,39.28499984741211,76.80500030517578,59261.67,5202.86,25881.05,0.4367249521593426,114.215,109.845,119.65446264534394
15969,2026-02-01 11:00:00+01:00,39.28499984741211,76.80500030517578,60693.39,7468.19,27374.44,0.4510283573794397,113.47,108.1575,116.57540371373307
15970,2026-02-01 12:00:00+01:00,39.28499984741211,76.80500030517578,60892.43,8746.97,28132.47,0.462002748048977,111.2775,107.125,114.02786285343629
15971,2026-02-01 13:00:00+01:00,39.28499984741211,76.80500030517578,60045.89,8529.03,28106.88,0.4680899890953252,107.39,100.3875,111.85735536239599
15972,2026-02-01 14:00:00+01:00,39.28499984741211,76.80500030517578,58575.14,6740.8,27108.89,0.4628053811800013,110.305,102.235,108.21341726816078
15973,2026-02-01 15:00:00+01:00,39.28499984741211,76.80500030517578,58298.24,3911.07,25224.5,0.4326803003945436,113.1675,108.9575,117.84876114529213
15974,2026-02-01 16:00:00+01:00,39.28499984741211,76.80500030517578,59724.68,1178.2,23870.94,0.3996830120480037,119.3575,114.6675,124.9179313894165
15975,2026-02-01 17:00:00+01:00,39.28499984741211,76.80500030517578,63033.42,56.09,24366.72,0.3865682680098005,134.605,129.4875,137.37116903143925
15976,2026-02-01 18:00:00+01:00,39.28499984741211,76.80500030517578,63559.69,0.0,25568.27,0.4022717857179178,138.0375,136.8425,138.635982314066
15977,2026-02-01 19:00:00+01:00,39.28499984741211,76.80500030517578,62251.37,0.0,25911.27,0.4162361405995986,133.95,137.39,130.35529432052925
15978,2026-02-01 20:00:00+01:00,39.28499984741211,76.80500030517578,59690.23,0.0,25799.39,0.4322213198990485,125.645,125.5925,123.04688161777419
15979,2026-02-01 21:00:00+01:00,39.28499984741211,76.80500030517578,57076.57,0.0,25713.93,0.4505163851908906,114.2075,113.8575,111.02559379625853
15980,2026-02-01 22:00:00+01:00,39.28499984741211,76.80500030517578,55280.96,0.0,25630.46,0.4636399222329641,114.145,113.885,108.9913959471531
15981,2026-02-01 23:00:00+01:00,39.28499984741211,76.80500030517578,52415.34,0.0,25943.47,0.4949594907721748,105.9,106.5525,104.48822503633502
15982,2026-02-02 00:00:00+01:00,39.28499984741211,76.80500030517578,50426.13,0.0,28861.15,0.5723451312697713,96.09,99.5925,95.68523010819561
15983,2026-02-02 01:00:00+01:00,39.28499984741211,76.80500030517578,49140.78,0.0,29596.84,0.6022867360668092,94.0075,97.9925,92.24159366712018
15984,2026-02-02 02:00:00+01:00,39.28499984741211,76.80500030517578,48730.6,0.0,30191.25,0.6195542429973047,98.4025,95.0925,88.7364121108722
15985,2026-02-02 03:00:00+01:00,39.28499984741211,76.80500030517578,49287.86,0.0,30608.18,0.6210084997358358,96.0575,91.0,88.01972834162245
15986,2026-02-02 04:00:00+01:00,39.28499984741211,76.80500030517578,50414.28,0.0,30963.78,0.6141866946003817,98.3125,91.7325,89.2805924351721
15987,2026-02-02 05:00:00+01:00,39.28499984741211,76.80500030517578,55455.41,0.0,31138.81,0.5615107704439457,98.2225,94.7225,100.56835354083688
15988,2026-02-02 06:00:00+01:00,39.28499984741211,76.80500030517578,64643.54,0.0,31633.82,0.4893577919016567,96.015,106.575,118.58768265511759
15989,2026-02-02 07:00:00+01:00,39.28499984741211,76.80500030517578,71546.61,20.94,31531.68,0.4407152204079668,99.5,122.885,136.2626451763227
15990,2026-02-02 08:00:00+01:00,39.28499984741211,76.80500030517578,73830.99,1089.38,32512.3,0.4403611545178574,105.255,136.8675,143.76886704814444
15991,2026-02-02 09:00:00+01:00,39.28499984741211,76.80500030517578,73653.87,3914.06,35093.86,0.476470007553375,109.235,140.155,134.1218986398854
15992,2026-02-02 10:00:00+01:00,39.28499984741211,76.80500030517578,73617.41,7614.17,37991.25,0.5160633876529935,109.845,124.54,124.182523452011
15993,2026-02-02 11:00:00+01:00,39.28499984741211,76.80500030517578,73678.35,11274.5,40493.1,0.5495929264771003,108.1575,114.6675,111.95629277647805
15994,2026-02-02 12:00:00+01:00,39.28499984741211,76.80500030517578,73489.19,13682.44,42099.81,0.57287078540764,107.125,109.2125,103.53795842163858
15995,2026-02-02 13:00:00+01:00,39.28499984741211,76.80500030517578,72156.34,13551.46,42179.82,0.5845615228565416,100.3875,104.0,98.90687075556025
15996,2026-02-02 14:00:00+01:00,39.28499984741211,76.80500030517578,70274.12,10735.34,40263.11,0.5729436383446789,102.235,102.9025,102.8181572038202
15997,2026-02-02 15:00:00+01:00,39.28499984741211,76.80500030517578,69153.11,6237.87,37161.58,0.537381182055676,108.9575,105.0775,112.62025187788521
15998,2026-02-02 16:00:00+01:00,39.28499984741211,76.80500030517578,69885.82,1876.06,34947.34,0.5000633890394268,114.6675,109.7775,123.88918782286405
15999,2026-02-02 17:00:00+01:00,39.28499984741211,76.80500030517578,72236.44,76.31,35512.39,0.4916132355786617,129.4875,118.1975,129.77878389552268
16000,2026-02-02 18:00:00+01:00,39.28499984741211,76.80500030517578,73598.26,0.0,36997.41,0.5026940853625217,136.8425,118.9675,134.07752800429034
16001,2026-02-02 19:00:00+01:00,39.28499984741211,76.80500030517578,71346.41,0.0,37617.67,0.5272538589499802,137.39,105.0,127.44622611072464
16002,2026-02-02 20:00:00+01:00,39.28499984741211,76.80500030517578,67775.95,0.0,37809.05,0.5578534862944963,125.5925,102.255,107.28623371928063
16003,2026-02-02 21:00:00+01:00,39.28499984741211,76.80500030517578,63672.45,0.0,37596.6,0.5904688761637932,113.8575,102.015,96.61690041982666
16004,2026-02-02 22:00:00+01:00,39.28499984741211,76.80500030517578,60234.23,0.0,37056.84,0.615212313560709,113.885,101.2275,95.6777232912958
16005,2026-02-02 23:00:00+01:00,39.28499984741211,76.80500030517578,56141.38,0.0,36847.78,0.6563390496178862,106.5525,91.385,89.94075583574862
16006,2026-02-03 00:00:00+01:00,33.94499969482422,78.37000274658203,53564.52,0.0,36062.39,0.6732514357128092,99.5925,91.7175,88.16893525645175
16007,2026-02-03 01:00:00+01:00,33.94499969482422,78.37000274658203,52159.36,0.0,36431.91,0.6984731022967933,97.9925,89.36500000000001,89.20115500552991
16008,2026-02-03 02:00:00+01:00,33.94499969482422,78.37000274658203,51646.24,0.0,37075.77,0.7178793653288449,95.0925,84.0075,85.82120288845334
16009,2026-02-03 03:00:00+01:00,33.94499969482422,78.37000274658203,52238.85,0.0,37750.31,0.7226481822010538,91.0,79.9375,82.26077370789683
16010,2026-02-03 04:00:00+01:00,33.94499969482422,78.37000274658203,53528.5,0.0,38839.61,0.7255874906403902,91.7325,76.84,82.3074620657918
16011,2026-02-03 05:00:00+01:00,33.94499969482422,78.37000274658203,57043.12,0.0,39865.81,0.6988714851679094,94.7225,82.16,88.14312375301505
16012,2026-02-03 06:00:00+01:00,33.94499969482422,78.37000274658203,63718.47,0.0,40806.77,0.6404229416305157,106.575,91.16,96.85323619044075
16013,2026-02-03 07:00:00+01:00,33.94499969482422,78.37000274658203,69614.84,39.54,40928.99,0.5879348425439267,122.885,97.6925,118.83658771273885
16014,2026-02-03 08:00:00+01:00,33.94499969482422,78.37000274658203,72713.31,1169.21,42065.99,0.5785184307276731,136.8675,106.2725,127.23660108878461
16015,2026-02-03 09:00:00+01:00,33.94499969482422,78.37000274658203,72417.63,4012.96,44302.97,0.6117705038660102,140.155,108.225,124.8899733240638
16016,2026-02-03 10:00:00+01:00,33.94499969482422,78.37000274658203,72724.12,7241.11,46193.87,0.6351932480399635,124.54,99.94,111.01085527887217
16017,2026-02-03 11:00:00+01:00,33.94499969482422,78.37000274658203,72925.86,10302.21,47842.0,0.6560361440158489,114.6675,90.83,103.84480537623278
16018,2026-02-03 12:00:00+01:00,33.94499969482422,78.37000274658203,72682.41,11921.78,48270.05,0.6641228598963459,109.2125,87.94749999999999,101.6384254780219
16019,2026-02-03 13:00:00+01:00,33.94499969482422,78.37000274658203,71432.66,11234.53,47107.34,0.6594650121303804,104.0,89.905,98.80607398186534
16020,2026-02-03 14:00:00+01:00,33.94499969482422,78.37000274658203,69887.7,8781.04,44648.73,0.6388639201692339,102.9025,93.1525,102.64476393146002
16021,2026-02-03 15:00:00+01:00,33.94499969482422,78.37000274658203,68880.35,5099.52,41515.23,0.602715142910465,105.0775,100.41,104.33998030684697
16022,2026-02-03 16:00:00+01:00,33.94499969482422,78.37000274658203,69559.81,1633.82,39253.68,0.5643155148692448,109.7775,106.615,112.07554275015785
16023,2026-02-03 17:00:00+01:00,33.94499969482422,78.37000274658203,72402.19,143.94,37802.75,0.5221216374087411,118.1975,125.7725,126.4854723199188
16024,2026-02-03 18:00:00+01:00,33.94499969482422,78.37000274658203,72443.67,0.0,37355.82,0.5156533344437612,118.9675,126.3475,126.58336902016858
16025,2026-02-03 19:00:00+01:00,33.94499969482422,78.37000274658203,71018.93,0.0,36603.94,0.5154110318874967,105.0,123.2275,120.93590081049054
16026,2026-02-03 20:00:00+01:00,33.94499969482422,78.37000274658203,67436.91,0.0,35852.99,0.5316523250351102,102.255,112.9,111.39644289261908
16027,2026-02-03 21:00:00+01:00,33.94499969482422,78.37000274658203,63177.91,0.0,34774.56,0.5504227663513365,102.015,103.2925,107.55075071087472
16028,2026-02-03 22:00:00+01:00,33.94499969482422,78.37000274658203,59898.91,0.0,33021.34,0.5512844890581006,101.2275,100.895,105.46708635931564
16029,2026-02-03 23:00:00+01:00,33.94499969482422,78.37000274658203,56294.36,0.0,31938.29,0.5673444017185124,91.385,94.8125,103.3414788522758
16030,2026-02-04 00:00:00+01:00,32.86000061035156,77.5199966430664,53679.04,0.0,29428.75,0.5482354005309641,91.7175,95.0025,100.36120465180888
16031,2026-02-04 01:00:00+01:00,32.86000061035156,77.5199966430664,51914.44,0.0,28140.91,0.542063248579381,89.36500000000001,92.7875,98.77131522373146
16032,2026-02-04 02:00:00+01:00,32.86000061035156,77.5199966430664,51315.06,0.0,26999.24,0.526146515169982,84.0075,92.9625,99.35570432523168
16033,2026-02-04 03:00:00+01:00,32.86000061035156,77.5199966430664,51938.02,0.0,25838.42,0.497485656846856,79.9375,94.6225,100.83184564327028
16034,2026-02-04 04:00:00+01:00,32.86000061035156,77.5199966430664,53396.36,0.0,24837.1,0.4651459386997266,76.84,93.9575,105.82397497062169
16035,2026-02-04 05:00:00+01:00,32.86000061035156,77.5199966430664,56768.38,0.0,24220.72,0.4266586433457043,82.16,96.585,111.61347972608037
16036,2026-02-04 06:00:00+01:00,32.86000061035156,77.5199966430664,63389.69,0.0,24224.48,0.3821517347092008,91.16,105.285,124.08631635564288
16037,2026-02-04 07:00:00+01:00,32.86000061035156,77.5199966430664,69272.32,40.5,24141.03,0.3484946078969933,97.6925,122.935,144.66470446706893
16038,2026-02-04 08:00:00+01:00,32.86000061035156,77.5199966430664,71963.36,1403.11,25395.63,0.3528966684778342,106.2725,131.605,154.51954631164438
16039,2026-02-04 09:00:00+01:00,32.86000061035156,77.5199966430664,71773.36,4808.41,28328.63,0.3946956084549064,108.225,122.6725,149.19494798975916
16040,2026-02-04 10:00:00+01:00,32.86000061035156,77.5199966430664,71973.61,9043.29,31779.87,0.4415489232176142,99.94,110.0,138.02715663535366
16041,2026-02-04 11:00:00+01:00,32.86000061035156,77.5199966430664,72093.6,12689.47,34140.88,0.4735632565895497,90.83,98.7075,127.17681152305283
16042,2026-02-04 12:00:00+01:00,32.86000061035156,77.5199966430664,71434.34,14180.94,34706.69,0.4858544223288331,87.94749999999999,91.915,122.76081036934933
16043,2026-02-04 13:00:00+01:00,32.86000061035156,77.5199966430664,70330.15,13084.76,33403.78,0.4749567574539572,89.905,91.3825,122.18593117180171
16044,2026-02-04 14:00:00+01:00,32.86000061035156,77.5199966430664,68555.85,9651.21,30490.84,0.4447591269826339,93.1525,96.0775,129.9801200963268
16045,2026-02-04 15:00:00+01:00,32.86000061035156,77.5199966430664,67780.65,5358.33,27589.77,0.4070449309047575,100.41,102.875,136.35965413501805
16046,2026-02-04 16:00:00+01:00,32.86000061035156,77.5199966430664,68360.14,1736.41,26295.46,0.384660710117817,106.615,114.185,142.73517413110886
16047,2026-02-04 17:00:00+01:00,32.86000061035156,77.5199966430664,70181.48,133.3,27439.91,0.3909850575406809,125.7725,124.6175,153.04403127133833
16048,2026-02-04 18:00:00+01:00,32.86000061035156,77.5199966430664,70576.52,0.0,29281.78,0.4148940751945697,126.3475,117.04,149.88502573125737
16049,2026-02-04 19:00:00+01:00,32.86000061035156,77.5199966430664,68925.23,0.0,29986.97,0.4350652148081239,123.2275,104.52,144.03194212676163
16050,2026-02-04 20:00:00+01:00,32.86000061035156,77.5199966430664,65647.84,0.0,30017.51,0.4572505355153725,112.9,96.2875,124.62499946432534
16051,2026-02-04 21:00:00+01:00,32.86000061035156,77.5199966430664,61713.31,0.0,29595.78,0.4795688319943349,103.2925,94.7525,118.06458529223043
16052,2026-02-04 22:00:00+01:00,32.86000061035156,77.5199966430664,58252.68,0.0,28596.47,0.4909039377259717,100.895,93.8225,112.18616666716129
16053,2026-02-04 23:00:00+01:00,32.86000061035156,77.5199966430664,54768.4,0.0,27681.91,0.5054357986529758,94.8125,86.3075,107.67131823983281
16054,2026-02-05 00:00:00+01:00,33.500999450683594,78.08499908447266,54348.11,0.0,28105.08,0.5171307704137033,95.0025,90.3025,106.34440107344855
16055,2026-02-05 01:00:00+01:00,33.500999450683594,78.08499908447266,52763.66,0.0,27433.63,0.519934174293456,92.7875,88.4375,106.53474848925657
16056,2026-02-05 02:00:00+01:00,33.500999450683594,78.08499908447266,51981.17,0.0,26505.34,0.5099027204447489,92.9625,87.4325,105.78709645838855
16057,2026-02-05 03:00:00+01:00,33.500999450683594,78.08499908447266,52183.58,0.0,25313.84,0.4850920537676617,94.6225,87.795,107.27308363476514
16058,2026-02-05 04:00:00+01:00,33.500999450683594,78.08499908447266,52179.2,0.0,23998.77,0.4599298186902195,93.9575,89.565,108.4333675908612
16059,2026-02-05 05:00:00+01:00,33.500999450683594,78.08499908447266,55137.8,0.0,22885.44,0.4150589975633668,96.585,91.51,119.45935140068985
16060,2026-02-05 06:00:00+01:00,33.500999450683594,78.08499908447266,62209.58,0.0,22432.25,0.3605915679931303,105.285,102.845,131.09119152281573
16061,2026-02-05 07:00:00+01:00,33.500999450683594,78.08499908447266,68005.8,30.01,21646.41,0.3183024094535609,122.935,113.32,159.99673476534127
16062,2026-02-05 08:00:00+01:00,33.500999450683594,78.08499908447266,70217.48,796.93,21867.27,0.3114220276330877,131.605,125.365,169.65429151494214
16063,2026-02-05 09:00:00+01:00,33.500999450683594,78.08499908447266,70797.65,2953.57,23090.82,0.326152351055981,122.6725,121.52,163.1689952989011
16064,2026-02-05 10:00:00+01:00,33.500999450683594,78.08499908447266,70849.98,5801.95,24635.61,0.3477151298634502,110.0,118.1925,153.73400603374495
16065,2026-02-05 11:00:00+01:00,33.500999450683594,78.08499908447266,71477.0,8472.42,26266.92,0.3674877232721731,98.7075,121.0675,141.10473975393106
16066,2026-02-05 12:00:00+01:00,33.500999450683594,78.08499908447266,70771.43,10128.01,27062.08,0.382387073373763,91.915,108.2525,134.74115363723473
16067,2026-02-05 13:00:00+01:00,33.500999450683594,78.08499908447266,69484.53,10317.01,26611.04,0.3829779088405753,91.3825,109.7575,133.80015709244512
16068,2026-02-05 14:00:00+01:00,33.500999450683594,78.08499908447266,68133.2,8684.64,24659.98,0.3619377923887418,96.0775,110.1025,136.41960922408134
16069,2026-02-05 15:00:00+01:00,33.500999450683594,78.08499908447266,66961.32,5462.49,21595.92,0.3225133554233229,102.875,116.98,144.2654914152983
16070,2026-02-05 16:00:00+01:00,33.500999450683594,78.08499908447266,68049.15,1952.0,18463.8,0.2713303545641157,114.185,126.0,153.49423732696732
16071,2026-02-05 17:00:00+01:00,33.500999450683594,78.08499908447266,69713.67,148.36,17449.04,0.2502958171259244,124.6175,140.5,163.947260725977
16072,2026-02-05 18:00:00+01:00,33.500999450683594,78.08499908447266,70992.81,0.0,17971.63,0.2531471848694048,117.04,136.64499999999998,162.10354802029548
16073,2026-02-05 19:00:00+01:00,33.500999450683594,78.08499908447266,69901.99,0.0,18109.71,0.2590728818651553,104.52,132.9075,155.83232237545275
16074,2026-02-05 20:00:00+01:00,33.500999450683594,78.08499908447266,65883.45,0.0,18027.18,0.2736222829445601,96.2875,120.81,139.5618773883075
16075,2026-02-05 21:00:00+01:00,33.500999450683594,78.08499908447266,62915.48,0.0,17650.99,0.2805508278279763,94.7525,107.7825,133.75055643183592
16076,2026-02-05 22:00:00+01:00,33.500999450683594,78.08499908447266,59729.78,0.0,16939.16,0.2835965576495348,93.8225,105.88,128.63177204699048
16077,2026-02-05 23:00:00+01:00,33.500999450683594,78.08499908447266,56447.5,0.0,16210.41,0.2871767571128611,86.3075,100.0375,124.1740720817325
16078,2026-02-06 00:00:00+01:00,33.73500061035156,73.55999755859375,54558.15,0.0,16573.08,0.3037690976868224,90.3025,99.31,126.71158734901994
16079,2026-02-06 01:00:00+01:00,33.73500061035156,73.55999755859375,52890.15,0.0,15849.49,0.2996680855887782,88.4375,99.1275,120.15466163517428
16080,2026-02-06 02:00:00+01:00,33.73500061035156,73.55999755859375,52233.03,0.0,14940.64,0.2860381639192598,87.4325,98.0875,119.49045849151058
16081,2026-02-06 03:00:00+01:00,33.73500061035156,73.55999755859375,52349.5,0.0,13981.43,0.2670785775858263,87.795,98.2275,117.91593122110119
16082,2026-02-06 04:00:00+01:00,33.73500061035156,73.55999755859375,53547.35,0.0,13114.07,0.2449060503937345,89.565,98.7425,119.74618795568841
16083,2026-02-06 05:00:00+01:00,33.73500061035156,73.55999755859375,57845.83,0.0,12602.05,0.2178558073731752,91.51,102.3325,127.76434297859852
16084,2026-02-06 06:00:00+01:00,33.73500061035156,73.55999755859375,64229.79,0.0,12593.98,0.1960769293818215,102.845,115.4225,147.61886200057592
16085,2026-02-06 07:00:00+01:00,33.73500061035156,73.55999755859375,70264.3,36.47,12866.52,0.1831160347170446,113.32,139.4625,170.63201274539807
16086,2026-02-06 08:00:00+01:00,33.73500061035156,73.55999755859375,72048.06,739.34,13615.8,0.1889821876967981,125.365,144.74,176.28704337394174
16087,2026-02-06 09:00:00+01:00,33.73500061035156,73.55999755859375,71798.65,2691.57,15133.17,0.2107723473615768,121.52,144.2025,165.96123256265213
16088,2026-02-06 10:00:00+01:00,33.73500061035156,73.55999755859375,72549.21,4966.65,16637.95,0.2293333035288277,118.1925,142.0925,159.36019538041694
16089,2026-02-06 11:00:00+01:00,33.73500061035156,73.55999755859375,73363.74,6690.89,17524.76,0.2388749537252496,121.0675,138.91,152.77360410592206
16090,2026-02-06 12:00:00+01:00,33.73500061035156,73.55999755859375,73118.47,7308.03,17333.47,0.2370600752125885,108.2525,136.21,150.32461988678
16091,2026-02-06 13:00:00+01:00,33.73500061035156,73.55999755859375,71468.92,6709.52,16396.56,0.2294222439307293,109.7575,135.89249999999998,145.84221571445306
16092,2026-02-06 14:00:00+01:00,33.73500061035156,73.55999755859375,69900.98,5142.96,14987.1,0.2144047193309157,110.1025,135.66750000000002,145.79495143607988
16093,2026-02-06 15:00:00+01:00,33.73500061035156,73.55999755859375,68715.26,3035.5,13463.56,0.19593260649877,116.98,139.4725,154.92905981613347
16094,2026-02-06 16:00:00+01:00,33.73500061035156,73.55999755859375,70415.92,1058.25,12465.28,0.1770236048642091,126.0,133.9625,163.24209584339678
16095,2026-02-06 17:00:00+01:00,33.73500061035156,73.55999755859375,71860.39,95.81,12690.8,0.1766035502762226,140.5,137.1875,179.08616426895185
16096,2026-02-06 18:00:00+01:00,33.73500061035156,73.55999755859375,71598.07,0.0,13469.84,0.1881313280947193,136.64499999999998,132.19,167.63662639217688
16097,2026-02-06 19:00:00+01:00,33.73500061035156,73.55999755859375,69716.87,0.0,13864.05,0.1988621978871308,132.9075,125.6275,161.75965098353942
16098,2026-02-06 20:00:00+01:00,33.73500061035156,73.55999755859375,66271.46,0.0,13839.47,0.2088300151816739,120.81,110.9825,145.66138754903193
16099,2026-02-06 21:00:00+01:00,33.73500061035156,73.55999755859375,62451.0,0.0,13504.22,0.216237049812455,107.7825,108.85,135.91411154373858
16100,2026-02-06 22:00:00+01:00,33.73500061035156,73.55999755859375,59222.65,0.0,12919.06,0.2181439026760633,105.88,106.2625,130.08847816151194
16101,2026-02-06 23:00:00+01:00,33.73500061035156,73.55999755859375,56046.83,0.0,12421.71,0.2216309111110064,100.0375,102.2375,121.04828307262517
16102,2026-02-07 00:00:00+01:00,35.694000244140625,74.40499877929688,52286.13,0.0,11919.18,0.2279606464988017,99.31,101.4925,119.55995317974481
16103,2026-02-07 01:00:00+01:00,35.694000244140625,74.40499877929688,50263.6,0.0,11732.38,0.2334170253954318,99.1275,100.0,117.65132372580433
16104,2026-02-07 02:00:00+01:00,35.694000244140625,74.40499877929688,48975.16,0.0,11498.75,0.2347873901310812,98.0875,98.0425,115.95497691219937
16105,2026-02-07 03:00:00+01:00,35.694000244140625,74.40499877929688,48684.92,0.0,11086.61,0.2277216435340303,98.2275,96.885,115.41007040545504
16106,2026-02-07 04:00:00+01:00,35.694000244140625,74.40499877929688,48699.48,0.0,10558.05,0.21680005613678,98.7425,96.395,116.02586750210737
16107,2026-02-07 05:00:00+01:00,35.694000244140625,74.40499877929688,50122.63,0.0,10031.53,0.2001397372404162,102.3325,96.725,120.40679361592699
16108,2026-02-07 06:00:00+01:00,35.694000244140625,74.40499877929688,52048.5,0.0,9589.01,0.1842322064643107,115.4225,97.095,127.59799548991415
16109,2026-02-07 07:00:00+01:00,35.694000244140625,74.40499877929688,54738.89,45.3,9201.53,0.1680985858193144,139.4625,105.5475,139.84966010414297
16110,2026-02-07 08:00:00+01:00,35.694000244140625,74.40499877929688,57941.42,990.86,9670.1,0.1668944254098545,144.74,114.08,152.20383433149635
16111,2026-02-07 09:00:00+01:00,35.694000244140625,74.40499877929688,60344.22,3514.86,11596.35,0.1921700205600188,144.2025,117.975,156.74647418732428
16112,2026-02-07 10:00:00+01:00,35.694000244140625,74.40499877929688,61964.02,6781.78,14132.44,0.2280749376447695,142.0925,110.0625,152.6990782683572
16113,2026-02-07 11:00:00+01:00,35.694000244140625,74.40499877929688,62616.87,9652.62,16255.96,0.2596099101951902,138.91,104.5325,144.71478455439467
16114,2026-02-07 12:00:00+01:00,35.694000244140625,74.40499877929688,61855.11,10828.38,16914.06,0.2734464460133615,136.21,100.1175,135.1972748436536
16115,2026-02-07 13:00:00+01:00,35.694000244140625,74.40499877929688,60143.71,10226.54,16148.14,0.2684925821389314,135.89249999999998,97.3875,131.9665424756023
16116,2026-02-07 14:00:00+01:00,35.694000244140625,74.40499877929688,58296.19,8197.13,14244.3,0.2443435839899067,135.66750000000002,99.9275,134.23380471973533
16117,2026-02-07 15:00:00+01:00,35.694000244140625,74.40499877929688,57733.35,5257.94,11785.39,0.2041348717501868,139.4725,106.3325,142.1403504685651
16118,2026-02-07 16:00:00+01:00,35.694000244140625,74.40499877929688,59356.36,2001.75,9387.08,0.1581478378798585,133.9625,120.29,150.81576279858007
16119,2026-02-07 17:00:00+01:00,35.694000244140625,74.40499877929688,61750.2,202.28,8626.06,0.1396928268832015,137.1875,134.03750000000002,161.2357372484335
16120,2026-02-07 18:00:00+01:00,35.694000244140625,74.40499877929688,62202.25,0.0,9398.82,0.151100964972955,132.19,135.33249999999998,158.9576320883926
16121,2026-02-07 19:00:00+01:00,35.694000244140625,74.40499877929688,61028.49,0.0,10064.62,0.164916746233617,125.6275,127.4975,156.31021727551666
16122,2026-02-07 20:00:00+01:00,35.694000244140625,74.40499877929688,58174.84,0.0,10465.04,0.179889450460046,110.9825,113.395,137.01363195631106
16123,2026-02-07 21:00:00+01:00,35.694000244140625,74.40499877929688,55501.18,0.0,10780.17,0.1942331676201779,108.85,104.39,133.19088155009914
16124,2026-02-07 22:00:00+01:00,35.694000244140625,74.40499877929688,53567.91,0.0,10854.91,0.2026382959121163,106.2625,104.0725,127.87505979195122
16125,2026-02-07 23:00:00+01:00,35.694000244140625,74.40499877929688,50696.0,0.0,10799.21,0.2130189758140644,102.2375,98.76,122.83139522550687
16126,2026-02-08 00:00:00+01:00,35.694000244140625,74.40499877929688,48520.33,0.0,11820.18,0.2436129349813546,101.4925,102.035,114.75392014117887
16127,2026-02-08 01:00:00+01:00,35.694000244140625,74.40499877929688,46732.42,0.0,11990.83,0.2565848290637239,100.0,99.045,111.1291645393289
16128,2026-02-08 02:00:00+01:00,35.694000244140625,74.40499877929688,45883.59,0.0,12153.83,0.2648840249281096,98.0425,97.5675,109.47899324701257
16129,2026-02-08 03:00:00+01:00,35.694000244140625,74.40499877929688,45570.51,0.0,12280.05,0.2694736134685624,96.885,96.425,108.14233555141608
16130,2026-02-08 04:00:00+01:00,35.694000244140625,74.40499877929688,45834.44,0.0,12518.1,0.2731155872585951,96.395,94.86,107.57035575843996
16131,2026-02-08 05:00:00+01:00,35.694000244140625,74.40499877929688,46268.14,0.0,12882.99,0.2784419256364224,96.725,95.75,106.98105855436329
16132,2026-02-08 06:00:00+01:00,35.694000244140625,74.40499877929688,47666.27,0.0,13288.27,0.2787772149407165,97.095,95.0,108.36373026534909
16133,2026-02-08 07:00:00+01:00,35.694000244140625,74.40499877929688,50247.48,56.39,13595.82,0.2705771512779193,105.5475,95.805,115.7762999784489
16134,2026-02-08 08:00:00+01:00,35.694000244140625,74.40499877929688,53307.86,892.88,14489.41,0.2718062589134498,114.08,100.3475,126.22384660084427
16135,2026-02-08 09:00:00+01:00,35.694000244140625,74.40499877929688,56035.55,2932.4,16302.85,0.2909376279360267,117.975,101.9875,130.12412380813294
16136,2026-02-08 10:00:00+01:00,35.694000244140625,74.40499877929688,57937.07,5429.64,18312.8,0.3160808787334118,110.0625,102.645,125.91068836475492
16137,2026-02-08 11:00:00+01:00,35.694000244140625,74.40499877929688,59053.8,7789.14,20133.18,0.3409294574877604,104.5325,99.6,124.5753015487368
16138,2026-02-08 12:00:00+01:00,35.694000244140625,74.40499877929688,58961.93,9411.58,21249.56,0.3603945799670406,100.1175,96.5725,123.15767137633406
16139,2026-02-08 13:00:00+01:00,35.694000244140625,74.40499877929688,57500.05,9638.43,21235.23,0.3693080266244449,97.3875,95.45,114.30493005535533
16140,2026-02-08 14:00:00+01:00,35.694000244140625,74.40499877929688,55929.45,8168.8,19827.71,0.3545128728506157,99.9275,97.22,114.13402425838642
16141,2026-02-08 15:00:00+01:00,35.694000244140625,74.40499877929688,55921.64,5336.69,17295.76,0.3092856360597997,106.3325,103.3225,123.98278471846618
16142,2026-02-08 16:00:00+01:00,35.694000244140625,74.40499877929688,57992.09,2025.44,14582.51,0.2514568796793741,120.29,111.785,136.53057384511612
16143,2026-02-08 17:00:00+01:00,35.694000244140625,74.40499877929688,61025.05,200.44,13753.26,0.2253707288686579,134.03750000000002,127.6325,148.00139442727215
16144,2026-02-08 18:00:00+01:00,35.694000244140625,74.40499877929688,62220.83,0.0,14482.74,0.2327635294751349,135.33249999999998,131.26749999999998,149.07759637041647
16145,2026-02-08 19:00:00+01:00,35.694000244140625,74.40499877929688,60957.22,0.0,14842.72,0.2434940438157294,127.4975,126.9075,148.27039378993226
16146,2026-02-08 20:00:00+01:00,35.694000244140625,74.40499877929688,58574.59,0.0,14592.03,0.2491187731319811,113.395,113.2825,138.0071083495074
16147,2026-02-08 21:00:00+01:00,35.694000244140625,74.40499877929688,55943.71,0.0,13985.61,0.2499943246077183,104.39,107.6275,127.69613020614716
16148,2026-02-08 22:00:00+01:00,35.694000244140625,74.40499877929688,54042.62,0.0,13151.96,0.2433627384750474,104.0725,105.14,127.04904676040539
16149,2026-02-08 23:00:00+01:00,35.694000244140625,74.40499877929688,51369.05,0.0,12294.2,0.2393308810968217,98.76,99.9825,121.9794572543455
16150,2026-02-09 00:00:00+01:00,35.694000244140625,74.40499877929688,48590.77,0.0,11139.79,0.2292573259840794,102.035,96.745,119.44101817753855
16151,2026-02-09 01:00:00+01:00,35.694000244140625,74.40499877929688,47380.28,0.0,10657.5,0.2249353528039649,99.045,95.4525,115.95278595901154
16152,2026-02-09 02:00:00+01:00,35.694000244140625,74.40499877929688,46863.73,0.0,10136.75,0.2163026715508341,97.5675,95.7025,114.40003899517674
16153,2026-02-09 03:00:00+01:00,35.694000244140625,74.40499877929688,47221.81,0.0,9585.17,0.2029818424573344,96.425,95.4675,115.15162543083585
16154,2026-02-09 04:00:00+01:00,35.694000244140625,74.40499877929688,48461.09,0.0,9212.07,0.1900920924002963,94.86,96.565,114.4631058529484
16155,2026-02-09 05:00:00+01:00,35.694000244140625,74.40499877929688,53463.44,0.0,9174.08,0.1715953930065862,95.75,104.735,121.29692279129601
16156,2026-02-09 06:00:00+01:00,35.694000244140625,74.40499877929688,62416.39,0.0,9449.24,0.151390363949054,95.0,132.235,149.3794722196156
16157,2026-02-09 07:00:00+01:00,35.694000244140625,74.40499877929688,68806.82,71.41,9888.36,0.1437119169082785,95.805,158.595,175.9236495517419
16158,2026-02-09 08:00:00+01:00,35.694000244140625,74.40499877929688,71567.13,1200.62,11214.15,0.1566941415484043,100.3475,182.71,185.0529254874465
16159,2026-02-09 09:00:00+01:00,35.694000244140625,74.40499877929688,71806.11,3882.46,13557.78,0.1888109521336261,101.9875,169.2075,170.08840602399522
16160,2026-02-09 10:00:00+01:00,35.694000244140625,74.40499877929688,72175.08,7140.98,16029.39,0.2220903668936577,102.645,157.29,163.50883431909102
16161,2026-02-09 11:00:00+01:00,35.694000244140625,74.40499877929688,72450.51,10021.14,17941.56,0.2476388364626227,99.6,144.38,151.18155832614963
16162,2026-02-09 12:00:00+01:00,35.694000244140625,74.40499877929688,71639.13,11623.65,18545.47,0.2588734675785603,96.5725,137.0725,145.82183756984102
16163,2026-02-09 13:00:00+01:00,35.694000244140625,74.40499877929688,70059.64,11410.57,17685.89,0.252440492093245,95.45,135.025,142.3675886904556
16164,2026-02-09 14:00:00+01:00,35.694000244140625,74.40499877929688,68761.28,9381.26,15410.33,0.2241134836023829,97.22,137.6575,143.23256975015903
16165,2026-02-09 15:00:00+01:00,35.694000244140625,74.40499877929688,68210.18,5991.32,12246.32,0.1795380102824039,103.3225,149.0775,152.12987631080404
16166,2026-02-09 16:00:00+01:00,35.694000244140625,74.40499877929688,69530.21,2270.39,9424.3,0.1355425217131456,111.785,168.9825,175.88068264208079
16167,2026-02-09 17:00:00+01:00,35.694000244140625,74.40499877929688,72065.18,221.08,9103.84,0.1263278603999424,127.6325,227.2125,192.79371986620032
16168,2026-02-09 18:00:00+01:00,35.694000244140625,74.40499877929688,73689.68,0.0,10686.45,0.1450196282376284,131.26749999999998,182.225,199.48739065179285
16169,2026-02-09 19:00:00+01:00,35.694000244140625,74.40499877929688,71180.63,0.0,11592.22,0.1628563837995172,126.9075,165.81,190.03038750374776
16170,2026-02-09 20:00:00+01:00,35.694000244140625,74.40499877929688,67330.56,0.0,11520.91,0.1711096714224403,113.2825,144.1275,156.94956957646076
16171,2026-02-09 21:00:00+01:00,35.694000244140625,74.40499877929688,63451.02,0.0,11018.93,0.1736604076382601,107.6275,134.6,146.46836591159695
16172,2026-02-09 22:00:00+01:00,35.694000244140625,74.40499877929688,60296.14,0.0,10365.55,0.1719106728603338,105.14,122.895,139.73701717801663
16173,2026-02-09 23:00:00+01:00,35.694000244140625,74.40499877929688,56351.7,0.0,9883.89,0.1753964831273242,99.9825,108.9225,130.7988249740915
16174,2026-02-10 00:00:00+01:00,33.49599838256836,76.76000213623047,53658.44,0.0,10353.62,0.1929541745542818,96.745,104.6425,119.7522909826062
16175,2026-02-10 01:00:00+01:00,33.49599838256836,76.76000213623047,52068.97,0.0,10257.98,0.1970075459151568,95.4525,103.745,116.93968474812942
16176,2026-02-10 02:00:00+01:00,33.49599838256836,76.76000213623047,51432.34,0.0,10334.88,0.2009412754308006,95.7025,102.7475,116.07382509609099
16177,2026-02-10 03:00:00+01:00,33.49599838256836,76.76000213623047,51920.54,0.0,10557.5,0.2033395646109729,95.4675,102.435,115.68856219825868
16178,2026-02-10 04:00:00+01:00,33.49599838256836,76.76000213623047,52958.48,0.0,11015.78,0.2080078581923031,96.565,102.435,117.07780671812974
16179,2026-02-10 05:00:00+01:00,33.49599838256836,76.76000213623047,56213.79,0.0,11748.32,0.2089935583050006,104.735,105.4275,126.76060327241255
16180,2026-02-10 06:00:00+01:00,33.49599838256836,76.76000213623047,62503.44,0.0,12739.17,0.2038155019621615,132.235,119.9175,151.51885387644836
16181,2026-02-10 07:00:00+01:00,33.49599838256836,76.76000213623047,68072.58,141.36,13533.13,0.1988044231320739,158.595,134.89,171.77693960710366
16182,2026-02-10 08:00:00+01:00,33.49599838256836,76.76000213623047,71376.61,2122.37,15969.15,0.2237308552166135,182.71,143.8275,183.96582469461856
16183,2026-02-10 09:00:00+01:00,33.49599838256836,76.76000213623047,71905.92,6345.76,20018.3,0.2783957148064588,169.2075,132.08249999999998,167.85793180280376
16184,2026-02-10 10:00:00+01:00,33.49599838256836,76.76000213623047,72603.4,11138.64,23742.86,0.3270213240251804,157.29,129.0875,155.3908862844952
16185,2026-02-10 11:00:00+01:00,33.49599838256836,76.76000213623047,73241.49,15138.44,26561.23,0.3626527804987783,144.38,119.4425,139.26355458447696
16186,2026-02-10 12:00:00+01:00,33.49599838256836,76.76000213623047,72981.39,16739.55,27566.38,0.3777179359864593,137.0725,109.2225,130.45813992708779
16187,2026-02-10 13:00:00+01:00,33.49599838256836,76.76000213623047,71689.43,15290.66,26130.44,0.3644950168575067,135.025,109.47,126.84343532057476
16188,2026-02-10 14:00:00+01:00,33.49599838256836,76.76000213623047,70181.89,11253.79,22621.43,0.3223257452424941,137.6575,116.2225,137.54047542719786
16189,2026-02-10 15:00:00+01:00,33.49599838256836,76.76000213623047,69220.96,6227.87,18741.74,0.2707523847876781,149.0775,128.115,149.83540327645312
16190,2026-02-10 16:00:00+01:00,33.49599838256836,76.76000213623047,69706.56,2050.9,16536.43,0.2372291789700669,168.9825,127.6625,165.47734932149194
16191,2026-02-10 17:00:00+01:00,33.49599838256836,76.76000213623047,71852.36,192.35,16999.99,0.2365961256893168,227.2125,135.2425,174.45782482428194
16192,2026-02-10 18:00:00+01:00,33.49599838256836,76.76000213623047,72370.38,0.0,18754.92,0.2591518795038589,182.225,131.7125,168.3395743034484
16193,2026-02-10 19:00:00+01:00,33.49599838256836,76.76000213623047,70766.78,0.0,19967.78,0.282163184437364,165.81,120.3275,161.90731572304065
16194,2026-02-10 20:00:00+01:00,33.49599838256836,76.76000213623047,67101.77,0.0,20371.58,0.3035922896961447,144.1275,111.2525,143.7193758813824
16195,2026-02-10 21:00:00+01:00,33.49599838256836,76.76000213623047,63188.73,0.0,20127.98,0.3185374986459551,134.6,107.1575,128.36366386348817
16196,2026-02-10 22:00:00+01:00,33.49599838256836,76.76000213623047,60357.81,0.0,19298.81,0.3197400634118865,122.895,106.69,128.00526469971032
16197,2026-02-10 23:00:00+01:00,33.49599838256836,76.76000213623047,56674.57,0.0,18665.45,0.3293443602078773,108.9225,100.5275,120.73297931900538
16198,2026-02-11 00:00:00+01:00,31.84600067138672,74.55000305175781,53374.63,0.0,18988.89,0.3557662132073297,104.6425,96.7825,108.12208814056017
16199,2026-02-11 01:00:00+01:00,31.84600067138672,74.55000305175781,51273.54,0.0,18545.79,0.3617029367658829,103.745,96.63,108.44407583727879
16200,2026-02-11 02:00:00+01:00,31.84600067138672,74.55000305175781,50432.15,0.0,18305.88,0.3629803606701319,102.7475,95.605,107.98828795779296
16201,2026-02-11 03:00:00+01:00,31.84600067138672,74.55000305175781,50759.13,0.0,18210.06,0.3587543757430921,102.435,94.68,106.7981699900558
16202,2026-02-11 04:00:00+01:00,31.84600067138672,74.55000305175781,51923.89,0.0,18526.05,0.3567924128263902,102.435,94.845,106.45451384339252
16203,2026-02-11 05:00:00+01:00,31.84600067138672,74.55000305175781,54995.48,0.0,19267.15,0.3503406097464117,105.4275,99.1425,108.4595771598712
16204,2026-02-11 06:00:00+01:00,31.84600067138672,74.55000305175781,61359.11,0.0,19900.14,0.3243225007135333,119.9175,110.4775,126.59166817663461
16205,2026-02-11 07:00:00+01:00,31.84600067138672,74.55000305175781,66935.51,95.75,19848.97,0.2965387131140797,134.89,129.0,138.8973812773191
16206,2026-02-11 08:00:00+01:00,31.84600067138672,74.55000305175781,69652.56,961.47,20477.28,0.2939917785801423,143.8275,137.0675,153.4100964478152
16207,2026-02-11 09:00:00+01:00,31.84600067138672,74.55000305175781,70264.44,2835.08,22154.23,0.3152978945942929,132.08249999999998,131.4375,146.45305207651148
16208,2026-02-11 10:00:00+01:00,31.84600067138672,74.55000305175781,70845.89,5048.0,24169.14,0.3411509121642552,129.0875,127.5,136.4543944446445
16209,2026-02-11 11:00:00+01:00,31.84600067138672,74.55000305175781,71441.15,6694.82,25550.6,0.3576454185917156,119.4425,125.94,129.83040193321983
16210,2026-02-11 12:00:00+01:00,31.84600067138672,74.55000305175781,70885.34,7158.69,25702.44,0.3625917572854145,109.2225,115.8625,125.08474009437525
16211,2026-02-11 13:00:00+01:00,31.84600067138672,74.55000305175781,69747.15,6599.29,25059.31,0.3592879421798184,109.47,116.7,123.80392001083133
16212,2026-02-11 14:00:00+01:00,31.84600067138672,74.55000305175781,68198.01,5354.62,23760.47,0.3484041542636795,116.2225,116.7,125.59624827867921
16213,2026-02-11 15:00:00+01:00,31.84600067138672,74.55000305175781,67493.32,3373.9,22006.92,0.3260607123303371,128.115,118.185,130.10883847602716
16214,2026-02-11 16:00:00+01:00,31.84600067138672,74.55000305175781,67994.25,1238.22,20539.34,0.3020746606805612,127.6625,122.315,134.43506289771813
16215,2026-02-11 17:00:00+01:00,31.84600067138672,74.55000305175781,69465.95,177.38,20519.4,0.2953878842374735,135.2425,127.9,143.04103412195747
16216,2026-02-11 18:00:00+01:00,31.84600067138672,74.55000305175781,70281.25,0.0,21522.53,0.3062343085380191,131.7125,125.465,144.6010052497233
16217,2026-02-11 19:00:00+01:00,31.84600067138672,74.55000305175781,68801.04,0.0,22654.98,0.3292825224256374,120.3275,112.02,130.89109173549411
16218,2026-02-11 20:00:00+01:00,31.84600067138672,74.55000305175781,65421.35,0.0,23754.53,0.3631005779668104,111.2525,104.9275,120.79582128181495
16219,2026-02-11 21:00:00+01:00,31.84600067138672,74.55000305175781,61741.83,0.0,24545.73,0.3975542998324548,107.1575,104.38,115.18591824957674
16220,2026-02-11 22:00:00+01:00,31.84600067138672,74.55000305175781,58662.33,0.0,24743.41,0.4217938495757338,106.69,101.9975,107.69750812224991
16221,2026-02-11 23:00:00+01:00,31.84600067138672,74.55000305175781,55212.13,0.0,24742.28,0.4481312348485502,100.5275,95.3075,100.71257895666831
16222,2026-02-12 00:00:00+01:00,32.16699981689453,74.27999877929688,52363.43,0.0,24329.05,0.4646191052678139,96.7825,88.1925,92.7796204832938
16223,2026-02-12 01:00:00+01:00,32.16699981689453,74.27999877929688,50377.01,0.0,23756.04,0.4715651047032038,96.63,87.58,89.04187659693027
16224,2026-02-12 02:00:00+01:00,32.16699981689453,74.27999877929688,49716.05,0.0,23401.71,0.4707073469290686,95.605,86.2025,89.10298896981288
16225,2026-02-12 03:00:00+01:00,32.16699981689453,74.27999877929688,49735.29,0.0,23433.09,0.4711561950335151,94.68,84.8925,87.82196661171336
16226,2026-02-12 04:00:00+01:00,32.16699981689453,74.27999877929688,50563.01,0.0,23529.61,0.4653522406072438,94.845,86.0125,87.28807216830134
16227,2026-02-12 05:00:00+01:00,32.16699981689453,74.27999877929688,53999.81,0.0,23398.26,0.4333026356142174,99.1425,89.43,98.12424238354983
16228,2026-02-12 06:00:00+01:00,32.16699981689453,74.27999877929688,60737.68,0.0,23448.84,0.3860674295781354,110.4775,99.8625,115.61541152160865
16229,2026-02-12 07:00:00+01:00,32.16699981689453,74.27999877929688,66512.53,144.84,23175.03,0.3484310399336138,129.0,116.0075,134.81781714182338
16230,2026-02-12 08:00:00+01:00,32.16699981689453,74.27999877929688,69447.25,1419.91,23782.66,0.3424564687093503,137.0675,123.0725,140.74880721042524
16231,2026-02-12 09:00:00+01:00,32.16699981689453,74.27999877929688,70384.63,4074.42,25325.25,0.3598122203157404,131.4375,121.205,137.06641291108318
16232,2026-02-12 10:00:00+01:00,32.16699981689453,74.27999877929688,71075.8,6862.28,26888.86,0.378312449472491,127.5,117.52,131.72523826085603
16233,2026-02-12 11:00:00+01:00,32.16699981689453,74.27999877929688,71280.52,8714.84,28059.53,0.3936493448148737,125.94,111.1525,128.95231112865838
16234,2026-02-12 12:00:00+01:00,32.16699981689453,74.27999877929688,70813.59,9060.77,28300.79,0.3996519594050164,115.8625,105.515,122.98201220937159
16235,2026-02-12 13:00:00+01:00,32.16699981689453,74.27999877929688,69808.63,7920.07,27508.84,0.3940607342682329,116.7,103.555,122.57709159294798
16236,2026-02-12 14:00:00+01:00,32.16699981689453,74.27999877929688,68402.41,5876.08,26135.2,0.3820801050164635,116.7,105.2125,125.98793061863753
16237,2026-02-12 15:00:00+01:00,32.16699981689453,74.27999877929688,67371.31,3532.25,24506.09,0.3637466749030489,118.185,107.98,129.3126444692257
16238,2026-02-12 16:00:00+01:00,32.16699981689453,74.27999877929688,67752.44,1350.45,22979.01,0.3391613644705398,122.315,110.785,133.91368611357734
16239,2026-02-12 17:00:00+01:00,32.16699981689453,74.27999877929688,69200.87,185.02,22637.36,0.3271253670182,127.9,123.05,140.0114701626108
16240,2026-02-12 18:00:00+01:00,32.16699981689453,74.27999877929688,70195.35,0.0,23503.23,0.3348260247530888,125.465,125.6625,142.33572766150667
16241,2026-02-12 19:00:00+01:00,32.16699981689453,74.27999877929688,68687.19,0.0,24556.09,0.3575061084377587,112.02,120.8725,135.42276674075356
16242,2026-02-12 20:00:00+01:00,32.16699981689453,74.27999877929688,65152.85,0.0,25464.38,0.3908406155078648,104.9275,109.1025,120.06546354930485
16243,2026-02-12 21:00:00+01:00,32.16699981689453,74.27999877929688,61999.13,0.0,26085.19,0.4207347747588176,104.38,99.6925,109.74808754787207
16244,2026-02-12 22:00:00+01:00,32.16699981689453,74.27999877929688,58798.72,0.0,26364.45,0.4483847606804391,101.9975,97.175,106.4630857965931
16245,2026-02-12 23:00:00+01:00,32.16699981689453,74.27999877929688,55249.46,0.0,26895.19,0.4867955269631964,95.3075,89.33250000000001,99.65153204724956
16246,2026-02-13 00:00:00+01:00,32.99399948120117,68.80999755859375,52099.81,0.0,30893.75,0.592972411877707,88.1925,83.8575,90.33617351342862
16247,2026-02-13 01:00:00+01:00,32.99399948120117,68.80999755859375,50435.97,0.0,30497.53,0.6046781690518337,87.58,83.66,88.52493114151808
16248,2026-02-13 02:00:00+01:00,32.99399948120117,68.80999755859375,49934.57,0.0,29902.57,0.5988350354075673,86.2025,82.2175,88.15930887986416
16249,2026-02-13 03:00:00+01:00,32.99399948120117,68.80999755859375,50386.25,0.0,29236.6,0.580249571940708,84.8925,81.855,90.76419176631613
16250,2026-02-13 04:00:00+01:00,32.99399948120117,68.80999755859375,51500.86,0.0,28381.41,0.5510861370953638,86.0125,83.35,92.95829314819139
16251,2026-02-13 05:00:00+01:00,32.99399948120117,68.80999755859375,55123.58,0.0,27288.08,0.4950346112326096,89.43,87.1875,102.08772398981951
16252,2026-02-13 06:00:00+01:00,32.99399948120117,68.80999755859375,61661.92,0.0,26028.04,0.4221088152263003,99.8625,98.7275,117.8603061400355
16253,2026-02-13 07:00:00+01:00,32.99399948120117,68.80999755859375,67484.98,194.59,23804.44,0.3527368608018055,116.0075,117.7275,146.9679934796286
16254,2026-02-13 08:00:00+01:00,32.99399948120117,68.80999755859375,70240.9,2081.64,23232.28,0.3307514567252482,123.0725,123.85,151.97668444357345
16255,2026-02-13 09:00:00+01:00,32.99399948120117,68.80999755859375,70908.84,5571.9,24591.39,0.3468028809459014,121.205,119.15,149.61608087155014
16256,2026-02-13 10:00:00+01:00,32.99399948120117,68.80999755859375,71463.83,8765.15,25889.01,0.3622673175559905,117.52,106.3925,143.77669857451718
16257,2026-02-13 11:00:00+01:00,32.99399948120117,68.80999755859375,71660.51,11191.77,26291.33,0.3668872855681759,111.1525,101.03,137.39647483737775
16258,2026-02-13 12:00:00+01:00,32.99399948120117,68.80999755859375,70854.02,12390.28,25550.78,0.3606115785158538,105.515,97.3,134.25262742517344
16259,2026-02-13 13:00:00+01:00,32.99399948120117,68.80999755859375,69264.44,11873.69,23495.61,0.3392160536720984,103.555,97.495,134.1794494077518
16260,2026-02-13 14:00:00+01:00,32.99399948120117,68.80999755859375,67700.72,9497.08,19826.97,0.2928620256486398,105.2125,102.09,135.56954554745147
16261,2026-02-13 15:00:00+01:00,32.99399948120117,68.80999755859375,66819.22,5937.64,15190.24,0.2273333929627832,107.98,118.0975,143.59177758994588
16262,2026-02-13 16:00:00+01:00,32.99399948120117,68.80999755859375,67222.77,2284.77,10988.99,0.1634712464000707,110.785,125.905,152.25457429951587
16263,2026-02-13 17:00:00+01:00,32.99399948120117,68.80999755859375,68798.43,286.08,9070.67,0.1318441423544339,123.05,131.985,162.60362009443384
16264,2026-02-13 18:00:00+01:00,32.99399948120117,68.80999755859375,69350.63,0.0,9197.36,0.1326211455998855,125.6625,136.02249999999998,161.73533045534992
16265,2026-02-13 19:00:00+01:00,32.99399948120117,68.80999755859375,67591.2,0.0,9439.13,0.1396502798974348,120.8725,131.89249999999998,155.48479938586502
16266,2026-02-13 20:00:00+01:00,32.99399948120117,68.80999755859375,64178.54,0.0,9410.28,0.1466265826323524,109.1025,126.0,140.28765400417797
16267,2026-02-13 21:00:00+01:00,32.99399948120117,68.80999755859375,60391.4,0.0,9287.79,0.153793255305591,99.6925,117.58,131.41347138830798
16268,2026-02-13 22:00:00+01:00,32.99399948120117,68.80999755859375,57429.05,0.0,9179.41,0.1598391406161447,97.175,109.9475,126.19376973217119
16269,2026-02-13 23:00:00+01:00,32.99399948120117,68.80999755859375,54045.38,0.0,9289.12,0.1718763009582176,89.33250000000001,100.8575,120.31261563871142
16270,2026-02-14 00:00:00+01:00,32.5,66.91500091552734,50616.4,0.0,11649.0,0.2301427995214707,83.8575,96.9925,112.45792088409863
16271,2026-02-14 01:00:00+01:00,32.5,66.91500091552734,48441.25,0.0,12423.34,0.2564620028887648,83.66,91.83,105.93280491257138
16272,2026-02-14 02:00:00+01:00,32.5,66.91500091552734,47357.6,0.0,12909.55,0.2725972177068522,82.2175,89.09,104.05617819900358
16273,2026-02-14 03:00:00+01:00,32.5,66.91500091552734,47052.82,0.0,13094.72,0.2782983038469748,81.855,88.6725,103.10587054748395
16274,2026-02-14 04:00:00+01:00,32.5,66.91500091552734,46977.32,0.0,13219.28,0.2813970655879482,83.35,87.5075,102.37154972081056
16275,2026-02-14 05:00:00+01:00,32.5,66.91500091552734,48188.37,0.0,13373.95,0.2775348076148799,87.1875,88.75,104.56438833392144
16276,2026-02-14 06:00:00+01:00,32.5,66.91500091552734,49952.53,0.0,13420.26,0.268660266002811,98.7275,90.2175,109.85281479933202
16277,2026-02-14 07:00:00+01:00,32.5,66.91500091552734,52664.64,168.69,13128.25,0.2492801621259956,117.7275,93.1175,121.71423060236941
16278,2026-02-14 08:00:00+01:00,32.5,66.91500091552734,55840.27,1392.56,13800.58,0.2471438622615643,123.85,101.8325,130.9549883021266
16279,2026-02-14 09:00:00+01:00,32.5,66.91500091552734,57992.38,3729.36,15492.13,0.2671407863813934,119.15,107.49,131.56735400267542
16280,2026-02-14 10:00:00+01:00,32.5,66.91500091552734,59619.84,6164.19,17396.63,0.2917926313972341,106.3925,103.97,128.20774563609666
16281,2026-02-14 11:00:00+01:00,32.5,66.91500091552734,60087.39,7817.26,18524.3,0.3082893099020793,101.03,98.1625,120.06965240093578
16282,2026-02-14 12:00:00+01:00,32.5,66.91500091552734,59447.1,8078.32,18359.26,0.3088335679437964,97.3,95.16,115.09079403667468
16283,2026-02-14 13:00:00+01:00,32.5,66.91500091552734,57838.21,7185.3,17347.6,0.2999332101909908,97.495,93.9725,113.36643192478782
16284,2026-02-14 14:00:00+01:00,32.5,66.91500091552734,56401.15,5545.92,15841.85,0.2808781380732701,102.09,97.1125,116.12493346705212
16285,2026-02-14 15:00:00+01:00,32.5,66.91500091552734,56056.51,3479.97,13832.45,0.2467590293711187,118.0975,104.9525,125.2830128830187
16286,2026-02-14 16:00:00+01:00,32.5,66.91500091552734,57287.45,1427.3,11540.06,0.201441327864752,125.905,116.8875,136.7905287699112
16287,2026-02-14 17:00:00+01:00,32.5,66.91500091552734,59397.87,209.59,9980.54,0.1680285841616831,131.985,126.1,148.7551765061329
16288,2026-02-14 18:00:00+01:00,32.5,66.91500091552734,60797.31,0.0,9395.31,0.1545349621299799,136.02249999999998,131.9275,150.6694283013091
16289,2026-02-14 19:00:00+01:00,32.5,66.91500091552734,59762.83,0.0,8760.81,0.1465929575044232,131.89249999999998,128.72,151.50696494039215
16290,2026-02-14 20:00:00+01:00,32.5,66.91500091552734,56936.34,0.0,7953.89,0.1396979503530262,126.0,123.1925,142.9142627310867
16291,2026-02-14 21:00:00+01:00,32.5,66.91500091552734,54171.3,0.0,7069.68,0.1305060059237075,117.58,116.98,129.17807834402532
16292,2026-02-14 22:00:00+01:00,32.5,66.91500091552734,52216.09,0.0,6317.05,0.1209789932335073,109.9475,111.2025,123.17529818165963
16293,2026-02-14 23:00:00+01:00,32.5,66.91500091552734,49492.66,0.0,5740.23,0.115981440456831,100.8575,101.1,117.04183861806911
16294,2026-02-15 00:00:00+01:00,32.5,66.91500091552734,48292.92,0.0,4990.45,0.1033370936975156,96.9925,101.7775,113.80226089384398
16295,2026-02-15 01:00:00+01:00,32.5,66.91500091552734,46523.29,0.0,5005.34,0.1075878339413253,91.83,99.9475,111.09731982298315
16296,2026-02-15 02:00:00+01:00,32.5,66.91500091552734,45688.87,0.0,5189.32,0.1135795216398261,89.09,100.755,108.01313929002946
16297,2026-02-15 03:00:00+01:00,32.5,66.91500091552734,45338.92,0.0,5499.3,0.1212931406126804,88.6725,98.025,105.71106592718698
16298,2026-02-15 04:00:00+01:00,32.5,66.91500091552734,45641.75,0.0,5911.96,0.1295296520993323,87.5075,96.52,106.23620210568382
16299,2026-02-15 05:00:00+01:00,32.5,66.91500091552734,46127.06,0.0,6446.31,0.1397511568828034,88.75,94.355,107.6104275839146
16300,2026-02-15 06:00:00+01:00,32.5,66.91500091552734,47616.42,0.0,7245.94,0.1521731368817367,90.2175,94.1675,108.80365879807918
16301,2026-02-15 07:00:00+01:00,32.5,66.91500091552734,50103.12,315.11,8714.7,0.1739352758522951,93.1175,96.115,110.47558010430969
16302,2026-02-15 08:00:00+01:00,32.5,66.91500091552734,52924.03,3651.13,13492.06,0.2549325891745332,101.8325,96.8,114.76967727175246
16303,2026-02-15 09:00:00+01:00,32.5,66.91500091552734,55618.3,10206.58,20984.18,0.3772891295891299,107.49,93.065,107.06128644391606
16304,2026-02-15 10:00:00+01:00,32.5,66.91500091552734,57161.5,16986.47,28095.59,0.4915124689709835,103.97,83.0175,93.05834779153571
16305,2026-02-15 11:00:00+01:00,32.5,66.91500091552734,58443.61,21436.73,33406.55,0.5716031229810064,98.1625,74.7225,83.75074421893096
16306,2026-02-15 12:00:00+01:00,32.5,66.91500091552734,58615.57,22725.36,36200.37,0.6175896607987281,95.16,67.37,79.11281036317077
16307,2026-02-15 13:00:00+01:00,32.5,66.91500091552734,57504.24,21182.96,36672.35,0.6377329740141365,93.9725,64.4075,75.54494312891573
16308,2026-02-15 14:00:00+01:00,32.5,66.91500091552734,55955.64,16925.99,34904.17,0.6237828750374791,97.1125,64.4225,75.57255745916737
16309,2026-02-15 15:00:00+01:00,32.5,66.91500091552734,56034.9,10561.78,31272.62,0.5580918319550687,104.9525,71.9525,85.93821996469971
16310,2026-02-15 16:00:00+01:00,32.5,66.91500091552734,57430.92,4066.02,27960.74,0.4868586467904643,116.8875,84.205,95.74661249874673
16311,2026-02-15 17:00:00+01:00,32.5,66.91500091552734,60761.77,493.66,28542.07,0.4697373034936709,126.1,96.385,106.73820463603585
16312,2026-02-15 18:00:00+01:00,32.5,66.91500091552734,62022.95,0.0,32494.02,0.5239031680170158,131.9275,98.2025,96.27404133963749
16313,2026-02-15 19:00:00+01:00,32.5,66.91500091552734,60742.43,0.0,35974.32,0.5922436753695491,128.72,83.6125,84.98188987182519
16314,2026-02-15 20:00:00+01:00,32.5,66.91500091552734,58472.25,0.0,38443.74,0.6574698253175703,123.1925,71.0025,80.58328469825045
16315,2026-02-15 21:00:00+01:00,32.5,66.91500091552734,56160.96,0.0,39826.27,0.7091451070798744,116.98,67.2625,79.06179771929173
16316,2026-02-15 22:00:00+01:00,32.5,66.91500091552734,54219.53,0.0,39623.78,0.7308027198445278,111.2025,65.61500000000001,76.77334219833926
16317,2026-02-15 23:00:00+01:00,32.5,66.91500091552734,51663.93,0.0,40102.15,0.7762117591952041,101.1,58.04,75.19274664719578
16318,2026-02-16 00:00:00+01:00,32.5,66.91500091552734,47989.63,0.0,39669.94,0.826635670909187,101.7775,68.93,67.97747417374956
16319,2026-02-16 01:00:00+01:00,32.5,66.91500091552734,46764.19,0.0,39725.03,0.8494754210755119,99.9475,65.375,67.95422243046389
16320,2026-02-16 02:00:00+01:00,32.5,66.91500091552734,46526.48,0.0,39598.44,0.851094688261159,100.755,64.41,67.7408938282653
16321,2026-02-16 03:00:00+01:00,32.5,66.91500091552734,46987.43,0.0,39311.69,0.8366426934104201,98.025,64.4125,65.93190324760661
16322,2026-02-16 04:00:00+01:00,32.5,66.91500091552734,48529.8,0.0,38893.97,0.8014450913044262,96.52,66.0525,66.42840667329196
16323,2026-02-16 05:00:00+01:00,32.5,66.91500091552734,52314.04,0.0,38328.78,0.7326671767784197,94.355,69.985,74.64674326754198
16324,2026-02-16 06:00:00+01:00,32.5,66.91500091552734,58515.6,0.0,38231.21,0.6533507302918622,94.1675,79.3275,81.84131787060731
16325,2026-02-16 07:00:00+01:00,32.5,66.91500091552734,63809.7,162.33,36682.33,0.5748707484011254,96.115,94.0725,95.70919206079678
16326,2026-02-16 08:00:00+01:00,32.5,66.91500091552734,67110.57,1603.6,36582.02,0.5451007195222598,96.8,101.0325,109.85580440964833
16327,2026-02-16 09:00:00+01:00,32.5,66.91500091552734,68019.66,4312.43,37431.06,0.5502976638591992,93.065,104.425,110.40212208621286
16328,2026-02-16 10:00:00+01:00,32.5,66.91500091552734,68560.5,7197.38,38060.67,0.5551399128426513,83.0175,101.54,109.29008373387585
16329,2026-02-16 11:00:00+01:00,32.5,66.91500091552734,68979.77,9450.45,38179.27,0.5534850289362394,74.7225,94.86,105.9871196820484
16330,2026-02-16 12:00:00+01:00,32.5,66.91500091552734,68767.87,10469.7,37048.68,0.5387498550502219,67.37,92.0025,108.433468166981
16331,2026-02-16 13:00:00+01:00,32.5,66.91500091552734,67670.75,9879.44,34705.04,0.5128514165259213,64.4075,94.4025,109.53359215105114
16332,2026-02-16 14:00:00+01:00,32.5,66.91500091552734,66106.24,8055.96,31254.08,0.4727856250071421,64.4225,96.0125,114.03718209607716
16333,2026-02-16 15:00:00+01:00,32.5,66.91500091552734,65668.32,5235.31,27111.12,0.4128493007872213,71.9525,104.075,122.89089598233186
16334,2026-02-16 16:00:00+01:00,32.5,66.91500091552734,66536.3,2273.19,23432.95,0.3521829436935653,84.205,115.3025,134.74120148104532
16335,2026-02-16 17:00:00+01:00,32.5,66.91500091552734,68961.44,361.54,21427.99,0.3107242249711253,96.385,130.355,138.1985525659453
16336,2026-02-16 18:00:00+01:00,32.5,66.91500091552734,69635.52,0.0,21156.74,0.3038210958568528,98.2025,129.1175,139.22792583167086
16337,2026-02-16 19:00:00+01:00,32.5,66.91500091552734,67631.21,0.0,21326.23,0.3153311909818955,83.6125,126.355,135.87537794405532
16338,2026-02-16 20:00:00+01:00,32.5,66.91500091552734,64536.07,0.0,21504.06,0.3332099397541235,71.0025,115.6325,130.39607060056366
16339,2026-02-16 21:00:00+01:00,32.5,66.91500091552734,61150.81,0.0,21355.05,0.3492194133897459,67.2625,103.8975,122.38413306377487
16340,2026-02-16 22:00:00+01:00,32.5,66.91500091552734,58065.58,0.0,20771.65,0.3577274177993697,65.61500000000001,101.92,118.93596150204526
16341,2026-02-16 23:00:00+01:00,32.5,66.91500091552734,54476.89,0.0,20417.66,0.3747948900212925,58.04,92.755,108.82201242461078
16342,2026-02-24 00:00:00+01:00,31.833999633789062,67.43000030517578,51060.33,0.0,30231.62,0.5920764709918489,45.35,82.3575,80.84952452869848
16343,2026-02-24 01:00:00+01:00,31.833999633789062,67.43000030517578,49451.63,0.0,26578.27,0.5374599380167125,45.5125,83.9625,85.49789445229572
16344,2026-02-24 02:00:00+01:00,31.833999633789062,67.43000030517578,48928.54,0.0,22930.28,0.4686483593279814,43.975,85.975,87.19485661187714
16345,2026-02-24 03:00:00+01:00,31.833999633789062,67.43000030517578,49468.62,0.0,19475.78,0.3936996826687908,44.915,86.45,94.75172784893839
16346,2026-02-24 04:00:00+01:00,31.833999633789062,67.43000030517578,50500.52,0.0,16180.66,0.3204058096193057,45.145,88.205,102.69191587256277
16347,2026-02-24 05:00:00+01:00,31.833999633789062,67.43000030517578,53929.6,0.0,13134.55,0.243549924300653,56.07,94.17,110.37616863743804
16348,2026-02-24 06:00:00+01:00,31.833999633789062,67.43000030517578,60082.33,0.0,10641.54,0.1771159673439568,77.7625,111.1225,130.3930039175433
16349,2026-02-24 07:00:00+01:00,31.833999633789062,67.43000030517578,65113.22,352.26,8740.67,0.1342380241471335,95.9575,133.0975,158.51813915764677
16350,2026-02-24 08:00:00+01:00,31.833999633789062,67.43000030517578,68171.9,2059.22,8612.87,0.1263404716420783,99.0425,147.475,177.78396485133442
16351,2026-02-24 09:00:00+01:00,31.833999633789062,67.43000030517578,68385.95,4929.52,10122.42,0.1480190009573576,87.4675,140.72,164.60884197305143
16352,2026-02-24 10:00:00+01:00,31.833999633789062,67.43000030517578,68902.16,8061.29,12390.51,0.1798275989925674,67.015,128.7675,145.76637052552888
16353,2026-02-24 11:00:00+01:00,31.833999633789062,67.43000030517578,68967.78,10668.02,14478.76,0.2099351319978785,48.85,111.395,128.0242202960392
16354,2026-02-24 12:00:00+01:00,31.833999633789062,67.43000030517578,68139.23,12160.72,15699.06,0.2303967919463726,7.88,100.19,123.14959490708893
16355,2026-02-24 13:00:00+01:00,31.833999633789062,67.43000030517578,66949.88,12607.19,16039.48,0.2395744398287831,2.9025,99.3,117.29512094570269
16356,2026-02-24 14:00:00+01:00,31.833999633789062,67.43000030517578,65847.78,11161.39,14483.64,0.2199563902959285,34.8925,95.005,118.92138524879371
16357,2026-02-24 15:00:00+01:00,31.833999633789062,67.43000030517578,65273.15,7849.74,11036.19,0.1690770247538111,58.5075,107.0725,122.9956714593491
16358,2026-02-24 16:00:00+01:00,31.833999633789062,67.43000030517578,65702.66,3840.89,6991.99,0.10641867466151,79.5075,125.8075,136.36488479357354
16359,2026-02-24 17:00:00+01:00,31.833999633789062,67.43000030517578,68081.28,727.17,4216.39,0.0619317086779314,96.09,182.22,165.28761468107564
16360,2026-02-24 18:00:00+01:00,31.833999633789062,67.43000030517578,68719.17,7.87,4189.71,0.0609685768816811,107.27,184.0475,176.11284708656808
16361,2026-02-24 19:00:00+01:00,31.833999633789062,67.43000030517578,67629.35,0.0,5009.71,0.0740759743995652,110.8975,144.4175,164.02383390087215
16362,2026-02-24 20:00:00+01:00,31.833999633789062,67.43000030517578,64032.76,0.0,5872.97,0.0917182079779603,98.025,118.9575,145.78290865859282
16363,2026-02-24 21:00:00+01:00,31.833999633789062,67.43000030517578,60269.2,0.0,6666.64,0.1106143768109391,97.235,108.725,129.59720562618588
16364,2026-02-24 22:00:00+01:00,31.833999633789062,67.43000030517578,57121.36,0.0,7382.46,0.1292416706938977,95.855,101.705,121.70450947390134
16365,2026-02-24 23:00:00+01:00,31.833999633789062,67.43000030517578,53894.43,0.0,7728.31,0.1433971933382731,87.2875,93.9025,112.40241472812343
16366,2026-02-25 00:00:00+01:00,30.891000747680664,66.94499969482422,51108.72,0.0,6127.81,0.1198975438790293,82.3575,92.1425,110.61262270944158
16367,2026-02-25 01:00:00+01:00,30.891000747680664,66.94499969482422,49686.46,0.0,5869.75,0.1181358059885659,83.9625,87.4025,106.93751031884607
16368,2026-02-25 02:00:00+01:00,30.891000747680664,66.94499969482422,49160.77,0.0,5689.93,0.1157412709126115,85.975,84.83250000000001,106.91511136644772
16369,2026-02-25 03:00:00+01:00,30.891000747680664,66.94499969482422,49253.37,0.0,5627.64,0.1142589836768003,86.45,88.095,106.11608348691676
16370,2026-02-25 04:00:00+01:00,30.891000747680664,66.94499969482422,50978.18,0.0,5853.54,0.114824420935619,88.205,88.61,108.64105100705297
16371,2026-02-25 05:00:00+01:00,30.891000747680664,66.94499969482422,54882.35,0.0,6561.69,0.11955920252694,94.17,93.1725,119.23012031645752
16372,2026-02-25 06:00:00+01:00,30.891000747680664,66.94499969482422,61565.84,0.0,7564.69,0.1228715469288047,111.1225,113.8175,132.99230449875574
16373,2026-02-25 07:00:00+01:00,30.891000747680664,66.94499969482422,67109.57,785.93,9325.44,0.1389584227496974,133.0975,130.7325,164.59068714290163
16374,2026-02-25 08:00:00+01:00,30.891000747680664,66.94499969482422,69182.34,4864.86,14173.47,0.2048712142137905,147.475,119.8525,157.06292676599395
16375,2026-02-25 09:00:00+01:00,30.891000747680664,66.94499969482422,69072.35,11476.45,21064.02,0.3049558904098447,140.72,107.175,137.8612030168727
16376,2026-02-25 10:00:00+01:00,30.891000747680664,66.94499969482422,69358.09,18615.0,27719.93,0.3996639756948809,128.7675,90.83,117.54761170957937
16377,2026-02-25 11:00:00+01:00,30.891000747680664,66.94499969482422,69539.98,24911.8,33128.72,0.4763981812366932,111.395,79.8475,96.91339257752199
16378,2026-02-25 12:00:00+01:00,30.891000747680664,66.94499969482422,68144.54,29485.11,37377.22,0.5484991166499181,100.19,65.80250000000001,85.88837709748836
16379,2026-02-25 13:00:00+01:00,30.891000747680664,66.94499969482422,66853.28,30639.13,38846.77,0.5810750047595158,99.3,60.1975,76.1913375137099
16380,2026-02-25 14:00:00+01:00,30.891000747680664,66.94499969482422,65673.01,27491.01,36159.82,0.5506039694920937,95.005,67.8475,83.19215800862877
16381,2026-02-25 15:00:00+01:00,30.891000747680664,66.94499969482422,64964.97,19735.38,29015.21,0.4466285445145855,107.0725,80.9825,99.45874699331476
16382,2026-02-25 16:00:00+01:00,30.891000747680664,66.94499969482422,65669.45,9376.68,20059.88,0.3054674585662789,125.8075,101.37,126.05387517515206
16383,2026-02-25 17:00:00+01:00,30.891000747680664,66.94499969482422,67666.94,1784.13,15602.76,0.2305817286505667,182.22,118.6425,159.05631760893976
16384,2026-02-25 18:00:00+01:00,30.891000747680664,66.94499969482422,68824.51,20.48,18234.33,0.2649394815502588,184.0475,121.77,157.71052922925344
16385,2026-02-25 19:00:00+01:00,30.891000747680664,66.94499969482422,67667.61,0.0,22124.78,0.3269626339208725,144.4175,107.1525,136.96759443982856
16386,2026-02-25 20:00:00+01:00,30.891000747680664,66.94499969482422,64144.36,0.0,24711.01,0.3852405729225078,118.9575,94.255,116.29038774138571
16387,2026-02-25 21:00:00+01:00,30.891000747680664,66.94499969482422,60535.31,0.0,25998.76,0.4294809095006731,108.725,87.28,100.63423408159066
16388,2026-02-25 22:00:00+01:00,30.891000747680664,66.94499969482422,56970.31,0.0,26043.85,0.4571477668882005,101.705,86.8275,96.84829577335607
16389,2026-02-25 23:00:00+01:00,30.891000747680664,66.94499969482422,53880.24,0.0,26102.53,0.484454597736674,93.9025,79.12,89.31244316112617
16390,2026-02-26 00:00:00+01:00,31.049999237060547,68.6500015258789,50420.71,0.0,25903.67,0.513750599602078,92.1425,76.4225,84.25173414995125
16391,2026-02-26 01:00:00+01:00,31.049999237060547,68.6500015258789,48620.21,0.0,25929.94,0.5333160838808972,87.4025,72.39,78.30759330292082
16392,2026-02-26 02:00:00+01:00,31.049999237060547,68.6500015258789,48050.98,0.0,26124.08,0.5436742392051787,84.83250000000001,68.74249999999999,76.92511055645735
16393,2026-02-26 03:00:00+01:00,31.049999237060547,68.6500015258789,48281.53,0.0,26336.04,0.5454682151652054,88.095,67.9325,75.93490720260405
16394,2026-02-26 04:00:00+01:00,31.049999237060547,68.6500015258789,49756.13,0.0,26457.91,0.531751765956928,88.61,67.3775,77.73563239726863
16395,2026-02-26 05:00:00+01:00,31.049999237060547,68.6500015258789,53790.85,0.0,26736.39,0.4970434561831531,93.1725,75.855,84.22700652878537
16396,2026-02-26 06:00:00+01:00,31.049999237060547,68.6500015258789,59976.03,0.09,27367.18,0.456301959223326,113.8175,100.8175,97.92516819554552
16397,2026-02-26 07:00:00+01:00,31.049999237060547,68.6500015258789,65101.08,1312.31,28469.89,0.4373182441155633,130.7325,110.1,114.25419590639747
16398,2026-02-26 08:00:00+01:00,31.049999237060547,68.6500015258789,67982.85,7243.39,33731.58,0.4961777859421636,119.8525,97.4475,105.4627965179138
16399,2026-02-26 09:00:00+01:00,31.049999237060547,68.6500015258789,68312.71,15673.43,39795.91,0.5825549885837416,107.175,80.42500000000001,89.44874806494077
16400,2026-02-26 10:00:00+01:00,31.049999237060547,68.6500015258789,68935.26,23630.71,43777.4,0.6350509157962049,90.83,67.85,81.31659401654923
16401,2026-02-26 11:00:00+01:00,31.049999237060547,68.6500015258789,69226.81,29600.29,47463.77,0.6856269990361209,79.8475,53.345,66.33652213124375
16402,2026-02-26 12:00:00+01:00,31.049999237060547,68.6500015258789,68467.04,32515.83,49934.62,0.7293234816739086,65.80250000000001,20.0375,55.18516474990834
16403,2026-02-26 13:00:00+01:00,31.049999237060547,68.6500015258789,67457.16,31816.88,49098.86,0.7278524621066388,60.1975,14.0525,56.31383918994653
16404,2026-02-26 14:00:00+01:00,31.049999237060547,68.6500015258789,65803.3,26973.4,44225.65,0.6720886337505735,67.8475,44.6375,67.5998490035223
16405,2026-02-26 15:00:00+01:00,31.049999237060547,68.6500015258789,65649.72,18554.27,35952.07,0.5476347803848005,80.9825,71.3075,89.31148978440369
16406,2026-02-26 16:00:00+01:00,31.049999237060547,68.6500015258789,66395.23,8713.41,26660.32,0.4015396888599468,101.37,94.7325,107.92465946708113
16407,2026-02-26 17:00:00+01:00,31.049999237060547,68.6500015258789,68424.94,1658.66,21527.74,0.3146183247928871,118.6425,111.1375,128.06598210812822
16408,2026-02-26 18:00:00+01:00,31.049999237060547,68.6500015258789,68958.47,17.82,22981.63,0.3332676899105697,121.77,113.095,131.21565065312484
16409,2026-02-26 19:00:00+01:00,31.049999237060547,68.6500015258789,67205.75,0.0,25549.94,0.3801749105723579,107.1525,107.985,120.10797054793223
16410,2026-02-26 20:00:00+01:00,31.049999237060547,68.6500015258789,64155.13,0.0,27439.67,0.4277081192996245,94.255,93.4475,104.62023932706194
16411,2026-02-26 21:00:00+01:00,31.049999237060547,68.6500015258789,60155.51,0.0,28140.97,0.467803697372393,87.28,84.0775,96.80996762628972
16412,2026-02-26 22:00:00+01:00,31.049999237060547,68.6500015258789,56539.24,0.0,28075.23,0.4965618567747706,86.8275,80.45750000000001,89.33450837369111
16413,2026-02-26 23:00:00+01:00,31.049999237060547,68.6500015258789,52838.52,0.0,28136.44,0.532498639149526,79.12,71.575,81.05640329460648
16414,2026-02-27 00:00:00+01:00,32.2239990234375,66.98500061035156,48986.69,0.0,31886.58,0.6509233425138699,76.4225,55.1475,57.999351810741395
16415,2026-02-27 01:00:00+01:00,32.2239990234375,66.98500061035156,47553.06,0.0,31203.91,0.6561914205613284,72.39,56.0075,57.48282287589851
16416,2026-02-27 02:00:00+01:00,32.2239990234375,66.98500061035156,47118.14,0.0,30685.53,0.6512466322628085,68.74249999999999,57.3025,57.248625924898406
16417,2026-02-27 03:00:00+01:00,32.2239990234375,66.98500061035156,47544.31,0.0,30289.18,0.6370726590338418,67.9325,60.0,58.676945450391855
16418,2026-02-27 04:00:00+01:00,32.2239990234375,66.98500061035156,48588.29,0.0,30121.9,0.6199415536912409,67.3775,61.795,60.606406792041774
16419,2026-02-27 05:00:00+01:00,32.2239990234375,66.98500061035156,51615.1,0.0,30443.1,0.5898099585993614,75.855,65.9925,71.70416130424448
16420,2026-02-27 06:00:00+01:00,32.2239990234375,66.98500061035156,57853.32,0.26,31569.32,0.5456786230166776,100.8175,76.565,88.21619662281562
16421,2026-02-27 07:00:00+01:00,32.2239990234375,66.98500061035156,63263.48,1631.99,33347.24,0.5271167503704953,110.1,88.525,95.7805214597474
16422,2026-02-27 08:00:00+01:00,32.2239990234375,66.98500061035156,66077.6,8948.01,40047.65,0.6060699842902784,97.4475,79.33,88.68014655521552
16423,2026-02-27 09:00:00+01:00,32.2239990234375,66.98500061035156,66998.22,19514.08,48444.81,0.7230760756445356,80.42500000000001,64.415,64.04305699097196
16424,2026-02-27 10:00:00+01:00,32.2239990234375,66.98500061035156,67636.45,29309.23,55143.55,0.8152933808892553,67.85,31.5475,48.14832991291984
16425,2026-02-27 11:00:00+01:00,32.2239990234375,66.98500061035156,67145.51,36174.78,59582.46,0.8873632800037764,53.345,0.97,24.689050652414323
16426,2026-02-27 12:00:00+01:00,32.2239990234375,66.98500061035156,66317.62,39188.95,62426.11,0.941320119609039,20.0375,-0.0125,7.740388439807804
16427,2026-02-27 13:00:00+01:00,32.2239990234375,66.98500061035156,64862.34,37918.44,61104.21,0.9420599070366472,14.0525,-0.01,5.9777703104998015
16428,2026-02-27 14:00:00+01:00,32.2239990234375,66.98500061035156,63579.54,32553.36,55001.07,0.8650749909695673,44.6375,7.7375,23.509355518664925
16429,2026-02-27 15:00:00+01:00,32.2239990234375,66.98500061035156,62273.68,23021.61,44188.58,0.7095867787627795,71.3075,59.755,58.89890516782445
16430,2026-02-27 16:00:00+01:00,32.2239990234375,66.98500061035156,62209.94,11083.75,31094.47,0.499831216603033,94.7325,92.0,97.700323895998
16431,2026-02-27 17:00:00+01:00,32.2239990234375,66.98500061035156,63984.58,2172.54,22574.41,0.352810161393134,111.1375,115.195,125.0601598391798
16432,2026-02-27 18:00:00+01:00,32.2239990234375,66.98500061035156,64512.19,21.51,22370.77,0.346768106873016,113.095,118.1,131.7038778861032
16433,2026-02-27 19:00:00+01:00,32.2239990234375,66.98500061035156,62961.58,0.0,24000.03,0.3811853196217144,107.985,109.2525,119.07059318481402
16434,2026-02-27 20:00:00+01:00,32.2239990234375,66.98500061035156,59871.61,0.0,25172.63,0.4204435123056748,93.4475,100.03,105.85681594123895
16435,2026-02-27 21:00:00+01:00,32.2239990234375,66.98500061035156,56414.5,0.0,25535.93,0.4526483438738891,84.0775,90.9625,97.75750956829494
16436,2026-02-27 22:00:00+01:00,32.2239990234375,66.98500061035156,53380.74,0.0,24810.03,0.4647749355919803,80.45750000000001,87.51,92.70514239754124
16437,2026-02-27 23:00:00+01:00,32.2239990234375,66.98500061035156,50094.33,0.0,23892.71,0.4769543777754978,71.575,80.0025,83.09362487605857
16438,2026-02-28 00:00:00+01:00,31.958999633789062,66.00499725341797,47522.83,0.0,21048.37,0.4429107019840967,55.1475,80.02,84.92150087309112
16439,2026-02-28 01:00:00+01:00,31.958999633789062,66.00499725341797,45567.14,0.0,20218.83,0.4437151419984412,56.0075,76.305,81.04480897660649
16440,2026-02-28 02:00:00+01:00,31.958999633789062,66.00499725341797,44447.93,0.0,19907.49,0.4478833996436092,57.3025,74.7275,77.17799282373528
16441,2026-02-28 03:00:00+01:00,31.958999633789062,66.00499725341797,44314.57,0.0,20130.94,0.4542736169042656,60.0,71.775,75.04699306170707
16442,2026-02-28 04:00:00+01:00,31.958999633789062,66.00499725341797,44535.46,0.0,20770.65,0.4663845393162247,61.795,71.8925,75.64901512569114
16443,2026-02-28 05:00:00+01:00,31.958999633789062,66.00499725341797,47021.52,0.0,21820.94,0.4640628375126829,65.9925,72.25,77.56033619540875
16444,2026-02-28 06:00:00+01:00,31.958999633789062,66.00499725341797,50028.4,1.17,23337.99,0.4664948308427823,76.565,72.9225,82.29014845827841
16445,2026-02-28 07:00:00+01:00,31.958999633789062,66.00499725341797,52509.17,1767.42,25961.82,0.4944244975697722,88.525,76.29,87.34179710554803
16446,2026-02-28 08:00:00+01:00,31.958999633789062,66.00499725341797,55146.7,8479.52,33321.32,0.6042305340837746,79.33,57.115,72.03814528035892
16447,2026-02-28 09:00:00+01:00,31.958999633789062,66.00499725341797,57404.54,17151.89,41790.07,0.7279924199849014,64.415,17.7975,49.603375039307686
16448,2026-02-28 10:00:00+01:00,31.958999633789062,66.00499725341797,58625.64,23890.02,48300.42,0.8238787668972348,31.5475,-0.01,22.50866500825347
16449,2026-02-28 11:00:00+01:00,31.958999633789062,66.00499725341797,58654.69,27922.16,52866.57,0.9013187179232692,0.97,-0.0275,10.739059847371255
16450,2026-02-28 12:00:00+01:00,31.958999633789062,66.00499725341797,57864.16,29192.41,55241.25,0.954671250571222,-0.0125,-0.2525,9.179485788823335
16451,2026-02-28 13:00:00+01:00,31.958999633789062,66.00499725341797,56552.09,27562.54,54587.57,0.9652617611541392,-0.01,-0.2225,8.583428390304121
16452,2026-02-28 14:00:00+01:00,31.958999633789062,66.00499725341797,55101.94,23120.68,51144.21,0.9281743980469336,7.7375,-0.0075,10.802538452249019
16453,2026-02-28 15:00:00+01:00,31.958999633789062,66.00499725341797,54421.37,16081.76,45870.1,0.8428692624160564,59.755,14.8625,25.696464715517173
16454,2026-02-28 16:00:00+01:00,31.958999633789062,66.00499725341797,55675.61,7581.0,38064.88,0.6836903985993704,92.0,65.6475,62.03383768976813
16455,2026-02-28 17:00:00+01:00,31.958999633789062,66.00499725341797,56635.54,1472.7,32917.47,0.5812157877224767,115.195,89.935,81.02286377637199
16456,2026-02-28 18:00:00+01:00,31.958999633789062,66.00499725341797,57686.34,17.25,33263.93,0.5766344336325316,118.1,95.1925,88.42010825493571
16457,2026-02-28 19:00:00+01:00,31.958999633789062,66.00499725341797,57499.9,0.0,34873.49,0.6064965329319708,109.2525,85.1675,78.86003073692828
16458,2026-02-28 20:00:00+01:00,31.958999633789062,66.00499725341797,55248.35,0.0,35786.18,0.6477330091038496,100.03,69.1175,71.17871868529821
16459,2026-02-28 21:00:00+01:00,31.958999633789062,66.00499725341797,53049.69,0.0,35967.6,0.6779983067426032,90.9625,64.6675,62.02522325090281
16460,2026-02-28 22:00:00+01:00,31.958999633789062,66.00499725341797,51143.88,0.0,35096.92,0.6862389007861275,87.51,64.6625,64.16677021672908
16461,2026-02-28 23:00:00+01:00,31.958999633789062,66.00499725341797,48209.94,0.0,34285.22,0.711164958780043,80.0025,60.6725,56.57038274384502
16462,2026-03-01 00:00:00+01:00,31.958999633789062,66.00499725341797,46703.01,0.0,34417.58,0.7369456485273763,80.02,47.6475,51.1178241007374
16463,2026-03-01 01:00:00+01:00,31.958999633789062,66.00499725341797,44766.56,0.0,31720.9,0.7085847112870445,76.305,51.55,48.56841836188025
16464,2026-03-01 02:00:00+01:00,31.958999633789062,66.00499725341797,43943.39,0.0,28409.22,0.646495866466721,74.7275,54.2475,54.7388364053423
16465,2026-03-01 03:00:00+01:00,31.958999633789062,66.00499725341797,43633.88,0.0,24997.85,0.5729000032605627,71.775,57.072500000000005,66.45857274587001
16466,2026-03-01 04:00:00+01:00,31.958999633789062,66.00499725341797,43959.94,0.0,22132.15,0.5034617880498786,71.8925,61.085,71.65215204192295
16467,2026-03-01 05:00:00+01:00,31.958999633789062,66.00499725341797,44283.28,0.0,20103.39,0.4539724698680918,72.25,65.18,76.71007107517792
16468,2026-03-01 06:00:00+01:00,31.958999633789062,66.00499725341797,45753.47,1.23,18638.93,0.4073774075698788,72.9225,66.00750000000001,82.52860162749325
16469,2026-03-01 07:00:00+01:00,31.958999633789062,66.00499725341797,48436.92,1380.28,18485.23,0.3816351245327665,76.29,64.9975,88.83692792297559
16470,2026-03-01 08:00:00+01:00,31.958999633789062,66.00499725341797,51152.88,7166.81,22986.93,0.4493770437853397,57.115,52.535,82.09832039322762
16471,2026-03-01 09:00:00+01:00,31.958999633789062,66.00499725341797,53315.75,15649.13,30209.81,0.5666207451706821,17.7975,19.98,66.90532191673302
16472,2026-03-01 10:00:00+01:00,31.958999633789062,66.00499725341797,54747.6,23225.6,37504.01,0.6850347776550872,-0.01,0.0,41.98175404443593
16473,2026-03-01 11:00:00+01:00,31.958999633789062,66.00499725341797,56150.61,27504.88,42217.87,0.7518684123374851,-0.0275,-0.025,29.807018742723795
16474,2026-03-01 12:00:00+01:00,31.958999633789062,66.00499725341797,55636.01,28554.14,43934.45,0.7896765061352032,-0.2525,-0.365,21.85779903255796
16475,2026-03-01 13:00:00+01:00,31.958999633789062,66.00499725341797,54302.1,26972.84,42942.54,0.7908080901492193,-0.2225,-0.7875,18.47291314386477
16476,2026-03-01 14:00:00+01:00,31.958999633789062,66.00499725341797,53186.02,23100.26,39149.71,0.7360902356040008,-0.0075,-0.005,28.120568031524925
16477,2026-03-01 15:00:00+01:00,31.958999633789062,66.00499725341797,53075.17,16571.52,32206.67,0.6068123756161662,14.8625,25.9525,55.43000790868968
16478,2026-03-01 16:00:00+01:00,31.958999633789062,66.00499725341797,54303.58,8519.28,23232.1,0.4278189392986946,65.6475,74.84,90.99135222669534
16479,2026-03-01 17:00:00+01:00,31.958999633789062,66.00499725341797,57120.04,1884.34,15747.51,0.2756915085711264,89.935,103.76,112.20205809814586
16480,2026-03-01 18:00:00+01:00,31.958999633789062,66.00499725341797,58523.8,30.96,14889.99,0.2544262333863443,95.1925,110.2025,118.3227484355714
16481,2026-03-01 19:00:00+01:00,31.958999633789062,66.00499725341797,57775.48,0.0,17215.44,0.2979713885028784,85.1675,101.685,110.76683310325812
16482,2026-03-01 20:00:00+01:00,31.958999633789062,66.00499725341797,55665.54,0.0,19989.39,0.3590981062324917,69.1175,90.735,103.75237144058174
16483,2026-03-01 21:00:00+01:00,31.958999633789062,66.00499725341797,53074.17,0.0,21874.26,0.4121451168408012,64.6675,81.315,94.70436439891698
16484,2026-03-01 22:00:00+01:00,31.958999633789062,66.00499725341797,50838.32,0.0,22300.01,0.438645690802008,64.6625,74.66499999999999,89.74586393183525
16485,2026-03-01 23:00:00+01:00,31.958999633789062,66.00499725341797,48704.71,0.0,22006.66,0.4518384360666887,60.6725,68.1475,80.87381794768979
16486,2026-03-02 00:00:00+01:00,31.958999633789062,66.00499725341797,45701.17,0.0,22797.87,0.4988465283276453,47.6475,65.13,72.50498515343448
16487,2026-03-02 01:00:00+01:00,31.958999633789062,66.00499725341797,44247.47,0.0,21982.13,0.4967997039159979,51.55,66.94500000000001,71.49672903292415
16488,2026-03-02 02:00:00+01:00,31.958999633789062,66.00499725341797,43930.11,0.0,20864.11,0.474938715046482,54.2475,69.0075,74.58548266944041
16489,2026-03-02 03:00:00+01:00,31.958999633789062,66.00499725341797,44310.55,0.0,19398.89,0.4377939338514656,57.072500000000005,69.5675,73.47533113484296
16490,2026-03-02 04:00:00+01:00,31.958999633789062,66.00499725341797,46073.1,0.0,17802.13,0.3863888037951888,61.085,74.03,84.67193165473687
16491,2026-03-02 05:00:00+01:00,31.958999633789062,66.00499725341797,50509.77,0.0,16726.01,0.3311440538471776,65.18,85.03,96.18652649980089
16492,2026-03-02 06:00:00+01:00,31.958999633789062,66.00499725341797,58231.08,21.01,16441.78,0.2823540280753243,66.00750000000001,100.1675,110.03108437075598
16493,2026-03-02 07:00:00+01:00,31.958999633789062,66.00499725341797,63995.11,2225.33,18344.57,0.2866558085005782,64.9975,138.6525,126.45585298277572
16494,2026-03-02 08:00:00+01:00,31.958999633789062,66.00499725341797,67080.75,10325.16,26207.55,0.390686597810745,52.535,124.8625,120.85918370272246
16495,2026-03-02 09:00:00+01:00,31.958999633789062,66.00499725341797,67588.09,21096.96,35213.41,0.5210002234830131,19.98,89.4625,95.8391384204924
16496,2026-03-02 10:00:00+01:00,31.958999633789062,66.00499725341797,67541.83,30293.89,40920.8,0.605858621152868,0.0,69.9,71.93769092402528
16497,2026-03-02 11:00:00+01:00,31.958999633789062,66.00499725341797,67013.11,36396.3,45171.69,0.6740724313982633,-0.025,53.5625,49.87716100971116
16498,2026-03-02 12:00:00+01:00,31.958999633789062,66.00499725341797,65808.29,39155.42,47586.24,0.7231040343514314,-0.365,29.067500000000003,22.052457985612442
16499,2026-03-02 13:00:00+01:00,31.958999633789062,66.00499725341797,64288.6,38311.05,46278.53,0.7198559307995731,-0.7875,40.2525,22.047887941487044
16500,2026-03-02 14:00:00+01:00,31.958999633789062,66.00499725341797,62927.05,33099.1,40327.91,0.6408676394903515,-0.005,64.03,56.557166712424575
16501,2026-03-02 15:00:00+01:00,31.958999633789062,66.00499725341797,62000.52,23578.72,30040.66,0.4845227103765383,25.9525,84.9875,92.23224124837961
16502,2026-03-02 16:00:00+01:00,31.958999633789062,66.00499725341797,62661.3,11776.81,17904.62,0.2857364912177473,74.84,109.1525,113.1633639860463
16503,2026-03-02 17:00:00+01:00,31.958999633789062,66.00499725341797,64919.23,2617.99,9943.73,0.1531707938998705,103.76,173.5,140.65349613386763
16504,2026-03-02 18:00:00+01:00,31.958999633789062,66.00499725341797,66125.07,40.2,10012.01,0.1514101988623361,110.2025,187.995,153.8331912294226
16505,2026-03-02 19:00:00+01:00,31.958999633789062,66.00499725341797,64910.19,0.0,13035.54,0.2008242465164831,101.685,143.61,140.28750112394988
16506,2026-03-02 20:00:00+01:00,31.958999633789062,66.00499725341797,61881.51,0.0,15366.72,0.2483249034730527,90.735,107.685,118.33147663576567
16507,2026-03-02 21:00:00+01:00,31.958999633789062,66.00499725341797,58323.62,0.0,16779.01,0.2876880755536627,81.315,96.4675,109.15452651704624
16508,2026-03-02 22:00:00+01:00,31.958999633789062,66.00499725341797,54738.46,0.0,17118.84,0.312738794567341,74.66499999999999,96.8,105.92451228100951
16509,2026-03-02 23:00:00+01:00,31.958999633789062,66.00499725341797,50764.6,0.0,16633.3,0.3276554921485335,68.1475,88.89500000000001,103.0935333288566
16510,2026-03-03 00:00:00+01:00,44.50600051879883,66.17500305175781,48677.28,0.0,16316.72,0.3352019668446548,65.13,89.0625,109.16276738558179
16511,2026-03-03 01:00:00+01:00,44.50600051879883,66.17500305175781,47148.27,0.0,14959.71,0.3172907510037397,66.94500000000001,90.1225,108.79668149424786
16512,2026-03-03 02:00:00+01:00,44.50600051879883,66.17500305175781,46678.74,0.0,13446.47,0.2880641164932763,69.0075,89.425,108.24823821665899
16513,2026-03-03 03:00:00+01:00,44.50600051879883,66.17500305175781,47155.21,0.0,11963.09,0.2536960390477116,69.5675,92.815,110.17967111650117
16514,2026-03-03 04:00:00+01:00,44.50600051879883,66.17500305175781,48444.43,0.0,10518.68,0.2171287802917427,74.03,95.7225,113.5716177942899
16515,2026-03-03 05:00:00+01:00,44.50600051879883,66.17500305175781,51871.15,0.0,9361.0,0.180466405664716,85.03,103.32,122.56754931110066
16516,2026-03-03 06:00:00+01:00,44.50600051879883,66.17500305175781,58051.71,32.66,8548.15,0.1472506149866643,100.1675,136.0475,140.2272063424178
16517,2026-03-03 07:00:00+01:00,44.50600051879883,66.17500305175781,62797.98,2402.54,10169.57,0.1619410369311336,138.6525,156.3975,172.52672789730184
16518,2026-03-03 08:00:00+01:00,44.50600051879883,66.17500305175781,65906.55,10685.6,17643.34,0.267702375519929,124.8625,136.78,150.0204916774145
16519,2026-03-03 09:00:00+01:00,44.50600051879883,66.17500305175781,67353.62,21701.74,27313.3,0.4055208910218157,89.4625,99.52,123.82741675343284
16520,2026-03-03 10:00:00+01:00,44.50600051879883,66.17500305175781,67712.24,31187.3,35058.37,0.5177552831633165,69.9,78.17,100.28842068920922
16521,2026-03-03 11:00:00+01:00,44.50600051879883,66.17500305175781,67424.38,37302.38,40241.95,0.596845680954449,53.5625,55.9225,63.662154825197646
16522,2026-03-03 12:00:00+01:00,44.50600051879883,66.17500305175781,66382.19,39810.56,42662.52,0.6426802127735345,29.067500000000003,32.365,37.30283112712614
16523,2026-03-03 13:00:00+01:00,44.50600051879883,66.17500305175781,64815.06,38184.47,41357.17,0.6380796375660102,40.2525,35.6625,39.0206695442295
16524,2026-03-03 14:00:00+01:00,44.50600051879883,66.17500305175781,63527.59,32518.91,36020.75,0.5670095464715394,64.03,64.14500000000001,73.22243167441678
16525,2026-03-03 15:00:00+01:00,44.50600051879883,66.17500305175781,62643.63,23170.33,26903.05,0.4294618622149671,84.9875,86.7675,106.57047071537313
16526,2026-03-03 16:00:00+01:00,44.50600051879883,66.17500305175781,62625.22,11751.26,15735.91,0.2512711332189697,109.1525,114.18,132.35027888201014
16527,2026-03-03 17:00:00+01:00,44.50600051879883,66.17500305175781,64477.3,2638.53,7271.6,0.1127776752263544,173.5,158.615,187.46792850936254
16528,2026-03-03 18:00:00+01:00,44.50600051879883,66.17500305175781,65865.15,46.83,5820.09,0.0883637249610205,187.995,204.2575,214.34999014482935
16529,2026-03-03 19:00:00+01:00,44.50600051879883,66.17500305175781,65219.88,0.0,6682.51,0.1024612433965746,143.61,173.37,192.14802099811885
16530,2026-03-03 20:00:00+01:00,44.50600051879883,66.17500305175781,62025.98,0.0,7135.45,0.1150396978628891,107.685,131.725,150.80781137698648
16531,2026-03-03 21:00:00+01:00,44.50600051879883,66.17500305175781,58397.38,0.0,7224.01,0.1237043510986786,96.4675,116.18,135.49212202310494
16532,2026-03-03 22:00:00+01:00,44.50600051879883,66.17500305175781,54899.58,0.0,6838.29,0.1245599692885519,96.8,111.32,127.06252145384943
16533,2026-03-03 23:00:00+01:00,44.50600051879883,66.17500305175781,51607.14,0.0,6287.51,0.1218341105277614,88.89500000000001,104.695,125.37814077746818
16534,2026-03-04 00:00:00+01:00,54.290000915527344,69.4000015258789,48681.82,0.0,5365.7,0.1102197904453408,89.0625,129.01,136.0534072792404
16535,2026-03-04 01:00:00+01:00,54.290000915527344,69.4000015258789,47227.13,0.0,4961.41,0.1050542346941145,90.1225,127.8225,134.24138131289615
16536,2026-03-04 02:00:00+01:00,54.290000915527344,69.4000015258789,46789.47,0.0,4551.1,0.0972676116875725,89.425,125.3225,129.60616158239807
16537,2026-03-04 03:00:00+01:00,54.290000915527344,69.4000015258789,46823.23,0.0,4149.72,0.0886252400595547,92.815,124.735,132.46835293535955
16538,2026-03-04 04:00:00+01:00,54.290000915527344,69.4000015258789,48507.72,0.0,3876.27,0.079910373012809,95.7225,128.2025,134.54041484304787
16539,2026-03-04 05:00:00+01:00,54.290000915527344,69.4000015258789,52068.05,0.0,3693.03,0.070926988801976,103.32,141.16,145.35544685331388
16540,2026-03-04 06:00:00+01:00,54.290000915527344,69.4000015258789,58358.75,35.46,3582.19,0.0613822263051586,136.0475,200.2975,166.29577389804376
16541,2026-03-04 07:00:00+01:00,54.290000915527344,69.4000015258789,63871.63,2314.8,5589.87,0.087517259213908,156.3975,267.485,199.14600581613496
16542,2026-03-04 08:00:00+01:00,54.290000915527344,69.4000015258789,66688.81,9618.65,12397.54,0.1859013528377697,136.78,193.3475,169.61289913609914
16543,2026-03-04 09:00:00+01:00,54.290000915527344,69.4000015258789,67648.62,19316.77,21387.63,0.3161576688014985,99.52,150.76,137.2483482764786
16544,2026-03-04 10:00:00+01:00,54.290000915527344,69.4000015258789,67413.72,28588.29,30114.81,0.446716336014877,78.17,110.4175,122.89549378141939
16545,2026-03-04 11:00:00+01:00,54.290000915527344,69.4000015258789,67174.16,35696.36,37131.72,0.5527679094829369,55.9225,78.2975,83.61791354171704
16546,2026-03-04 12:00:00+01:00,54.290000915527344,69.4000015258789,65596.24,39369.53,40877.94,0.6231750477431061,32.365,42.495,49.449984754019255
16547,2026-03-04 13:00:00+01:00,54.290000915527344,69.4000015258789,63502.24,39031.66,40648.38,0.6401093881664474,35.6625,32.975,52.739824078115284
16548,2026-03-04 14:00:00+01:00,54.290000915527344,69.4000015258789,61916.79,34262.24,35994.68,0.581339568704815,64.14500000000001,65.405,77.26826800240184
16549,2026-03-04 15:00:00+01:00,54.290000915527344,69.4000015258789,60844.44,25027.69,26917.32,0.4423957225274165,86.7675,99.1125,113.15908642190742
16550,2026-03-04 16:00:00+01:00,54.290000915527344,69.4000015258789,61003.29,13045.65,15259.58,0.2501435577900563,114.18,137.21,139.43735873574423
16551,2026-03-04 17:00:00+01:00,54.290000915527344,69.4000015258789,63375.4,3094.31,6160.22,0.0972020689262391,158.615,244.265,186.83334676609144
16552,2026-03-04 18:00:00+01:00,54.290000915527344,69.4000015258789,65126.75,65.66,4615.78,0.0708737960867272,204.2575,310.86,240.57331623162895
16553,2026-03-04 19:00:00+01:00,54.290000915527344,69.4000015258789,64644.75,0.0,6118.36,0.0946458915697491,173.37,239.6275,201.52153102702937
16554,2026-03-04 20:00:00+01:00,54.290000915527344,69.4000015258789,61571.94,0.0,7390.65,0.120032761657334,131.725,169.86,162.7185160943497
16555,2026-03-04 21:00:00+01:00,54.290000915527344,69.4000015258789,58067.21,0.0,8302.21,0.1429758722447701,116.18,151.8775,147.59897053853246
16556,2026-03-04 22:00:00+01:00,54.290000915527344,69.4000015258789,54347.15,0.0,8792.37,0.1617816205335916,111.32,142.24,142.32932340355245
16557,2026-03-04 23:00:00+01:00,54.290000915527344,69.4000015258789,50585.48,0.0,9005.09,0.1780172887203961,104.695,124.8075,139.6261182848641
16558,2026-03-05 00:00:00+01:00,48.766998291015625,66.50499725341797,48264.24,0.0,9938.05,0.2059091782640917,129.01,116.485,135.6756870823414
16559,2026-03-05 01:00:00+01:00,48.766998291015625,66.50499725341797,46635.04,0.0,10041.71,0.2153254290732192,127.8225,109.9325,133.05853467279775
16560,2026-03-05 02:00:00+01:00,48.766998291015625,66.50499725341797,46052.13,0.0,10106.17,0.2194506529406021,125.3225,109.2625,129.19089152649963
16561,2026-03-05 03:00:00+01:00,48.766998291015625,66.50499725341797,46458.17,0.0,10132.25,0.2180940402477983,124.735,108.785,129.19109270811833
16562,2026-03-05 04:00:00+01:00,48.766998291015625,66.50499725341797,48291.36,0.0,10180.89,0.2108221842973935,128.2025,111.0625,134.16254896183244
16563,2026-03-05 05:00:00+01:00,48.766998291015625,66.50499725341797,52064.44,0.0,10484.51,0.201375641377997,141.16,126.9325,137.93859818941007
16564,2026-03-05 06:00:00+01:00,48.766998291015625,66.50499725341797,58294.68,48.57,11206.05,0.1922310920666806,200.2975,154.3875,154.38490094620795
16565,2026-03-05 07:00:00+01:00,48.766998291015625,66.50499725341797,63255.18,3242.69,14721.37,0.2327298728368601,267.485,175.54500000000002,174.07127877300826
16566,2026-03-05 08:00:00+01:00,48.766998291015625,66.50499725341797,66105.85,12909.97,24137.44,0.3651331916365747,193.3475,139.32999999999998,149.05588998908956
16567,2026-03-05 09:00:00+01:00,48.766998291015625,66.50499725341797,66822.23,24837.7,34212.62,0.5119945861561348,150.76,97.0925,118.60545535109392
16568,2026-03-05 10:00:00+01:00,48.766998291015625,66.50499725341797,66844.17,34977.81,41609.75,0.6224888422397213,110.4175,64.145,76.93651545134054
16569,2026-03-05 11:00:00+01:00,48.766998291015625,66.50499725341797,66097.08,42147.13,47522.24,0.71897639037625,78.2975,22.955,34.06981837581204
16570,2026-03-05 12:00:00+01:00,48.766998291015625,66.50499725341797,64564.85,45536.9,50633.53,0.7842274858867901,42.495,2.1225,15.848668491341266
16571,2026-03-05 13:00:00+01:00,48.766998291015625,66.50499725341797,62636.35,44442.44,49417.88,0.7889648741044194,32.975,2.825,15.155816427433138
16572,2026-03-05 14:00:00+01:00,48.766998291015625,66.50499725341797,61188.71,38609.41,43575.67,0.7121521272940462,65.405,38.835,27.112012798454604
16573,2026-03-05 15:00:00+01:00,48.766998291015625,66.50499725341797,61221.97,28186.31,33413.76,0.5457805424187133,99.1125,90.0025,91.04776243591097
16574,2026-03-05 16:00:00+01:00,48.766998291015625,66.50499725341797,61605.4,14746.86,21109.02,0.3426488586483248,137.21,137.75,132.4444033807814
16575,2026-03-05 17:00:00+01:00,48.766998291015625,66.50499725341797,63982.04,3558.06,13241.11,0.2069504191790461,244.265,180.375,173.94287387260448
16576,2026-03-05 18:00:00+01:00,48.766998291015625,66.50499725341797,65144.3,79.03,14962.52,0.22968271971152,310.86,192.02,173.0725153784556
16577,2026-03-05 19:00:00+01:00,48.766998291015625,66.50499725341797,64387.12,0.0,19354.87,0.3006015798966312,239.6275,165.0,157.09562768335735
16578,2026-03-05 20:00:00+01:00,48.766998291015625,66.50499725341797,61639.86,0.0,21527.82,0.3492516043434797,169.86,135.245,143.26704189058603
16579,2026-03-05 21:00:00+01:00,48.766998291015625,66.50499725341797,58043.48,0.0,21598.14,0.3721027753035995,151.8775,130.59,129.96766905051834
16580,2026-03-05 22:00:00+01:00,48.766998291015625,66.50499725341797,54547.59,0.0,19847.33,0.3638534717365417,142.24,130.1425,129.1749922334367
16581,2026-03-05 23:00:00+01:00,48.766998291015625,66.50499725341797,51177.81,0.0,17519.7,0.3423300058477824,124.8075,119.7,128.50048730035127
16582,2026-03-06 00:00:00+01:00,50.73099899291992,66.26000213623047,48062.85,0.0,17845.87,0.3713027836736059,116.485,104.125,116.53754079941304
16583,2026-03-06 01:00:00+01:00,50.73099899291992,66.26000213623047,46605.75,0.0,15058.01,0.3230933950589587,109.9325,106.0,122.65742175454518
16584,2026-03-06 02:00:00+01:00,50.73099899291992,66.26000213623047,46235.08,0.0,12664.18,0.2739084694405398,109.2625,108.5225,126.23194232873469
16585,2026-03-06 03:00:00+01:00,50.73099899291992,66.26000213623047,46703.78,0.0,10811.34,0.2314874726988934,108.785,109.525,128.37905902198258
16586,2026-03-06 04:00:00+01:00,50.73099899291992,66.26000213623047,48130.79,0.0,9518.95,0.1977725692435606,111.0625,115.5,131.88994204512787
16587,2026-03-06 05:00:00+01:00,50.73099899291992,66.26000213623047,51498.72,0.0,8851.71,0.1718821360663173,126.9325,129.6575,136.66764665838662
16588,2026-03-06 06:00:00+01:00,50.73099899291992,66.26000213623047,57730.82,68.82,8532.51,0.1477981777934562,154.3875,157.285,156.98743988135982
16589,2026-03-06 07:00:00+01:00,50.73099899291992,66.26000213623047,62989.57,3729.22,11614.29,0.184384335345616,175.54500000000002,177.025,170.88249785588982
16590,2026-03-06 08:00:00+01:00,50.73099899291992,66.26000213623047,65546.25,13905.86,21020.7,0.3207002688451741,139.32999999999998,138.2875,138.05471488664108
16591,2026-03-06 09:00:00+01:00,50.73099899291992,66.26000213623047,66118.52,25402.95,30951.36,0.4681193710222008,97.0925,111.9625,122.62728662049452
16592,2026-03-06 10:00:00+01:00,50.73099899291992,66.26000213623047,65863.19,34536.82,37904.51,0.5755037069149697,64.145,96.5,84.48811234030913
16593,2026-03-06 11:00:00+01:00,50.73099899291992,66.26000213623047,64752.58,40180.6,42389.29,0.6546347650310405,22.955,66.7125,44.2306411441522
16594,2026-03-06 12:00:00+01:00,50.73099899291992,66.26000213623047,63267.37,42098.42,44013.88,0.6956805695106844,2.1225,52.64,24.065609774892536
16595,2026-03-06 13:00:00+01:00,50.73099899291992,66.26000213623047,61295.63,40451.59,42171.84,0.6880072852358304,2.825,48.6525,24.863110595159142
16596,2026-03-06 14:00:00+01:00,50.73099899291992,66.26000213623047,59365.79,34930.21,36398.93,0.61312971652308,38.835,73.9375,55.53626869362502
16597,2026-03-06 15:00:00+01:00,50.73099899291992,66.26000213623047,58927.41,25487.0,26755.54,0.4540423547456026,90.0025,107.0675,110.24120080238832
16598,2026-03-06 16:00:00+01:00,50.73099899291992,66.26000213623047,59445.56,13327.1,14685.44,0.2470401489620015,137.75,130.39749999999998,135.70357071968493
16599,2026-03-06 17:00:00+01:00,50.73099899291992,66.26000213623047,61506.31,3237.43,5289.39,0.0859975179642548,180.375,177.4375,182.37085856036794
16600,2026-03-06 18:00:00+01:00,50.73099899291992,66.26000213623047,62884.49,71.86,3302.99,0.0525247163406231,192.02,229.5525,242.17745006049512
16601,2026-03-06 19:00:00+01:00,50.73099899291992,66.26000213623047,62019.44,0.0,4439.64,0.0715846515106256,165.0,189.765,189.00772584791747
16602,2026-03-06 20:00:00+01:00,50.73099899291992,66.26000213623047,58746.56,0.0,5280.19,0.0898808372626617,135.245,153.11,162.10694721910573
16603,2026-03-06 21:00:00+01:00,50.73099899291992,66.26000213623047,55177.38,0.0,5611.65,0.1017020017801312,130.59,134.1925,151.06308022169287
16604,2026-03-06 22:00:00+01:00,50.73099899291992,66.26000213623047,51807.82,0.0,5406.18,0.1043506559233045,130.1425,127.245,141.40384929285642
16605,2026-03-06 23:00:00+01:00,50.73099899291992,66.26000213623047,48507.68,0.0,4824.09,0.0994500252126158,119.7,126.075,137.99129157887836
16606,2026-03-07 00:00:00+01:00,53.3849983215332,66.18499755859375,45481.61,0.0,4183.47,0.091981572311978,104.125,135.1625,137.4660374552663
16607,2026-03-07 01:00:00+01:00,53.3849983215332,66.18499755859375,43660.7,0.0,3645.97,0.0835069066498001,106.0,130.6775,134.90630143693156
16608,2026-03-07 02:00:00+01:00,53.3849983215332,66.18499755859375,42709.6,0.0,3115.59,0.07294823644498,108.5225,125.6725,134.3884147389802
16609,2026-03-07 03:00:00+01:00,53.3849983215332,66.18499755859375,42467.53,0.0,2613.56,0.0615425479038826,109.525,124.39,133.14008738296081
16610,2026-03-07 04:00:00+01:00,53.3849983215332,66.18499755859375,42653.53,0.0,2276.52,0.0533723703399525,115.5,124.7475,132.02969990399362
16611,2026-03-07 05:00:00+01:00,53.3849983215332,66.18499755859375,43508.57,0.0,2145.9,0.0493213176049405,129.6575,129.575,134.80587091927316
16612,2026-03-07 06:00:00+01:00,53.3849983215332,66.18499755859375,45560.46,74.49,2213.84,0.0485912565306427,157.285,135.62,144.76362824079945
16613,2026-03-07 07:00:00+01:00,53.3849983215332,66.18499755859375,48672.61,3649.97,5741.8,0.117967785142821,177.025,129.5575,148.46120038208267
16614,2026-03-07 08:00:00+01:00,53.3849983215332,66.18499755859375,52317.16,13206.73,15171.24,0.2899859242569768,138.2875,112.9025,136.40524220223068
16615,2026-03-07 09:00:00+01:00,53.3849983215332,66.18499755859375,55116.02,24497.08,26109.45,0.4737179860821376,111.9625,102.7875,109.17159805353084
16616,2026-03-07 10:00:00+01:00,53.3849983215332,66.18499755859375,56189.45,33666.72,34802.08,0.6193703621196914,96.5,74.445,65.57860221508547
16617,2026-03-07 11:00:00+01:00,53.3849983215332,66.18499755859375,56005.65,39413.33,40298.15,0.7195372251336182,66.7125,30.5425,31.29905361696129
16618,2026-03-07 12:00:00+01:00,53.3849983215332,66.18499755859375,54792.76,41316.24,42137.18,0.7690282437371235,52.64,13.03,18.910433389997443
16619,2026-03-07 13:00:00+01:00,53.3849983215332,66.18499755859375,52893.68,39518.81,40345.82,0.7627720361368745,48.6525,1.4175,14.085586458065421
16620,2026-03-07 14:00:00+01:00,53.3849983215332,66.18499755859375,51536.76,34017.35,34909.26,0.6773662138098385,73.9375,18.1775,22.18787890736738
16621,2026-03-07 15:00:00+01:00,53.3849983215332,66.18499755859375,51307.89,24952.08,25960.26,0.5059701343193083,107.0675,83.285,86.41867806365748
16622,2026-03-07 16:00:00+01:00,53.3849983215332,66.18499755859375,52246.24,13166.03,14371.36,0.2750697465932343,130.39749999999998,126.315,131.6540961926956
16623,2026-03-07 17:00:00+01:00,53.3849983215332,66.18499755859375,54690.41,3316.55,5047.73,0.0922964373292691,177.4375,147.37,166.98815041763078
16624,2026-03-07 18:00:00+01:00,53.3849983215332,66.18499755859375,56726.67,76.14,2712.5,0.0478170144576057,229.5525,180.8725,192.3260134065112
16625,2026-03-07 19:00:00+01:00,53.3849983215332,66.18499755859375,55262.82,0.0,3420.42,0.0618936927102356,189.765,166.725,175.47375963333576
16626,2026-03-07 20:00:00+01:00,53.3849983215332,66.18499755859375,52501.65,0.0,3863.85,0.0735948298627576,153.11,148.1975,158.37158274168326
16627,2026-03-07 21:00:00+01:00,53.3849983215332,66.18499755859375,49860.79,0.0,4084.18,0.0819116584229989,134.1925,137.61,140.04091015228664
16628,2026-03-07 22:00:00+01:00,53.3849983215332,66.18499755859375,47342.89,0.0,4103.29,0.086671726190211,127.245,134.1975,136.02382898261692
16629,2026-03-07 23:00:00+01:00,53.3849983215332,66.18499755859375,44728.38,0.0,3922.25,0.0876904104088521,126.075,130.645,133.19149495491536
16630,2026-03-08 00:00:00+01:00,53.3849983215332,66.18499755859375,42290.73,0.0,3376.71,0.0798451575369247,135.1625,135.9925,134.189017581193
16631,2026-03-08 01:00:00+01:00,53.3849983215332,66.18499755859375,40679.86,0.0,3049.18,0.0749555185108907,130.6775,132.7325,131.04913753217218
16632,2026-03-08 02:00:00+01:00,53.3849983215332,66.18499755859375,39848.65,0.0,2758.27,0.06921865607261,125.6725,131.1925,127.9632448469644
16633,2026-03-08 03:00:00+01:00,53.3849983215332,66.18499755859375,39739.7,0.0,2574.34,0.0647800561995233,124.39,130.0925,128.165098163871
16634,2026-03-08 04:00:00+01:00,53.3849983215332,66.18499755859375,39990.85,0.0,2612.66,0.0653314445516083,124.7475,129.335,127.93923505175981
16635,2026-03-08 05:00:00+01:00,53.3849983215332,66.18499755859375,41058.4,0.0,2899.57,0.0706206281611995,129.575,129.635,133.12814884592336
16636,2026-03-08 06:00:00+01:00,53.3849983215332,66.18499755859375,43138.45,79.7,3501.75,0.0811746828916721,135.62,131.0975,136.65402331676398
16637,2026-03-08 07:00:00+01:00,53.3849983215332,66.18499755859375,45991.37,3064.75,7011.33,0.1524488180820774,129.5575,116.985,136.18157071171245
16638,2026-03-08 08:00:00+01:00,53.3849983215332,66.18499755859375,49168.93,11300.98,15593.36,0.317138485560467,112.9025,108.5625,125.58144308224087
16639,2026-03-08 09:00:00+01:00,53.3849983215332,66.18499755859375,51694.25,21823.28,25756.87,0.4982540610419429,102.7875,90.7175,99.0413244131945
16640,2026-03-08 10:00:00+01:00,53.3849983215332,66.18499755859375,52400.36,31210.71,34023.45,0.6492980199660272,74.445,62.94,37.69081372957936
16641,2026-03-08 11:00:00+01:00,53.3849983215332,66.18499755859375,52441.63,37526.96,39467.82,0.7526047529886838,30.5425,18.0275,13.964334410238617
16642,2026-03-08 12:00:00+01:00,53.3849983215332,66.18499755859375,51955.97,39778.38,41627.56,0.8012084076572511,13.03,8.3325,6.465667595170677
16643,2026-03-08 13:00:00+01:00,53.3849983215332,66.18499755859375,50192.13,38368.73,40452.6,0.8059550370135806,1.4175,-0.005,0.47648672729303776
16644,2026-03-08 14:00:00+01:00,53.3849983215332,66.18499755859375,48948.71,33131.9,35573.91,0.7267588868579461,18.1775,6.48,16.87620396082263
16645,2026-03-08 15:00:00+01:00,53.3849983215332,66.18499755859375,48791.22,24264.18,27201.95,0.5575173155011255,83.285,64.25999999999999,72.79051161133663
16646,2026-03-08 16:00:00+01:00,53.3849983215332,66.18499755859375,49654.66,12920.37,16818.16,0.3387025507094998,126.315,117.2025,126.91566319633583
16647,2026-03-08 17:00:00+01:00,53.3849983215332,66.18499755859375,52071.78,3401.8,9656.3,0.185442095471781,147.37,146.3125,144.6669918614848
16648,2026-03-08 18:00:00+01:00,53.3849983215332,66.18499755859375,54569.25,97.8,9932.53,0.1820169783931395,180.8725,160.26,152.8133080913649
16649,2026-03-08 19:00:00+01:00,53.3849983215332,66.18499755859375,54464.65,0.0,12896.96,0.2367950587699002,166.725,154.0525,150.67428654045858
16650,2026-03-08 20:00:00+01:00,53.3849983215332,66.18499755859375,52558.16,0.0,14730.15,0.280263806746609,148.1975,138.7925,144.00707325006573
16651,2026-03-08 21:00:00+01:00,53.3849983215332,66.18499755859375,50509.79,0.0,15462.23,0.3061234267047787,137.61,127.435,133.95343598438663
16652,2026-03-08 22:00:00+01:00,53.3849983215332,66.18499755859375,48439.11,0.0,14921.79,0.3080525219583818,134.1975,121.115,130.49128856876436
16653,2026-03-08 23:00:00+01:00,53.3849983215332,66.18499755859375,46033.48,0.0,13672.92,0.2970212114537025,130.645,113.5725,128.7167713839259
16654,2026-03-09 00:00:00+01:00,53.3849983215332,66.18499755859375,43508.7,0.0,12490.76,0.2870864906818438,135.9925,114.0875,120.85231678052195
16655,2026-03-09 01:00:00+01:00,53.3849983215332,66.18499755859375,42250.15,0.0,11178.15,0.2645706582664036,132.7325,109.2725,120.6365686063851
16656,2026-03-09 02:00:00+01:00,53.3849983215332,66.18499755859375,41810.11,0.0,9816.39,0.2347850794377758,131.1925,109.12,124.5315544320879
16657,2026-03-09 03:00:00+01:00,53.3849983215332,66.18499755859375,42013.11,0.0,8556.5,0.2036626185960376,130.0925,110.48,124.10344244289398
16658,2026-03-09 04:00:00+01:00,53.3849983215332,66.18499755859375,43880.59,0.0,7768.06,0.1770272459470059,129.335,116.39,127.42820362192526
16659,2026-03-09 05:00:00+01:00,53.3849983215332,66.18499755859375,48655.68,0.0,7310.97,0.1502593324869245,129.635,136.9975,136.60941066355534
16660,2026-03-09 06:00:00+01:00,53.3849983215332,66.18499755859375,56458.26,116.19,7187.99,0.1273151173756833,131.0975,163.925,155.93354392329906
16661,2026-03-09 07:00:00+01:00,53.3849983215332,66.18499755859375,62351.4,3785.6,10335.06,0.1657550592022384,116.985,191.58,164.17024806165966
16662,2026-03-09 08:00:00+01:00,53.3849983215332,66.18499755859375,64963.82,13428.0,19050.97,0.2932550763958685,108.5625,162.605,145.1484386818983
16663,2026-03-09 09:00:00+01:00,53.3849983215332,66.18499755859375,65293.18,25023.99,28771.0,0.4406432646655219,90.7175,127.0725,123.40907325872307
16664,2026-03-09 10:00:00+01:00,53.3849983215332,66.18499755859375,64990.2,34421.26,36604.48,0.5632307639362195,62.94,101.1175,80.73530413054408
16665,2026-03-09 11:00:00+01:00,53.3849983215332,66.18499755859375,64517.39,39909.13,41521.14,0.6435650914205355,18.0275,81.0475,39.09743698917971
16666,2026-03-09 12:00:00+01:00,53.3849983215332,66.18499755859375,63235.33,41099.23,42621.75,0.6740179895204124,8.3325,67.69,26.733885405759025
16667,2026-03-09 13:00:00+01:00,53.3849983215332,66.18499755859375,61697.95,38344.88,39840.59,0.6457360413683539,-0.005,67.2925,36.86014858373187
16668,2026-03-09 14:00:00+01:00,53.3849983215332,66.18499755859375,60309.69,32128.51,33638.51,0.5577629398264585,6.48,81.375,70.15517080836722
16669,2026-03-09 15:00:00+01:00,53.3849983215332,66.18499755859375,60069.86,22968.1,24494.24,0.4077625617226738,64.25999999999999,112.9925,110.51454991851179
16670,2026-03-09 16:00:00+01:00,53.3849983215332,66.18499755859375,60805.26,12238.67,13847.83,0.2277406592410359,117.2025,143.4375,144.05480849787625
16671,2026-03-09 17:00:00+01:00,53.3849983215332,66.18499755859375,63229.87,3333.2,5306.16,0.0839185656899312,146.3125,187.025,193.45990992950988
16672,2026-03-09 18:00:00+01:00,53.3849983215332,66.18499755859375,64561.27,113.47,2722.49,0.0421690899137874,160.26,243.9725,236.80673722269904
16673,2026-03-09 19:00:00+01:00,53.3849983215332,66.18499755859375,63433.05,0.0,3033.76,0.0478261726264421,154.0525,222.405,230.4490677676942
16674,2026-03-09 20:00:00+01:00,53.3849983215332,66.18499755859375,60287.53,0.0,3174.28,0.0526523478316905,138.7925,180.89,178.06130585748025
16675,2026-03-09 21:00:00+01:00,53.3849983215332,66.18499755859375,57093.94,0.0,3178.65,0.0556740347477028,127.435,152.1575,157.52903384369625
16676,2026-03-09 22:00:00+01:00,53.3849983215332,66.18499755859375,53545.68,0.0,3111.99,0.0581184140236675,121.115,143.27,148.95034616606068
16677,2026-03-09 23:00:00+01:00,53.3849983215332,66.18499755859375,49846.92,0.0,3062.87,0.0614455215966311,113.5725,132.695,141.35981758272283
16678,2026-03-10 00:00:00+01:00,56.45299911499024,66.80500030517578,46955.28,0.0,3341.68,0.0711672893716814,114.0875,138.58,140.5102937018521
16679,2026-03-10 01:00:00+01:00,56.45299911499024,66.80500030517578,45429.29,0.0,3333.74,0.0733830530758057,109.2725,130.44,138.2826674406375
16680,2026-03-10 02:00:00+01:00,56.45299911499024,66.80500030517578,45060.21,0.0,3318.46,0.073645018504431,109.12,127.6125,138.8202605290877
16681,2026-03-10 03:00:00+01:00,56.45299911499024,66.80500030517578,45424.32,0.0,3294.95,0.0725371342768505,110.48,126.9,137.61591383139188
16682,2026-03-10 04:00:00+01:00,56.45299911499024,66.80500030517578,46668.57,0.0,3223.16,0.0690648974097417,116.39,128.48250000000002,141.7580496961047
16683,2026-03-10 05:00:00+01:00,56.45299911499024,66.80500030517578,49892.23,0.0,3254.63,0.0652332036340662,136.9975,140.70999999999998,149.7675053569563
16684,2026-03-10 06:00:00+01:00,56.45299911499024,66.80500030517578,55845.56,130.04,3535.59,0.0633101360138012,163.925,168.1025,180.67113648013924
16685,2026-03-10 07:00:00+01:00,56.45299911499024,66.80500030517578,60421.5,3627.37,7075.19,0.1170972253060421,191.58,180.17,181.3270571848298
16686,2026-03-10 08:00:00+01:00,56.45299911499024,66.80500030517578,63013.31,12370.2,15785.32,0.2505077101567101,162.605,173.32,154.72389129757136
16687,2026-03-10 09:00:00+01:00,56.45299911499024,66.80500030517578,63830.12,22892.05,25856.56,0.4050839947653107,127.0725,140.53750000000002,136.8174656074077
16688,2026-03-10 10:00:00+01:00,56.45299911499024,66.80500030517578,63951.02,31741.37,34092.03,0.5330959536637421,101.1175,118.25,107.87499042950286
16689,2026-03-10 11:00:00+01:00,56.45299911499024,66.80500030517578,63396.86,36817.31,39284.49,0.6196598694920127,81.0475,103.7925,68.25289938303686
16690,2026-03-10 12:00:00+01:00,56.45299911499024,66.80500030517578,62337.62,37314.14,40593.95,0.6511950567488467,67.69,91.44,60.63778150368922
16691,2026-03-10 13:00:00+01:00,56.45299911499024,66.80500030517578,61199.12,34117.56,38478.01,0.6287346941216254,67.2925,97.0375,74.71327401312973
16692,2026-03-10 14:00:00+01:00,56.45299911499024,66.80500030517578,59840.45,28443.15,33687.56,0.5629563279415585,81.375,107.165,90.09454931531154
16693,2026-03-10 15:00:00+01:00,56.45299911499024,66.80500030517578,59338.59,20393.62,26215.45,0.4417942859036937,112.9925,121.4925,127.07037220605577
16694,2026-03-10 16:00:00+01:00,56.45299911499024,66.80500030517578,59321.68,10811.33,16742.85,0.2822382979911832,143.4375,144.3925,148.51083850118567
16695,2026-03-10 17:00:00+01:00,56.45299911499024,66.80500030517578,60778.73,2895.72,8822.95,0.1451650930933954,187.025,179.0025,178.77951658454452
16696,2026-03-10 18:00:00+01:00,56.45299911499024,66.80500030517578,62088.91,96.02,6805.5,0.1096089462498843,243.9725,218.2275,199.37744847212753
16697,2026-03-10 19:00:00+01:00,56.45299911499024,66.80500030517578,61624.97,0.0,8084.79,0.1311934107016695,222.405,201.13,189.29339371252064
16698,2026-03-10 20:00:00+01:00,56.45299911499024,66.80500030517578,59078.57,0.0,9943.34,0.1683070527657817,180.89,159.5475,176.78623992338163
16699,2026-03-10 21:00:00+01:00,56.45299911499024,66.80500030517578,55907.23,0.0,12005.07,0.2147319764877043,152.1575,139.9675,149.61569333863025
16700,2026-03-10 22:00:00+01:00,56.45299911499024,66.80500030517578,52553.62,0.0,13924.8,0.264963669436099,143.27,123.255,143.8947366845485
16701,2026-03-10 23:00:00+01:00,56.45299911499024,66.80500030517578,49447.67,0.0,15885.4,0.321256795250159,132.695,98.5825,134.8315670680799
16702,2026-03-11 00:00:00+01:00,47.39300155639648,68.7750015258789,47106.21,0.0,20397.04,0.4330010840538856,138.58,83.9575,108.17584208077417
16703,2026-03-11 01:00:00+01:00,47.39300155639648,68.7750015258789,45749.71,0.0,22383.58,0.4892616804589009,130.44,70.805,98.1747523632031
16704,2026-03-11 02:00:00+01:00,47.39300155639648,68.7750015258789,45213.56,0.0,24365.32,0.5388940838680046,127.6125,65.425,89.73218580031843
16705,2026-03-11 03:00:00+01:00,47.39300155639648,68.7750015258789,45076.79,0.0,26176.91,0.580718147725089,126.9,63.5725,85.25836601313682
16706,2026-03-11 04:00:00+01:00,47.39300155639648,68.7750015258789,46883.66,0.0,27925.19,0.5956273463727815,128.48250000000002,56.0725,87.3752364702701
16707,2026-03-11 05:00:00+01:00,47.39300155639648,68.7750015258789,50695.73,0.0,29924.75,0.5902814693485463,140.70999999999998,64.535,88.23436418667454
16708,2026-03-11 06:00:00+01:00,47.39300155639648,68.7750015258789,56923.63,145.34,32557.09,0.5719433211529301,168.1025,70.8675,108.59099972870389
16709,2026-03-11 07:00:00+01:00,47.39300155639648,68.7750015258789,62251.96,3260.92,36921.2,0.593092972399087,180.17,80.87,116.49598955312645
16710,2026-03-11 08:00:00+01:00,47.39300155639648,68.7750015258789,64821.94,10532.97,44589.88,0.6878825285562445,173.32,75.5025,102.33473499892378
16711,2026-03-11 09:00:00+01:00,47.39300155639648,68.7750015258789,65985.12,18460.26,52540.52,0.7962480024593047,140.53750000000002,57.945,69.89479796803496
16712,2026-03-11 10:00:00+01:00,47.39300155639648,68.7750015258789,66307.93,23578.68,58915.94,0.8885202718756988,118.25,26.2275,43.96586449444747
16713,2026-03-11 11:00:00+01:00,47.39300155639648,68.7750015258789,66087.32,25328.56,62929.66,0.9522198810676208,103.7925,12.1975,32.18096345296283
16714,2026-03-11 12:00:00+01:00,47.39300155639648,68.7750015258789,64818.22,23830.73,63005.95,0.9720407316072484,91.44,9.9125,26.61501365515805
16715,2026-03-11 13:00:00+01:00,47.39300155639648,68.7750015258789,63252.57,19901.87,59224.24,0.9363135757272292,97.0375,16.1375,31.67602049729492
16716,2026-03-11 14:00:00+01:00,47.39300155639648,68.7750015258789,61751.5,15204.24,53479.21,0.8660390434457399,107.165,47.2725,39.46556645771198
16717,2026-03-11 15:00:00+01:00,47.39300155639648,68.7750015258789,60702.65,10062.31,45705.47,0.7529402751357741,121.4925,79.33,71.77635762614906
16718,2026-03-11 16:00:00+01:00,47.39300155639648,68.7750015258789,60672.01,5078.96,37427.82,0.6168877542351262,144.3925,104.105,100.60131501896655
16719,2026-03-11 17:00:00+01:00,47.39300155639648,68.7750015258789,62685.68,1375.79,30392.52,0.484839918704744,179.0025,128.7775,134.06367611980193
16720,2026-03-11 18:00:00+01:00,47.39300155639648,68.7750015258789,63953.14,67.83,26852.08,0.4198711743598717,218.2275,153.13750000000002,154.8398518830674
16721,2026-03-11 19:00:00+01:00,47.39300155639648,68.7750015258789,62594.95,0.0,25701.68,0.4106030917173665,201.13,156.72,154.9739201364522
16722,2026-03-11 20:00:00+01:00,47.39300155639648,68.7750015258789,59812.25,0.0,25395.32,0.4245839271345612,159.5475,132.19,141.750737297793
16723,2026-03-11 21:00:00+01:00,47.39300155639648,68.7750015258789,56661.96,0.0,24604.05,0.4342251838033443,139.9675,123.0275,132.7526749294005
16724,2026-03-11 22:00:00+01:00,47.39300155639648,68.7750015258789,53098.25,0.0,23395.11,0.4406003963519324,123.255,119.3025,123.77524570694753
16725,2026-03-11 23:00:00+01:00,47.39300155639648,68.7750015258789,49534.52,0.0,22744.86,0.4591719066906933,98.5825,104.0025,113.04581213592057
16726,2026-03-12 00:00:00+01:00,49.98899841308594,67.65499877929688,46085.6,0.0,22353.57,0.4850445691311288,83.9575,100.185,108.05967250514834
16727,2026-03-12 01:00:00+01:00,49.98899841308594,67.65499877929688,44591.08,0.0,22021.84,0.4938620009890179,70.805,92.0425,101.99241089386192
16728,2026-03-12 02:00:00+01:00,49.98899841308594,67.65499877929688,44269.0,0.0,21792.66,0.4922781177590914,65.425,88.8125,99.62920774023213
16729,2026-03-12 03:00:00+01:00,49.98899841308594,67.65499877929688,44532.43,0.0,21791.78,0.4893463032470165,63.5725,88.61,98.66931638791972
16730,2026-03-12 04:00:00+01:00,49.98899841308594,67.65499877929688,45691.87,0.0,21916.49,0.4796584161515695,56.0725,89.6625,98.74565260263249
16731,2026-03-12 05:00:00+01:00,49.98899841308594,67.65499877929688,48988.02,0.0,22269.8,0.4545968584860958,64.535,99.8225,109.90379277755123
16732,2026-03-12 06:00:00+01:00,49.98899841308594,67.65499877929688,55097.95,147.33,23190.69,0.4208993255791006,70.8675,130.6675,130.01160040850772
16733,2026-03-12 07:00:00+01:00,49.98899841308594,67.65499877929688,59829.52,3448.49,26570.37,0.4441013398663233,80.87,137.14,134.10487109796085
16734,2026-03-12 08:00:00+01:00,49.98899841308594,67.65499877929688,62411.35,11488.09,33581.65,0.538069597831473,75.5025,104.805,118.07494746498071
16735,2026-03-12 09:00:00+01:00,49.98899841308594,67.65499877929688,62992.86,21038.1,41932.28,0.6656671882074147,57.945,79.9975,79.28599282500558
16736,2026-03-12 10:00:00+01:00,49.98899841308594,67.65499877929688,63383.72,29164.2,50837.21,0.8020546915198327,26.2275,28.475,31.853282550253137
16737,2026-03-12 11:00:00+01:00,49.98899841308594,67.65499877929688,63489.19,34043.93,57717.22,0.9090873578779178,12.1975,0.3425,21.59474085413604
16738,2026-03-12 12:00:00+01:00,49.98899841308594,67.65499877929688,62865.08,35387.06,60993.53,0.9702291000074716,9.9125,-1.0925,16.69635488281878
16739,2026-03-12 13:00:00+01:00,49.98899841308594,67.65499877929688,61457.7,34286.17,61356.6,0.9983549659361878,16.1375,-2.4925,17.49152279741588
16740,2026-03-12 14:00:00+01:00,49.98899841308594,67.65499877929688,59937.45,30392.7,58423.53,0.9747416680264606,47.2725,-0.9025,19.76032262589351
16741,2026-03-12 15:00:00+01:00,49.98899841308594,67.65499877929688,59168.57,23359.98,52915.68,0.8943207515587548,79.33,3.6,26.5102253827801
16742,2026-03-12 16:00:00+01:00,49.98899841308594,67.65499877929688,58997.57,13401.01,44686.73,0.7574333992472175,104.105,51.165,62.42440067592068
16743,2026-03-12 17:00:00+01:00,49.98899841308594,67.65499877929688,60286.06,3898.1,35893.05,0.5953789316144763,128.7775,108.5775,93.64476783761774
16744,2026-03-12 18:00:00+01:00,49.98899841308594,67.65499877929688,62037.36,156.72,33468.62,0.5394913644714263,153.13750000000002,114.865,110.73750420684772
16745,2026-03-12 19:00:00+01:00,49.98899841308594,67.65499877929688,61646.76,0.0,35662.85,0.5785032334905348,156.72,105.9975,105.17576438538714
16746,2026-03-12 20:00:00+01:00,49.98899841308594,67.65499877929688,58839.64,0.0,38273.86,0.6504774671207237,132.19,86.57,89.12878745490386
16747,2026-03-12 21:00:00+01:00,49.98899841308594,67.65499877929688,55666.08,0.0,39947.21,0.7176221137328832,123.0275,69.79,76.84134217540706
16748,2026-03-12 22:00:00+01:00,49.98899841308594,67.65499877929688,52396.21,0.0,40156.68,0.7664042874920907,119.3025,62.555,60.16966715211718
16749,2026-03-12 23:00:00+01:00,49.98899841308594,67.65499877929688,49139.97,0.0,40661.48,0.8274624504598879,104.0025,17.9025,39.64579338911537
16750,2026-03-13 00:00:00+01:00,50.869998931884766,64.29499816894531,48017.75,0.0,40292.56,0.8391180343020823,100.185,6.29,37.4696816172233
16751,2026-03-13 01:00:00+01:00,50.869998931884766,64.29499816894531,46713.07,0.0,40016.98,0.8566548931901382,92.0425,4.1025,31.076167479657457
16752,2026-03-13 02:00:00+01:00,50.869998931884766,64.29499816894531,46290.9,0.0,40107.81,0.8664296868571512,88.8125,2.8875,27.077293704398635
16753,2026-03-13 03:00:00+01:00,50.869998931884766,64.29499816894531,46853.43,0.0,40529.34,0.8650239692451492,88.61,1.1475,26.479827586214746
16754,2026-03-13 04:00:00+01:00,50.869998931884766,64.29499816894531,48021.75,0.0,41315.25,0.8603445312050592,89.6625,1.46,23.49946990837836
16755,2026-03-13 05:00:00+01:00,50.869998931884766,64.29499816894531,51036.09,0.0,42405.32,0.8308888865054339,99.8225,2.9075,30.013438016495726
16756,2026-03-13 06:00:00+01:00,50.869998931884766,64.29499816894531,57196.21,294.78,44635.68,0.7803957638486193,130.6675,8.46,53.862322861778026
16757,2026-03-13 07:00:00+01:00,50.869998931884766,64.29499816894531,62098.25,5158.98,49961.78,0.8045601927905278,137.14,19.9375,61.870330515104946
16758,2026-03-13 08:00:00+01:00,50.869998931884766,64.29499816894531,65013.61,14938.53,58722.86,0.9032394907922756,104.805,6.415,37.72171348357486
16759,2026-03-13 09:00:00+01:00,50.869998931884766,64.29499816894531,66122.04,23781.96,66559.27,1.0066124697594612,79.9975,-0.24,30.070948540734413
16760,2026-03-13 10:00:00+01:00,50.869998931884766,64.29499816894531,66797.24,29337.51,71576.81,1.0715534053395688,28.475,-4.9975,25.344031798120817
16761,2026-03-13 11:00:00+01:00,50.869998931884766,64.29499816894531,66453.39,31911.51,72731.04,1.0944669638231446,0.3425,-9.0,14.983314261007916
16762,2026-03-13 12:00:00+01:00,50.869998931884766,64.29499816894531,64821.99,31212.52,70059.09,1.0807920273535585,-1.0925,-8.3475,16.52519984013094
16763,2026-03-13 13:00:00+01:00,50.869998931884766,64.29499816894531,63066.4,27955.39,64202.68,1.0180172007569772,-2.4925,-2.5525,17.159495774950354
16764,2026-03-13 14:00:00+01:00,50.869998931884766,64.29499816894531,61799.69,22949.59,56253.73,0.9102590966216402,-0.9025,1.1725,26.921978301464232
16765,2026-03-13 15:00:00+01:00,50.869998931884766,64.29499816894531,60854.0,16358.12,46900.69,0.7707084167399499,3.6,47.07,62.20174863701806
16766,2026-03-13 16:00:00+01:00,50.869998931884766,64.29499816894531,60072.21,8624.34,35627.91,0.5930847224376988,51.165,101.31,101.09385199168516
16767,2026-03-13 17:00:00+01:00,50.869998931884766,64.29499816894531,61825.1,2422.97,25352.39,0.4100662998668718,108.5775,141.93,144.71501096667174
16768,2026-03-13 18:00:00+01:00,50.869998931884766,64.29499816894531,62429.98,107.25,20243.48,0.3242589537391716,114.865,161.4925,160.8253662556944
16769,2026-03-13 19:00:00+01:00,50.869998931884766,64.29499816894531,60991.25,0.0,18505.48,0.3034120467602464,105.9975,165.745,159.52675035600578
16770,2026-03-13 20:00:00+01:00,50.869998931884766,64.29499816894531,57791.79,0.0,17664.75,0.3056619287435703,86.57,145.7225,149.30147034119113
16771,2026-03-13 21:00:00+01:00,50.869998931884766,64.29499816894531,54379.5,0.0,16716.73,0.3074086741681316,69.79,130.335,144.1410625322905
16772,2026-03-13 22:00:00+01:00,50.869998931884766,64.29499816894531,51381.9,0.0,15595.33,0.3035179702767865,62.555,123.4225,136.68614386379136
16773,2026-03-13 23:00:00+01:00,50.869998931884766,64.29499816894531,48259.7,0.0,14801.39,0.3067029011148633,17.9025,115.8075,125.51696131175842
16774,2026-03-14 00:00:00+01:00,50.1150016784668,65.1050033569336,45782.07,0.0,14004.68,0.3058987939370372,6.29,112.945,124.15227947574334
16775,2026-03-14 01:00:00+01:00,50.1150016784668,65.1050033569336,43829.97,0.0,12971.9,0.2959595910524329,4.1025,109.07,118.32219225770838
16776,2026-03-14 02:00:00+01:00,50.1150016784668,65.1050033569336,42889.54,0.0,12118.73,0.2825567725178314,2.8875,103.99,117.29109427796104
16777,2026-03-14 03:00:00+01:00,50.1150016784668,65.1050033569336,42664.85,0.0,11584.03,0.2715122635444605,1.1475,101.8625,115.00458722135525
16778,2026-03-14 04:00:00+01:00,50.1150016784668,65.1050033569336,42729.01,0.0,11296.09,0.2643658254042473,1.46,105.115,114.6352265167749
16779,2026-03-14 05:00:00+01:00,50.1150016784668,65.1050033569336,43320.46,0.0,11255.21,0.2598127997117729,2.9075,109.0675,121.87539932393908
16780,2026-03-14 06:00:00+01:00,50.1150016784668,65.1050033569336,45128.7,127.61,11368.61,0.2519152999638998,8.46,111.52,129.06369553879352
16781,2026-03-14 07:00:00+01:00,50.1150016784668,65.1050033569336,48155.36,1758.72,12566.79,0.2609634731708031,19.9375,116.7075,134.6097193153161
16782,2026-03-14 08:00:00+01:00,50.1150016784668,65.1050033569336,51666.76,5317.45,15467.88,0.2993777817112243,6.415,121.88,130.67982855869457
16783,2026-03-14 09:00:00+01:00,50.1150016784668,65.1050033569336,54255.09,9596.04,19053.55,0.3511845616049693,-0.24,116.14,122.50976031567694
16784,2026-03-14 10:00:00+01:00,50.1150016784668,65.1050033569336,55411.13,13048.53,21828.6,0.3939389071484485,-4.9975,107.5225,107.41050548102747
16785,2026-03-14 11:00:00+01:00,50.1150016784668,65.1050033569336,55030.43,15035.25,22899.31,0.4161208625089571,-9.0,103.525,107.45194739267617
16786,2026-03-14 12:00:00+01:00,50.1150016784668,65.1050033569336,53914.24,15159.46,22335.58,0.4142797894555725,-8.3475,104.195,102.7071833992195
16787,2026-03-14 13:00:00+01:00,50.1150016784668,65.1050033569336,52416.44,13970.02,20795.9,0.3967438459390329,-2.5525,103.43,103.08182193981135
16788,2026-03-14 14:00:00+01:00,50.1150016784668,65.1050033569336,51167.84,11681.3,18092.74,0.3535959304997835,1.1725,105.6775,109.5109840544562
16789,2026-03-14 15:00:00+01:00,50.1150016784668,65.1050033569336,50672.99,8310.87,14247.19,0.2811594499789415,47.07,114.22,120.64843232298831
16790,2026-03-14 16:00:00+01:00,50.1150016784668,65.1050033569336,51117.51,4446.59,9946.61,0.1945832259445768,101.31,130.0,141.71013612228393
16791,2026-03-14 17:00:00+01:00,50.1150016784668,65.1050033569336,52594.35,1368.73,6513.59,0.123845812311808,141.93,138.65,157.03401349419732
16792,2026-03-14 18:00:00+01:00,50.1150016784668,65.1050033569336,54358.86,97.6,5036.57,0.0926540769816265,161.4925,161.1,172.76238868702774
16793,2026-03-14 19:00:00+01:00,50.1150016784668,65.1050033569336,53650.04,0.0,4857.3,0.0905367451561011,165.745,169.83499999999998,170.0068678803052
16794,2026-03-14 20:00:00+01:00,50.1150016784668,65.1050033569336,51452.69,0.0,4885.47,0.0949507207310345,145.7225,150.265,154.4262552885633
16795,2026-03-14 21:00:00+01:00,50.1150016784668,65.1050033569336,49251.36,0.0,4902.99,0.0995503474219695,130.335,137.4525,145.82049788707576
16796,2026-03-14 22:00:00+01:00,50.1150016784668,65.1050033569336,47281.57,0.0,4870.42,0.1030088467656617,123.4225,135.2375,146.93820556522724
16797,2026-03-14 23:00:00+01:00,50.1150016784668,65.1050033569336,44805.06,0.0,4736.23,0.1057074803368843,115.8075,128.04500000000002,141.95287686414733
16798,2026-03-15 00:00:00+01:00,50.1150016784668,65.1050033569336,43742.96,0.0,3533.38,0.08077596941753,112.945,137.3425,142.00154225900656
16799,2026-03-15 01:00:00+01:00,50.1150016784668,65.1050033569336,42132.36,0.0,3364.21,0.0798486009139178,109.07,133.73000000000002,140.32898357716817
16800,2026-03-15 02:00:00+01:00,50.1150016784668,65.1050033569336,41416.71,0.0,3191.55,0.077059476699849,103.99,124.96,138.9085545646443
16801,2026-03-15 03:00:00+01:00,50.1150016784668,65.1050033569336,41168.23,0.0,2968.49,0.0721063305194062,101.8625,123.5275,137.8297544419898
16802,2026-03-15 04:00:00+01:00,50.1150016784668,65.1050033569336,41349.03,0.0,2644.36,0.0639521652469351,105.115,122.1775,138.43382926748822
16803,2026-03-15 05:00:00+01:00,50.1150016784668,65.1050033569336,42133.58,0.0,2293.67,0.0544380515364614,109.0675,124.12,138.32832393110104
16804,2026-03-15 06:00:00+01:00,50.1150016784668,65.1050033569336,43746.43,148.77,2182.35,0.0498863564295677,111.52,124.3875,139.5160484599738
16805,2026-03-15 07:00:00+01:00,50.1150016784668,65.1050033569336,46136.64,2191.62,4061.69,0.0880361031735219,116.7075,118.46,139.5201381267017
16806,2026-03-15 08:00:00+01:00,50.1150016784668,65.1050033569336,49289.75,6788.11,8547.66,0.1734165825200134,121.88,109.095,134.41394377410128
16807,2026-03-15 09:00:00+01:00,50.1150016784668,65.1050033569336,51506.13,12044.97,13873.13,0.269349104607675,116.14,94.77,131.56982229874993
16808,2026-03-15 10:00:00+01:00,50.1150016784668,65.1050033569336,53097.24,16244.49,18692.59,0.3520444753150927,107.5225,87.305,118.8491504971522
16809,2026-03-15 11:00:00+01:00,50.1150016784668,65.1050033569336,54037.86,19039.59,22660.25,0.4193402550694383,103.525,72.21,106.90563697322467
16810,2026-03-15 12:00:00+01:00,50.1150016784668,65.1050033569336,53519.46,20607.96,25525.55,0.4769396028142025,104.195,52.9675,95.36702891891686
16811,2026-03-15 13:00:00+01:00,50.1150016784668,65.1050033569336,52061.45,20613.44,26742.7,0.5136756658691458,103.43,36.4575,87.16128021488284
16812,2026-03-15 14:00:00+01:00,50.1150016784668,65.1050033569336,50608.05,18399.22,25485.69,0.5035896462117014,105.6775,37.1975,81.35228624960533
16813,2026-03-15 15:00:00+01:00,50.1150016784668,65.1050033569336,50007.97,13977.08,21824.9,0.436428433220459,114.22,63.0775,98.88378698107624
16814,2026-03-15 16:00:00+01:00,50.1150016784668,65.1050033569336,50659.27,8204.29,16768.86,0.3310126655336698,130.0,89.245,120.32943528838942
16815,2026-03-15 17:00:00+01:00,50.1150016784668,65.1050033569336,52796.07,2723.12,12378.63,0.2344612013291024,138.65,127.9125,136.809143899153
16816,2026-03-15 18:00:00+01:00,50.1150016784668,65.1050033569336,54913.52,205.41,12307.8,0.2241305965772854,161.1,149.115,143.91881204167157
16817,2026-03-15 19:00:00+01:00,50.1150016784668,65.1050033569336,54706.71,0.0,15954.69,0.2916404586765242,169.83499999999998,131.87,137.60689497202412
16818,2026-03-15 20:00:00+01:00,50.1150016784668,65.1050033569336,52786.49,0.0,20167.65,0.3820608264762327,150.265,108.4825,114.89017984627873
16819,2026-03-15 21:00:00+01:00,50.1150016784668,65.1050033569336,51045.44,0.0,23769.07,0.4656453151416374,137.4525,91.875,99.31459699408163
16820,2026-03-15 22:00:00+01:00,50.1150016784668,65.1050033569336,49354.57,0.0,26378.2,0.5344631711846617,135.2375,82.8625,88.26666719633343
16821,2026-03-15 23:00:00+01:00,50.1150016784668,65.1050033569336,46969.18,0.0,29264.3,0.6230532445695127,128.04500000000002,64.015,72.65673972361239
16822,2026-03-16 00:00:00+01:00,50.1150016784668,65.1050033569336,45785.13,0.0,32919.57,0.7190013437290663,137.3425,34.165,62.00385259929217
16823,2026-03-16 01:00:00+01:00,50.1150016784668,65.1050033569336,44575.34,0.0,35231.2,0.7903742291611517,133.73000000000002,23.3275,43.694895522514535
16824,2026-03-16 02:00:00+01:00,50.1150016784668,65.1050033569336,44313.05,0.0,36958.55,0.834033089386979,124.96,17.59,35.76360482574988
16825,2026-03-16 03:00:00+01:00,50.1150016784668,65.1050033569336,45229.04,0.0,38210.07,0.8448127572805407,123.5275,14.1375,46.17722019553267
16826,2026-03-16 04:00:00+01:00,50.1150016784668,65.1050033569336,47009.06,0.0,38915.91,0.8278385058480561,122.1775,20.0575,40.80198763472281
16827,2026-03-16 05:00:00+01:00,50.1150016784668,65.1050033569336,52730.08,0.0,38698.88,0.7339052015976638,124.12,37.4275,68.19470391707259
16828,2026-03-16 06:00:00+01:00,50.1150016784668,65.1050033569336,61210.16,259.98,38705.93,0.6323448589854453,124.3875,66.19,100.53728674269158
16829,2026-03-16 07:00:00+01:00,50.1150016784668,65.1050033569336,66228.47,3294.38,40243.1,0.6076404904706932,118.46,95.5675,111.48314075439674
16830,2026-03-16 08:00:00+01:00,50.1150016784668,65.1050033569336,69132.02,9024.78,44276.55,0.6404637097772546,109.095,95.9775,108.22670406867779
16831,2026-03-16 09:00:00+01:00,50.1150016784668,65.1050033569336,69418.46,14310.15,49301.29,0.7102043173083636,94.77,73.105,82.65725297264416
16832,2026-03-16 10:00:00+01:00,50.1150016784668,65.1050033569336,68969.2,18312.1,53593.54,0.7770648346251566,87.305,42.595,62.75904509807495
16833,2026-03-16 11:00:00+01:00,50.1150016784668,65.1050033569336,68880.73,21304.9,55551.32,0.8064856454328394,72.21,17.365000000000002,49.3003813308381
16834,2026-03-16 12:00:00+01:00,50.1150016784668,65.1050033569336,68114.79,22901.75,56455.99,0.8288359986386458,52.9675,12.035,34.99468167285025
16835,2026-03-16 13:00:00+01:00,50.1150016784668,65.1050033569336,66640.59,22606.54,55672.53,0.8354147223433324,36.4575,15.88,29.582719402431206
16836,2026-03-16 14:00:00+01:00,50.1150016784668,65.1050033569336,65653.26,20435.38,52966.83,0.8067661833080694,37.1975,42.1725,44.50726742619037
16837,2026-03-16 15:00:00+01:00,50.1150016784668,65.1050033569336,64742.58,15689.23,46163.81,0.7130363045907289,63.0775,64.445,72.13935491135021
16838,2026-03-16 16:00:00+01:00,50.1150016784668,65.1050033569336,65100.06,9228.53,35724.68,0.548765699978039,89.245,106.21,113.41200548171162
16839,2026-03-16 17:00:00+01:00,50.1150016784668,65.1050033569336,66353.53,3019.02,24709.67,0.3723942041406999,127.9125,138.6025,155.4936791321913
16840,2026-03-16 18:00:00+01:00,50.1150016784668,65.1050033569336,67386.74,194.18,18242.34,0.2707111220589226,149.115,165.035,179.32409063011585
16841,2026-03-16 19:00:00+01:00,50.1150016784668,65.1050033569336,65732.63,0.0,16631.3,0.2530143704499554,131.87,179.8875,175.30043672634645
16842,2026-03-16 20:00:00+01:00,50.1150016784668,65.1050033569336,62408.89,0.0,16747.05,0.2683439810789225,108.4825,154.785,160.47892920644136
16843,2026-03-16 21:00:00+01:00,50.1150016784668,65.1050033569336,58773.68,0.0,17027.47,0.2897125039150666,91.875,125.7125,145.04031245980843
16844,2026-03-16 22:00:00+01:00,50.1150016784668,65.1050033569336,55359.01,0.0,17004.36,0.3071651750442854,82.8625,121.9125,142.89126124408625
16845,2026-03-16 23:00:00+01:00,50.1150016784668,65.1050033569336,51559.4,0.0,16911.98,0.3280096354247703,64.015,99.765,135.2765640988595
16846,2026-03-17 00:00:00+01:00,50.887001037597656,65.09500122070312,49737.43,0.0,13809.6,0.2776500514245207,34.165,113.665,133.43646040707716
16847,2026-03-17 01:00:00+01:00,50.887001037597656,65.09500122070312,48123.59,0.0,13537.46,0.2813061119751651,23.3275,105.585,126.560775519039
16848,2026-03-17 02:00:00+01:00,50.887001037597656,65.09500122070312,47669.89,0.0,12804.44,0.2686064515213678,17.59,106.4225,125.81561524438715
16849,2026-03-17 03:00:00+01:00,50.887001037597656,65.09500122070312,48333.61,0.0,11989.14,0.2480497524914754,14.1375,106.5225,122.90699632569846
16850,2026-03-17 04:00:00+01:00,50.887001037597656,65.09500122070312,49588.72,0.0,11162.84,0.2251084520380625,20.0575,110.03,128.76574965580227
16851,2026-03-17 05:00:00+01:00,50.887001037597656,65.09500122070312,52832.04,0.0,10506.75,0.1988707988185065,37.4275,119.915,134.5796891131604
16852,2026-03-17 06:00:00+01:00,50.887001037597656,65.09500122070312,58745.97,369.19,10510.72,0.1789181453333874,66.19,147.965,148.821223767817
16853,2026-03-17 07:00:00+01:00,50.887001037597656,65.09500122070312,63148.92,3683.08,13381.67,0.2119065535543748,95.5675,167.98,151.9065066712542
16854,2026-03-17 08:00:00+01:00,50.887001037597656,65.09500122070312,65878.57,9793.53,19031.75,0.2888913647808548,95.9775,152.5125,138.04590226710445
16855,2026-03-17 09:00:00+01:00,50.887001037597656,65.09500122070312,66459.98,16139.63,24607.45,0.3702596659869203,73.105,124.0725,125.37649360033977
16856,2026-03-17 10:00:00+01:00,50.887001037597656,65.09500122070312,66220.22,21207.6,28635.77,0.4324324201229726,42.595,108.64,116.06540789073401
16857,2026-03-17 11:00:00+01:00,50.887001037597656,65.09500122070312,65939.17,24553.34,31380.8,0.4759052926392756,17.365000000000002,100.65,101.71782956906755
16858,2026-03-17 12:00:00+01:00,50.887001037597656,65.09500122070312,65303.8,25876.42,32399.64,0.4961371313007608,12.035,95.2275,97.62623291699788
16859,2026-03-17 13:00:00+01:00,50.887001037597656,65.09500122070312,64496.58,25406.99,31725.95,0.4919012759293746,15.88,96.765,97.56490839999363
16860,2026-03-17 14:00:00+01:00,50.887001037597656,65.09500122070312,63143.83,22719.69,28704.87,0.4545950094483348,42.1725,99.325,98.82379011734857
16861,2026-03-17 15:00:00+01:00,50.887001037597656,65.09500122070312,62137.28,17501.95,23175.92,0.372979312841988,64.445,112.1075,119.75427136964825
16862,2026-03-17 16:00:00+01:00,50.887001037597656,65.09500122070312,62181.05,10334.31,15985.93,0.2570868455490721,106.21,131.7775,138.31776504350614
16863,2026-03-17 17:00:00+01:00,50.887001037597656,65.09500122070312,63981.75,3318.32,9817.89,0.1534482879643885,138.6025,162.2025,171.03150426636336
16864,2026-03-17 18:00:00+01:00,50.887001037597656,65.09500122070312,65526.64,220.57,8922.41,0.1361646194378096,165.035,207.2975,191.6823082284556
16865,2026-03-17 19:00:00+01:00,50.887001037597656,65.09500122070312,65058.02,0.0,11883.35,0.1826577261062267,179.8875,170.3825,185.61540543179143
16866,2026-03-17 20:00:00+01:00,50.887001037597656,65.09500122070312,62052.07,0.0,15251.27,0.2457818086897372,154.785,144.2375,156.72073859379242
16867,2026-03-17 21:00:00+01:00,50.887001037597656,65.09500122070312,58707.17,0.0,18213.71,0.3102467721897944,125.7125,129.79000000000002,139.40998900505713
16868,2026-03-17 22:00:00+01:00,50.887001037597656,65.09500122070312,55194.45,0.0,20182.43,0.3656604965960054,121.9125,114.24,127.89750443106229
16869,2026-03-17 23:00:00+01:00,50.887001037597656,65.09500122070312,52090.96,0.0,21662.81,0.4158650559682784,99.765,100.4575,114.1784796664152
16870,2026-03-18 00:00:00+01:00,51.55899810791016,62.67499923706055,49002.67,0.0,22653.67,0.4622946054853144,113.665,89.8,100.99501233008324
16871,2026-03-18 01:00:00+01:00,51.55899810791016,62.67499923706055,47742.87,0.0,23238.02,0.4867327832435015,105.585,86.72749999999999,93.14362014668683
16872,2026-03-18 02:00:00+01:00,51.55899810791016,62.67499923706055,47105.54,0.0,23326.31,0.4951924974227675,106.4225,85.685,91.08372104545252
16873,2026-03-18 03:00:00+01:00,51.55899810791016,62.67499923706055,47214.44,0.0,23018.3,0.4875266972376402,106.5225,86.8675,90.67224941442164
16874,2026-03-18 04:00:00+01:00,51.55899810791016,62.67499923706055,48735.82,0.0,22591.09,0.463541805500853,110.03,88.83500000000001,98.6700616839878
16875,2026-03-18 05:00:00+01:00,51.55899810791016,62.67499923706055,52245.59,0.0,22307.25,0.4269690512774439,119.915,100.055,112.0907150579184
16876,2026-03-18 06:00:00+01:00,51.55899810791016,62.67499923706055,58418.21,703.28,22885.29,0.3917492507230623,147.965,130.74,133.6504863084882
16877,2026-03-18 07:00:00+01:00,51.55899810791016,62.67499923706055,63415.91,7825.46,28488.81,0.4492375808453686,167.98,133.5925,134.07977933496693
16878,2026-03-18 08:00:00+01:00,51.55899810791016,62.67499923706055,65857.95,20907.72,38266.81,0.5810507310687546,152.5125,99.9375,106.23905790868677
16879,2026-03-18 09:00:00+01:00,51.55899810791016,62.67499923706055,66411.43,33330.52,46578.94,0.7013693274333396,124.0725,62.95,78.1190856841355
16880,2026-03-18 10:00:00+01:00,51.55899810791016,62.67499923706055,66528.06,42031.05,53387.97,0.8024880026860113,108.64,9.9975,44.27988220782745
16881,2026-03-18 11:00:00+01:00,51.55899810791016,62.67499923706055,66868.45,46599.99,57367.08,0.8579095222249193,100.65,-1.62,26.413496499259107
16882,2026-03-18 12:00:00+01:00,51.55899810791016,62.67499923706055,65652.57,47824.68,58231.68,0.8869672579630975,95.2275,-2.31,23.706948091245387
16883,2026-03-18 13:00:00+01:00,51.55899810791016,62.67499923706055,64588.72,45916.02,56178.5,0.8697880990876133,96.765,-2.7125,21.077177236757844
16884,2026-03-18 14:00:00+01:00,51.55899810791016,62.67499923706055,63107.52,40502.67,50926.05,0.8069727663506706,99.325,0.2224999999999999,27.827492396258677
16885,2026-03-18 15:00:00+01:00,51.55899810791016,62.67499923706055,61685.56,31000.08,41871.05,0.6787820357505416,112.1075,47.19499999999999,66.90316285844992
16886,2026-03-18 16:00:00+01:00,51.55899810791016,62.67499923706055,61369.71,18103.24,29294.43,0.4773434646379552,131.7775,107.0325,118.11344287079011
16887,2026-03-18 17:00:00+01:00,51.55899810791016,62.67499923706055,63080.62,5919.96,17662.8,0.2800035890135506,162.2025,145.2125,151.8972540496382
16888,2026-03-18 18:00:00+01:00,51.55899810791016,62.67499923706055,64275.15,428.61,13884.73,0.2160201881728754,207.2975,177.6225,192.55458375240192
16889,2026-03-18 19:00:00+01:00,51.55899810791016,62.67499923706055,63569.46,0.0,15615.77,0.2456489326406659,170.3825,170.1975,171.09863557765038
16890,2026-03-18 20:00:00+01:00,51.55899810791016,62.67499923706055,61307.64,0.0,17033.41,0.2778350299770412,144.2375,148.49,148.9659273701875
16891,2026-03-18 21:00:00+01:00,51.55899810791016,62.67499923706055,58041.7,0.0,17445.45,0.3005675229532272,129.79000000000002,132.0575,138.36752774228265
16892,2026-03-18 22:00:00+01:00,51.55899810791016,62.67499923706055,54299.85,0.0,16797.88,0.3093540773483989,114.24,123.775,135.03672607959095
16893,2026-03-18 23:00:00+01:00,51.55899810791016,62.67499923706055,50474.84,0.0,15564.78,0.3083670992699794,100.4575,113.375,124.87864400902052
16894,2026-03-19 00:00:00+01:00,54.6619987487793,62.39500045776367,47306.93,0.0,13673.28,0.2890333402972813,89.8,109.25,121.35285632201281
16895,2026-03-19 01:00:00+01:00,54.6619987487793,62.39500045776367,45827.69,0.0,12040.36,0.2627311129444379,86.72749999999999,112.64,117.06554891481102
16896,2026-03-19 02:00:00+01:00,54.6619987487793,62.39500045776367,45234.29,0.0,10402.53,0.2299700072157715,85.685,113.9925,118.5399567842465
16897,2026-03-19 03:00:00+01:00,54.6619987487793,62.39500045776367,45680.08,0.0,8875.6,0.1942991342847256,86.8675,115.525,122.51029579800444
16898,2026-03-19 04:00:00+01:00,54.6619987487793,62.39500045776367,47344.69,0.0,7693.33,0.1624961531773687,88.83500000000001,123.275,123.30175420726967
16899,2026-03-19 05:00:00+01:00,54.6619987487793,62.39500045776367,51120.95,0.0,6768.26,0.1323969918140416,100.055,132.78,134.99820921998977
16900,2026-03-19 06:00:00+01:00,54.6619987487793,62.39500045776367,57146.84,713.26,6552.99,0.1146693325274557,130.74,160.1275,167.21755002856236
16901,2026-03-19 07:00:00+01:00,54.6619987487793,62.39500045776367,61709.32,7502.43,12154.35,0.1969613341717326,133.5925,158.2425,165.44028320065013
16902,2026-03-19 08:00:00+01:00,54.6619987487793,62.39500045776367,64616.0,19764.24,23007.14,0.3560594898545159,99.9375,138.6025,131.46230126183468
16903,2026-03-19 09:00:00+01:00,54.6619987487793,62.39500045776367,65866.36,31877.99,33745.55,0.5123336099774857,62.95,90.9025,102.47322993389267
16904,2026-03-19 10:00:00+01:00,54.6619987487793,62.39500045776367,66358.43,40841.16,42168.34,0.6354631957634526,9.9975,55.3,42.273647789296966
16905,2026-03-19 11:00:00+01:00,54.6619987487793,62.39500045776367,66095.61,45948.72,47257.25,0.7149831886391572,-1.62,7.869999999999999,20.427976066214534
16906,2026-03-19 12:00:00+01:00,54.6619987487793,62.39500045776367,65448.3,47568.35,48992.15,0.7485626057898276,-2.31,0.0,9.57631787758768
16907,2026-03-19 13:00:00+01:00,54.6619987487793,62.39500045776367,64515.77,45871.14,47544.38,0.7369419909679537,-2.7125,2.53,10.178760671703404
16908,2026-03-19 14:00:00+01:00,54.6619987487793,62.39500045776367,63015.53,40428.23,42470.18,0.6739637037609675,0.2224999999999999,43.715,30.242733202158117
16909,2026-03-19 15:00:00+01:00,54.6619987487793,62.39500045776367,61954.56,30813.67,33384.88,0.538860739138675,47.19499999999999,85.9475,80.60434803041852
16910,2026-03-19 16:00:00+01:00,54.6619987487793,62.39500045776367,61945.34,17861.74,20933.8,0.3379398675771349,107.0325,120.3475,125.93051431620175
16911,2026-03-19 17:00:00+01:00,54.6619987487793,62.39500045776367,63497.78,5886.87,9682.88,0.1524916303920402,145.2125,152.175,162.5702126180508
16912,2026-03-19 18:00:00+01:00,54.6619987487793,62.39500045776367,64162.8,435.18,5445.31,0.0848670880814323,177.6225,209.2675,201.50831466938251
16913,2026-03-19 19:00:00+01:00,54.6619987487793,62.39500045776367,63443.68,0.0,6117.18,0.0964190601654224,170.1975,214.3825,187.6612212839894
16914,2026-03-19 20:00:00+01:00,54.6619987487793,62.39500045776367,60655.7,0.0,6531.46,0.1076808939460461,148.49,163.37,165.10688701593693
16915,2026-03-19 21:00:00+01:00,54.6619987487793,62.39500045776367,57555.92,0.0,6556.15,0.1139092207866872,132.0575,149.04000000000002,151.32528599918209
16916,2026-03-19 22:00:00+01:00,54.6619987487793,62.39500045776367,54404.37,0.0,6299.4,0.1157884927045771,123.775,139.55,142.1246553478863
16917,2026-03-19 23:00:00+01:00,54.6619987487793,62.39500045776367,50988.74,0.0,5860.22,0.1149316495926489,113.375,132.2375,133.87368181697803
16918,2026-03-20 00:00:00+01:00,61.85200119018555,59.96500015258789,47564.56,0.0,6785.06,0.1426494852170083,109.25,143.5625,128.5858202259666
16919,2026-03-20 01:00:00+01:00,61.85200119018555,59.96500015258789,46149.07,0.0,5765.87,0.1249401125255741,112.64,137.96,130.4914923662268
16920,2026-03-20 02:00:00+01:00,61.85200119018555,59.96500015258789,45723.14,0.0,4965.33,0.1085955601236932,113.9925,135.6425,128.71954492532382
16921,2026-03-20 03:00:00+01:00,61.85200119018555,59.96500015258789,46199.2,0.0,4593.45,0.0994270463342596,115.525,137.475,129.48828577067377
16922,2026-03-20 04:00:00+01:00,61.85200119018555,59.96500015258789,47341.64,0.0,4637.66,0.0979615408131273,123.275,138.905,133.43834584460296
16923,2026-03-20 05:00:00+01:00,61.85200119018555,59.96500015258789,50443.94,0.0,4678.88,0.0927540552754693,132.78,154.59,141.57918117132266
16924,2026-03-20 06:00:00+01:00,61.85200119018555,59.96500015258789,56454.71,652.84,5070.64,0.0898178380351581,160.1275,192.295,163.87716541124246
16925,2026-03-20 07:00:00+01:00,61.85200119018555,59.96500015258789,60978.25,6227.05,9820.3,0.161045946684097,158.2425,197.6425,162.30938024747252
16926,2026-03-20 08:00:00+01:00,61.85200119018555,59.96500015258789,64204.98,15971.36,18432.86,0.2870939294292913,138.6025,161.3025,140.46231006804754
16927,2026-03-20 09:00:00+01:00,61.85200119018555,59.96500015258789,65253.72,25675.47,27132.97,0.4158072519979233,90.9025,132.0075,117.62814091283005
16928,2026-03-20 10:00:00+01:00,61.85200119018555,59.96500015258789,65227.96,33140.02,34221.01,0.5246371340565247,55.3,101.085,91.10667191671972
16929,2026-03-20 11:00:00+01:00,61.85200119018555,59.96500015258789,64066.38,37320.72,38388.17,0.5991936799614409,7.869999999999999,78.4725,53.339747094784116
16930,2026-03-20 12:00:00+01:00,61.85200119018555,59.96500015258789,62534.58,38181.51,39352.3,0.6292886270877187,0.0,65.61,40.961757074687554
16931,2026-03-20 13:00:00+01:00,61.85200119018555,59.96500015258789,60511.09,36356.65,37723.15,0.6234088659412004,2.53,65.61,43.89276164035892
16932,2026-03-20 14:00:00+01:00,61.85200119018555,59.96500015258789,58411.61,31843.49,33485.83,0.5732735323383017,43.715,87.4,60.11550157939906
16933,2026-03-20 15:00:00+01:00,61.85200119018555,59.96500015258789,57695.98,24079.03,26105.67,0.452469478731019,85.9475,117.155,100.14796933465881
16934,2026-03-20 16:00:00+01:00,61.85200119018555,59.96500015258789,57394.53,14058.06,16592.39,0.2890935773340954,120.3475,144.675,130.9335267119315
16935,2026-03-20 17:00:00+01:00,61.85200119018555,59.96500015258789,59245.46,4851.91,8134.56,0.1373026726204332,152.175,174.8175,161.69895184214744
16936,2026-03-20 18:00:00+01:00,61.85200119018555,59.96500015258789,61036.56,433.67,4981.11,0.0816086293064994,209.2675,211.005,194.12540596011303
16937,2026-03-20 19:00:00+01:00,61.85200119018555,59.96500015258789,60384.76,0.0,5823.26,0.0964359218954524,214.3825,212.31,190.86892162805412
16938,2026-03-20 20:00:00+01:00,61.85200119018555,59.96500015258789,57619.72,0.0,6359.44,0.1103691583176091,163.37,180.035,174.83873115917322
16939,2026-03-20 21:00:00+01:00,61.85200119018555,59.96500015258789,54223.45,0.0,6440.27,0.1187727818648992,149.04000000000002,163.05,158.92568070799422
16940,2026-03-20 22:00:00+01:00,61.85200119018555,59.96500015258789,51217.34,0.0,6175.83,0.1205808423239901,139.55,151.8525,148.93896118191049
16941,2026-03-20 23:00:00+01:00,61.85200119018555,59.96500015258789,48066.75,0.0,5732.81,0.1192676850173419,132.2375,148.125,143.44664679486652
16942,2026-03-21 00:00:00+01:00,59.255001068115234,63.6349983215332,45731.63,0.0,4905.19,0.1072603359846871,143.5625,142.3975,146.59218966610206
16943,2026-03-21 01:00:00+01:00,59.255001068115234,63.6349983215332,43719.61,0.0,4392.55,0.1004709328147092,137.96,138.3425,142.15693082513422
16944,2026-03-21 02:00:00+01:00,59.255001068115234,63.6349983215332,42685.09,0.0,3856.2,0.0903406786560973,135.6425,136.085,137.58220070809614
16945,2026-03-21 03:00:00+01:00,59.255001068115234,63.6349983215332,42227.34,0.0,3436.87,0.081389687325465,137.475,132.0575,139.7180468707069
16946,2026-03-21 04:00:00+01:00,59.255001068115234,63.6349983215332,42125.77,0.0,3238.61,0.0768795442607032,138.905,131.1925,140.35524394837825
16947,2026-03-21 05:00:00+01:00,59.255001068115234,63.6349983215332,43183.62,0.0,3198.78,0.0740739196773976,154.59,137.665,142.4559993076614
16948,2026-03-21 06:00:00+01:00,59.255001068115234,63.6349983215332,44831.88,503.07,3709.41,0.0827404516422821,192.295,142.34,153.25360057534897
16949,2026-03-21 07:00:00+01:00,59.255001068115234,63.6349983215332,47359.31,4734.04,7804.89,0.1648015986371419,197.6425,139.6625,150.36218019947876
16950,2026-03-21 08:00:00+01:00,59.255001068115234,63.6349983215332,50605.3,12425.52,14873.81,0.2939180282907287,161.3025,127.265,131.1364582137207
16951,2026-03-21 09:00:00+01:00,59.255001068115234,63.6349983215332,53124.93,21025.61,22790.06,0.4289899298824506,132.0075,100.5775,114.96973153991095
16952,2026-03-21 10:00:00+01:00,59.255001068115234,63.6349983215332,54520.82,27573.2,29405.82,0.539350288469735,101.085,76.4725,87.09483431727975
16953,2026-03-21 11:00:00+01:00,59.255001068115234,63.6349983215332,54997.8,30745.66,33180.57,0.6033072230883222,78.4725,45.9,64.74110226300756
16954,2026-03-21 12:00:00+01:00,59.255001068115234,63.6349983215332,53988.92,30877.9,33996.49,0.6296938333588273,65.61,23.49,53.3907633303606
16955,2026-03-21 13:00:00+01:00,59.255001068115234,63.6349983215332,52295.29,28812.23,32642.56,0.6241969399874832,65.61,24.27,52.71621125368363
16956,2026-03-21 14:00:00+01:00,59.255001068115234,63.6349983215332,51124.87,24879.64,29382.66,0.5747234172772031,87.4,62.9275,74.0248030190752
16957,2026-03-21 15:00:00+01:00,59.255001068115234,63.6349983215332,50390.16,18684.0,23953.69,0.4753644361368638,117.155,90.0,104.69670777906937
16958,2026-03-21 16:00:00+01:00,59.255001068115234,63.6349983215332,50496.83,11024.78,17222.82,0.3410673501007751,144.675,115.665,125.88866356580952
16959,2026-03-21 17:00:00+01:00,59.255001068115234,63.6349983215332,52349.5,3925.3,11269.21,0.2152687226782932,174.8175,146.025,149.75735307435446
16960,2026-03-21 18:00:00+01:00,59.255001068115234,63.6349983215332,54412.09,391.39,9620.07,0.1768002294753242,211.005,171.6175,170.5814639512659
16961,2026-03-21 19:00:00+01:00,59.255001068115234,63.6349983215332,53723.64,0.0,11787.04,0.2194013659127711,212.31,163.10500000000002,167.4447124937338
16962,2026-03-21 20:00:00+01:00,59.255001068115234,63.6349983215332,51600.78,0.0,14091.85,0.273093740002943,180.035,141.8275,153.86573729063792
16963,2026-03-21 21:00:00+01:00,59.255001068115234,63.6349983215332,49198.25,0.0,15419.43,0.3134141965794689,163.05,126.875,138.39176704998715
16964,2026-03-21 22:00:00+01:00,59.255001068115234,63.6349983215332,47018.64,0.0,15725.72,0.3344571428832358,151.8525,120.2425,127.95532342910265
16965,2026-03-21 23:00:00+01:00,59.255001068115234,63.6349983215332,44309.43,0.0,15583.4,0.351694887442313,148.125,108.0,118.86101531269009
16966,2026-03-22 00:00:00+01:00,59.255001068115234,63.6349983215332,42704.73,0.0,17193.08,0.4026036459187065,142.3975,100.4125,112.3652951113922
16967,2026-03-22 01:00:00+01:00,59.255001068115234,63.6349983215332,40989.03,0.0,16806.58,0.4100262923006408,138.3425,95.755,109.24764181873802
16968,2026-03-22 02:00:00+01:00,59.255001068115234,63.6349983215332,40220.33,0.0,16373.18,0.4070871620379327,136.085,94.2025,106.27552107012235
16969,2026-03-22 03:00:00+01:00,59.255001068115234,63.6349983215332,40052.91,0.0,15989.03,0.3991977111278062,132.0575,95.26,107.08940604565869
16970,2026-03-22 04:00:00+01:00,59.255001068115234,63.6349983215332,40299.74,0.0,15755.68,0.3909623237293932,131.1925,98.5975,107.15600634454636
16971,2026-03-22 05:00:00+01:00,59.255001068115234,63.6349983215332,40714.65,0.0,15618.84,0.3836171991203124,137.665,101.6625,107.07176703027285
16972,2026-03-22 06:00:00+01:00,59.255001068115234,63.6349983215332,41990.24,1132.85,16648.23,0.3964785625429912,142.34,100.105,109.36457849164826
16973,2026-03-22 07:00:00+01:00,59.255001068115234,63.6349983215332,44292.91,8830.17,23071.14,0.5208765916439274,139.6625,84.71,100.8212485650086
16974,2026-03-22 08:00:00+01:00,59.255001068115234,63.6349983215332,47499.03,21616.08,32348.4,0.681032854632814,127.265,41.33,82.09217958475926
16975,2026-03-22 09:00:00+01:00,59.255001068115234,63.6349983215332,50018.37,33553.87,40557.88,0.8108596899877264,100.5775,6.7725,32.02177416049137
16976,2026-03-22 10:00:00+01:00,59.255001068115234,63.6349983215332,51414.3,41624.0,47263.94,0.9192761545096838,76.4725,-0.43,-2.183428700260727
16977,2026-03-22 11:00:00+01:00,59.255001068115234,63.6349983215332,52014.19,46210.19,51480.16,0.9897329938253902,45.9,-4.3625,-26.866635629437347
16978,2026-03-22 12:00:00+01:00,59.255001068115234,63.6349983215332,51547.51,47417.64,53011.85,1.0284075795264584,23.49,-11.76,-45.045363515016966
16979,2026-03-22 13:00:00+01:00,59.255001068115234,63.6349983215332,50270.1,45067.22,51202.11,1.0185400464652865,24.27,-10.31,-43.86746846547419
16980,2026-03-22 14:00:00+01:00,59.255001068115234,63.6349983215332,49379.8,39587.8,45869.08,0.928903721576656,62.9275,-2.1775,-17.37224007680223
16981,2026-03-22 15:00:00+01:00,59.255001068115234,63.6349983215332,49115.18,30327.47,36528.2,0.7437252595340736,90.0,11.25,27.871969715283996
16982,2026-03-22 16:00:00+01:00,59.255001068115234,63.6349983215332,50052.31,18109.96,24101.18,0.4815198338535185,115.665,93.1525,101.49783228471121
16983,2026-03-22 17:00:00+01:00,59.255001068115234,63.6349983215332,51934.79,6294.34,12004.64,0.2311483303906401,146.025,145.635,142.23752044881246
16984,2026-03-22 18:00:00+01:00,59.255001068115234,63.6349983215332,54164.17,592.82,6904.33,0.1274704292288665,171.6175,174.19,164.5921026735956
16985,2026-03-22 19:00:00+01:00,59.255001068115234,63.6349983215332,54731.97,0.0,7416.66,0.1355087346325175,163.10500000000002,173.3825,165.88381076224238
16986,2026-03-22 20:00:00+01:00,59.255001068115234,63.6349983215332,52986.55,0.0,7804.5,0.1472920957965196,141.8275,164.7325,154.66835391513894
16987,2026-03-22 21:00:00+01:00,59.255001068115234,63.6349983215332,50790.51,0.0,7428.1,0.1462497619838332,126.875,155.3775,145.045270012552
16988,2026-03-22 22:00:00+01:00,59.255001068115234,63.6349983215332,49128.43,0.0,6530.68,0.1329307693869047,120.2425,146.7975,141.48251619723095
16989,2026-03-22 23:00:00+01:00,59.255001068115234,63.6349983215332,46795.3,0.0,5490.76,0.1173357153138593,108.0,143.505,138.40268872520733
16990,2026-03-23 00:00:00+01:00,59.255001068115234,63.6349983215332,43284.33,0.0,4329.19,0.1000174889850397,100.4125,131.13750000000002,133.23153430399344
16991,2026-03-23 01:00:00+01:00,59.255001068115234,63.6349983215332,42198.35,0.0,3161.68,0.0749242564993834,95.755,125.9,127.80712189752707
16992,2026-03-23 02:00:00+01:00,59.255001068115234,63.6349983215332,41820.83,0.0,2286.17,0.0546658208231003,94.2025,125.16,127.42132656115072
16993,2026-03-23 03:00:00+01:00,59.255001068115234,63.6349983215332,42243.34,0.0,1743.7,0.041277512611153,95.26,128.5875,126.45268975163602
16994,2026-03-23 04:00:00+01:00,59.255001068115234,63.6349983215332,44098.59,0.0,1560.91,0.0353959162786393,98.5975,138.26749999999998,126.93976662044275
16995,2026-03-23 05:00:00+01:00,59.255001068115234,63.6349983215332,48397.4,0.0,1669.32,0.0344919355100703,101.6625,155.72,134.30239001260531
16996,2026-03-23 06:00:00+01:00,59.255001068115234,63.6349983215332,55299.58,1219.0,3130.75,0.0566143540228308,100.105,182.29,153.01352522227722
16997,2026-03-23 07:00:00+01:00,59.255001068115234,63.6349983215332,60298.82,8904.13,10898.99,0.1807496398468909,84.71,186.185,153.10206689784235
16998,2026-03-23 08:00:00+01:00,59.255001068115234,63.6349983215332,63153.63,21228.82,23053.02,0.3650307986468821,41.33,147.60500000000002,129.24475285816698
16999,2026-03-23 09:00:00+01:00,59.255001068115234,63.6349983215332,64072.32,33017.15,34423.86,0.5372657021725972,6.7725,108.0,84.53635566952534
17000,2026-03-23 10:00:00+01:00,59.255001068115234,63.6349983215332,64195.55,41655.88,42668.49,0.6646642951630347,-0.43,81.4325,38.716789706750426
17001,2026-03-23 11:00:00+01:00,59.255001068115234,63.6349983215332,64032.38,45747.54,46677.79,0.7289716545396295,-4.3625,48.0825,17.49960355864457
17002,2026-03-23 12:00:00+01:00,59.255001068115234,63.6349983215332,63390.74,45096.78,46067.71,0.7267261747178332,-11.76,49.255,17.04916954665474
17003,2026-03-23 13:00:00+01:00,59.255001068115234,63.6349983215332,61991.7,40901.72,42026.48,0.6779372076136101,-10.31,74.875,26.68207275605453
17004,2026-03-23 14:00:00+01:00,59.255001068115234,63.6349983215332,60618.06,34196.28,35579.29,0.5869420762414795,-2.1775,94.98,54.650190676211935
17005,2026-03-23 15:00:00+01:00,59.255001068115234,63.6349983215332,59815.32,25393.67,27113.48,0.4532865492563967,11.25,114.4525,105.00854497411109
17006,2026-03-23 16:00:00+01:00,59.255001068115234,63.6349983215332,59131.6,15066.24,16981.85,0.287187392141057,93.1525,138.5425,129.85433582767905
17007,2026-03-23 17:00:00+01:00,59.255001068115234,63.6349983215332,60008.61,5407.59,7411.59,0.1235087764699917,145.635,190.775,166.59731164214224
17008,2026-03-23 18:00:00+01:00,59.255001068115234,63.6349983215332,61070.16,531.86,2709.53,0.0443674946906365,174.19,263.01,212.96467229932824
17009,2026-03-23 19:00:00+01:00,59.255001068115234,63.6349983215332,61028.83,0.0,2122.01,0.0347706157835943,173.3825,241.56,231.34536015477312
17010,2026-03-23 20:00:00+01:00,59.255001068115234,63.6349983215332,58734.86,0.0,1689.84,0.0287706482949358,164.7325,206.5875,192.31690555541297
17011,2026-03-23 21:00:00+01:00,59.255001068115234,63.6349983215332,55569.83,0.0,1286.67,0.0231541107786088,155.3775,177.32,168.3023811005565
17012,2026-03-23 22:00:00+01:00,59.255001068115234,63.6349983215332,52109.84,0.0,1188.26,0.022802986917096,146.7975,155.74,157.93806682768616
17013,2026-03-23 23:00:00+01:00,59.255001068115234,63.6349983215332,48823.14,0.0,1531.4,0.0313662742643414,143.505,140.45,149.3386084476187
17014,2026-03-24 00:00:00+01:00,56.68299865722656,65.09500122070312,46599.13,0.0,5248.31,0.1126267807762448,131.13750000000002,141.0625,137.517218519026
17015,2026-03-24 01:00:00+01:00,56.68299865722656,65.09500122070312,45406.01,0.0,7568.71,0.1666896077927372,125.9,124.3175,133.02984284153865
17016,2026-03-24 02:00:00+01:00,56.68299865722656,65.09500122070312,44977.13,0.0,10398.83,0.231202613365681,125.16,109.9975,124.2435634845836
17017,2026-03-24 03:00:00+01:00,56.68299865722656,65.09500122070312,45240.38,0.0,13379.49,0.2957422107648649,128.5875,101.64,121.59436738012494
17018,2026-03-24 04:00:00+01:00,56.68299865722656,65.09500122070312,46528.66,0.0,16332.76,0.3510257977876375,138.26749999999998,100.375,116.20482680298248
17019,2026-03-24 05:00:00+01:00,56.68299865722656,65.09500122070312,49720.29,0.0,19274.93,0.3876672882664869,155.72,100.9725,115.49012836514663
17020,2026-03-24 06:00:00+01:00,56.68299865722656,65.09500122070312,55365.4,951.38,23061.03,0.4165242190218937,182.29,110.8175,131.1143116327504
17021,2026-03-24 07:00:00+01:00,56.68299865722656,65.09500122070312,59420.36,6503.11,29803.2,0.5015654566041731,186.185,113.0475,122.61327582508412
17022,2026-03-24 08:00:00+01:00,56.68299865722656,65.09500122070312,62072.34,15627.5,39194.58,0.6314339042750066,147.60500000000002,97.4575,97.38778636567555
17023,2026-03-24 09:00:00+01:00,56.68299865722656,65.09500122070312,62940.82,25154.58,47778.65,0.7591043458348486,108.0,70.905,64.38501926652589
17024,2026-03-24 10:00:00+01:00,56.68299865722656,65.09500122070312,63434.18,32624.89,55075.38,0.8682287686436193,81.4325,23.7275,28.339319112937993
17025,2026-03-24 11:00:00+01:00,56.68299865722656,65.09500122070312,63649.02,36466.64,61044.96,0.9590871939647952,48.0825,1.195,17.21315868733767
17026,2026-03-24 12:00:00+01:00,56.68299865722656,65.09500122070312,62736.92,36675.13,62374.83,0.9942284382156108,49.255,-0.01,9.693895501195136
17027,2026-03-24 13:00:00+01:00,56.68299865722656,65.09500122070312,61121.78,34049.85,61040.86,0.998676085513433,74.875,-0.02,13.052786341498594
17028,2026-03-24 14:00:00+01:00,56.68299865722656,65.09500122070312,59578.96,28854.04,58074.86,0.9747545104891469,94.98,-0.0025,25.43398359846266
17029,2026-03-24 15:00:00+01:00,56.68299865722656,65.09500122070312,58860.87,21434.14,53148.33,0.9029484272143872,114.4525,19.9975,35.445859872860936
17030,2026-03-24 16:00:00+01:00,56.68299865722656,65.09500122070312,58676.02,12377.43,44734.73,0.7624022555104449,138.5425,77.4325,70.32523353225827
17031,2026-03-24 17:00:00+01:00,56.68299865722656,65.09500122070312,60036.44,4470.29,37299.4,0.6212793429088601,190.775,112.84,101.89297147525319
17032,2026-03-24 18:00:00+01:00,56.68299865722656,65.09500122070312,61391.97,448.54,35001.77,0.5701359639428192,263.01,135.8425,113.64006108394157
17033,2026-03-24 19:00:00+01:00,56.68299865722656,65.09500122070312,61399.46,0.0,37364.37,0.6085455799434482,241.56,137.9925,103.9548967720142
17034,2026-03-24 20:00:00+01:00,56.68299865722656,65.09500122070312,59185.22,0.0,40708.3,0.6878119231984249,206.5875,101.1,83.41682340305321
17035,2026-03-24 21:00:00+01:00,56.68299865722656,65.09500122070312,55960.85,0.0,43437.39,0.7762103326207143,177.32,74.4975,62.366292891502184
17036,2026-03-24 22:00:00+01:00,56.68299865722656,65.09500122070312,52558.41,0.0,44308.17,0.8430272147039783,155.74,66.1025,37.961336493512704
17037,2026-03-24 23:00:00+01:00,56.68299865722656,65.09500122070312,49543.85,0.0,45403.51,0.916430797986747,140.45,22.0975,34.16856311555607
17038,2026-03-25 00:00:00+01:00,54.04100036621094,67.06500244140625,46500.06,0.0,46931.65,1.0092814931831742,141.0625,1.81,29.136630604933146
17039,2026-03-25 01:00:00+01:00,54.04100036621094,67.06500244140625,45283.6,0.0,47632.34,1.0518673424701508,124.3175,0.3675,27.081851610232768
17040,2026-03-25 02:00:00+01:00,54.04100036621094,67.06500244140625,44751.26,0.0,48479.94,1.08332011186203,109.9975,-0.0025,26.11968871951092
17041,2026-03-25 03:00:00+01:00,54.04100036621094,67.06500244140625,44695.4,0.0,49091.43,1.0983553114865612,101.64,-0.01,20.183176384414196
17042,2026-03-25 04:00:00+01:00,54.04100036621094,67.06500244140625,46186.42,0.0,50084.53,1.0843994834229629,100.375,-0.005,22.584369249760787
17043,2026-03-25 05:00:00+01:00,54.04100036621094,67.06500244140625,49400.19,0.06,50980.97,1.0319994718579018,100.9725,0.365,24.014755498472624
17044,2026-03-25 06:00:00+01:00,54.04100036621094,67.06500244140625,55301.44,868.72,53199.66,0.9619941178815608,110.8175,3.6425,33.76774971439501
17045,2026-03-25 07:00:00+01:00,54.04100036621094,67.06500244140625,60490.5,5274.44,56852.98,0.939866259835864,113.0475,8.9025,43.89387093369072
17046,2026-03-25 08:00:00+01:00,54.04100036621094,67.06500244140625,63336.75,11485.84,62065.9,0.9799350296660414,97.4575,0.9075,43.538536107357444
17047,2026-03-25 09:00:00+01:00,54.04100036621094,67.06500244140625,64486.24,16153.1,64698.87,1.0032972924141186,70.905,-0.03,24.752423726257874
17048,2026-03-25 10:00:00+01:00,54.04100036621094,67.06500244140625,64328.19,18876.48,64842.67,1.0079977376935372,23.7275,-0.0275,21.38557400874231
17049,2026-03-25 11:00:00+01:00,54.04100036621094,67.06500244140625,64453.86,20104.63,64079.7,0.994194916953896,1.195,-0.01,19.750086461722134
17050,2026-03-25 12:00:00+01:00,54.04100036621094,67.06500244140625,63462.54,20018.97,62675.68,0.9876011894595454,-0.01,-0.01,22.00003341048937
17051,2026-03-25 13:00:00+01:00,54.04100036621094,67.06500244140625,61297.23,18867.59,60800.25,0.9918922925241658,-0.02,-0.01,18.050785316034425
17052,2026-03-25 14:00:00+01:00,54.04100036621094,67.06500244140625,59492.65,16519.49,58401.51,0.9816592468176052,-0.0025,0.0075,22.894226242352744
17053,2026-03-25 15:00:00+01:00,54.04100036621094,67.06500244140625,58094.53,12984.72,54594.04,0.9397449293522564,19.9975,4.775,28.813412549374945
17054,2026-03-25 16:00:00+01:00,54.04100036621094,67.06500244140625,57506.01,8205.87,47889.59,0.8327753915055529,77.4325,41.9025,49.17385405930212
17055,2026-03-25 17:00:00+01:00,54.04100036621094,67.06500244140625,59497.72,3293.23,40619.13,0.6827006142953543,112.84,98.8375,86.49411812982747
17056,2026-03-25 18:00:00+01:00,54.04100036621094,67.06500244140625,61321.71,401.96,35736.31,0.5827676689735547,135.8425,134.82999999999998,118.9138314590314
17057,2026-03-25 19:00:00+01:00,54.04100036621094,67.06500244140625,60909.95,0.0,33947.12,0.5573329151382767,137.9925,161.925,126.0122185066792
17058,2026-03-25 20:00:00+01:00,54.04100036621094,67.06500244140625,58325.56,0.0,33569.13,0.5755474957161923,101.1,134.9075,117.92645846001491
17059,2026-03-25 21:00:00+01:00,54.04100036621094,67.06500244140625,55164.67,0.0,33415.96,0.6057492955897771,74.4975,114.46,106.82941173226826
17060,2026-03-25 22:00:00+01:00,54.04100036621094,67.06500244140625,51592.3,0.0,32554.44,0.6309941598589335,66.1025,108.1,92.7953432330677
17061,2026-03-25 23:00:00+01:00,54.04100036621094,67.06500244140625,48114.66,0.0,32222.4,0.6697002533802171,22.0975,88.80250000000001,77.14949908982534
17062,2026-03-26 00:00:00+01:00,52.81600189208984,66.86499786376953,46243.48,0.0,29058.17,0.6283733402788082,1.81,99.6375,82.00604281612203
17063,2026-03-26 01:00:00+01:00,52.81600189208984,66.86499786376953,44916.23,0.0,29475.78,0.6562389584664075,0.3675,95.0725,76.02677282070873
17064,2026-03-26 02:00:00+01:00,52.81600189208984,66.86499786376953,44578.38,0.0,29742.3,0.6671911360019832,-0.0025,91.605,72.03224243408305
17065,2026-03-26 03:00:00+01:00,52.81600189208984,66.86499786376953,45251.52,0.0,29847.22,0.6595849154548654,-0.01,94.87,69.45902273357564
17066,2026-03-26 04:00:00+01:00,52.81600189208984,66.86499786376953,46517.5,0.0,29807.15,0.6407728272927881,-0.005,97.5775,75.84634147902199
17067,2026-03-26 05:00:00+01:00,52.81600189208984,66.86499786376953,49623.22,0.36,29810.74,0.6007417494066806,0.365,105.2675,83.0402725696209
17068,2026-03-26 06:00:00+01:00,52.81600189208984,66.86499786376953,55336.42,783.87,31076.07,0.5615843958532943,3.6425,120.28,99.80639937745627
17069,2026-03-26 07:00:00+01:00,52.81600189208984,66.86499786376953,59778.8,4806.8,34774.43,0.5817184352008206,8.9025,137.345,107.87761754235676
17070,2026-03-26 08:00:00+01:00,52.81600189208984,66.86499786376953,62240.47,10971.47,41699.19,0.669969073069344,0.9075,125.79,86.88174921773559
17071,2026-03-26 09:00:00+01:00,52.81600189208984,66.86499786376953,63082.91,17037.78,48694.18,0.7719076369856894,-0.03,87.41499999999999,55.32934420887127
17072,2026-03-26 10:00:00+01:00,52.81600189208984,66.86499786376953,63188.47,22109.21,53614.91,0.8484919794942825,-0.0275,41.8525,31.940276256877098
17073,2026-03-26 11:00:00+01:00,52.81600189208984,66.86499786376953,62781.87,26003.52,56996.26,0.9078458477092436,-0.01,13.74,26.164910285883693
17074,2026-03-26 12:00:00+01:00,52.81600189208984,66.86499786376953,62188.69,28304.49,59081.05,0.9500288555764675,-0.01,3.12,25.83392154826521
17075,2026-03-26 13:00:00+01:00,52.81600189208984,66.86499786376953,60952.53,28408.99,59823.44,0.9814759123236596,-0.01,0.6300000000000001,22.530274096395132
17076,2026-03-26 14:00:00+01:00,52.81600189208984,66.86499786376953,59533.61,25868.07,58278.23,0.9789130877534702,0.0075,5.9025,24.617319906180313
17077,2026-03-26 15:00:00+01:00,52.81600189208984,66.86499786376953,58741.35,20554.64,53371.79,0.9085897751909704,4.775,37.435,39.04556802633896
17078,2026-03-26 16:00:00+01:00,52.81600189208984,66.86499786376953,58333.64,13018.88,45166.2,0.7742736436858262,41.9025,75.8175,64.36159064562494
17079,2026-03-26 17:00:00+01:00,52.81600189208984,66.86499786376953,59123.9,5227.99,34808.4,0.5887365345336257,98.8375,115.9225,115.55381816211234
17080,2026-03-26 18:00:00+01:00,52.81600189208984,66.86499786376953,60819.34,656.66,27032.62,0.4444740767584005,134.82999999999998,155.4175,143.595432860136
17081,2026-03-26 19:00:00+01:00,52.81600189208984,66.86499786376953,60877.73,0.0,24426.97,0.4012463998901985,161.925,167.22,156.31724527602307
17082,2026-03-26 20:00:00+01:00,52.81600189208984,66.86499786376953,58146.76,0.0,24078.19,0.4140934077128126,134.9075,153.745,147.57471438519326
17083,2026-03-26 21:00:00+01:00,52.81600189208984,66.86499786376953,55289.91,0.0,23873.62,0.4317898147362167,114.46,130.505,131.85624671038272
17084,2026-03-26 22:00:00+01:00,52.81600189208984,66.86499786376953,52174.94,0.0,23127.49,0.4432681665866279,108.1,124.3725,131.03492806153355
17085,2026-03-26 23:00:00+01:00,52.81600189208984,66.86499786376953,48982.91,0.0,22293.06,0.4551191424815064,88.80250000000001,115.025,124.13014067917725
17086,2026-03-27 00:00:00+01:00,55.21799850463867,67.40499877929688,48047.94,0.0,18653.39,0.3882245523141627,99.6375,119.3925,131.3560934920181
17087,2026-03-27 01:00:00+01:00,55.21799850463867,67.40499877929688,46912.81,0.0,16776.83,0.3576172477501098,95.0725,119.5,131.37068954114216
17088,2026-03-27 02:00:00+01:00,55.21799850463867,67.40499877929688,46923.76,0.0,14915.52,0.3178671103257993,91.605,117.3425,135.62944098034455
17089,2026-03-27 03:00:00+01:00,55.21799850463867,67.40499877929688,47906.25,0.0,13227.51,0.2761124069873737,94.87,117.8325,139.26249314413832
17090,2026-03-27 04:00:00+01:00,55.21799850463867,67.40499877929688,48559.8,0.0,11716.08,0.2412711748727813,97.5775,120.2475,143.07377082385898
17091,2026-03-27 05:00:00+01:00,55.21799850463867,67.40499877929688,51137.61,1.04,10321.11,0.2018301206877227,105.2675,136.4625,149.79429495094388
17092,2026-03-27 06:00:00+01:00,55.21799850463867,67.40499877929688,57141.76,1585.48,10593.07,0.1853822843074167,120.28,172.63,167.13106864543192
17093,2026-03-27 07:00:00+01:00,55.21799850463867,67.40499877929688,60378.06,8965.54,16203.82,0.2683726505508171,137.345,176.395,161.4982143696123
17094,2026-03-27 08:00:00+01:00,55.21799850463867,67.40499877929688,62899.41,19587.48,25155.88,0.3999382505495777,125.79,147.5575,146.0311822660263
17095,2026-03-27 09:00:00+01:00,55.21799850463867,67.40499877929688,64327.88,28882.37,33848.68,0.52618988834605,87.41499999999999,114.0025,114.68055938229331
17096,2026-03-27 10:00:00+01:00,55.21799850463867,67.40499877929688,64599.53,34994.66,40680.83,0.6297387921197354,41.8525,87.25999999999999,69.45189363298475
17097,2026-03-27 11:00:00+01:00,55.21799850463867,67.40499877929688,63291.3,37981.52,44710.77,0.7064283715603205,13.74,72.81,31.33135209654196
17098,2026-03-27 12:00:00+01:00,55.21799850463867,67.40499877929688,61616.36,38394.72,46263.63,0.7508335447353862,3.12,63.31999999999999,28.42828424195706
17099,2026-03-27 13:00:00+01:00,55.21799850463867,67.40499877929688,59593.09,36289.21,45458.54,0.7628156216160606,0.6300000000000001,59.6,27.90706194408974
17100,2026-03-27 14:00:00+01:00,55.21799850463867,67.40499877929688,58288.91,31653.35,41849.14,0.7179605862044837,5.9025,74.075,35.13728463478733
17101,2026-03-27 15:00:00+01:00,55.21799850463867,67.40499877929688,57901.39,24522.78,35498.28,0.6130816547559425,37.435,92.3225,82.92181279586981
17102,2026-03-27 16:00:00+01:00,55.21799850463867,67.40499877929688,56464.03,15153.46,26548.87,0.4701908453098032,75.8175,103.0825,113.66130046567031
17103,2026-03-27 17:00:00+01:00,55.21799850463867,67.40499877929688,58684.19,5937.98,17361.34,0.2958435653119105,115.9225,139.05,146.22340566439743
17104,2026-03-27 18:00:00+01:00,55.21799850463867,67.40499877929688,60487.7,726.65,12629.02,0.2087865797164073,155.4175,158.9325,165.0558563959047
17105,2026-03-27 19:00:00+01:00,55.21799850463867,67.40499877929688,59179.21,3.73,13306.76,0.2248553165503805,167.22,168.245,162.3896345873427
17106,2026-03-27 20:00:00+01:00,55.21799850463867,67.40499877929688,56470.08,0.0,15371.8,0.2722114081878029,153.745,142.89,151.94376841185561
17107,2026-03-27 21:00:00+01:00,55.21799850463867,67.40499877929688,53745.33,0.0,17392.09,0.3236018831173607,130.505,118.995,141.57895932723113
17108,2026-03-27 22:00:00+01:00,55.21799850463867,67.40499877929688,51194.36,0.0,18620.04,0.36371272140843,124.3725,116.66,130.98750592481719
17109,2026-03-27 23:00:00+01:00,55.21799850463867,67.40499877929688,48385.27,0.0,19516.31,0.4033523011438497,115.025,106.0125,125.65560650009633
17110,2026-03-28 00:00:00+01:00,54.17699813842773,67.3949966430664,49518.17,0.0,22470.65,0.4537859536299936,119.3925,95.135,116.89089395281712
17111,2026-03-28 01:00:00+01:00,54.17699813842773,67.3949966430664,47733.68,0.0,22959.69,0.4809955988138782,119.5,92.665,112.37706738169956
17112,2026-03-28 02:00:00+01:00,54.17699813842773,67.3949966430664,46753.26,0.0,23055.87,0.4931393018383874,117.3425,89.5475,107.73230808452395
17113,2026-03-28 03:00:00+01:00,54.17699813842773,67.3949966430664,46410.26,0.0,22802.59,0.4913264867528588,117.8325,87.2625,107.24289638612662
17114,2026-03-28 04:00:00+01:00,54.17699813842773,67.3949966430664,46604.58,0.0,22320.17,0.4789265345854577,120.2475,88.1175,108.12637052698426
17115,2026-03-28 05:00:00+01:00,54.17699813842773,67.3949966430664,46269.83,9.18,21500.29,0.4646719038162292,136.4625,91.6125,109.89253865867788
17116,2026-03-28 06:00:00+01:00,54.17699813842773,67.3949966430664,46683.9,1398.86,21779.81,0.4665379283936136,172.63,87.92,115.0762724583048
17117,2026-03-28 07:00:00+01:00,54.17699813842773,67.3949966430664,49367.3,7184.2,25369.52,0.5138932045070536,176.395,79.185,115.08688268835553
17118,2026-03-28 08:00:00+01:00,54.17699813842773,67.3949966430664,52674.18,14843.0,30616.12,0.5812358159953821,147.5575,68.3,99.77119097612201
17119,2026-03-28 09:00:00+01:00,54.17699813842773,67.3949966430664,55229.93,20909.75,34604.4,0.6265515816104508,114.0025,44.9075,90.29152030329722
17120,2026-03-28 10:00:00+01:00,54.17699813842773,67.3949966430664,56340.18,24251.44,36914.42,0.6552059292932315,87.25999999999999,17.5825,76.24983926258798
17121,2026-03-28 11:00:00+01:00,54.17699813842773,67.3949966430664,56308.47,25235.31,37540.85,0.6666998764721008,72.81,7.6425,62.482357807040344
17122,2026-03-28 12:00:00+01:00,54.17699813842773,67.3949966430664,55273.32,24154.85,36472.17,0.6598512626598417,63.31999999999999,6.695,61.1230417827233
17123,2026-03-28 13:00:00+01:00,54.17699813842773,67.3949966430664,53285.33,21551.6,34311.41,0.643918504278022,59.6,7.8475,59.797165448540824
17124,2026-03-28 14:00:00+01:00,54.17699813842773,67.3949966430664,51938.84,17863.11,31002.42,0.5969024335936454,74.075,20.475,74.78651125294903
17125,2026-03-28 15:00:00+01:00,54.17699813842773,67.3949966430664,51505.23,13260.4,26419.85,0.5129547037236888,92.3225,54.2425,106.19687988636721
17126,2026-03-28 16:00:00+01:00,54.17699813842773,67.3949966430664,51854.2,8026.28,20697.79,0.3991535882533809,103.0825,81.05250000000001,124.23135014809704
17127,2026-03-28 17:00:00+01:00,54.17699813842773,67.3949966430664,53239.09,3276.74,15124.21,0.2840809261983852,139.05,110.34,150.54339074158236
17128,2026-03-28 18:00:00+01:00,54.17699813842773,67.3949966430664,54910.11,504.86,11733.76,0.2136903385890703,158.9325,138.925,168.40145956679203
17129,2026-03-28 19:00:00+01:00,54.17699813842773,67.3949966430664,54035.71,5.51,11177.93,0.2068619066526817,168.245,154.07,171.73434447867328
17130,2026-03-28 20:00:00+01:00,54.17699813842773,67.3949966430664,51660.68,0.0,11744.98,0.2273485365993346,142.89,143.9525,158.19492056644054
17131,2026-03-28 21:00:00+01:00,54.17699813842773,67.3949966430664,49441.02,0.0,12593.96,0.2547269453068065,118.995,131.595,145.04670297463167
17132,2026-03-28 22:00:00+01:00,54.17699813842773,67.3949966430664,47257.83,0.0,13457.92,0.2847765121071415,116.66,125.33,141.1540111672702
17133,2026-03-28 23:00:00+01:00,54.17699813842773,67.3949966430664,44159.65,0.0,14214.28,0.3218838916699104,106.0125,119.58,125.48111631950317
17134,2026-03-29 00:00:00+01:00,54.17699813842773,67.3949966430664,43035.27,0.0,14022.1,0.3258280939504206,95.135,114.56,122.745889636839
17135,2026-03-29 01:00:00+01:00,54.17699813842773,67.3949966430664,41755.51,0.0,13702.05,0.32814950641768,92.665,107.6975,118.6362423852978
17136,2026-03-29 03:00:00+02:00,54.17699813842773,67.3949966430664,40955.69,0.0,13333.94,0.3255699024175713,89.5475,101.165,115.8728485788579
17137,2026-03-29 04:00:00+02:00,54.17699813842773,67.3949966430664,40893.89,0.0,13135.79,0.3212164457034495,87.2625,105.225,115.58392902919742
17138,2026-03-29 05:00:00+02:00,54.17699813842773,67.3949966430664,42259.73,0.0,12954.97,0.3065559102468103,88.1175,104.605,117.66621219796268
17139,2026-03-29 06:00:00+02:00,54.17699813842773,67.3949966430664,44218.84,12.27,12742.61,0.2881715123489962,91.6125,109.755,122.51803729587832
17140,2026-03-29 07:00:00+02:00,54.17699813842773,67.3949966430664,46471.14,1129.44,13344.02,0.2871463879975515,87.92,115.03,126.20718787385353
17141,2026-03-29 08:00:00+02:00,54.17699813842773,67.3949966430664,49165.79,5878.85,16580.91,0.3372448606363805,79.185,114.8425,124.14723815072094
17142,2026-03-29 09:00:00+02:00,54.17699813842773,67.3949966430664,51752.17,12766.27,21953.7,0.4242082988164152,68.3,94.3975,106.27501717704273
17143,2026-03-29 10:00:00+02:00,54.17699813842773,67.3949966430664,53470.53,19440.18,28264.85,0.528606131166344,44.9075,74.8075,86.31826169031534
17144,2026-03-29 11:00:00+02:00,54.17699813842773,67.3949966430664,54478.31,24909.36,34631.21,0.635688037930015,17.5825,44.6975,65.71135532512015
17145,2026-03-29 12:00:00+02:00,54.17699813842773,67.3949966430664,54063.29,29110.47,40293.59,0.7453040684824573,7.6425,9.73,27.67845372806623
17146,2026-03-29 13:00:00+02:00,54.17699813842773,67.3949966430664,52686.78,31325.82,44274.57,0.8403354691935366,6.695,-0.005,19.66278092089911
17147,2026-03-29 14:00:00+02:00,54.17699813842773,67.3949966430664,50935.92,31360.12,46655.74,0.9159693197028796,7.8475,-1.785,13.19773643919188
17148,2026-03-29 15:00:00+02:00,54.17699813842773,67.3949966430664,50243.21,28614.07,46422.44,0.9239545003346812,20.475,-2.1,14.593390785274815
17149,2026-03-29 16:00:00+02:00,54.17699813842773,67.3949966430664,50161.85,22765.82,43039.72,0.8580169988032704,54.2425,0.8724999999999999,18.68101998382357
17150,2026-03-29 17:00:00+02:00,54.17699813842773,67.3949966430664,51328.09,14347.56,35898.8,0.6993987111736676,81.05250000000001,33.31,55.95159046814884
17151,2026-03-29 18:00:00+02:00,54.17699813842773,67.3949966430664,53459.73,5832.72,27755.67,0.5191883684187726,110.34,89.25999999999999,107.92012980587224
17152,2026-03-29 19:00:00+02:00,54.17699813842773,67.3949966430664,54199.24,790.18,24250.71,0.4474363477333932,138.925,105.6775,120.95339872498461
17153,2026-03-29 20:00:00+02:00,54.17699813842773,67.3949966430664,53138.68,8.61,27000.78,0.5081191327093335,154.07,95.18,111.47216831828094
17154,2026-03-29 21:00:00+02:00,54.17699813842773,67.3949966430664,51951.8,0.0,31862.17,0.6133025226049332,143.9525,74.8125,82.48729748691711
17155,2026-03-29 22:00:00+02:00,54.17699813842773,67.3949966430664,50397.24,0.0,35883.32,0.7120096257826798,131.595,66.85,70.82147694324317
17156,2026-03-29 23:00:00+02:00,54.17699813842773,67.3949966430664,48197.82,0.0,39199.16,0.8132973647328245,125.33,25.635,42.36471144762194
17157,2026-03-30 00:00:00+02:00,54.17699813842773,67.3949966430664,46206.15,0.0,41667.16,0.9017665395403498,119.58,9.1975,36.21010256737792
17158,2026-03-30 01:00:00+02:00,54.17699813842773,67.3949966430664,44669.05,0.0,42771.79,0.95752629595715,114.56,2.3000000000000003,35.412383707160785
17159,2026-03-30 02:00:00+02:00,54.17699813842773,67.3949966430664,43970.85,0.0,43103.45,0.9802732944711612,107.6975,5.02,37.50207557521475
17160,2026-03-30 03:00:00+02:00,54.17699813842773,67.3949966430664,44259.54,0.0,42793.83,0.966883749590058,101.165,3.825,34.033462220794235
17161,2026-03-30 04:00:00+02:00,54.17699813842773,67.3949966430664,45609.06,0.0,42511.24,0.9320788455337428,105.225,4.3575,36.32718178495457
17162,2026-03-30 05:00:00+02:00,54.17699813842773,67.3949966430664,49203.66,0.0,42380.13,0.8613206820668785,104.605,18.4225,43.89189258606785
17163,2026-03-30 06:00:00+02:00,54.17699813842773,67.3949966430664,56227.74,7.39,41953.13,0.7461286900831993,109.755,66.87,75.7135557224417
17164,2026-03-30 07:00:00+02:00,54.17699813842773,67.3949966430664,61998.77,602.18,40540.43,0.6538908754715794,115.03,90.3125,104.71358493361846
17165,2026-03-30 08:00:00+02:00,54.17699813842773,67.3949966430664,65330.07,3303.15,40441.22,0.6190291850875057,114.8425,109.2225,115.25985881055406
17166,2026-03-30 09:00:00+02:00,54.17699813842773,67.3949966430664,66544.54,7701.99,42841.39,0.643800227540261,94.3975,96.8375,108.86989433306555
17167,2026-03-30 10:00:00+02:00,54.17699813842773,67.3949966430664,66374.38,12879.82,46436.44,0.6996139171922037,74.8075,73.8475,92.43370117729498
17168,2026-03-30 11:00:00+02:00,54.17699813842773,67.3949966430664,66206.9,17652.31,50230.21,0.7586854239122077,44.6975,45.9975,66.15834834832732
17169,2026-03-30 12:00:00+02:00,54.17699813842773,67.3949966430664,65686.35,21358.38,53199.26,0.809898251187667,9.73,23.5875,39.40651213387649
17170,2026-03-30 13:00:00+02:00,54.17699813842773,67.3949966430664,64454.23,23392.92,54451.03,0.8448014969933234,-0.005,11.4,30.989184729608883
17171,2026-03-30 14:00:00+02:00,54.17699813842773,67.3949966430664,63024.5,23855.53,54875.54,0.870701711101127,-1.785,7.5425,32.2238950792257
17172,2026-03-30 15:00:00+02:00,54.17699813842773,67.3949966430664,61939.06,21990.72,53260.07,0.859878564372808,-2.1,12.9375,39.06225719744057
17173,2026-03-30 16:00:00+02:00,54.17699813842773,67.3949966430664,61644.75,17433.82,48751.29,0.7908425290408603,0.8724999999999999,35.145,62.23068958032787
17174,2026-03-30 17:00:00+02:00,54.17699813842773,67.3949966430664,62240.34,11206.47,41781.36,0.6712906772888306,33.31,77.45,91.77597199358647
17175,2026-03-30 18:00:00+02:00,54.17699813842773,67.3949966430664,63266.69,4774.09,34327.97,0.5425915279363293,89.25999999999999,104.8275,127.13779788116943
17176,2026-03-30 19:00:00+02:00,54.17699813842773,67.3949966430664,63687.22,698.41,29136.68,0.4574964960854789,105.6775,121.6525,155.30066235314467
17177,2026-03-30 20:00:00+02:00,54.17699813842773,67.3949966430664,61502.29,9.46,27949.18,0.4544412898358026,95.18,125.6075,153.3795417769079
17178,2026-03-30 21:00:00+02:00,54.17699813842773,67.3949966430664,58826.39,0.0,28030.93,0.4765026375957282,74.8125,126.165,139.43227672983227
17179,2026-03-30 22:00:00+02:00,54.17699813842773,67.3949966430664,55810.97,0.0,27655.91,0.495528208792012,66.85,121.175,129.5132093253359
17180,2026-03-30 23:00:00+02:00,54.17699813842773,67.3949966430664,52330.34,0.0,27706.67,0.5294570987825691,25.635,108.88,116.68321820681813
17181,2026-03-31 00:00:00+02:00,54.81399917602539,68.0999984741211,48698.42,0.0,25664.5,0.5270088843689367,9.1975,109.245,107.79382130572493
17182,2026-03-31 01:00:00+02:00,54.81399917602539,68.0999984741211,46904.39,0.0,25448.92,0.5425701089935142,2.3000000000000003,102.68,99.24685943337376
17183,2026-03-31 02:00:00+02:00,54.81399917602539,68.0999984741211,46269.22,0.0,25281.53,0.5464006091854583,5.02,101.26,96.70587127163692
17184,2026-03-31 03:00:00+02:00,54.81399917602539,68.0999984741211,46482.79,0.0,25185.4,0.5418220376741968,3.825,100.535,98.82616536584064
17185,2026-03-31 04:00:00+02:00,54.81399917602539,68.0999984741211,47498.09,0.0,25289.96,0.5324416201720024,4.3575,101.68,100.24054106515614
17186,2026-03-31 05:00:00+02:00,54.81399917602539,68.0999984741211,50277.82,0.0,25402.11,0.5052349126304134,18.4225,108.0425,108.13057229365768
17187,2026-03-31 06:00:00+02:00,54.81399917602539,68.0999984741211,55914.13,15.78,25409.51,0.4544380820278455,66.87,137.1975,123.4980382461046
17188,2026-03-31 07:00:00+02:00,54.81399917602539,68.0999984741211,60964.2,1139.64,25733.34,0.4221057603606533,90.3125,152.125,146.82433701134164
17189,2026-03-31 08:00:00+02:00,54.81399917602539,68.0999984741211,64133.83,5502.05,28714.77,0.4477320315272404,109.2225,163.79,148.92919339664343
17190,2026-03-31 09:00:00+02:00,54.81399917602539,68.0999984741211,65067.34,11739.88,34538.34,0.5308091585531528,96.8375,135.555,126.5771409104586
17191,2026-03-31 10:00:00+02:00,54.81399917602539,68.0999984741211,64790.22,18098.82,41753.1,0.6444352248465223,73.8475,104.255,100.97580210770646
17192,2026-03-31 11:00:00+02:00,54.81399917602539,68.0999984741211,64261.42,23140.94,47569.23,0.7402455469019755,45.9975,87.35,66.15062745843326
17193,2026-03-31 12:00:00+02:00,54.81399917602539,68.0999984741211,63750.89,26334.73,51233.24,0.8036474469919326,23.5875,78.67,38.805332573288496
17194,2026-03-31 13:00:00+02:00,54.81399917602539,68.0999984741211,62584.35,27690.32,53153.65,0.8493121681619586,11.4,55.225,28.643281724903527
17195,2026-03-31 14:00:00+02:00,54.81399917602539,68.0999984741211,60315.14,27113.99,53255.76,0.8829584079746878,7.5425,53.4875,28.03613922844654
17196,2026-03-31 15:00:00+02:00,54.81399917602539,68.0999984741211,59443.87,24558.87,50984.61,0.8576933162565469,12.9375,63.0525,28.85182213671103
17197,2026-03-31 16:00:00+02:00,54.81399917602539,68.0999984741211,59549.68,19790.03,45935.76,0.771385505216588,35.145,82.2175,59.44405695813359
17198,2026-03-31 17:00:00+02:00,54.81399917602539,68.0999984741211,60575.93,12926.05,37398.47,0.6173816892918719,77.45,110.9675,109.40723681131658
17199,2026-03-31 18:00:00+02:00,54.81399917602539,68.0999984741211,62032.62,5580.4,26998.46,0.4352300450254672,104.8275,151.0,145.59561482939688
17200,2026-03-31 19:00:00+02:00,54.81399917602539,68.0999984741211,62210.89,876.54,19009.74,0.3055693303366067,121.6525,175.0025,167.38755578462377
17201,2026-03-31 20:00:00+02:00,54.81399917602539,68.0999984741211,60106.99,10.7,16049.58,0.2670168643834907,125.6075,176.005,171.26308720854843
17202,2026-03-31 21:00:00+02:00,54.81399917602539,68.0999984741211,57205.01,0.0,14597.57,0.2551799221335369,126.165,171.725,153.97196736357296
17203,2026-03-31 22:00:00+02:00,54.81399917602539,68.0999984741211,54002.31,0.0,12943.99,0.2396932649289089,121.175,158.32999999999998,146.99341259878014
17204,2026-03-31 23:00:00+02:00,54.81399917602539,68.0999984741211,50717.23,0.0,11252.89,0.2218750905319799,108.88,148.475,144.51191902673048
17205,2026-04-01 00:00:00+02:00,50.75699996948242,68.11000061035156,48451.51,0.0,7751.91,0.1599931560110318,109.245,145.51,146.65231097793225
17206,2026-04-01 01:00:00+02:00,50.75699996948242,68.11000061035156,46699.32,0.0,6407.83,0.1372146317896674,102.68,129.48749999999998,141.63621198278804
17207,2026-04-01 02:00:00+02:00,50.75699996948242,68.11000061035156,46033.1,0.0,5251.26,0.1140757411266945,101.26,125.345,139.99867828562174
17208,2026-04-01 03:00:00+02:00,50.75699996948242,68.11000061035156,46848.86,0.0,4190.33,0.0894435851609956,100.535,129.4275,142.20245514258505
17209,2026-04-01 04:00:00+02:00,50.75699996948242,68.11000061035156,47581.92,0.0,3208.13,0.0674232985832805,101.68,136.025,142.6610324102889
17210,2026-04-01 05:00:00+02:00,50.75699996948242,68.11000061035156,49857.61,0.0,2423.32,0.0486048167875265,108.0425,149.115,149.61122595386507
17211,2026-04-01 06:00:00+02:00,50.75699996948242,68.11000061035156,55458.27,24.62,1932.55,0.0348469218324251,137.1975,180.835,174.4118175694682
17212,2026-04-01 07:00:00+02:00,50.75699996948242,68.11000061035156,59887.24,1608.39,3215.31,0.053689400270627,152.125,226.9475,186.02682604379805
17213,2026-04-01 08:00:00+02:00,50.75699996948242,68.11000061035156,63119.0,7219.87,8559.96,0.1356162169654753,163.79,199.9775,179.58233780877492
17214,2026-04-01 09:00:00+02:00,50.75699996948242,68.11000061035156,64173.35,15072.01,16254.83,0.2532956437129594,135.555,171.515,156.00306039908992
17215,2026-04-01 10:00:00+02:00,50.75699996948242,68.11000061035156,64021.83,22750.96,23962.14,0.3742807726092364,104.255,139.8,136.46470976458
17216,2026-04-01 11:00:00+02:00,50.75699996948242,68.11000061035156,63308.48,29056.77,30457.28,0.4810932120813683,87.35,128.0775,118.33997684153073
17217,2026-04-01 12:00:00+02:00,50.75699996948242,68.11000061035156,62938.74,33853.48,35585.83,0.5654042326609329,78.67,115.0525,86.16306732389224
17218,2026-04-01 13:00:00+02:00,50.75699996948242,68.11000061035156,61830.18,36855.88,38947.58,0.6299121237185608,55.225,93.835,64.88106169234712
17219,2026-04-01 14:00:00+02:00,50.75699996948242,68.11000061035156,60113.9,37140.75,39526.1,0.6575201408230841,53.4875,86.3325,53.703199078361145
17220,2026-04-01 15:00:00+02:00,50.75699996948242,68.11000061035156,59775.1,33911.95,36454.74,0.6098649771209307,63.0525,93.8375,69.59390497398385
17221,2026-04-01 16:00:00+02:00,50.75699996948242,68.11000061035156,59482.28,27402.22,29971.1,0.5038660252256864,82.2175,105.515,99.78401943078694
17222,2026-04-01 17:00:00+02:00,50.75699996948242,68.11000061035156,60290.13,17862.58,20356.19,0.3376371886513369,110.9675,130.12,135.81293467835607
17223,2026-04-01 18:00:00+02:00,50.75699996948242,68.11000061035156,61300.35,7614.48,10095.4,0.164687477287701,151.0,152.095,161.9863223973502
17224,2026-04-01 19:00:00+02:00,50.75699996948242,68.11000061035156,61262.19,1212.45,4107.54,0.067048533513567,175.0025,188.665,194.36042665763927
17225,2026-04-01 20:00:00+02:00,50.75699996948242,68.11000061035156,59467.52,9.84,3766.05,0.0633295284445476,176.005,181.1925,193.7972296237316
17226,2026-04-01 21:00:00+02:00,50.75699996948242,68.11000061035156,56647.25,0.0,4474.53,0.0789893595754446,171.725,165.8225,171.83713249465774
17227,2026-04-01 22:00:00+02:00,50.75699996948242,68.11000061035156,53944.4,0.0,5095.12,0.0944513239382676,158.32999999999998,152.8225,163.85496092996038
17228,2026-04-01 23:00:00+02:00,50.75699996948242,68.11000061035156,50730.58,0.0,5716.78,0.112689032904278,148.475,133.7825,147.0211995549863
17229,2026-04-02 00:00:00+02:00,47.5099983215332,70.19999694824219,48889.94,0.0,5773.34,0.1180885065275006,145.51,127.1725,141.51653164794988
17230,2026-04-02 01:00:00+02:00,47.5099983215332,70.19999694824219,47360.37,0.0,6488.67,0.1370063198119004,129.48749999999998,118.995,137.47042636710094
17231,2026-04-02 02:00:00+02:00,47.5099983215332,70.19999694824219,46870.07,0.0,7157.97,0.152719421978094,125.345,114.13,134.86112479687534
17232,2026-04-02 03:00:00+02:00,47.5099983215332,70.19999694824219,47387.19,0.0,7724.45,0.1630071333280139,129.4275,109.185,135.45924885802543
17233,2026-04-02 04:00:00+02:00,47.5099983215332,70.19999694824219,48774.78,0.0,8229.26,0.1687195718425137,136.025,107.41,135.32933778742228
17234,2026-04-02 05:00:00+02:00,47.5099983215332,70.19999694824219,51807.29,0.0,8630.9,0.1665962453997118,149.115,119.2925,139.69279279464308
17235,2026-04-02 06:00:00+02:00,47.5099983215332,70.19999694824219,57702.03,45.31,8985.67,0.1557253704669098,180.835,152.0525,164.42468654731647
17236,2026-04-02 07:00:00+02:00,47.5099983215332,70.19999694824219,62440.66,2919.13,11935.85,0.19115509025831,226.9475,160.0075,176.9965834892294
17237,2026-04-02 08:00:00+02:00,47.5099983215332,70.19999694824219,65737.24,12403.45,21039.85,0.3200598320951625,199.9775,157.6575,156.14679505025782
17238,2026-04-02 09:00:00+02:00,47.5099983215332,70.19999694824219,66829.55,24403.21,32078.88,0.4800104144828133,171.515,114.2775,129.54414470253738
17239,2026-04-02 10:00:00+02:00,47.5099983215332,70.19999694824219,66965.28,34344.46,41153.73,0.6145532430216744,139.8,90.6625,97.43978910141452
17240,2026-04-02 11:00:00+02:00,47.5099983215332,70.19999694824219,66748.4,40539.77,47661.86,0.7140524715627562,128.0775,74.25,70.17966127889039
17241,2026-04-02 12:00:00+02:00,47.5099983215332,70.19999694824219,66195.88,42258.91,50414.1,0.7615896939867571,115.0525,59.745000000000005,55.99494679960807
17242,2026-04-02 13:00:00+02:00,47.5099983215332,70.19999694824219,64633.01,40502.93,49713.14,0.7691602169279814,93.835,42.455,46.674121085124696
17243,2026-04-02 14:00:00+02:00,47.5099983215332,70.19999694824219,62638.96,36376.54,46594.47,0.7438576565217785,86.3325,52.86,41.99728207237828
17244,2026-04-02 15:00:00+02:00,47.5099983215332,70.19999694824219,61775.11,30283.3,41328.11,0.6690090878560946,93.8375,73.77,79.0365569893763
17245,2026-04-02 16:00:00+02:00,47.5099983215332,70.19999694824219,61662.51,22584.07,34626.34,0.5615460673654792,105.515,92.7575,99.51307220094117
17246,2026-04-02 17:00:00+02:00,47.5099983215332,70.19999694824219,62520.31,13809.8,26736.44,0.4276440727137078,130.12,108.81,125.81198499815672
17247,2026-04-02 18:00:00+02:00,47.5099983215332,70.19999694824219,62622.1,5715.36,19243.42,0.3072943896312493,152.095,134.385,146.1498716378419
17248,2026-04-02 19:00:00+02:00,47.5099983215332,70.19999694824219,62167.27,919.95,14850.47,0.2388792365759539,188.665,161.84,165.07662164139742
17249,2026-04-02 20:00:00+02:00,47.5099983215332,70.19999694824219,60179.55,11.0,14293.89,0.2375207192081826,181.1925,159.635,162.59324590008833
17250,2026-04-02 21:00:00+02:00,47.5099983215332,70.19999694824219,57100.51,0.0,14506.54,0.2540527220765536,165.8225,146.5225,153.03534089141857
17251,2026-04-02 22:00:00+02:00,47.5099983215332,70.19999694824219,53968.51,0.0,14269.9,0.264411598492452,152.8225,134.9975,143.51673964378176
17252,2026-04-02 23:00:00+02:00,47.5099983215332,70.19999694824219,50701.75,0.0,14015.4,0.2764283283562345,133.7825,123.97,138.92894161631938
17253,2026-04-03 00:00:00+02:00,50.04399871826172,67.20500183105469,46040.02,0.0,10618.52,0.2306367372927647,127.1725,133.6,133.8808609862969
17254,2026-04-03 01:00:00+02:00,50.04399871826172,67.20500183105469,44303.58,0.0,10560.19,0.2383597442377433,118.995,121.985,129.52792287836073
17255,2026-04-03 02:00:00+02:00,50.04399871826172,67.20500183105469,43189.41,0.0,10506.0,0.2432540754219022,114.13,119.515,126.97468941741467
17256,2026-04-03 03:00:00+02:00,50.04399871826172,67.20500183105469,42963.56,0.0,10047.0,0.2338493364530664,109.185,117.6675,126.52438372086971
17257,2026-04-03 04:00:00+02:00,50.04399871826172,67.20500183105469,43340.37,0.0,9501.62,0.2192325538016328,107.41,120.1825,128.0845507764265
17258,2026-04-03 05:00:00+02:00,50.04399871826172,67.20500183105469,43702.05,0.0,9323.22,0.2133359876222428,119.2925,123.4025,126.81704853174271
17259,2026-04-03 06:00:00+02:00,50.04399871826172,67.20500183105469,44902.89,35.7,9361.03,0.2084727730868831,152.0525,133.125,132.02940535746376
17260,2026-04-03 07:00:00+02:00,50.04399871826172,67.20500183105469,47276.02,1920.8,11314.84,0.2393357139117599,160.0075,135.8625,142.62827842011188
17261,2026-04-03 08:00:00+02:00,50.04399871826172,67.20500183105469,50075.89,7877.22,17414.27,0.3477575734854123,157.6575,131.04250000000002,128.7636562365406
17262,2026-04-03 09:00:00+02:00,50.04399871826172,67.20500183105469,52540.09,15602.69,25550.05,0.4862962738574874,114.2775,113.18,102.09553529497767
17263,2026-04-03 10:00:00+02:00,50.04399871826172,67.20500183105469,53702.84,22606.29,34156.0,0.636018504675727,90.6625,85.585,76.13297608479269
17264,2026-04-03 11:00:00+02:00,50.04399871826172,67.20500183105469,53770.5,27606.18,41709.27,0.7756905736833968,74.25,52.9575,34.80111647864459
17265,2026-04-03 12:00:00+02:00,50.04399871826172,67.20500183105469,53205.61,30304.78,46341.26,0.8709844693311505,59.745000000000005,27.01,24.580385971474136
17266,2026-04-03 13:00:00+02:00,50.04399871826172,67.20500183105469,51478.43,31115.89,48873.11,0.9493900647417975,42.455,9.945,16.757675110244985
17267,2026-04-03 14:00:00+02:00,50.04399871826172,67.20500183105469,49735.58,30597.91,50328.75,1.0119264717508216,52.86,1.6525,13.537821510318752
17268,2026-04-03 15:00:00+02:00,50.04399871826172,67.20500183105469,49324.49,27672.58,49320.17,0.9999124165298188,73.77,3.05,15.548357673999423
17269,2026-04-03 16:00:00+02:00,50.04399871826172,67.20500183105469,49770.9,21722.45,45596.78,0.916133322701391,92.7575,23.942500000000003,22.291745236779544
17270,2026-04-03 17:00:00+02:00,50.04399871826172,67.20500183105469,50496.52,13669.04,39172.08,0.7757382091328793,108.81,66.7975,48.15990950426376
17271,2026-04-03 18:00:00+02:00,50.04399871826172,67.20500183105469,51661.69,5668.54,31829.7,0.6161180556392719,134.385,88.9725,78.79836758141697
17272,2026-04-03 19:00:00+02:00,50.04399871826172,67.20500183105469,52139.81,907.71,28061.09,0.5381893412081499,161.84,99.39,99.72242610299152
17273,2026-04-03 20:00:00+02:00,50.04399871826172,67.20500183105469,51403.16,6.89,29585.44,0.5755568333589691,159.635,96.3375,91.83090065116988
17274,2026-04-03 21:00:00+02:00,50.04399871826172,67.20500183105469,50163.29,0.0,32978.45,0.6574219911298835,146.5225,84.2025,78.79525659374997
17275,2026-04-03 22:00:00+02:00,50.04399871826172,67.20500183105469,48264.02,0.0,34927.39,0.72367345266232,134.9975,81.28,71.7067647455503
17276,2026-04-03 23:00:00+02:00,50.04399871826172,67.20500183105469,45889.72,0.0,36659.16,0.7988534249503259,123.97,60.5875,43.673150714158
17277,2026-04-04 00:00:00+02:00,50.04399871826172,67.20500183105469,47037.92,0.0,42887.92,0.9117733095103326,133.6,9.7275,37.61973991460944
17278,2026-04-04 01:00:00+02:00,50.04399871826172,67.20500183105469,45566.81,0.0,43681.8,0.958631951422838,121.985,8.955,33.12620931570328
17279,2026-04-04 02:00:00+02:00,50.04399871826172,67.20500183105469,44466.62,0.0,43450.03,0.9771381317093274,119.515,6.4325,32.52650895484608
17280,2026-04-04 03:00:00+02:00,50.04399871826172,67.20500183105469,43949.27,0.0,42753.95,0.9728022784058068,117.6675,1.9875,35.2339969134165
17281,2026-04-04 04:00:00+02:00,50.04399871826172,67.20500183105469,44240.08,0.0,41691.53,0.9423927350623252,120.1825,6.4025,35.818653517399824
17282,2026-04-04 05:00:00+02:00,50.04399871826172,67.20500183105469,44493.96,0.0,40509.33,0.9104455973551364,123.4025,11.735,41.06885915938193
17283,2026-04-04 06:00:00+02:00,50.04399871826172,67.20500183105469,45663.15,40.18,40073.72,0.8775942963029063,133.125,13.3625,42.449422594658785
17284,2026-04-04 07:00:00+02:00,50.04399871826172,67.20500183105469,48148.08,1196.21,39578.2,0.8220099325202561,135.8625,19.2675,49.186283137257064
17285,2026-04-04 08:00:00+02:00,50.04399871826172,67.20500183105469,51100.95,4972.95,40678.38,0.7960396038046181,131.04250000000002,16.695,60.50041019581571
17286,2026-04-04 09:00:00+02:00,50.04399871826172,67.20500183105469,53430.72,11012.66,44636.15,0.8354023676200877,113.18,6.6,50.814060417867466
17287,2026-04-04 10:00:00+02:00,50.04399871826172,67.20500183105469,54644.77,17664.27,49064.37,0.897878607431621,85.585,1.81,36.00232484654599
17288,2026-04-04 11:00:00+02:00,50.04399871826172,67.20500183105469,55008.9,23312.74,52303.34,0.950815958699262,52.9575,-0.01,23.276030745794483
17289,2026-04-04 12:00:00+02:00,50.04399871826172,67.20500183105469,54408.15,26427.13,53206.16,0.9779079051616516,27.01,-0.2475,19.24387011470828
17290,2026-04-04 13:00:00+02:00,50.04399871826172,67.20500183105469,52813.93,26802.11,51904.67,0.9827837085816594,9.945,-0.035,17.095079616590546
17291,2026-04-04 14:00:00+02:00,50.04399871826172,67.20500183105469,51709.97,25677.71,49687.51,0.960888393290329,1.6525,-0.0175,16.058157227053368
17292,2026-04-04 15:00:00+02:00,50.04399871826172,67.20500183105469,51209.96,23099.91,46384.78,0.9057765323570304,3.05,0.025,19.207106458043253
17293,2026-04-04 16:00:00+02:00,50.04399871826172,67.20500183105469,51105.91,18896.28,41045.79,0.8031515335891383,23.942500000000003,10.69,26.85087334378856
17294,2026-04-04 17:00:00+02:00,50.04399871826172,67.20500183105469,51805.44,12727.04,31885.75,0.6154903808141595,66.7975,62.735,78.02228744757997
17295,2026-04-04 18:00:00+02:00,50.04399871826172,67.20500183105469,52852.92,5926.82,20860.87,0.3946966410948161,88.9725,109.595,127.0400024313026
17296,2026-04-04 19:00:00+02:00,50.04399871826172,67.20500183105469,53231.43,1109.63,14263.08,0.2679447085550877,99.39,149.8725,149.52347086089446
17297,2026-04-04 20:00:00+02:00,50.04399871826172,67.20500183105469,51807.47,11.83,15609.71,0.3013023024862433,96.3375,135.74,146.27353145717274
17298,2026-04-04 21:00:00+02:00,50.04399871826172,67.20500183105469,49869.17,0.0,20629.66,0.4136756235538559,84.2025,103.8375,123.41199403505107
17299,2026-04-04 22:00:00+02:00,50.04399871826172,67.20500183105469,47955.73,0.0,25168.28,0.524823206627274,81.28,76.8075,100.17328257977447
17300,2026-04-04 23:00:00+02:00,50.04399871826172,67.20500183105469,45600.01,0.0,28888.92,0.633528808297733,60.5875,41.8325,79.10115994922889
17301,2026-04-05 00:00:00+02:00,50.04399871826172,67.20500183105469,41323.07,0.0,33480.42,0.8102113417976419,9.7275,1.0575,37.41703942847547
17302,2026-04-05 01:00:00+02:00,50.04399871826172,67.20500183105469,39624.7,0.0,36421.89,0.9191713751980024,8.955,-0.005,30.946229492168243
17303,2026-04-05 02:00:00+02:00,50.04399871826172,67.20500183105469,38732.38,0.0,38885.06,1.0039419212028948,6.4325,-0.3625,24.862814959942845
17304,2026-04-05 03:00:00+02:00,50.04399871826172,67.20500183105469,38405.33,0.0,40904.37,1.0650701345190705,1.9875,-1.2075,21.055415247759015
17305,2026-04-05 04:00:00+02:00,50.04399871826172,67.20500183105469,38562.48,0.0,42050.35,1.0904472427368654,6.4025,-1.6175,17.561580303751953
17306,2026-04-05 05:00:00+02:00,50.04399871826172,67.20500183105469,38249.86,0.0,42789.59,1.1186861857484742,11.735,-2.0425,16.068841068703165
17307,2026-04-05 06:00:00+02:00,50.04399871826172,67.20500183105469,38459.12,79.45,44067.03,1.1458148285385064,13.3625,-2.995,15.50284985322789
17308,2026-04-05 07:00:00+02:00,50.04399871826172,67.20500183105469,40521.23,2822.6,46886.41,1.1570825956771098,19.2675,-1.29,11.304247552554271
17309,2026-04-05 08:00:00+02:00,50.04399871826172,67.20500183105469,43521.47,10411.63,53882.12,1.238058364931594,16.695,-2.43,7.465141306760236
17310,2026-04-05 09:00:00+02:00,50.04399871826172,67.20500183105469,46357.49,19765.2,62252.54,1.3428798665883592,6.6,-10.5575,5.883129145103654
17311,2026-04-05 10:00:00+02:00,50.04399871826172,67.20500183105469,47380.15,27838.12,69192.37,1.4603662079034432,1.81,-39.9675,-2.25299581097158
17312,2026-04-05 11:00:00+02:00,50.04399871826172,67.20500183105469,47494.09,33188.66,73725.26,1.5523038757975351,-0.01,-71.3425,-2.4512571317097205
17313,2026-04-05 12:00:00+02:00,50.04399871826172,67.20500183105469,47136.24,35775.89,75722.2,1.6064539722289146,-0.2475,-84.9525,-5.314276141628131
17314,2026-04-05 13:00:00+02:00,50.04399871826172,67.20500183105469,45529.32,35364.97,74532.54,1.637022911469571,-0.035,-105.175,-11.194562333246978
17315,2026-04-05 14:00:00+02:00,50.04399871826172,67.20500183105469,43920.25,32373.28,71471.08,1.6272921940045213,-0.0175,-98.705,-10.18567061465508
17316,2026-04-05 15:00:00+02:00,50.04399871826172,67.20500183105469,42861.87,27549.24,66901.33,1.5608588702357458,0.025,-66.9075,-5.219888399599
17317,2026-04-05 16:00:00+02:00,50.04399871826172,67.20500183105469,42968.21,20777.55,60237.9,1.4019178361393416,10.69,-29.98,-4.622157564836627
17318,2026-04-05 17:00:00+02:00,50.04399871826172,67.20500183105469,43924.87,12772.86,52537.27,1.1960711548614549,62.735,-6.5875,1.6899039706351875
17319,2026-04-05 18:00:00+02:00,50.04399871826172,67.20500183105469,45252.35,5548.18,44408.25,0.9813468248651512,109.595,-0.1025,30.38792615904255
17320,2026-04-05 19:00:00+02:00,50.04399871826172,67.20500183105469,45980.06,1063.9,38182.38,0.830411704371327,149.8725,20.0425,43.77598427200546
17321,2026-04-05 20:00:00+02:00,50.04399871826172,67.20500183105469,45969.62,27.47,36035.39,0.7838957553306083,135.74,33.35,49.43320542291169
17322,2026-04-05 21:00:00+02:00,50.04399871826172,67.20500183105469,45361.37,0.0,35618.8,0.7852231974507773,103.8375,30.205,47.92057755975237
17323,2026-04-05 22:00:00+02:00,50.04399871826172,67.20500183105469,44038.31,0.0,35120.43,0.7974972243945108,76.8075,30.3775,35.85533585262844
17324,2026-04-05 23:00:00+02:00,50.04399871826172,67.20500183105469,41939.65,0.0,35454.3,0.8453647083737311,41.8325,19.0225,28.88076392504442
17325,2026-04-06 00:00:00+02:00,50.04399871826172,67.20500183105469,40222.01,0.0,33938.0,0.8437668826486375,1.0575,3.24,28.166605264028433
17326,2026-04-06 01:00:00+02:00,50.04399871826172,67.20500183105469,39006.75,0.0,34086.34,0.8738574731619891,-0.005,1.985,27.168359044630883
17327,2026-04-06 02:00:00+02:00,50.04399871826172,67.20500183105469,38284.35,0.0,33937.4,0.8864562149059717,-0.3625,1.04,29.21387563199325
17328,2026-04-06 03:00:00+02:00,50.04399871826172,67.20500183105469,38110.01,0.0,33389.15,0.8761254586718488,-1.2075,1.36,28.32787660079399
17329,2026-04-06 04:00:00+02:00,50.04399871826172,67.20500183105469,38768.11,0.0,32429.32,0.8364947373404339,-1.6175,1.06,29.583544471008153
17330,2026-04-06 05:00:00+02:00,50.04399871826172,67.20500183105469,39631.05,0.0,31384.4,0.791914420437532,-2.0425,2.11,33.999977205115684
17331,2026-04-06 06:00:00+02:00,50.04399871826172,67.20500183105469,40839.0,130.41,31122.57,0.7620796295790593,-2.995,1.985,40.505404675995976
17332,2026-04-06 07:00:00+02:00,50.04399871826172,67.20500183105469,43427.17,3665.66,33565.17,0.7729071452795778,-1.29,1.3325,49.13688785162222
17333,2026-04-06 08:00:00+02:00,50.04399871826172,67.20500183105469,46562.18,13595.41,40987.48,0.8802740763254053,-2.43,-0.9425,39.206897365067036
17334,2026-04-06 09:00:00+02:00,50.04399871826172,67.20500183105469,49074.63,25337.23,50513.14,1.0293127016893835,-10.5575,-11.105,14.1273037068314
17335,2026-04-06 10:00:00+02:00,50.04399871826172,67.20500183105469,50235.83,34553.9,58774.17,1.1699651421764174,-39.9675,-26.0025,2.229025775595444
17336,2026-04-06 11:00:00+02:00,50.04399871826172,67.20500183105469,50737.1,40764.64,64340.61,1.2681176099406315,-71.3425,-59.760000000000005,-17.09438815548066
17337,2026-04-06 12:00:00+02:00,50.04399871826172,67.20500183105469,50021.24,43849.57,66568.51,1.3308048738234386,-84.9525,-79.515,-42.14074479769761
17338,2026-04-06 13:00:00+02:00,50.04399871826172,67.20500183105469,48206.11,44279.0,66446.95,1.3783926972372602,-105.175,-125.6375,-50.404341518585355
17339,2026-04-06 14:00:00+02:00,50.04399871826172,67.20500183105469,46810.73,42359.46,64015.75,1.3675443640021112,-98.705,-123.535,-55.17039895833467
17340,2026-04-06 15:00:00+02:00,50.04399871826172,67.20500183105469,45863.61,37693.66,58941.6,1.285149598715594,-66.9075,-84.6175,-30.919933317513085
17341,2026-04-06 16:00:00+02:00,50.04399871826172,67.20500183105469,45638.4,30448.23,52397.57,1.148102693970844,-29.98,-28.72,-6.391000687819904
17342,2026-04-06 17:00:00+02:00,50.04399871826172,67.20500183105469,46547.13,20674.25,43358.53,0.9314973875013352,-6.5875,-5.609999999999999,23.08170814745211
17343,2026-04-06 18:00:00+02:00,50.04399871826172,67.20500183105469,48209.85,9462.87,31016.32,0.6433606408973767,-0.1025,48.625,72.95116011583539
17344,2026-04-06 19:00:00+02:00,50.04399871826172,67.20500183105469,49135.08,1868.29,21039.81,0.4282034342005338,20.0425,107.6875,117.90972275028273
17345,2026-04-06 20:00:00+02:00,50.04399871826172,67.20500183105469,49099.37,32.1,17440.15,0.3552010951759256,33.35,116.005,134.67192932378586
17346,2026-04-06 21:00:00+02:00,50.04399871826172,67.20500183105469,48319.19,0.0,16459.36,0.3406381604615809,30.205,109.2225,133.70595501710633
17347,2026-04-06 22:00:00+02:00,50.04399871826172,67.20500183105469,46824.17,0.0,15575.3,0.332633765781084,30.3775,113.8475,125.12258792210396
17348,2026-04-06 23:00:00+02:00,50.04399871826172,67.20500183105469,44653.04,0.0,14969.76,0.335246155617793,19.0225,108.805,115.67317101260056
17349,2026-04-07 00:00:00+02:00,50.04399871826172,67.20500183105469,44561.03,0.0,14280.84,0.3204782294483592,3.24,106.4,114.86835624550764
17350,2026-04-07 01:00:00+02:00,50.04399871826172,67.20500183105469,43535.43,0.0,13839.52,0.3178909682716144,1.985,101.295,113.72474516935684
17351,2026-04-07 02:00:00+02:00,50.04399871826172,67.20500183105469,42818.75,0.0,13476.62,0.3147364179676575,1.04,101.6475,107.64283289507881
17352,2026-04-07 03:00:00+02:00,50.04399871826172,67.20500183105469,43039.7,0.0,13095.92,0.3042753550084514,1.36,102.28,108.44847004791046
17353,2026-04-07 04:00:00+02:00,50.04399871826172,67.20500183105469,44345.08,0.0,12691.71,0.2862033397422659,1.06,105.135,113.00778312156739
17354,2026-04-07 05:00:00+02:00,50.04399871826172,67.20500183105469,48492.47,0.0,12286.73,0.2533739773920829,2.11,117.7675,125.95775667407801
17355,2026-04-07 06:00:00+02:00,50.04399871826172,67.20500183105469,55458.23,159.43,12054.2,0.2173563779050726,1.985,143.9125,170.23313350488752
17356,2026-04-07 07:00:00+02:00,50.04399871826172,67.20500183105469,59980.64,4110.06,15176.99,0.2530314781147664,1.3325,178.2625,182.39539834343958
17357,2026-04-07 08:00:00+02:00,50.04399871826172,67.20500183105469,62756.86,15002.58,24582.51,0.3917103245140514,-0.9425,127.8575,157.5679888776043
17358,2026-04-07 09:00:00+02:00,50.04399871826172,67.20500183105469,63980.21,28384.81,36295.55,0.5672933864131904,-11.105,81.8025,112.99558399116214
17359,2026-04-07 10:00:00+02:00,50.04399871826172,67.20500183105469,64413.42,39841.87,46486.12,0.7216837732382967,-26.0025,24.8875,33.350319651912244
17360,2026-04-07 11:00:00+02:00,50.04399871826172,67.20500183105469,64651.01,47778.81,53543.15,0.8281873708039228,-59.760000000000005,-0.0074999999999999,16.76792288074587
17361,2026-04-07 12:00:00+02:00,50.04399871826172,67.20500183105469,64363.67,52170.76,57514.25,0.8935825131019436,-79.515,-3.01,-8.397040972994802
17362,2026-04-07 13:00:00+02:00,50.04399871826172,67.20500183105469,62569.95,52984.33,58333.98,0.9323002494116904,-125.6375,-11.2875,-42.34539582987835
17363,2026-04-07 14:00:00+02:00,50.04399871826172,67.20500183105469,61003.94,50313.07,56075.27,0.9192073494073976,-123.535,-11.23,-13.096462856219961
17364,2026-04-07 15:00:00+02:00,50.04399871826172,67.20500183105469,59657.73,44590.09,50795.52,0.8514490911988354,-84.6175,-4.205,-4.0224115897711705
17365,2026-04-07 16:00:00+02:00,50.04399871826172,67.20500183105469,59275.98,36077.84,42860.28,0.7230632035568094,-28.72,3.8,16.33442807421133
17366,2026-04-07 17:00:00+02:00,50.04399871826172,67.20500183105469,60141.95,23854.77,31282.01,0.5201362775034504,-5.609999999999999,79.9025,93.13070865414602
17367,2026-04-07 18:00:00+02:00,50.04399871826172,67.20500183105469,61059.28,10522.35,18374.82,0.3009341085743339,48.625,137.995,142.63355564942776
17368,2026-04-07 19:00:00+02:00,50.04399871826172,67.20500183105469,61155.47,2003.1,10867.5,0.1777028285159605,107.6875,194.0275,179.3079325657364
17369,2026-04-07 20:00:00+02:00,50.04399871826172,67.20500183105469,59711.34,35.37,10829.48,0.1813638749052752,116.005,188.8825,177.94879366066255
17370,2026-04-07 21:00:00+02:00,50.04399871826172,67.20500183105469,57057.05,0.0,12536.63,0.2197209634532943,109.2225,144.0025,158.03987751546885
17371,2026-04-07 22:00:00+02:00,50.04399871826172,67.20500183105469,53867.38,0.0,13293.05,0.2467736503526301,113.8475,129.01,149.69020457081314
17372,2026-04-07 23:00:00+02:00,50.04399871826172,67.20500183105469,50700.27,0.0,13411.36,0.2645224571260621,108.805,118.2,144.03373813777137
17373,2026-04-08 00:00:00+02:00,53.24700164794922,67.42500305175781,47787.49,0.0,14392.05,0.3011677323288652,106.4,107.17,131.88921613113223
17374,2026-04-08 01:00:00+02:00,53.24700164794922,67.42500305175781,46233.51,0.0,14277.92,0.3088218912410453,101.295,102.21,132.0941384126235
17375,2026-04-08 02:00:00+02:00,53.24700164794922,67.42500305175781,45517.38,0.0,13880.1,0.3049406621591707,101.6475,100.82,128.5265756561182
17376,2026-04-08 03:00:00+02:00,53.24700164794922,67.42500305175781,45757.06,0.0,13117.94,0.286686688286641,102.28,103.4975,133.40023030579567
17377,2026-04-08 04:00:00+02:00,53.24700164794922,67.42500305175781,46873.48,0.0,11989.01,0.2557738405051696,105.135,107.5125,141.98327695302015
17378,2026-04-08 05:00:00+02:00,53.24700164794922,67.42500305175781,50035.73,0.0,10798.79,0.2158215738601552,117.7675,116.9275,148.33053512046683
17379,2026-04-08 06:00:00+02:00,53.24700164794922,67.42500305175781,56079.36,211.46,10090.91,0.1799398209644439,143.9125,149.79500000000002,161.87958951892102
17380,2026-04-08 07:00:00+02:00,53.24700164794922,67.42500305175781,60744.7,4685.45,13729.69,0.2260228464004229,178.2625,168.7975,168.73681763254388
17381,2026-04-08 08:00:00+02:00,53.24700164794922,67.42500305175781,63414.86,16449.47,24300.34,0.3831963044019656,127.8575,138.5075,148.65078182763114
17382,2026-04-08 09:00:00+02:00,53.24700164794922,67.42500305175781,64648.29,30396.43,36331.5,0.5619870223076299,81.8025,97.45,103.61775198096899
17383,2026-04-08 10:00:00+02:00,53.24700164794922,67.42500305175781,64817.36,41988.73,46261.07,0.7137141962101334,24.8875,51.12,29.668551842176605
17384,2026-04-08 11:00:00+02:00,53.24700164794922,67.42500305175781,65107.15,49988.37,53981.17,0.8291127778087178,-0.0074999999999999,-0.0499999999999998,22.95585696146187
17385,2026-04-08 12:00:00+02:00,53.24700164794922,67.42500305175781,64451.39,54040.34,58150.98,0.9022455526712077,-3.01,-18.8275,-7.0137654097247655
17386,2026-04-08 13:00:00+02:00,53.24700164794922,67.42500305175781,62718.87,54417.48,58976.41,0.9403296008138652,-11.2875,-32.78,-19.512308546578055
17387,2026-04-08 14:00:00+02:00,53.24700164794922,67.42500305175781,61410.92,51454.92,56891.4,0.9264052710940652,-11.23,-29.735,-19.760826614486064
17388,2026-04-08 15:00:00+02:00,53.24700164794922,67.42500305175781,60038.6,45309.71,52057.51,0.8670673531916022,-4.205,-13.155,16.43974139321172
17389,2026-04-08 16:00:00+02:00,53.24700164794922,67.42500305175781,59587.19,36116.8,44500.05,0.7468056471958476,3.8,13.3525,32.69922396292556
17390,2026-04-08 17:00:00+02:00,53.24700164794922,67.42500305175781,60335.39,23561.13,33482.27,0.5549358344157655,79.9025,91.875,107.15053736655467
17391,2026-04-08 18:00:00+02:00,53.24700164794922,67.42500305175781,60833.24,10320.98,21982.67,0.3613595132593036,137.995,134.2475,148.0631640153124
17392,2026-04-08 19:00:00+02:00,53.24700164794922,67.42500305175781,61289.45,2003.2,16345.84,0.2666990811197198,194.0275,170.0075,168.95027961300906
17393,2026-04-08 20:00:00+02:00,53.24700164794922,67.42500305175781,59923.0,37.29,18224.02,0.3041239590300679,188.8825,160.5525,166.93444488583714
17394,2026-04-08 21:00:00+02:00,53.24700164794922,67.42500305175781,57236.08,0.0,21684.61,0.3788625984905215,144.0025,137.10250000000002,151.59348766866879
17395,2026-04-08 22:00:00+02:00,53.24700164794922,67.42500305175781,54119.42,0.0,23420.95,0.4327642461000572,129.01,121.3925,130.51924483319993
17396,2026-04-08 23:00:00+02:00,53.24700164794922,67.42500305175781,50843.71,0.0,23975.2,0.471547021161212,118.2,109.475,114.62297965676412
17397,2026-04-09 00:00:00+02:00,45.30099868774414,67.66000366210938,46216.22,0.0,22190.38,0.4801426857323808,107.17,104.8975,102.84301278010723
17398,2026-04-09 01:00:00+02:00,45.30099868774414,67.66000366210938,44521.07,0.0,21482.11,0.4825155818396737,102.21,101.1025,98.89051339216958
17399,2026-04-09 02:00:00+02:00,45.30099868774414,67.66000366210938,43985.84,0.0,20693.08,0.4704486715564717,100.82,101.095,101.44037283123276
17400,2026-04-09 03:00:00+02:00,45.30099868774414,67.66000366210938,44402.07,0.0,19909.6,0.4483935094808882,103.4975,101.8625,103.35288935033226
17401,2026-04-09 04:00:00+02:00,45.30099868774414,67.66000366210938,47226.94,0.0,19323.98,0.4091728152598552,107.5125,105.1,110.46985570617129
17402,2026-04-09 05:00:00+02:00,45.30099868774414,67.66000366210938,51608.34,0.0,19042.4,0.3689791222951602,116.9275,115.8725,123.41834522002385
17403,2026-04-09 06:00:00+02:00,45.30099868774414,67.66000366210938,57086.21,182.44,19382.94,0.3395380424905527,149.79500000000002,135.29500000000002,145.5488289450384
17404,2026-04-09 07:00:00+02:00,45.30099868774414,67.66000366210938,61862.59,3385.22,22184.41,0.3586078435515539,168.7975,146.6,154.97840565960615
17405,2026-04-09 08:00:00+02:00,45.30099868774414,67.66000366210938,65654.66,11269.81,28530.62,0.4345559019825011,138.5075,128.09,140.3623224577554
17406,2026-04-09 09:00:00+02:00,45.30099868774414,67.66000366210938,66338.67,21901.1,37076.5,0.5588972464237077,97.45,99.675,111.37490931896228
17407,2026-04-09 10:00:00+02:00,45.30099868774414,67.66000366210938,66364.97,32131.97,45645.94,0.687801712155102,51.12,54.9975,72.94133980733395
17408,2026-04-09 11:00:00+02:00,45.30099868774414,67.66000366210938,65715.19,39390.25,52467.27,0.7984039914061871,-0.0499999999999998,1.2075,17.19830509522314
17409,2026-04-09 12:00:00+02:00,45.30099868774414,67.66000366210938,65234.65,43512.02,56631.44,0.868119013305334,-18.8275,-1.03,12.769977901760406
17410,2026-04-09 13:00:00+02:00,45.30099868774414,67.66000366210938,64067.1,44584.26,58058.51,0.9062141097527102,-32.78,-7.865,7.065327921340957
17411,2026-04-09 14:00:00+02:00,45.30099868774414,67.66000366210938,61679.42,42583.11,56580.66,0.9173345013754453,-29.735,-8.1375,8.788910059391327
17412,2026-04-09 15:00:00+02:00,45.30099868774414,67.66000366210938,60993.99,37697.76,52328.58,0.8579301008414222,-13.155,-1.3025,14.392822013111262
17413,2026-04-09 16:00:00+02:00,45.30099868774414,67.66000366210938,61531.44,30353.29,45363.74,0.7372448945226626,13.3525,27.08,41.63617671935709
17414,2026-04-09 17:00:00+02:00,45.30099868774414,67.66000366210938,63445.57,19981.53,35177.25,0.5544476942118342,91.875,82.5275,99.10555275295474
17415,2026-04-09 18:00:00+02:00,45.30099868774414,67.66000366210938,62542.43,8916.14,24988.56,0.3995457163401636,134.2475,115.355,132.55942459971766
17416,2026-04-09 19:00:00+02:00,45.30099868774414,67.66000366210938,61449.56,1811.95,19889.55,0.3236727813309529,170.0075,137.1675,149.23326879475144
17417,2026-04-09 20:00:00+02:00,45.30099868774414,67.66000366210938,60241.45,30.19,21458.3,0.3562049053672836,160.5525,127.325,145.35750632442353
17418,2026-04-09 21:00:00+02:00,45.30099868774414,67.66000366210938,56681.9,0.0,24477.52,0.4318401464256067,137.10250000000002,110.95,123.28025314911004
17419,2026-04-09 22:00:00+02:00,45.30099868774414,67.66000366210938,53127.78,0.0,25993.08,0.4892559033166347,121.3925,100.23,106.22309071780207
17420,2026-04-09 23:00:00+02:00,45.30099868774414,67.66000366210938,49673.01,0.0,27276.49,0.5491209410202601,109.475,81.05250000000001,92.89592207929874
17421,2026-04-10 00:00:00+02:00,46.17499923706055,69.3949966430664,46258.22,0.0,27624.78,0.5971864026334808,104.8975,81.88,85.0739179582784
17422,2026-04-10 01:00:00+02:00,46.17499923706055,69.3949966430664,44870.64,0.0,28023.7,0.6245442452738484,101.1025,79.32,77.93529528556753
17423,2026-04-10 02:00:00+02:00,46.17499923706055,69.3949966430664,44175.54,0.0,28127.84,0.6367288321463124,101.095,78.83,75.43743716636526
17424,2026-04-10 03:00:00+02:00,46.17499923706055,69.3949966430664,44522.68,0.0,28231.0,0.6340813264982967,101.8625,78.5525,81.18774363573029
17425,2026-04-10 04:00:00+02:00,46.17499923706055,69.3949966430664,45487.7,0.0,28089.42,0.617516823093382,105.1,81.1225,87.3347098916858
17426,2026-04-10 05:00:00+02:00,46.17499923706055,69.3949966430664,47766.29,0.0,27524.29,0.5762283399911886,115.8725,88.7675,94.87566826054253
17427,2026-04-10 06:00:00+02:00,46.17499923706055,69.3949966430664,53284.97,84.45,26894.5,0.5047295699885485,135.29500000000002,112.1575,114.53273663426984
17428,2026-04-10 07:00:00+02:00,46.17499923706055,69.3949966430664,57507.12,1377.49,25877.63,0.4499900185490092,146.6,126.4375,129.9757055160726
17429,2026-04-10 08:00:00+02:00,46.17499923706055,69.3949966430664,61410.74,4625.59,26015.15,0.4236254113818486,128.09,123.16,141.67633609794657
17430,2026-04-10 09:00:00+02:00,46.17499923706055,69.3949966430664,63282.06,9190.25,28090.98,0.4439011624394178,99.675,119.265,137.0773669593766
17431,2026-04-10 10:00:00+02:00,46.17499923706055,69.3949966430664,63282.78,14493.46,31444.1,0.4968824061621688,54.9975,109.84,118.90638184472641
17432,2026-04-10 11:00:00+02:00,46.17499923706055,69.3949966430664,62329.71,19651.49,34411.44,0.5520872789955084,1.2075,102.99,98.98659034941356
17433,2026-04-10 12:00:00+02:00,46.17499923706055,69.3949966430664,60511.83,23839.87,36219.18,0.5985470939155951,-1.03,92.09,84.12428815415413
17434,2026-04-10 13:00:00+02:00,46.17499923706055,69.3949966430664,58732.07,26226.53,36583.93,0.6228952937257455,-7.865,88.9375,81.18489494870781
17435,2026-04-10 14:00:00+02:00,46.17499923706055,69.3949966430664,57326.81,26875.69,35812.11,0.6247009033601031,-8.1375,87.4,74.64074334870553
17436,2026-04-10 15:00:00+02:00,46.17499923706055,69.3949966430664,56153.15,25486.07,33309.08,0.5931827509955928,-1.3025,94.0175,80.84778620261844
17437,2026-04-10 16:00:00+02:00,46.17499923706055,69.3949966430664,55059.44,21407.96,28183.26,0.5118697174341276,27.08,108.78,95.2224687929535
17438,2026-04-10 17:00:00+02:00,46.17499923706055,69.3949966430664,55801.11,14825.9,20375.44,0.3651439907978274,82.5275,130.1025,119.38615485803504
17439,2026-04-10 18:00:00+02:00,46.17499923706055,69.3949966430664,56239.34,7227.57,11474.52,0.2040301326075252,115.355,155.29,142.6251443539752
17440,2026-04-10 19:00:00+02:00,46.17499923706055,69.3949966430664,56893.98,1608.26,4936.81,0.0867720978411473,137.1675,227.7675,174.5260741757961
17441,2026-04-10 20:00:00+02:00,46.17499923706055,69.3949966430664,55127.75,37.35,3043.34,0.0552052278470996,127.325,245.115,179.89082658365726
17442,2026-04-10 21:00:00+02:00,46.17499923706055,69.3949966430664,52500.67,0.0,2884.55,0.0549431083346282,110.95,176.4775,155.5081565815472
17443,2026-04-10 22:00:00+02:00,46.17499923706055,69.3949966430664,49714.68,0.0,2907.86,0.0584909728759209,100.23,149.305,144.5134119759905
17444,2026-04-10 23:00:00+02:00,46.17499923706055,69.3949966430664,46795.41,0.0,3173.41,0.0678145570115072,81.05250000000001,131.96,129.1092623784853
17445,2026-04-11 00:00:00+02:00,43.63800048828125,68.44499969482422,44439.38,0.0,4228.17,0.0951446667133644,81.88,134.015,120.76684312507096
17446,2026-04-11 01:00:00+02:00,43.63800048828125,68.44499969482422,42794.58,0.0,5654.98,0.1321424348288632,79.32,120.6325,117.28878645911567
17447,2026-04-11 02:00:00+02:00,43.63800048828125,68.44499969482422,41695.03,0.0,7560.71,0.1813336025465544,78.83,114.3825,111.92509220422782
17448,2026-04-11 03:00:00+02:00,43.63800048828125,68.44499969482422,41341.74,0.0,9754.01,0.2359361264823551,78.5525,112.35,106.68421425488428
17449,2026-04-11 04:00:00+02:00,43.63800048828125,68.44499969482422,41512.87,0.0,11981.16,0.2886131456850337,81.1225,110.8375,102.68729265012551
17450,2026-04-11 05:00:00+02:00,43.63800048828125,68.44499969482422,42826.28,0.0,14122.27,0.3297571023376868,88.7675,108.36,103.66688957681815
17451,2026-04-11 06:00:00+02:00,43.63800048828125,68.44499969482422,45271.93,255.97,16437.48,0.3630832614463126,112.1575,106.605,109.76117805090429
17452,2026-04-11 07:00:00+02:00,43.63800048828125,68.44499969482422,47972.98,4179.09,21625.42,0.4507833366927,126.4375,93.2375,103.41350081609747
17453,2026-04-11 08:00:00+02:00,43.63800048828125,68.44499969482422,51088.2,13972.41,31270.13,0.6120812632639081,123.16,69.61,75.40688280926462
17454,2026-04-11 09:00:00+02:00,43.63800048828125,68.44499969482422,53549.63,26390.56,42482.79,0.7933348931088161,119.265,21.57,37.679649416301594
17455,2026-04-11 10:00:00+02:00,43.63800048828125,68.44499969482422,55101.71,37350.81,51723.72,0.93869536881184,109.84,-0.1574999999999997,23.097926365060538
17456,2026-04-11 11:00:00+02:00,43.63800048828125,68.44499969482422,55244.35,45072.49,59312.05,1.073631058909439,102.99,-8.307500000000001,-9.499873845404274
17457,2026-04-11 12:00:00+02:00,43.63800048828125,68.44499969482422,54489.39,49409.08,63330.25,1.1622492009614624,92.09,-40.2525,-48.139697290141335
17458,2026-04-11 13:00:00+02:00,43.63800048828125,68.44499969482422,53004.03,50056.49,64498.06,1.216852001401242,88.9375,-79.965,-55.443630450366314
17459,2026-04-11 14:00:00+02:00,43.63800048828125,68.44499969482422,51478.09,46579.52,62335.01,1.2109037065650836,87.4,-77.635,-56.507943065669025
17460,2026-04-11 15:00:00+02:00,43.63800048828125,68.44499969482422,50187.38,39850.16,57635.0,1.148396269909209,94.0175,-45.8275,-22.049058028483884
17461,2026-04-11 16:00:00+02:00,43.63800048828125,68.44499969482422,50365.61,30486.91,52428.56,1.0409594957668615,108.78,-15.7975,15.0150607515449
17462,2026-04-11 17:00:00+02:00,43.63800048828125,68.44499969482422,50986.85,19236.02,45519.26,0.8927647028806909,130.1025,-0.7149999999999999,23.0461789166704
17463,2026-04-11 18:00:00+02:00,43.63800048828125,68.44499969482422,51413.63,8300.53,37429.03,0.7279981980015808,155.29,43.697500000000005,70.01237433153773
17464,2026-04-11 19:00:00+02:00,43.63800048828125,68.44499969482422,51463.26,1651.49,32639.93,0.6342375122302323,227.7675,73.8175,98.51742613110541
17465,2026-04-11 20:00:00+02:00,43.63800048828125,68.44499969482422,50949.04,34.02,33733.13,0.6620954976458642,245.115,74.7875,97.43899022010777
17466,2026-04-11 21:00:00+02:00,43.63800048828125,68.44499969482422,49388.47,0.0,36058.49,0.7300993530007915,176.4775,65.2325,62.69536411928072
17467,2026-04-11 22:00:00+02:00,43.63800048828125,68.44499969482422,47507.46,0.0,34640.08,0.7291503269740899,149.305,68.6275,59.82508100421516
17468,2026-04-11 23:00:00+02:00,43.63800048828125,68.44499969482422,44939.6,0.0,31380.23,0.6982756854314957,131.96,68.625,62.89205986737934
17469,2026-04-12 00:00:00+02:00,43.63800048828125,68.44499969482422,43122.08,0.0,27263.64,0.6322431569552667,134.015,72.52250000000001,74.477562646475
17470,2026-04-12 01:00:00+02:00,43.63800048828125,68.44499969482422,41306.89,0.0,23997.14,0.5809476335349991,120.6325,76.57249999999999,74.67604009452374
17471,2026-04-12 02:00:00+02:00,43.63800048828125,68.44499969482422,40395.23,0.0,21537.61,0.533172109545317,114.3825,80.4225,80.7629625361075
17472,2026-04-12 03:00:00+02:00,43.63800048828125,68.44499969482422,40180.53,0.0,19689.31,0.4900211618686908,112.35,85.26,86.04104936346319
17473,2026-04-12 04:00:00+02:00,43.63800048828125,68.44499969482422,40390.39,0.0,17930.43,0.4439281223964591,110.8375,95.1025,86.25559489563929
17474,2026-04-12 05:00:00+02:00,43.63800048828125,68.44499969482422,41504.24,0.0,16523.79,0.3981229386688871,108.36,98.05,92.75187515918887
17475,2026-04-12 06:00:00+02:00,43.63800048828125,68.44499969482422,43400.42,143.55,15666.09,0.3609663223625563,106.605,98.7,101.1174613948753
17476,2026-04-12 07:00:00+02:00,43.63800048828125,68.44499969482422,46006.73,1932.48,16536.52,0.3594369779466097,93.2375,94.3175,105.97553866203364
17477,2026-04-12 08:00:00+02:00,43.63800048828125,68.44499969482422,49016.07,6127.87,18995.43,0.387534741078276,69.61,76.10249999999999,99.33154108638321
17478,2026-04-12 09:00:00+02:00,43.63800048828125,68.44499969482422,51586.29,11727.42,22560.39,0.4373330587570199,21.57,53.3225,92.74210060617956
17479,2026-04-12 10:00:00+02:00,43.63800048828125,68.44499969482422,52762.75,17333.18,26587.64,0.5039092919713416,-0.1574999999999997,30.2325,77.42712594581116
17480,2026-04-12 11:00:00+02:00,43.63800048828125,68.44499969482422,53476.52,21727.47,29869.93,0.5585615891687489,-8.307500000000001,22.415,64.3920174546187
17481,2026-04-12 12:00:00+02:00,43.63800048828125,68.44499969482422,52671.97,24144.62,31338.02,0.5949657852943481,-40.2525,14.975,53.80857375067208
17482,2026-04-12 13:00:00+02:00,43.63800048828125,68.44499969482422,51119.19,24398.19,30797.0,0.6024547727375071,-79.965,1.97,44.44522790386772
17483,2026-04-12 14:00:00+02:00,43.63800048828125,68.44499969482422,49674.06,22950.76,28602.71,0.5758077756125012,-77.635,4.625,53.2017869219072
17484,2026-04-12 15:00:00+02:00,43.63800048828125,68.44499969482422,48817.19,19720.91,24529.98,0.5024865215506081,-45.8275,15.905,62.50665680252434
17485,2026-04-12 16:00:00+02:00,43.63800048828125,68.44499969482422,48774.88,14904.4,18886.87,0.3872253503468946,-15.7975,67.55,82.54221018079096
17486,2026-04-12 17:00:00+02:00,43.63800048828125,68.44499969482422,49993.67,9403.67,12715.1,0.2543341986586833,-0.7149999999999999,110.1775,108.1131204697509
17487,2026-04-12 18:00:00+02:00,43.63800048828125,68.44499969482422,51813.18,4422.03,7381.48,0.1424633654713987,43.697500000000005,135.3875,125.20942426231315
17488,2026-04-12 19:00:00+02:00,43.63800048828125,68.44499969482422,51779.04,1086.26,4310.05,0.0832392798160724,73.8175,144.765,141.6748684655729
17489,2026-04-12 20:00:00+02:00,43.63800048828125,68.44499969482422,50929.4,49.36,4077.51,0.0800620073906109,74.7875,146.8025,140.9928941908778
17490,2026-04-12 21:00:00+02:00,43.63800048828125,68.44499969482422,49883.82,0.0,5091.69,0.1020709720903348,65.2325,136.73250000000002,131.82457797524648
17491,2026-04-12 22:00:00+02:00,43.63800048828125,68.44499969482422,48143.87,0.0,6160.49,0.1279600081738422,68.6275,130.6075,125.49606598073528
17492,2026-04-12 23:00:00+02:00,43.63800048828125,68.44499969482422,45666.88,0.0,7207.97,0.1578380217440214,68.625,121.0175,120.37260015543326
17493,2026-04-13 00:00:00+02:00,43.63800048828125,68.44499969482422,44214.81,0.0,7001.92,0.1583614177787123,72.52250000000001,116.5425,116.70481054963993
17494,2026-04-13 01:00:00+02:00,43.63800048828125,68.44499969482422,42814.16,0.0,7680.32,0.1793873802079995,76.57249999999999,109.795,115.65839436708082
17495,2026-04-13 02:00:00+02:00,43.63800048828125,68.44499969482422,42110.43,0.0,8176.49,0.1941678106364224,80.4225,107.315,110.61678605929308
17496,2026-04-13 03:00:00+02:00,43.63800048828125,68.44499969482422,42301.99,0.0,8545.78,0.202018391994793,85.26,107.59,110.55700975721892
17497,2026-04-13 04:00:00+02:00,43.63800048828125,68.44499969482422,43815.68,0.0,8955.18,0.2043829970904518,95.1025,110.02,115.20165317285223
17498,2026-04-13 05:00:00+02:00,43.63800048828125,68.44499969482422,47679.13,0.0,9535.49,0.1999929528496025,98.05,119.0725,122.3096348844387
17499,2026-04-13 06:00:00+02:00,43.63800048828125,68.44499969482422,54799.33,206.86,10397.56,0.1897388161151351,98.7,136.115,138.5431399544829
17500,2026-04-13 07:00:00+02:00,43.63800048828125,68.44499969482422,60548.88,2317.25,12896.4,0.212991553235503,94.3175,145.12,153.13611896303405
17501,2026-04-13 08:00:00+02:00,43.63800048828125,68.44499969482422,63773.23,6982.92,17137.68,0.2687284303666713,76.10249999999999,173.88,150.31159232891127
17502,2026-04-13 09:00:00+02:00,43.63800048828125,68.44499969482422,65100.42,12628.48,21911.79,0.3365844643803243,53.3225,160.965,129.3436893888409
17503,2026-04-13 10:00:00+02:00,43.63800048828125,68.44499969482422,66114.56,17813.39,26476.69,0.4004668562567055,30.2325,138.63,122.87631776013771
17504,2026-04-13 11:00:00+02:00,43.63800048828125,68.44499969482422,66319.54,21876.28,30808.96,0.4645532824165316,22.415,116.0,112.61834368229857
17505,2026-04-13 12:00:00+02:00,43.63800048828125,68.44499969482422,65269.99,24373.53,33797.59,0.5178120908984646,14.975,104.735,98.08925925936309
17506,2026-04-13 13:00:00+02:00,43.63800048828125,68.44499969482422,63973.41,24269.83,34287.98,0.5359723671856835,1.97,97.3925,92.62299967847261
17507,2026-04-13 14:00:00+02:00,43.63800048828125,68.44499969482422,62591.31,22087.02,33008.72,0.5273690548212893,4.625,101.695,94.62621563142848
17508,2026-04-13 15:00:00+02:00,43.63800048828125,68.44499969482422,61188.97,18391.96,29961.98,0.4896630878915491,15.905,104.6375,98.79254584944232
17509,2026-04-13 16:00:00+02:00,43.63800048828125,68.44499969482422,59793.42,13638.61,25627.59,0.4286021772247511,67.55,114.5975,103.97152794941178
17510,2026-04-13 17:00:00+02:00,43.63800048828125,68.44499969482422,59850.47,8418.37,20725.73,0.3462918502818287,110.1775,130.3775,122.82615663600062
17511,2026-04-13 18:00:00+02:00,43.63800048828125,68.44499969482422,60187.67,3841.96,16593.65,0.2756984943468158,135.3875,148.2,134.04402545424995
17512,2026-04-13 19:00:00+02:00,43.63800048828125,68.44499969482422,60308.27,847.47,14509.72,0.2405925422432789,144.765,164.5225,153.51603193848894
17513,2026-04-13 20:00:00+02:00,43.63800048828125,68.44499969482422,59008.53,26.71,14640.36,0.2481058246582136,146.8025,156.61,149.89528353260124
17514,2026-04-13 21:00:00+02:00,43.63800048828125,68.44499969482422,56361.48,0.0,15096.2,0.2678460536756937,136.73250000000002,139.0475,134.26318172040254
17515,2026-04-13 22:00:00+02:00,43.63800048828125,68.44499969482422,53476.64,0.0,14792.22,0.2766108715363173,130.6075,129.76,132.41321866630483
17516,2026-04-13 23:00:00+02:00,43.63800048828125,68.44499969482422,50135.65,0.0,14298.58,0.2851978581537892,121.0175,122.6275,123.52497404549943
17517,2026-04-14 00:00:00+02:00,46.41299819946289,68.375,47766.89,0.0,13417.77,0.2809010592314255,116.5425,116.0625,128.20430039579432
17518,2026-04-14 01:00:00+02:00,46.41299819946289,68.375,46288.63,0.0,12860.75,0.2778382077244805,109.795,113.665,122.37415631966766
17519,2026-04-14 02:00:00+02:00,46.41299819946289,68.375,45775.59,0.0,12204.75,0.2666213586178526,107.315,114.99,123.90140607417752
17520,2026-04-14 03:00:00+02:00,46.41299819946289,68.375,46004.44,0.0,11671.0,0.2536929043688624,107.59,113.385,124.14745002896889
17521,2026-04-14 04:00:00+02:00,46.41299819946289,68.375,47087.81,0.0,11192.16,0.2376869936746501,110.02,114.68,124.66294178259864
17522,2026-04-14 05:00:00+02:00,46.41299819946289,68.375,50262.27,0.0,10764.7,0.2141705895467573,119.0725,118.1475,134.80646161609985
17523,2026-04-14 06:00:00+02:00,46.41299819946289,68.375,56271.44,170.01,10521.31,0.1869742448057177,136.115,138.72,149.12807499063814
17524,2026-04-14 07:00:00+02:00,46.41299819946289,68.375,61255.36,2022.23,11645.63,0.1901160975643411,145.12,163.0225,162.1360950962021
17525,2026-04-14 08:00:00+02:00,46.41299819946289,68.375,64060.1,6303.73,14682.96,0.2292060111942994,173.88,164.495,167.22586433078646
17526,2026-04-14 09:00:00+02:00,46.41299819946289,68.375,64648.14,11863.5,19297.77,0.298504643706918,160.965,144.32999999999998,151.8544569618943
17527,2026-04-14 10:00:00+02:00,46.41299819946289,68.375,65031.13,17253.59,24335.16,0.3742078600857454,138.63,128.82999999999998,133.84305243192196
17528,2026-04-14 11:00:00+02:00,46.41299819946289,68.375,64814.08,21749.42,28865.59,0.4453598661825702,116.0,117.3325,123.08719119456639
17529,2026-04-14 12:00:00+02:00,46.41299819946289,68.375,63998.34,24653.13,31732.48,0.4958328605873476,104.735,109.5075,116.18981178404313
17530,2026-04-14 13:00:00+02:00,46.41299819946289,68.375,62659.54,25312.86,32099.21,0.5122796942792303,97.3925,104.7,108.85335949689227
17531,2026-04-14 14:00:00+02:00,46.41299819946289,68.375,61127.71,24083.36,30614.93,0.500835545695915,101.695,108.91,109.88429892672752
17532,2026-04-14 15:00:00+02:00,46.41299819946289,68.375,59789.9,21111.55,27236.56,0.4555378081489452,104.6375,115.5675,118.47173904700524
17533,2026-04-14 16:00:00+02:00,46.41299819946289,68.375,58786.9,16847.86,22466.74,0.3821725587873875,114.5975,121.695,128.28762525130043
17534,2026-04-14 17:00:00+02:00,46.41299819946289,68.375,59108.8,11611.22,16627.9,0.2813100586915467,130.3775,137.4375,140.6077985831633
17535,2026-04-14 18:00:00+02:00,46.41299819946289,68.375,60101.91,5994.14,10330.08,0.1718760684690592,148.2,160.015,164.43086783776494
17536,2026-04-14 19:00:00+02:00,46.41299819946289,68.375,60526.85,1557.43,5489.77,0.0906997472872453,164.5225,224.7525,191.37141215546092
17537,2026-04-14 20:00:00+02:00,46.41299819946289,68.375,59242.67,63.58,4145.01,0.0699666304590987,156.61,234.2775,193.6292641639361
17538,2026-04-14 21:00:00+02:00,46.41299819946289,68.375,56647.96,0.0,4236.4,0.0747846877319527,139.0475,165.9475,166.7633828108236
17539,2026-04-14 22:00:00+02:00,46.41299819946289,68.375,53363.09,0.0,4350.56,0.0815275127280808,129.76,148.2575,151.96044066246645
17540,2026-04-14 23:00:00+02:00,46.41299819946289,68.375,50187.54,0.0,4560.51,0.0908693671594843,122.6275,135.37,143.93615092127862
17541,2026-04-15 00:00:00+02:00,43.3650016784668,70.43000030517578,47045.42,0.0,3719.39,0.0790595556211296,116.0625,121.6,131.57479024591606
17542,2026-04-15 01:00:00+02:00,43.3650016784668,70.43000030517578,45630.05,0.0,4106.13,0.0899874095930231,113.665,116.4575,126.07877732467017
17543,2026-04-15 02:00:00+02:00,43.3650016784668,70.43000030517578,44983.79,0.0,4519.82,0.1004766383400605,114.99,111.7675,121.55248076708172
17544,2026-04-15 03:00:00+02:00,43.3650016784668,70.43000030517578,44781.67,0.0,4933.49,0.1101676198966747,113.385,110.0175,120.96630771435566
17545,2026-04-15 04:00:00+02:00,43.3650016784668,70.43000030517578,46275.61,0.0,5285.3,0.1142135133142029,114.68,110.8425,124.00583755636761
17546,2026-04-15 05:00:00+02:00,43.3650016784668,70.43000030517578,49538.07,0.0,5532.41,0.1116799665163216,118.1475,123.18,132.80709195407633
17547,2026-04-15 06:00:00+02:00,43.3650016784668,70.43000030517578,55517.41,435.06,6147.43,0.1107297692542339,138.72,148.44,161.51891936597707
17548,2026-04-15 07:00:00+02:00,43.3650016784668,70.43000030517578,61549.58,4685.55,10320.93,0.167684816018617,163.0225,159.5525,180.38113470822242
17549,2026-04-15 08:00:00+02:00,43.3650016784668,70.43000030517578,64133.05,13942.1,19021.24,0.2965902915428799,164.495,140.1,146.4498240628473
17550,2026-04-15 09:00:00+02:00,43.3650016784668,70.43000030517578,65113.39,24859.81,28804.52,0.4423747557234579,144.32999999999998,116.32,118.7165256251748
17551,2026-04-15 10:00:00+02:00,43.3650016784668,70.43000030517578,65779.45,34320.01,37248.73,0.5662669723498347,128.82999999999998,100.8025,92.29949180966045
17552,2026-04-15 11:00:00+02:00,43.3650016784668,70.43000030517578,66155.52,40628.51,43327.74,0.6549376377579772,117.3325,78.94,56.99302619051102
17553,2026-04-15 12:00:00+02:00,43.3650016784668,70.43000030517578,65145.37,42490.46,45215.71,0.6940740376953766,109.5075,58.3175,50.80315682447408
17554,2026-04-15 13:00:00+02:00,43.3650016784668,70.43000030517578,63324.02,40806.97,43456.61,0.686257915924122,104.7,50.2325,49.21171222687692
17555,2026-04-15 14:00:00+02:00,43.3650016784668,70.43000030517578,61709.23,37248.56,39762.23,0.6443481792522208,108.91,67.25750000000001,52.87820176216977
17556,2026-04-15 15:00:00+02:00,43.3650016784668,70.43000030517578,60490.99,31735.23,34012.39,0.5622720010761484,115.5675,81.4925,77.955322739655
17557,2026-04-15 16:00:00+02:00,43.3650016784668,70.43000030517578,59643.29,24576.18,26627.47,0.4464453586570349,121.695,99.255,111.77712693376374
17558,2026-04-15 17:00:00+02:00,43.3650016784668,70.43000030517578,59809.11,16100.63,18089.48,0.302453589377529,137.4375,124.84,133.01939502654074
17559,2026-04-15 18:00:00+02:00,43.3650016784668,70.43000030517578,59941.63,7687.69,9879.44,0.1648176734325013,160.015,141.9,164.4166288435319
17560,2026-04-15 19:00:00+02:00,43.3650016784668,70.43000030517578,60244.81,1848.26,4773.06,0.0792277376127125,224.7525,180.07999999999998,201.27655012721453
17561,2026-04-15 20:00:00+02:00,43.3650016784668,70.43000030517578,59194.11,61.99,4360.15,0.0736585109441364,234.2775,180.8,192.15767492287853
17562,2026-04-15 21:00:00+02:00,43.3650016784668,70.43000030517578,56454.36,0.0,5933.35,0.105099942660744,165.9475,148.07999999999998,166.69453364123825
17563,2026-04-15 22:00:00+02:00,43.3650016784668,70.43000030517578,52911.5,0.0,7536.78,0.1424412462049948,148.2575,132.685,143.41473874845343
17564,2026-04-15 23:00:00+02:00,43.3650016784668,70.43000030517578,49388.65,0.0,8893.44,0.1800705222394071,135.37,117.77,131.10686849769013
17565,2026-04-16 00:00:00+02:00,41.39899826049805,70.04000091552734,46559.29,0.0,9835.74,0.21125193270532,121.6,106.215,123.19931236159712
17566,2026-04-16 01:00:00+02:00,41.39899826049805,70.04000091552734,44980.33,0.0,9935.99,0.2208963339706719,116.4575,101.3975,118.60578810586401
17567,2026-04-16 02:00:00+02:00,41.39899826049805,70.04000091552734,44297.0,0.0,10049.01,0.2268553174646465,111.7675,99.595,111.89561561363797
17568,2026-04-16 03:00:00+02:00,41.39899826049805,70.04000091552734,44551.12,0.0,10050.46,0.2255938795196183,110.0175,98.365,110.63458898920955
17569,2026-04-16 04:00:00+02:00,41.39899826049805,70.04000091552734,45574.71,0.0,9885.82,0.2169146001769589,110.8425,100.9025,114.33909224175471
17570,2026-04-16 05:00:00+02:00,41.39899826049805,70.04000091552734,48683.08,0.0,9373.13,0.1925336276602602,123.18,110.605,128.5492751410778
17571,2026-04-16 06:00:00+02:00,41.39899826049805,70.04000091552734,54732.69,350.15,9012.14,0.1646573555648996,148.44,139.475,150.61938221827836
17572,2026-04-16 07:00:00+02:00,41.39899826049805,70.04000091552734,59698.71,3766.51,11530.93,0.1931520798032064,159.5525,145.02249999999998,166.7797826530675
17573,2026-04-16 08:00:00+02:00,41.39899826049805,70.04000091552734,62739.27,11123.49,17494.52,0.2788448127817163,140.1,133.635,152.178315439637
17574,2026-04-16 09:00:00+02:00,41.39899826049805,70.04000091552734,63588.78,20698.78,25496.46,0.4009584709124851,116.32,110.195,120.41402505660942
17575,2026-04-16 10:00:00+02:00,41.39899826049805,70.04000091552734,63980.3,29579.6,33483.8,0.5233454671948482,100.8025,96.3525,96.2621184183276
17576,2026-04-16 11:00:00+02:00,41.39899826049805,70.04000091552734,63937.03,35806.97,39881.95,0.6237691990660545,78.94,75.6725,64.52050389991028
17577,2026-04-16 12:00:00+02:00,41.39899826049805,70.04000091552734,63210.09,38699.8,43357.96,0.6859341600864776,58.3175,60.5125,42.72738678905368
17578,2026-04-16 13:00:00+02:00,41.39899826049805,70.04000091552734,61763.95,38512.95,43874.15,0.7103520741937082,50.2325,45.7675,29.713561097163034
17579,2026-04-16 14:00:00+02:00,41.39899826049805,70.04000091552734,60137.92,36144.98,42210.98,0.701902892434274,67.25750000000001,53.9725,33.32704392149506
17580,2026-04-16 15:00:00+02:00,41.39899826049805,70.04000091552734,58920.2,32072.8,38367.2,0.6511722633916428,81.4925,70.87,57.5246768361222
17581,2026-04-16 16:00:00+02:00,41.39899826049805,70.04000091552734,57883.55,26084.52,32041.74,0.5535551982292801,99.255,89.7575,89.03437163517775
17582,2026-04-16 17:00:00+02:00,41.39899826049805,70.04000091552734,58290.45,18040.78,23102.13,0.3963278718218288,124.84,111.555,118.69982777739223
17583,2026-04-16 18:00:00+02:00,41.39899826049805,70.04000091552734,59480.18,9102.87,13107.65,0.2203700459177544,141.9,131.145,151.10750205892504
17584,2026-04-16 19:00:00+02:00,41.39899826049805,70.04000091552734,59292.18,2274.39,5392.47,0.090947406539792,180.07999999999998,166.9275,180.30417958637997
17585,2026-04-16 20:00:00+02:00,41.39899826049805,70.04000091552734,57570.41,84.58,2787.19,0.0484135860681878,180.8,187.3175,189.73981476805045
17586,2026-04-16 21:00:00+02:00,41.39899826049805,70.04000091552734,55166.15,0.0,2496.15,0.0452478557874261,148.07999999999998,155.01,170.4728718599539
17587,2026-04-16 22:00:00+02:00,41.39899826049805,70.04000091552734,52118.69,0.0,2332.62,0.0447559215235924,132.685,138.76,148.82945066487395
17588,2026-04-16 23:00:00+02:00,41.39899826049805,70.04000091552734,48709.51,0.0,2180.23,0.0447598425759651,117.77,127.3625,133.95700248265652
17589,2026-04-17 00:00:00+02:00,42.422000885009766,70.69499969482422,46242.83,0.0,2124.51,0.0459424736665246,106.215,121.7725,127.43420867461143
17590,2026-04-17 01:00:00+02:00,42.422000885009766,70.69499969482422,44674.48,0.0,1960.47,0.0438834430655077,101.3975,115.5225,121.58561395570655
17591,2026-04-17 02:00:00+02:00,42.422000885009766,70.69499969482422,43979.27,0.0,1963.3,0.0446414867630496,99.595,112.5325,119.30457657731766
17592,2026-04-17 03:00:00+02:00,42.422000885009766,70.69499969482422,44115.25,0.0,2111.45,0.0478621338317561,98.365,108.5125,117.87613938210191
17593,2026-04-17 04:00:00+02:00,42.422000885009766,70.69499969482422,45338.44,0.0,2315.77,0.0510774080336514,100.9025,111.4675,117.79073631010895
17594,2026-04-17 05:00:00+02:00,42.422000885009766,70.69499969482422,48305.38,0.0,2494.67,0.05164372994237,110.605,120.1925,128.0740835522016
17595,2026-04-17 06:00:00+02:00,42.422000885009766,70.69499969482422,54164.67,598.36,3167.95,0.0584873866934872,139.475,146.5675,160.4665706191264
17596,2026-04-17 07:00:00+02:00,42.422000885009766,70.69499969482422,59381.78,5476.51,8014.11,0.1349590732822493,145.02249999999998,148.555,163.43862994228118
17597,2026-04-17 08:00:00+02:00,42.422000885009766,70.69499969482422,62477.61,15470.62,17788.99,0.2847258401394154,133.635,127.1575,139.66453344890874
17598,2026-04-17 09:00:00+02:00,42.422000885009766,70.69499969482422,63036.18,27122.15,28945.08,0.4591820125427679,110.195,101.9025,107.6149535324563
17599,2026-04-17 10:00:00+02:00,42.422000885009766,70.69499969482422,63671.37,36857.53,38169.57,0.5994777557637793,96.3525,90.7825,73.64017018796964
17600,2026-04-17 11:00:00+02:00,42.422000885009766,70.69499969482422,63778.63,42685.23,43778.0,0.6864054620354176,75.6725,57.88,34.9621856283585
17601,2026-04-17 12:00:00+02:00,42.422000885009766,70.69499969482422,62426.69,44350.94,45340.38,0.7262979983839767,60.5125,30.87,28.066049747106455
17602,2026-04-17 13:00:00+02:00,42.422000885009766,70.69499969482422,60509.5,43013.91,43925.29,0.7259238630750668,45.7675,26.445,26.05863207183896
17603,2026-04-17 14:00:00+02:00,42.422000885009766,70.69499969482422,58659.24,39660.21,40517.87,0.6907329517581999,53.9725,31.3725,25.825470597393313
17604,2026-04-17 15:00:00+02:00,42.422000885009766,70.69499969482422,57439.54,34353.81,35174.02,0.6123659763618639,70.87,59.9975,45.51563558163465
17605,2026-04-17 16:00:00+02:00,42.422000885009766,70.69499969482422,56952.92,27123.06,27944.0,0.490650874355406,89.7575,81.82,91.00099126517806
17606,2026-04-17 17:00:00+02:00,42.422000885009766,70.69499969482422,57401.58,18054.61,19046.33,0.3318084623573413,111.555,102.31,121.59148019743708
17607,2026-04-17 18:00:00+02:00,42.422000885009766,70.69499969482422,57139.61,8877.45,10373.66,0.1815493665109808,131.145,126.755,155.74178340673524
17608,2026-04-17 19:00:00+02:00,42.422000885009766,70.69499969482422,56851.63,2283.15,4813.09,0.0846605453379858,166.9275,157.405,191.35150714185687
17609,2026-04-17 20:00:00+02:00,42.422000885009766,70.69499969482422,55342.34,77.58,4246.84,0.0767376298008473,187.3175,157.1125,195.14682865901312
17610,2026-04-17 21:00:00+02:00,42.422000885009766,70.69499969482422,52720.78,0.0,5800.16,0.1100165816761404,155.01,138.0075,161.2589030281219
17611,2026-04-17 22:00:00+02:00,42.422000885009766,70.69499969482422,49808.36,0.0,6979.32,0.140123465189353,138.76,123.93,143.0007872683846
17612,2026-04-17 23:00:00+02:00,42.422000885009766,70.69499969482422,46705.48,0.0,7671.78,0.1642586693971973,127.3625,112.71,134.43316445157217
17613,2026-04-18 00:00:00+02:00,38.76900100708008,72.58000183105469,44058.07,0.0,8089.16,0.1836022321941015,121.7725,116.245,126.28312079362883
17614,2026-04-18 01:00:00+02:00,38.76900100708008,72.58000183105469,42099.82,0.0,7853.31,0.1865402274435994,115.5225,110.8775,122.3770452371303
17615,2026-04-18 02:00:00+02:00,38.76900100708008,72.58000183105469,40992.3,0.0,7357.25,0.1794788289070193,112.5325,109.6625,119.79375107143078
17616,2026-04-18 03:00:00+02:00,38.76900100708008,72.58000183105469,40708.19,0.0,6721.51,0.1651144400757895,108.5125,107.695,117.59809036742435
17617,2026-04-18 04:00:00+02:00,38.76900100708008,72.58000183105469,40883.72,0.0,6113.15,0.1495252877797017,111.4675,108.8725,117.29245770129984
17618,2026-04-18 05:00:00+02:00,38.76900100708008,72.58000183105469,41498.08,0.0,5562.31,0.1340377674981498,120.1925,110.905,118.54170210842484
17619,2026-04-18 06:00:00+02:00,38.76900100708008,72.58000183105469,43425.35,562.53,5748.83,0.1323841949155541,146.5675,110.83,128.63338800449077
17620,2026-04-18 07:00:00+02:00,38.76900100708008,72.58000183105469,46293.89,5023.0,9708.2,0.209708019738737,148.555,105.7425,121.86371104156248
17621,2026-04-18 08:00:00+02:00,38.76900100708008,72.58000183105469,50032.02,14141.03,17851.64,0.356804302453348,127.1575,92.2875,114.59739805679487
17622,2026-04-18 09:00:00+02:00,38.76900100708008,72.58000183105469,52922.3,25209.96,27747.34,0.5243033654009173,101.9025,75.1275,86.23354229440211
17623,2026-04-18 10:00:00+02:00,38.76900100708008,72.58000183105469,54724.02,34494.15,36353.41,0.6643044497344486,90.7825,39.5675,45.528499206071814
17624,2026-04-18 11:00:00+02:00,38.76900100708008,72.58000183105469,54769.76,39851.13,41770.22,0.7626511416587088,57.88,3.94,25.771671823031
17625,2026-04-18 12:00:00+02:00,38.76900100708008,72.58000183105469,53675.99,40933.84,43233.92,0.8054610635396829,30.87,-3.3825000000000003,18.635021831541202
17626,2026-04-18 13:00:00+02:00,38.76900100708008,72.58000183105469,51919.56,38545.25,41404.48,0.7974736302084467,26.445,-4.08,12.934538196912056
17627,2026-04-18 14:00:00+02:00,38.76900100708008,72.58000183105469,50005.99,34053.07,37636.89,0.7526476326630774,31.3725,-0.1,15.582568208713564
17628,2026-04-18 15:00:00+02:00,38.76900100708008,72.58000183105469,48960.49,28661.79,32755.19,0.6690127078652577,59.9975,18.8975,28.19553339773077
17629,2026-04-18 16:00:00+02:00,38.76900100708008,72.58000183105469,48707.22,22073.87,26512.34,0.5443205338871073,81.82,44.8875,73.24548186734742
17630,2026-04-18 17:00:00+02:00,38.76900100708008,72.58000183105469,49589.55,14674.5,19400.06,0.3912126646861661,102.31,90.805,109.2885647158475
17631,2026-04-18 18:00:00+02:00,38.76900100708008,72.58000183105469,51106.08,7253.04,12194.17,0.2386050739484215,126.755,119.595,135.14579671139077
17632,2026-04-18 19:00:00+02:00,38.76900100708008,72.58000183105469,51519.43,1872.82,6938.57,0.1346787027467736,157.405,131.54,161.4042319925656
17633,2026-04-18 20:00:00+02:00,38.76900100708008,72.58000183105469,50526.02,76.93,5296.09,0.1048190615241772,157.1125,144.89,161.3583518664875
17634,2026-04-18 21:00:00+02:00,38.76900100708008,72.58000183105469,48432.74,0.0,5311.93,0.1096764295991355,138.0075,140.29500000000002,146.58738637026033
17635,2026-04-18 22:00:00+02:00,38.76900100708008,72.58000183105469,46213.74,0.0,5503.07,0.1190786549370211,123.93,129.9925,137.52011787702375
17636,2026-04-18 23:00:00+02:00,38.76900100708008,72.58000183105469,43657.68,0.0,5529.96,0.1266663734475431,112.71,125.0,130.4248827822513
17637,2026-04-19 00:00:00+02:00,38.76900100708008,72.58000183105469,42246.45,0.0,4912.14,0.1162734383323868,116.245,116.56,132.5001366873748
17638,2026-04-19 01:00:00+02:00,38.76900100708008,72.58000183105469,40530.09,0.0,4992.35,0.1231763857116585,110.8775,109.95,126.06967958828079
17639,2026-04-19 02:00:00+02:00,38.76900100708008,72.58000183105469,39672.23,0.0,5217.23,0.1315083623654358,109.6625,109.205,120.4893525240851
17640,2026-04-19 03:00:00+02:00,38.76900100708008,72.58000183105469,39347.49,0.0,5352.06,0.1360203661946364,107.695,106.3225,120.82039665767935
17641,2026-04-19 04:00:00+02:00,38.76900100708008,72.58000183105469,39517.91,0.0,5527.63,0.1398765774455489,108.8725,105.415,121.5087759516383
17642,2026-04-19 05:00:00+02:00,38.76900100708008,72.58000183105469,40023.15,0.0,6006.42,0.1500736448405301,110.905,106.55,120.2177453687102
17643,2026-04-19 06:00:00+02:00,38.76900100708008,72.58000183105469,41578.67,293.1,7312.55,0.1758726288801751,110.83,104.7825,119.65127576440827
17644,2026-04-19 07:00:00+02:00,38.76900100708008,72.58000183105469,44034.63,2372.19,10510.64,0.2386903216312501,105.7425,100.0325,116.80494149133577
17645,2026-04-19 08:00:00+02:00,38.76900100708008,72.58000183105469,46861.1,6036.74,14693.83,0.3135613546601421,92.2875,96.63,113.19297406142502
17646,2026-04-19 09:00:00+02:00,38.76900100708008,72.58000183105469,49670.87,10447.28,19845.06,0.3995311536923893,75.1275,93.8425,102.48008158518498
17647,2026-04-19 10:00:00+02:00,38.76900100708008,72.58000183105469,51709.67,15071.64,25850.41,0.4999144259671519,39.5675,71.385,87.714088007616
17648,2026-04-19 11:00:00+02:00,38.76900100708008,72.58000183105469,52697.79,19223.86,31654.27,0.600675474132658,3.94,31.985,62.96376027720586
17649,2026-04-19 12:00:00+02:00,38.76900100708008,72.58000183105469,52550.55,22099.83,36230.69,0.6894445442170548,-3.3825000000000003,5.735,46.59288016952895
17650,2026-04-19 13:00:00+02:00,38.76900100708008,72.58000183105469,51015.31,23705.16,39497.39,0.7742262076278227,-4.08,-0.8475,18.48311908775716
17651,2026-04-19 14:00:00+02:00,38.76900100708008,72.58000183105469,49538.41,24263.66,41854.25,0.8448848073959407,-0.1,-3.005,15.293595767470855
17652,2026-04-19 15:00:00+02:00,38.76900100708008,72.58000183105469,48591.05,23290.73,42306.98,0.8706743318222853,18.8975,-2.255,15.126918080852128
17653,2026-04-19 16:00:00+02:00,38.76900100708008,72.58000183105469,48814.62,20158.04,40149.38,0.8224867876012376,44.8875,16.02,17.730281502596085
17654,2026-04-19 17:00:00+02:00,38.76900100708008,72.58000183105469,50013.28,14610.42,34868.4,0.6971828281014197,90.805,73.7575,70.3895750635046
17655,2026-04-19 18:00:00+02:00,38.76900100708008,72.58000183105469,51606.02,7853.2,27476.55,0.5324291622309899,119.595,103.855,107.71407511315124
17656,2026-04-19 19:00:00+02:00,38.76900100708008,72.58000183105469,52191.62,2255.57,20619.29,0.3950689784308153,131.54,117.3525,130.4924782424446
17657,2026-04-19 20:00:00+02:00,38.76900100708008,72.58000183105469,51366.91,144.58,17452.79,0.3397671768966115,144.89,124.1125,146.39782108053345
17658,2026-04-19 21:00:00+02:00,38.76900100708008,72.58000183105469,50075.14,0.0,16685.27,0.3332046599703556,140.29500000000002,121.5475,139.6273775783389
17659,2026-04-19 22:00:00+02:00,38.76900100708008,72.58000183105469,48388.77,0.0,16368.63,0.3382733224386002,129.9925,119.3625,138.97707913912816
17660,2026-04-19 23:00:00+02:00,38.76900100708008,72.58000183105469,45988.76,0.0,16256.57,0.3534900701055018,125.0,111.2325,129.19346491452694
17661,2026-04-20 00:00:00+02:00,38.76900100708008,72.58000183105469,42955.78,0.0,19566.56,0.455504707293057,116.56,106.3075,112.50632460694078
17662,2026-04-20 01:00:00+02:00,38.76900100708008,72.58000183105469,41857.99,0.0,19533.91,0.4666709986631773,109.95,101.1125,104.1145446405996
17663,2026-04-20 02:00:00+02:00,38.76900100708008,72.58000183105469,41277.81,0.0,19507.7,0.4725953241045018,109.205,99.0125,101.27222059699253
17664,2026-04-20 03:00:00+02:00,38.76900100708008,72.58000183105469,41516.81,0.0,19533.49,0.4704959267172753,106.3225,99.04,100.33087403061847
17665,2026-04-20 04:00:00+02:00,38.76900100708008,72.58000183105469,43336.42,0.0,19470.45,0.4492860738267522,105.415,102.3025,105.03112712158577
17666,2026-04-20 05:00:00+02:00,38.76900100708008,72.58000183105469,47919.53,0.01,19289.93,0.4025483971978547,106.55,111.6,113.68196104713684
17667,2026-04-20 06:00:00+02:00,38.76900100708008,72.58000183105469,55041.04,449.24,19769.29,0.359173627467945,104.7825,129.385,131.47824924814643
17668,2026-04-20 07:00:00+02:00,38.76900100708008,72.58000183105469,59876.26,3798.92,22684.28,0.3788526537263929,100.0325,142.2075,150.20614957656835
17669,2026-04-20 08:00:00+02:00,38.76900100708008,72.58000183105469,63186.92,10410.87,28805.25,0.4558736206075761,96.63,134.32,139.30797848708983
17670,2026-04-20 09:00:00+02:00,38.76900100708008,72.58000183105469,64730.18,17950.95,36723.41,0.5673305712161885,93.8425,110.015,110.19788508574281
17671,2026-04-20 10:00:00+02:00,38.76900100708008,72.58000183105469,66094.5,24327.54,43690.97,0.6610379077440577,71.385,90.1975,87.16095892442418
17672,2026-04-20 11:00:00+02:00,38.76900100708008,72.58000183105469,67586.88,28677.41,48403.62,0.7161688776407241,31.985,75.88749999999999,69.33007755475552
17673,2026-04-20 12:00:00+02:00,38.76900100708008,72.58000183105469,65296.69,30997.89,51300.97,0.7856595792549883,5.735,51.182500000000005,47.41865405164474
17674,2026-04-20 13:00:00+02:00,38.76900100708008,72.58000183105469,65328.49,31425.75,52291.09,0.80043316464219,-0.8475,32.595,38.93677809432826
17675,2026-04-20 14:00:00+02:00,38.76900100708008,72.58000183105469,64084.74,30212.79,51638.18,0.805779659743368,-3.005,29.57,39.741738613577624
17676,2026-04-20 15:00:00+02:00,38.76900100708008,72.58000183105469,62228.2,27065.07,48736.96,0.7831973284165061,-2.255,46.475,49.54136835002434
17677,2026-04-20 16:00:00+02:00,38.76900100708008,72.58000183105469,61759.54,22060.41,43903.38,0.7108760847780154,16.02,78.325,69.41675472819394
17678,2026-04-20 17:00:00+02:00,38.76900100708008,72.58000183105469,63069.41,15351.4,37877.48,0.6005681675790897,73.7575,97.245,97.17967448750477
17679,2026-04-20 18:00:00+02:00,38.76900100708008,72.58000183105469,62623.13,7971.56,31426.34,0.5018327891784021,103.855,112.91,116.9590069677874
17680,2026-04-20 19:00:00+02:00,38.76900100708008,72.58000183105469,63474.86,2237.26,26239.9,0.4133904351402444,117.3525,123.4075,148.2620376601351
17681,2026-04-20 20:00:00+02:00,38.76900100708008,72.58000183105469,62265.14,137.72,24603.97,0.3951483927611584,124.1125,127.18,150.21364319507552
17682,2026-04-20 21:00:00+02:00,38.76900100708008,72.58000183105469,59296.68,0.0,25136.23,0.4239061950139693,121.5475,121.94,131.29653271480393
17683,2026-04-20 22:00:00+02:00,38.76900100708008,72.58000183105469,57115.88,0.0,24821.6,0.4345831666369172,119.3625,115.9725,124.78206460871665
17684,2026-04-20 23:00:00+02:00,38.76900100708008,72.58000183105469,51031.22,0.0,24332.78,0.4768214437207612,111.2325,106.7925,110.49034228899718
17685,2026-04-21 00:00:00+02:00,40.29199981689453,71.66500091552734,47857.43,0.0,22915.33,0.4788249179952152,106.3075,99.0,109.82336414077261
17686,2026-04-21 01:00:00+02:00,40.29199981689453,71.66500091552734,46244.91,0.0,21648.22,0.468121140149668,101.1125,98.6425,110.00863867566859
17687,2026-04-21 02:00:00+02:00,40.29199981689453,71.66500091552734,45615.95,0.0,20375.9,0.4466836708548909,99.0125,98.3725,107.6931829504829
17688,2026-04-21 03:00:00+02:00,40.29199981689453,71.66500091552734,45842.07,0.0,19259.54,0.4201280613157023,99.04,99.075,107.92009050188516
17689,2026-04-21 04:00:00+02:00,40.29199981689453,71.66500091552734,46978.01,0.0,18409.31,0.3918707922298388,102.3025,100.19,109.90519526562018
17690,2026-04-21 05:00:00+02:00,40.29199981689453,71.66500091552734,49824.66,0.3,17761.32,0.3564764916897623,111.6,108.4475,117.2606471810196
17691,2026-04-21 06:00:00+02:00,40.29199981689453,71.66500091552734,55414.43,859.75,18091.85,0.3264826507596517,129.385,127.085,138.388768636117
17692,2026-04-21 07:00:00+02:00,40.29199981689453,71.66500091552734,60120.1,5859.88,21460.84,0.356966139384837,142.2075,135.3275,153.02670823272285
17693,2026-04-21 08:00:00+02:00,40.29199981689453,71.66500091552734,63109.46,15280.76,27638.86,0.437951140694604,134.32,118.9475,128.53528733229138
17694,2026-04-21 09:00:00+02:00,40.29199981689453,71.66500091552734,63861.19,25751.52,36047.57,0.5644675583770882,110.015,97.305,100.5507217382728
17695,2026-04-21 10:00:00+02:00,40.29199981689453,71.66500091552734,65128.19,34622.61,44522.81,0.683618107507115,90.1975,59.895,65.96730409069701
17696,2026-04-21 11:00:00+02:00,40.29199981689453,71.66500091552734,67387.07,40573.29,50569.26,0.7504297188243337,75.88749999999999,19.602500000000003,35.10238175342458
17697,2026-04-21 12:00:00+02:00,40.29199981689453,71.66500091552734,65076.04,43396.98,53968.34,0.8293119862810778,51.182500000000005,-0.0974999999999999,20.205837027145897
17698,2026-04-21 13:00:00+02:00,40.29199981689453,71.66500091552734,65131.99,43436.09,54754.97,0.8406770619413475,32.595,-1.7525,16.56981513502819
17699,2026-04-21 14:00:00+02:00,40.29199981689453,71.66500091552734,64426.73,41332.75,53522.58,0.8307511492775201,29.57,-3.7,19.648208406346896
17700,2026-04-21 15:00:00+02:00,40.29199981689453,71.66500091552734,61685.92,36644.17,49486.51,0.8022334755156065,46.475,-1.8625,27.523047772713873
17701,2026-04-21 16:00:00+02:00,40.29199981689453,71.66500091552734,61764.87,29773.34,43291.57,0.7009092708037903,78.325,14.535,63.860184824600694
17702,2026-04-21 17:00:00+02:00,40.29199981689453,71.66500091552734,63243.5,20811.99,34929.2,0.5522970739202768,97.245,69.83,98.60250314822642
17703,2026-04-21 18:00:00+02:00,40.29199981689453,71.66500091552734,62975.65,10842.86,24888.23,0.3952040192685261,112.91,102.645,133.97984802400185
17704,2026-04-21 19:00:00+02:00,40.29199981689453,71.66500091552734,62955.73,3071.89,17167.66,0.2726941613936183,123.4075,134.11,163.38439903239947
17705,2026-04-21 20:00:00+02:00,40.29199981689453,71.66500091552734,61586.31,192.54,15494.95,0.2515973111148245,127.18,144.775,169.59123643379206
17706,2026-04-21 21:00:00+02:00,40.29199981689453,71.66500091552734,58356.75,0.0,17117.9,0.2933319624048063,121.94,129.62,146.49696212031017
17707,2026-04-21 22:00:00+02:00,40.29199981689453,71.66500091552734,56279.16,0.0,17477.3,0.3105465681594134,115.9725,119.845,138.2015721931935
17708,2026-04-21 23:00:00+02:00,40.29199981689453,71.66500091552734,50983.12,0.0,16519.86,0.3240260697415093,106.7925,111.8725,127.91892847346168
17709,2026-04-22 00:00:00+02:00,41.930999755859375,71.32499694824219,48533.61,0.0,14452.92,0.2977919836793941,99.0,107.095,121.20916792698615
17710,2026-04-22 01:00:00+02:00,41.930999755859375,71.32499694824219,46751.35,0.0,12826.11,0.2743473717284426,98.6425,104.11,120.59357186817377
17711,2026-04-22 02:00:00+02:00,41.930999755859375,71.32499694824219,45927.48,0.0,11556.28,0.2516201628629264,98.3725,104.2,119.00110311876472
17712,2026-04-22 03:00:00+02:00,41.930999755859375,71.32499694824219,47346.09,0.0,10632.14,0.2245621549267189,99.075,104.8475,120.16522102530877
17713,2026-04-22 04:00:00+02:00,41.930999755859375,71.32499694824219,47322.95,0.0,10017.19,0.2116772094276292,100.19,109.6925,121.70437623317689
17714,2026-04-22 05:00:00+02:00,41.930999755859375,71.32499694824219,49459.77,0.99,9687.06,0.1958573603969736,108.4475,121.2325,127.41297095447888
17715,2026-04-22 06:00:00+02:00,41.930999755859375,71.32499694824219,54732.14,1214.45,10801.19,0.1973463854697904,127.085,139.8425,149.33349241194776
17716,2026-04-22 07:00:00+02:00,41.930999755859375,71.32499694824219,56917.14,7878.55,17055.33,0.2996519149943845,135.3275,134.7975,146.5366386268081
17717,2026-04-22 08:00:00+02:00,41.930999755859375,71.32499694824219,60857.44,20594.64,27875.43,0.458044735293163,118.9475,113.865,116.87836688898619
17718,2026-04-22 09:00:00+02:00,41.930999755859375,71.32499694824219,62534.0,34251.59,39572.53,0.6328162278707876,97.305,79.555,80.63880787610502
17719,2026-04-22 10:00:00+02:00,41.930999755859375,71.32499694824219,63649.99,45238.75,50439.85,0.7924565265772301,59.895,20.155,31.58597060388437
17720,2026-04-22 11:00:00+02:00,41.930999755859375,71.32499694824219,65045.95,52264.98,57767.29,0.8880997201381332,19.602500000000003,-2.42,10.05726969449266
17721,2026-04-22 12:00:00+02:00,41.930999755859375,71.32499694824219,61664.91,55914.85,61537.19,0.9979288057019902,-0.0974999999999999,-8.8325,-39.40680444348748
17722,2026-04-22 13:00:00+02:00,41.930999755859375,71.32499694824219,62242.11,56410.32,62318.58,1.0012285892940922,-1.7525,-20.985,-42.5538011650053
17723,2026-04-22 14:00:00+02:00,41.930999755859375,71.32499694824219,60139.89,53745.78,60594.64,1.0075615367757471,-3.7,-19.0,-42.17185114009396
17724,2026-04-22 15:00:00+02:00,41.930999755859375,71.32499694824219,58375.29,47980.79,55772.32,0.955409728850099,-1.8625,-4.92,-13.126979942854245
17725,2026-04-22 16:00:00+02:00,41.930999755859375,71.32499694824219,57651.43,38953.04,48084.74,0.8340597968109272,14.535,-0.0099999999999998,20.48620779056118
17726,2026-04-22 17:00:00+02:00,41.930999755859375,71.32499694824219,59414.79,26926.49,37439.92,0.6301447837095536,69.83,57.405,85.08974765398288
17727,2026-04-22 18:00:00+02:00,41.930999755859375,71.32499694824219,60241.92,13534.0,24725.9,0.4104434253738189,102.645,105.2975,120.9087588888505
17728,2026-04-22 19:00:00+02:00,41.930999755859375,71.32499694824219,60738.72,3721.58,16035.28,0.2640042463417068,134.11,140.1175,159.2360333079622
17729,2026-04-22 20:00:00+02:00,41.930999755859375,71.32499694824219,58990.29,231.23,14688.86,0.2490047090378764,144.775,153.91,167.1055858948456
17730,2026-04-22 21:00:00+02:00,41.930999755859375,71.32499694824219,55640.49,0.0,16718.76,0.3004783027071691,129.62,128.51,149.38762995768667
17731,2026-04-22 22:00:00+02:00,41.930999755859375,71.32499694824219,54440.85,0.0,18033.71,0.331253277579014,119.845,114.45,139.24104424868636
17732,2026-04-22 23:00:00+02:00,41.930999755859375,71.32499694824219,50243.29,0.0,18587.64,0.3699526841554458,111.8725,105.0775,128.2252332110168
17733,2026-04-23 00:00:00+02:00,43.55199813842773,70.23500061035156,45547.89,0.0,18719.67,0.4109887416495058,107.095,100.14,115.93984217420008
17734,2026-04-23 01:00:00+02:00,43.55199813842773,70.23500061035156,44063.7,0.0,18455.93,0.4188465788349942,104.11,97.625,112.10996070900637
17735,2026-04-23 02:00:00+02:00,43.55199813842773,70.23500061035156,43541.18,0.0,18561.22,0.426291156917132,104.2,96.735,107.56166847507764
17736,2026-04-23 03:00:00+02:00,43.55199813842773,70.23500061035156,43610.08,0.0,18851.02,0.4322629079258137,104.8475,96.2075,105.1832593378564
17737,2026-04-23 04:00:00+02:00,43.55199813842773,70.23500061035156,44541.0,0.0,19308.84,0.4335071057152944,109.6925,95.85,106.19930592057086
17738,2026-04-23 05:00:00+02:00,43.55199813842773,70.23500061035156,47670.48,8.61,19812.48,0.4156131844244879,121.2325,104.16,117.16049492324659
17739,2026-04-23 06:00:00+02:00,43.55199813842773,70.23500061035156,53572.08,1198.55,21419.25,0.3998211381003274,139.8425,119.0,131.2944651420333
17740,2026-04-23 07:00:00+02:00,43.55199813842773,70.23500061035156,58743.42,7407.32,26817.57,0.456520406803601,134.7975,119.4,137.08555414443703
17741,2026-04-23 08:00:00+02:00,43.55199813842773,70.23500061035156,61774.57,18984.14,36377.92,0.5888818002959985,113.865,109.6975,114.34218146148606
17742,2026-04-23 09:00:00+02:00,43.55199813842773,70.23500061035156,62800.17,31750.84,47211.87,0.7517793342355954,79.555,63.2925,54.14500918000773
17743,2026-04-23 10:00:00+02:00,43.55199813842773,70.23500061035156,63076.84,42403.08,53772.91,0.8524984763262557,20.155,-0.5625,15.276323783319585
17744,2026-04-23 11:00:00+02:00,43.55199813842773,70.23500061035156,62841.55,49512.44,59855.56,0.9524838262339989,-2.42,-6.175,-9.135278633102022
17745,2026-04-23 12:00:00+02:00,43.55199813842773,70.23500061035156,61474.48,53380.04,63269.05,1.0291921133730302,-8.8325,-29.0075,-42.45408034494516
17746,2026-04-23 13:00:00+02:00,43.55199813842773,70.23500061035156,59909.34,54131.23,63910.34,1.0667842441484443,-20.985,-49.56,-46.430426708227195
17747,2026-04-23 14:00:00+02:00,43.55199813842773,70.23500061035156,58499.86,51724.24,62376.02,1.0662593036861523,-19.0,-48.8625,-46.37970291522404
17748,2026-04-23 15:00:00+02:00,43.55199813842773,70.23500061035156,57486.83,46360.72,58920.41,1.024937537689078,-4.92,-22.89,-26.657479854973268
17749,2026-04-23 16:00:00+02:00,43.55199813842773,70.23500061035156,56504.13,38106.23,53739.92,0.9510795049935148,-0.0099999999999998,-1.93,4.060246732397676
17750,2026-04-23 17:00:00+02:00,43.55199813842773,70.23500061035156,56919.84,26505.91,47567.74,0.8356970081371105,57.405,21.9675,35.723810036204604
17751,2026-04-23 18:00:00+02:00,43.55199813842773,70.23500061035156,58052.03,13363.75,35639.07,0.6139159990419084,105.2975,93.5725,99.48699568006914
17752,2026-04-23 19:00:00+02:00,43.55199813842773,70.23500061035156,58297.26,3758.82,26663.65,0.4573739828497301,140.1175,121.5,134.07253367403288
17753,2026-04-23 20:00:00+02:00,43.55199813842773,70.23500061035156,56674.83,259.62,24199.19,0.4269830186650787,153.91,136.955,140.09797008656216
17754,2026-04-23 21:00:00+02:00,43.55199813842773,70.23500061035156,54248.41,0.0,24932.88,0.4596057284518374,128.51,116.2875,128.5341524198206
17755,2026-04-23 22:00:00+02:00,43.55199813842773,70.23500061035156,51095.23,0.0,24862.59,0.4865931711264254,114.45,108.235,115.49114298428614
17756,2026-04-23 23:00:00+02:00,43.55199813842773,70.23500061035156,47819.99,0.0,24297.41,0.5081015281458441,105.0775,99.4575,112.40256773274425
17757,2026-04-24 00:00:00+02:00,44.49599838256836,70.55999755859375,45769.97,0.0,24622.82,0.5379688908386941,100.14,102.455,102.24774980433202
17758,2026-04-24 01:00:00+02:00,44.49599838256836,70.55999755859375,44276.64,0.0,23699.68,0.535263741662587,97.625,100.13,100.53567304992637
17759,2026-04-24 02:00:00+02:00,44.49599838256836,70.55999755859375,43702.06,0.0,22709.26,0.5196382045789973,96.735,100.71,99.81579063382837
17760,2026-04-24 03:00:00+02:00,44.49599838256836,70.55999755859375,43818.41,0.0,21647.64,0.4940307052460299,96.2075,101.69,101.55458064932118
17761,2026-04-24 04:00:00+02:00,44.49599838256836,70.55999755859375,45096.18,0.0,20566.15,0.4560508228288846,95.85,105.3575,105.10586725519647
17762,2026-04-24 05:00:00+02:00,44.49599838256836,70.55999755859375,48022.88,5.0,19652.04,0.4092224372196706,104.16,116.305,113.81308467179208
17763,2026-04-24 06:00:00+02:00,44.49599838256836,70.55999755859375,53867.37,1007.81,19825.77,0.3680478552474256,119.0,131.8725,133.31340136410438
17764,2026-04-24 07:00:00+02:00,44.49599838256836,70.55999755859375,59312.86,6238.73,23929.54,0.4034460654226678,119.4,137.9875,145.50422086935515
17765,2026-04-24 08:00:00+02:00,44.49599838256836,70.55999755859375,62094.6,15634.7,31826.46,0.512547950947015,109.6975,117.685,126.13575517981639
17766,2026-04-24 09:00:00+02:00,44.49599838256836,70.55999755859375,62417.39,26051.25,40674.82,0.6516584559765061,63.2925,80.905,91.90525491830309
17767,2026-04-24 10:00:00+02:00,44.49599838256836,70.55999755859375,61975.83,35488.97,48853.34,0.788264392620758,-0.5625,19.5725,35.70121318796099
17768,2026-04-24 11:00:00+02:00,44.49599838256836,70.55999755859375,61742.21,42739.89,53159.39,0.8609894267048442,-6.175,-0.035,11.556469379223678
17769,2026-04-24 12:00:00+02:00,44.49599838256836,70.55999755859375,60421.91,46868.01,56956.14,0.9426405088911224,-29.0075,-6.9075,-1.2251401151617465
17770,2026-04-24 13:00:00+02:00,44.49599838256836,70.55999755859375,58207.81,48260.98,58514.29,1.005265272648934,-49.56,-26.14,-19.344931401943846
17771,2026-04-24 14:00:00+02:00,44.49599838256836,70.55999755859375,56601.64,47152.22,58046.49,1.0255266453365084,-48.8625,-30.0025,-22.143830355695236
17772,2026-04-24 15:00:00+02:00,44.49599838256836,70.55999755859375,55730.3,43311.96,55410.22,0.994256625032656,-22.89,-16.555,-6.431419465529835
17773,2026-04-24 16:00:00+02:00,44.49599838256836,70.55999755859375,55284.42,36265.62,50408.05,0.9117948599421328,-1.93,-1.6124999999999998,16.452332582098006
17774,2026-04-24 17:00:00+02:00,44.49599838256836,70.55999755859375,55561.52,25632.69,43293.19,0.7791937656170685,21.9675,50.9075,53.410772106838806
17775,2026-04-24 18:00:00+02:00,44.49599838256836,70.55999755859375,56078.68,13138.33,31386.13,0.5596802562828368,93.5725,104.8175,111.3387837295689
17776,2026-04-24 19:00:00+02:00,44.49599838256836,70.55999755859375,56812.31,3755.79,22123.88,0.3894205322069424,121.5,133.81,144.9059091615605
17777,2026-04-24 20:00:00+02:00,44.49599838256836,70.55999755859375,55693.88,256.67,19235.82,0.3453848070298954,136.955,137.34,157.88196221871948
17778,2026-04-24 21:00:00+02:00,44.49599838256836,70.55999755859375,53433.78,0.0,20029.27,0.3748428427906761,116.2875,131.025,140.56051810354163
17779,2026-04-24 22:00:00+02:00,44.49599838256836,70.55999755859375,50430.71,0.0,20426.9,0.4050488283022291,108.235,121.8775,128.55784500817379
17780,2026-04-24 23:00:00+02:00,44.49599838256836,70.55999755859375,47192.54,0.0,20643.6,0.4374335434292297,99.4575,113.4425,122.59978150117472
17781,2026-04-25 00:00:00+02:00,44.86100006103516,70.75499725341797,44623.85,0.0,20192.94,0.4525145184800248,102.455,100.625,110.87066119620032
17782,2026-04-25 01:00:00+02:00,44.86100006103516,70.75499725341797,42811.85,0.0,20028.69,0.4678305187774341,100.13,95.54,107.6728960010195
17783,2026-04-25 02:00:00+02:00,44.86100006103516,70.75499725341797,41646.94,0.0,20121.31,0.4831401777698096,100.71,95.12,100.13013629133819
17784,2026-04-25 03:00:00+02:00,44.86100006103516,70.75499725341797,41273.85,0.0,20401.86,0.4943047473171742,101.69,95.1575,94.05434743003644
17785,2026-04-25 04:00:00+02:00,44.86100006103516,70.75499725341797,41262.79,0.0,20791.58,0.5038820689284748,105.3575,88.4575,94.50295344790774
17786,2026-04-25 05:00:00+02:00,44.86100006103516,70.75499725341797,41954.35,7.79,21406.43,0.5102314776631669,116.305,88.03,96.2143025348407
17787,2026-04-25 06:00:00+02:00,44.86100006103516,70.75499725341797,43497.21,1191.97,23285.34,0.5353295072177435,131.8725,83.1825,98.46923473043591
17788,2026-04-25 07:00:00+02:00,44.86100006103516,70.75499725341797,46220.62,6911.76,28644.71,0.6197387658106406,137.9875,71.3625,93.28722626441652
17789,2026-04-25 08:00:00+02:00,44.86100006103516,70.75499725341797,49512.22,17186.77,37719.84,0.7618288978434355,117.685,20.035,64.7684409647718
17790,2026-04-25 09:00:00+02:00,44.86100006103516,70.75499725341797,52278.97,28484.64,46330.51,0.8862169624064481,80.905,-0.0424999999999999,27.50957489536484
17791,2026-04-25 10:00:00+02:00,44.86100006103516,70.75499725341797,53493.63,38145.19,53927.96,1.008119284294575,19.5725,-7.27,9.884510621433027
17792,2026-04-25 11:00:00+02:00,44.86100006103516,70.75499725341797,53462.89,45007.93,58658.17,1.0971754424242357,-0.035,-42.1425,-31.26957199040568
17793,2026-04-25 12:00:00+02:00,44.86100006103516,70.75499725341797,52732.67,48907.03,60942.31,1.155684132596418,-6.9075,-100.5125,-50.40859601397271
17794,2026-04-25 13:00:00+02:00,44.86100006103516,70.75499725341797,51223.37,49842.79,61707.31,1.204671031756663,-26.14,-176.4425,-51.01996939265828
17795,2026-04-25 14:00:00+02:00,44.86100006103516,70.75499725341797,49928.6,47490.76,60246.92,1.2066615123983724,-30.0025,-190.865,-53.66064314602528
17796,2026-04-25 15:00:00+02:00,44.86100006103516,70.75499725341797,49033.28,42202.57,56801.42,1.1584258688877378,-16.555,-133.8025,-47.43898629575997
17797,2026-04-25 16:00:00+02:00,44.86100006103516,70.75499725341797,48842.99,34330.1,52073.51,1.0661409137593458,-1.6124999999999998,-53.975,-2.770519489160783
17798,2026-04-25 17:00:00+02:00,44.86100006103516,70.75499725341797,49563.38,24457.23,48560.4,0.9797636882351922,50.9075,-5.245,26.51996620290447
17799,2026-04-25 18:00:00+02:00,44.86100006103516,70.75499725341797,50628.91,12983.8,44677.85,0.8824572757180713,104.8175,4.615,61.1577216673491
17800,2026-04-25 19:00:00+02:00,44.86100006103516,70.75499725341797,50858.05,3811.17,37365.7,0.7347057150766286,133.81,65.19749999999999,95.01240052072302
17801,2026-04-25 20:00:00+02:00,44.86100006103516,70.75499725341797,49820.11,283.35,34836.86,0.6992529722035433,137.34,75.42,102.69636528796883
17802,2026-04-25 21:00:00+02:00,44.86100006103516,70.75499725341797,48075.05,0.0,35217.65,0.7325556602161504,131.025,72.005,89.69448696038077
17803,2026-04-25 22:00:00+02:00,44.86100006103516,70.75499725341797,46005.96,0.0,34196.18,0.7432989115446565,121.8775,72.6775,86.05778347806495
17804,2026-04-25 23:00:00+02:00,44.86100006103516,70.75499725341797,43506.88,0.0,32804.52,0.7540076418364158,113.4425,69.97999999999999,80.6573634300529
17805,2026-04-26 00:00:00+02:00,44.86100006103516,70.75499725341797,41214.65,0.0,28225.7,0.6848462862878014,100.625,79.44,95.86597609976239
17806,2026-04-26 01:00:00+02:00,44.86100006103516,70.75499725341797,39538.17,0.0,24976.22,0.6316989378538008,95.54,83.595,88.04277416043843
17807,2026-04-26 02:00:00+02:00,44.86100006103516,70.75499725341797,38705.11,0.0,21816.45,0.5636581318167916,95.12,87.1,93.06896531201765
17808,2026-04-26 03:00:00+02:00,44.86100006103516,70.75499725341797,38350.34,0.0,18873.18,0.492125493413585,95.1575,90.4875,97.58924735049072
17809,2026-04-26 04:00:00+02:00,44.86100006103516,70.75499725341797,38590.69,0.0,16001.08,0.4146357578953276,88.4575,94.1525,105.02581539226102
17810,2026-04-26 05:00:00+02:00,44.86100006103516,70.75499725341797,38845.85,20.25,13331.2,0.3431820901478067,88.03,98.64,112.2306779732928
17811,2026-04-26 06:00:00+02:00,44.86100006103516,70.75499725341797,39825.42,1615.97,12366.35,0.310513988223975,83.1825,94.185,113.44128708462264
17812,2026-04-26 07:00:00+02:00,44.86100006103516,70.75499725341797,42405.98,8621.19,16407.18,0.386907223842744,71.3625,83.1525,111.47163291329902
17813,2026-04-26 08:00:00+02:00,44.86100006103516,70.75499725341797,46048.96,20903.46,25755.53,0.5593075282135996,20.035,54.3125,79.69166833645167
17814,2026-04-26 09:00:00+02:00,44.86100006103516,70.75499725341797,48888.12,33322.03,36224.9,0.7409755170088407,-0.0424999999999999,-0.01,27.499112422685755
17815,2026-04-26 10:00:00+02:00,44.86100006103516,70.75499725341797,50569.29,42504.72,44541.52,0.8808017670643977,-7.27,-28.185,-14.116345960726964
17816,2026-04-26 11:00:00+02:00,44.86100006103516,70.75499725341797,51458.55,48263.67,49811.99,0.9680022074139276,-42.1425,-127.365,-38.46316362787786
17817,2026-04-26 12:00:00+02:00,44.86100006103516,70.75499725341797,51213.09,50953.8,52283.88,1.020908521430574,-100.5125,-259.96000000000004,-44.05098739382494
17818,2026-04-26 13:00:00+02:00,44.86100006103516,70.75499725341797,49794.85,50836.54,52088.07,1.0460533567133845,-176.4425,-413.77,-53.33606531933275
17819,2026-04-26 14:00:00+02:00,44.86100006103516,70.75499725341797,48708.84,48124.39,49466.95,1.0155641150527164,-190.865,-413.245,-52.24735165793652
17820,2026-04-26 15:00:00+02:00,44.86100006103516,70.75499725341797,47750.61,42726.63,44322.34,0.9282046866148504,-133.8025,-235.8925,-37.552225169880124
17821,2026-04-26 16:00:00+02:00,44.86100006103516,70.75499725341797,47552.62,34990.49,36848.71,0.7749038852591289,-53.975,-37.305,9.605009872839144
17822,2026-04-26 17:00:00+02:00,44.86100006103516,70.75499725341797,48874.85,24452.26,26836.01,0.5490760584331049,-5.245,11.177499999999998,69.19660996122718
17823,2026-04-26 18:00:00+02:00,44.86100006103516,70.75499725341797,50467.46,12628.46,15416.02,0.305464550760933,4.615,113.0975,126.83972642235514
17824,2026-04-26 19:00:00+02:00,44.86100006103516,70.75499725341797,50890.31,3853.62,6784.8,0.1333220410460612,65.19749999999999,150.2875,167.76591922626466
17825,2026-04-26 20:00:00+02:00,44.86100006103516,70.75499725341797,50016.03,337.88,3812.8,0.0762315601465707,75.42,157.815,175.72033744123786
17826,2026-04-26 21:00:00+02:00,44.86100006103516,70.75499725341797,48552.51,0.0,4199.11,0.0864859509659776,72.005,140.6525,156.77114393233165
17827,2026-04-26 22:00:00+02:00,44.86100006103516,70.75499725341797,46825.71,0.0,4651.29,0.0993319695314108,72.6775,126.4075,150.62789192499628
17828,2026-04-26 23:00:00+02:00,44.86100006103516,70.75499725341797,44427.97,0.0,4764.55,0.1072421269512781,69.97999999999999,122.875,135.4470932840967
17829,2026-04-27 00:00:00+02:00,44.86100006103516,70.75499725341797,41169.77,0.0,5368.93,0.1304095213234347,79.44,118.4475,127.3006758436722
17830,2026-04-27 01:00:00+02:00,44.86100006103516,70.75499725341797,39992.06,0.0,5094.42,0.1273857860466838,83.595,113.03,123.87374854218317
17831,2026-04-27 02:00:00+02:00,44.86100006103516,70.75499725341797,39634.18,0.0,4715.88,0.1189851789241041,87.1,112.71,121.2075459766952
17832,2026-04-27 03:00:00+02:00,44.86100006103516,70.75499725341797,39787.95,0.0,4164.36,0.104663849204429,90.4875,112.825,120.8084171670069
17833,2026-04-27 04:00:00+02:00,44.86100006103516,70.75499725341797,41209.41,0.0,3575.91,0.0867741129788623,94.1525,116.74,125.01089428244256
17834,2026-04-27 05:00:00+02:00,44.86100006103516,70.75499725341797,46003.67,21.14,3159.04,0.0686693039775589,98.64,125.6675,140.16356074893443
17835,2026-04-27 06:00:00+02:00,44.86100006103516,70.75499725341797,53518.33,1698.72,4530.86,0.0846599660182483,94.185,165.5675,176.62252132088418
17836,2026-04-27 07:00:00+02:00,44.86100006103516,70.75499725341797,59268.61,8725.03,11159.79,0.1882917449576948,83.1525,153.69,177.39251817573034
17837,2026-04-27 08:00:00+02:00,44.86100006103516,70.75499725341797,62638.94,20471.59,22138.01,0.3534224876165812,54.3125,126.5475,151.31120805566553
17838,2026-04-27 09:00:00+02:00,44.86100006103516,70.75499725341797,63718.61,32292.04,33205.16,0.5211218511324837,-0.01,92.5275,90.59845976547294
17839,2026-04-27 10:00:00+02:00,44.86100006103516,70.75499725341797,63912.32,41169.65,41736.26,0.6530237048736419,-28.185,59.1425,36.41731394041946
17840,2026-04-27 11:00:00+02:00,44.86100006103516,70.75499725341797,63398.56,46504.96,46962.33,0.7407475815317024,-127.365,4.14,11.210916556420777
17841,2026-04-27 12:00:00+02:00,44.86100006103516,70.75499725341797,62292.31,48523.15,48945.92,0.785745784546159,-259.96000000000004,-0.0975,2.5524807459277774
17842,2026-04-27 13:00:00+02:00,44.86100006103516,70.75499725341797,60581.35,47915.04,48368.36,0.7984034689226299,-413.77,-0.83,-12.345072047361967
17843,2026-04-27 14:00:00+02:00,44.86100006103516,70.75499725341797,59405.76,45253.89,45876.55,0.7722576058664584,-413.245,-0.1625,3.7832422669046863
17844,2026-04-27 15:00:00+02:00,44.86100006103516,70.75499725341797,58340.7,39763.68,40702.4,0.6976673230356051,-235.8925,5.1425,16.884840185682812
17845,2026-04-27 16:00:00+02:00,44.86100006103516,70.75499725341797,58258.2,31136.33,32537.67,0.5585079867626346,-37.305,68.66499999999999,65.70753448060371
17846,2026-04-27 17:00:00+02:00,44.86100006103516,70.75499725341797,59096.14,20868.18,22889.41,0.3873249588911687,11.177499999999998,107.185,110.8071946402842
17847,2026-04-27 18:00:00+02:00,44.86100006103516,70.75499725341797,60014.98,10795.75,13661.99,0.2276429984267856,113.0975,129.8525,145.71112123674806
17848,2026-04-27 19:00:00+02:00,44.86100006103516,70.75499725341797,60078.98,3416.84,7649.31,0.1273209032298283,150.2875,172.3,176.6684258318084
17849,2026-04-27 20:00:00+02:00,44.86100006103516,70.75499725341797,58738.48,289.88,6892.99,0.1173505000270094,157.815,188.1175,180.5016754780088
17850,2026-04-27 21:00:00+02:00,44.86100006103516,70.75499725341797,56330.01,0.0,9431.69,0.1674363274269902,140.6525,148.46,154.38370848388962
17851,2026-04-27 22:00:00+02:00,44.86100006103516,70.75499725341797,52909.69,0.0,11574.08,0.2187516123759652,126.4075,125.6475,138.20372779819624
17852,2026-04-27 23:00:00+02:00,44.86100006103516,70.75499725341797,49356.93,0.0,12903.11,0.2614244848167371,122.875,115.2025,130.75406165439477
17853,2026-04-28 00:00:00+02:00,44.64599990844727,70.5999984741211,46733.09,0.0,15663.07,0.3351601616038742,118.4475,112.66,119.76771918078278
17854,2026-04-28 01:00:00+02:00,44.64599990844727,70.5999984741211,45201.84,0.0,16072.07,0.3555622956154965,113.03,106.9025,116.66854735526394
17855,2026-04-28 02:00:00+02:00,44.64599990844727,70.5999984741211,44720.54,0.0,16189.28,0.3620099398705807,112.71,102.98,113.47528807499697
17856,2026-04-28 03:00:00+02:00,44.64599990844727,70.5999984741211,44963.49,0.0,16129.75,0.3587299383658319,112.825,102.83,115.1462049585261
17857,2026-04-28 04:00:00+02:00,44.64599990844727,70.5999984741211,45946.88,0.0,16228.14,0.3531935138244003,116.74,105.2775,115.95198708963476
17858,2026-04-28 05:00:00+02:00,44.64599990844727,70.5999984741211,49067.28,31.04,16636.37,0.3390522155825527,125.6675,111.835,126.45070616085725
17859,2026-04-28 06:00:00+02:00,44.64599990844727,70.5999984741211,54223.5,1552.47,18700.88,0.3448851512084456,165.5675,122.1,141.46564255878843
17860,2026-04-28 07:00:00+02:00,44.64599990844727,70.5999984741211,58587.63,7510.28,23889.48,0.4077563812689203,153.69,121.43,140.29059987734462
17861,2026-04-28 08:00:00+02:00,44.64599990844727,70.5999984741211,61394.69,17728.81,30611.37,0.4985996345125938,126.5475,112.315,124.8007072092001
17862,2026-04-28 09:00:00+02:00,44.64599990844727,70.5999984741211,62743.04,29235.99,39598.1,0.6311154192351668,92.5275,79.7775,87.94763123529415
17863,2026-04-28 10:00:00+02:00,44.64599990844727,70.5999984741211,62997.79,38994.84,49267.77,0.7820555291253779,59.1425,21.815,29.492659371211808
17864,2026-04-28 11:00:00+02:00,44.64599990844727,70.5999984741211,62753.25,45088.87,54619.49,0.8703850396799552,4.14,-1.085,7.300739908762028
17865,2026-04-28 12:00:00+02:00,44.64599990844727,70.5999984741211,61964.48,47927.78,58126.2,0.938056770437183,-0.0975,-14.0425,-14.941416051421296
17866,2026-04-28 13:00:00+02:00,44.64599990844727,70.5999984741211,60249.77,48476.94,59409.48,0.9860532246038362,-0.83,-29.0,-21.212934208255476
17867,2026-04-28 14:00:00+02:00,44.64599990844727,70.5999984741211,58658.69,46383.79,58251.46,0.993057635451276,-0.1625,-29.0075,-21.26255520727024
17868,2026-04-28 15:00:00+02:00,44.64599990844727,70.5999984741211,57435.41,41738.7,54964.57,0.9569805454584582,5.1425,-17.33,-4.79553199283653
17869,2026-04-28 16:00:00+02:00,44.64599990844727,70.5999984741211,57311.66,34743.51,50119.91,0.8745150636232635,68.66499999999999,-4.655,7.737967985075591
17870,2026-04-28 17:00:00+02:00,44.64599990844727,70.5999984741211,57862.04,24829.72,43919.17,0.7590325192891517,107.185,33.315,62.6231301231327
17871,2026-04-28 18:00:00+02:00,44.64599990844727,70.5999984741211,58997.89,13031.17,34107.19,0.5781086407364554,129.8525,90.1,101.81236369348359
17872,2026-04-28 19:00:00+02:00,44.64599990844727,70.5999984741211,59513.95,4085.04,26512.01,0.4454755564963381,172.3,117.4,139.103291185701
17873,2026-04-28 20:00:00+02:00,44.64599990844727,70.5999984741211,58236.21,409.72,24399.75,0.4189790165913992,188.1175,120.9725,150.45943750341354
17874,2026-04-28 21:00:00+02:00,44.64599990844727,70.5999984741211,55762.69,0.0,25622.53,0.4594923594146027,148.46,115.8275,128.95896847260673
17875,2026-04-28 22:00:00+02:00,44.64599990844727,70.5999984741211,52609.37,0.0,25411.59,0.4830240315588222,125.6475,111.295,113.26594840315417
17876,2026-04-28 23:00:00+02:00,44.64599990844727,70.5999984741211,49367.71,0.0,24366.17,0.4935649232071803,115.2025,101.77,103.35749744115854
17877,2026-04-29 00:00:00+02:00,43.59400177001953,70.8550033569336,46587.22,0.0,23068.41,0.4951660561640797,112.66,98.2075,99.35694685729884
17878,2026-04-29 01:00:00+02:00,43.59400177001953,70.8550033569336,45122.72,0.0,21403.14,0.4743317777664263,106.9025,96.725,99.82316500559621
17879,2026-04-29 02:00:00+02:00,43.59400177001953,70.8550033569336,44554.76,0.0,19640.43,0.440815526682039,102.98,97.9175,100.68991089676365
17880,2026-04-29 03:00:00+02:00,43.59400177001953,70.8550033569336,44466.92,0.0,18132.26,0.4077696408008988,102.83,98.5275,103.97561808095051
17881,2026-04-29 04:00:00+02:00,43.59400177001953,70.8550033569336,45973.97,0.0,16990.67,0.369571520499628,105.2775,100.65,109.3440540374671
17882,2026-04-29 05:00:00+02:00,43.59400177001953,70.8550033569336,49271.17,32.47,16157.79,0.3279359917111901,111.835,107.905,119.37760305184257
17883,2026-04-29 06:00:00+02:00,43.59400177001953,70.8550033569336,54773.76,1876.6,17287.44,0.3156153602901068,122.1,139.7975,139.18447792464067
17884,2026-04-29 07:00:00+02:00,43.59400177001953,70.8550033569336,60694.7,9178.13,22960.78,0.3782995878753334,121.43,126.8475,144.08246999377866
17885,2026-04-29 08:00:00+02:00,43.59400177001953,70.8550033569336,62989.92,21527.6,31836.62,0.5054240423697277,112.315,112.365,117.6408142513744
17886,2026-04-29 09:00:00+02:00,43.59400177001953,70.8550033569336,63748.38,34360.67,42395.33,0.665041684092201,79.7775,66.42,64.96785306001912
17887,2026-04-29 10:00:00+02:00,43.59400177001953,70.8550033569336,64016.31,43921.63,52178.06,0.8150744707379924,21.815,-1.0775,14.356740879804795
17888,2026-04-29 11:00:00+02:00,43.59400177001953,70.8550033569336,64189.98,49667.28,58489.21,0.9111890982188824,-1.085,-11.5675,-11.930793663190773
17889,2026-04-29 12:00:00+02:00,43.59400177001953,70.8550033569336,63232.2,52722.17,61512.12,0.97279740370052,-14.0425,-33.765,-28.62552352538537
17890,2026-04-29 13:00:00+02:00,43.59400177001953,70.8550033569336,61257.91,52970.81,61715.73,1.007473646912297,-29.0,-60.3625,-53.37871042045391
17891,2026-04-29 14:00:00+02:00,43.59400177001953,70.8550033569336,59966.22,50562.91,60220.02,1.0042323826640678,-29.0075,-55.4325,-48.357397702347974
17892,2026-04-29 15:00:00+02:00,43.59400177001953,70.8550033569336,58521.64,45313.85,56417.4,0.9640433861791904,-17.33,-36.22,-19.36181604886258
17893,2026-04-29 16:00:00+02:00,43.59400177001953,70.8550033569336,58358.51,37781.58,50727.24,0.8692346667402517,-4.655,-11.25,1.6583148088848194
17894,2026-04-29 17:00:00+02:00,43.59400177001953,70.8550033569336,58473.34,27658.5,43165.8,0.7382133463321553,33.315,19.645,49.76902844439627
17895,2026-04-29 18:00:00+02:00,43.59400177001953,70.8550033569336,58841.87,14920.32,31648.75,0.537861050211718,90.1,91.145,103.68173356910937
17896,2026-04-29 19:00:00+02:00,43.59400177001953,70.8550033569336,59233.16,4687.67,22071.95,0.3726282709933712,117.4,125.81,144.07463192779278
17897,2026-04-29 20:00:00+02:00,43.59400177001953,70.8550033569336,58139.79,466.32,19047.49,0.3276153903673172,120.9725,145.5925,151.91930787496744
17898,2026-04-29 21:00:00+02:00,43.59400177001953,70.8550033569336,55642.61,0.0,20235.99,0.3636779438700525,115.8275,129.95,138.0938921136865
17899,2026-04-29 22:00:00+02:00,43.59400177001953,70.8550033569336,52095.87,0.0,20596.71,0.3953616667894476,111.295,115.6575,117.60564702248274
17900,2026-04-29 23:00:00+02:00,43.59400177001953,70.8550033569336,48509.23,0.0,20129.23,0.4149566999074285,101.77,105.0975,111.83204808915748
17901,2026-04-30 00:00:00+02:00,46.85300064086914,68.94999694824219,45357.85,0.0,19447.0,0.4287460714234148,98.2075,100.32,110.17359713134036
17902,2026-04-30 01:00:00+02:00,46.85300064086914,68.94999694824219,43716.69,0.0,17955.98,0.4107351218926375,96.725,100.11,110.52576391178536
17903,2026-04-30 02:00:00+02:00,46.85300064086914,68.94999694824219,43129.96,0.0,16371.57,0.379586950607052,97.9175,98.57,109.03469071139979
17904,2026-04-30 03:00:00+02:00,46.85300064086914,68.94999694824219,43260.41,0.0,15111.22,0.3493082935762031,98.5275,99.4775,112.2810617080022
17905,2026-04-30 04:00:00+02:00,46.85300064086914,68.94999694824219,44148.36,0.0,14254.57,0.3228788112802199,100.65,104.09,109.81398742091237
17906,2026-04-30 05:00:00+02:00,46.85300064086914,68.94999694824219,47088.02,42.27,13739.57,0.2917848318337053,107.905,114.1025,123.4038371832695
17907,2026-04-30 06:00:00+02:00,46.85300064086914,68.94999694824219,52716.9,2183.17,15612.83,0.2961636590360655,139.7975,139.12,146.7996484402301
17908,2026-04-30 07:00:00+02:00,46.85300064086914,68.94999694824219,57781.23,10206.54,22774.08,0.3941432191052106,126.8475,122.285,140.65240822567438
17909,2026-04-30 08:00:00+02:00,46.85300064086914,68.94999694824219,60789.68,23275.49,33919.22,0.5579766169919012,112.365,96.2175,109.6751702406055
17910,2026-04-30 09:00:00+02:00,46.85300064086914,68.94999694824219,61577.79,36174.65,45528.17,0.7393602464883263,66.42,45.555,39.209991273667185
17911,2026-04-30 10:00:00+02:00,46.85300064086914,68.94999694824219,62169.01,45423.83,54635.91,0.8788286960209228,-1.0775,-0.0375,4.303831466252838
17912,2026-04-30 11:00:00+02:00,46.85300064086914,68.94999694824219,62300.85,50997.12,60301.16,0.9679026849604936,-11.5675,-3.875,-22.11660298124299
17913,2026-04-30 12:00:00+02:00,46.85300064086914,68.94999694824219,61843.78,53774.82,62824.59,1.0158594767305846,-33.765,-16.2525,-47.36141396786826
17914,2026-04-30 13:00:00+02:00,46.85300064086914,68.94999694824219,60557.65,53917.31,62804.35,1.0371001845287753,-60.3625,-32.02,-46.71326810270508
17915,2026-04-30 14:00:00+02:00,46.85300064086914,68.94999694824219,58797.69,51382.74,60660.83,1.0316872991044908,-55.4325,-28.93,-47.129456397354936
17916,2026-04-30 15:00:00+02:00,46.85300064086914,68.94999694824219,57481.59,46028.96,56158.49,0.976982195346896,-36.22,-12.05,-15.002587439768615
17917,2026-04-30 16:00:00+02:00,46.85300064086914,68.94999694824219,56186.6,38532.61,49831.57,0.8868942059339959,-11.25,-2.2925,3.507109340151464
17918,2026-04-30 17:00:00+02:00,46.85300064086914,68.94999694824219,56250.95,28088.52,41560.27,0.7388367661810445,19.645,20.58,35.22278126010666
17919,2026-04-30 18:00:00+02:00,46.85300064086914,68.94999694824219,57240.87,15152.73,29656.17,0.5180943265680458,91.145,92.43,109.48898842888714
17920,2026-04-30 19:00:00+02:00,46.85300064086914,68.94999694824219,57630.42,4852.85,19571.6,0.3396053680782466,125.81,139.0875,149.81964909435936
17921,2026-04-30 20:00:00+02:00,46.85300064086914,68.94999694824219,56404.7,517.95,16113.89,0.2856834624976848,145.5925,178.62,161.8022611774503
17922,2026-04-30 21:00:00+02:00,46.85300064086914,68.94999694824219,54127.2,1.92,17279.17,0.3192326593063685,129.95,145.84,151.06765972166482
17923,2026-04-30 22:00:00+02:00,46.85300064086914,68.94999694824219,50984.13,0.0,18133.83,0.3556759720415596,115.6575,118.92,130.56205439613785
17924,2026-04-30 23:00:00+02:00,46.85300064086914,68.94999694824219,47694.13,0.0,18280.14,0.3832786130319855,105.0975,109.6075,118.1286172793942
17925,2026-05-01 00:00:00+02:00,45.98699951171875,69.38500213623047,43739.27,0.0,17152.65,0.3921567505831358,100.32,107.2275,111.52539719637507
17926,2026-05-01 01:00:00+02:00,45.98699951171875,69.38500213623047,41865.63,0.0,16193.43,0.3867953258109826,100.11,103.085,111.10065437450412
17927,2026-05-01 02:00:00+02:00,45.98699951171875,69.38500213623047,41063.19,0.0,15030.04,0.3660222207855692,98.57,101.385,109.77757874851866
17928,2026-05-01 03:00:00+02:00,45.98699951171875,69.38500213623047,40722.25,0.0,14050.91,0.345042574920334,99.4775,99.245,108.54596267604718
17929,2026-05-01 04:00:00+02:00,45.98699951171875,69.38500213623047,41152.32,0.0,13405.48,0.3257527156851053,104.09,97.98,108.8421979582868
17930,2026-05-01 05:00:00+02:00,45.98699951171875,69.38500213623047,41438.73,49.99,13169.46,0.3178055890424716,114.1025,97.495,112.11375296146433
17931,2026-05-01 06:00:00+02:00,45.98699951171875,69.38500213623047,42286.48,2262.63,15450.68,0.3653810862560844,139.12,103.7675,115.63591840191617
17932,2026-05-01 07:00:00+02:00,45.98699951171875,69.38500213623047,44846.73,10221.66,23067.7,0.5143674911159927,122.285,80.34,94.05597588236343
17933,2026-05-01 08:00:00+02:00,45.98699951171875,69.38500213623047,48207.87,23070.92,33765.16,0.7004076303930442,96.2175,35.3325,54.94836282650469
17934,2026-05-01 09:00:00+02:00,45.98699951171875,69.38500213623047,50329.47,35397.35,42402.95,0.8425073816905865,45.555,-0.0275,14.336287558207873
17935,2026-05-01 10:00:00+02:00,45.98699951171875,69.38500213623047,51073.43,43749.32,50283.91,0.9845414727413958,-0.0375,-21.18,-30.95619638807341
17936,2026-05-01 11:00:00+02:00,45.98699951171875,69.38500213623047,51036.81,49120.05,55312.27,1.0837720850727597,-3.875,-108.6175,-54.818682876536926
17937,2026-05-01 12:00:00+02:00,45.98699951171875,69.38500213623047,50353.39,51708.73,57182.29,1.135619468493458,-16.2525,-318.58,-73.16666479445828
17938,2026-05-01 13:00:00+02:00,45.98699951171875,69.38500213623047,48752.53,51887.14,56907.98,1.167282600273815,-32.02,-499.0,-82.76163020001047
17939,2026-05-01 14:00:00+02:00,45.98699951171875,69.38500213623047,47254.35,49410.31,54494.43,1.1532151005879427,-28.93,-474.9675,-86.85287462158058
17940,2026-05-01 15:00:00+02:00,45.98699951171875,69.38500213623047,46407.55,44173.66,49739.48,1.0717971534649433,-12.05,-205.8775,-78.4460345175684
17941,2026-05-01 16:00:00+02:00,45.98699951171875,69.38500213623047,46107.03,37532.33,43850.4,0.9510567041618042,-2.2925,-26.2475,-22.75023682306137
17942,2026-05-01 17:00:00+02:00,45.98699951171875,69.38500213623047,46552.07,27669.42,36147.08,0.7764870604515574,20.58,5.555,14.107972204899813
17943,2026-05-01 18:00:00+02:00,45.98699951171875,69.38500213623047,47491.57,15047.81,24402.04,0.5138183470216254,92.43,92.53,101.54491398736299
17944,2026-05-01 19:00:00+02:00,45.98699951171875,69.38500213623047,48180.76,4868.62,15184.42,0.3151552610803243,139.0875,154.19,151.77243827126978
17945,2026-05-01 20:00:00+02:00,45.98699951171875,69.38500213623047,48166.11,556.05,13326.78,0.2766837512357373,178.62,173.325,167.89231787742727
17946,2026-05-01 21:00:00+02:00,45.98699951171875,69.38500213623047,47630.33,4.62,16298.93,0.342196453322453,145.84,142.95,148.8699995168093
17947,2026-05-01 22:00:00+02:00,45.98699951171875,69.38500213623047,45852.85,0.0,18979.09,0.4139129845987953,118.92,113.2225,130.59325554994192
17948,2026-05-01 23:00:00+02:00,45.98699951171875,69.38500213623047,43545.65,0.0,20809.91,0.4778872285801481,109.6075,96.9825,105.72194510487019
17949,2026-05-02 00:00:00+02:00,45.76599884033203,69.81999969482422,42324.15,0.0,21244.57,0.5019491234905015,107.2275,117.425,98.2488764650629
17950,2026-05-02 01:00:00+02:00,45.76599884033203,69.81999969482422,40822.46,0.0,21605.23,0.5292486046825085,103.085,103.7125,89.64776530703898
17951,2026-05-02 02:00:00+02:00,45.76599884033203,69.81999969482422,40145.19,0.0,21828.29,0.5437336327107347,101.385,99.4775,80.59778531505205
17952,2026-05-02 03:00:00+02:00,45.76599884033203,69.81999969482422,39878.96,0.0,22000.09,0.5516716081483389,99.245,93.335,79.79868491335252
17953,2026-05-02 04:00:00+02:00,45.76599884033203,69.81999969482422,40086.83,0.0,22271.38,0.5555784778802468,97.98,93.545,78.76604748490945
17954,2026-05-02 05:00:00+02:00,45.76599884033203,69.81999969482422,40848.05,49.37,22514.64,0.5511802887650253,97.495,93.6975,78.87363878910249
17955,2026-05-02 06:00:00+02:00,45.76599884033203,69.81999969482422,42286.43,2303.73,24921.06,0.5893394167846897,103.7675,91.78,76.55238609883897
17956,2026-05-02 07:00:00+02:00,45.76599884033203,69.81999969482422,45097.14,10191.93,31425.12,0.6968317723259542,80.34,78.0125,51.54491703528935
17957,2026-05-02 08:00:00+02:00,45.76599884033203,69.81999969482422,48398.51,22502.27,39012.08,0.806059525219669,35.3325,18.27,15.977229737497332
17958,2026-05-02 09:00:00+02:00,45.76599884033203,69.81999969482422,50569.61,34166.14,45510.68,0.899961063393615,-0.0275,1.27,7.102610541873517
17959,2026-05-02 10:00:00+02:00,45.76599884033203,69.81999969482422,51459.55,42178.16,49959.65,0.970852834707872,-21.18,-2.3875,-27.78881086348376
17960,2026-05-02 11:00:00+02:00,45.76599884033203,69.81999969482422,50949.88,47213.74,53818.78,1.056308277653194,-108.6175,-21.9125,-63.504926862543115
17961,2026-05-02 12:00:00+02:00,45.76599884033203,69.81999969482422,50058.65,49212.26,54990.84,1.0985282261709957,-318.58,-83.6075,-69.34766060037546
17962,2026-05-02 13:00:00+02:00,45.76599884033203,69.81999969482422,48605.09,48521.49,54121.72,1.1134990180836002,-499.0,-130.0275,-73.47693807091282
17963,2026-05-02 14:00:00+02:00,45.76599884033203,69.81999969482422,47052.26,45251.41,51364.05,1.0916383185225027,-474.9675,-86.8425,-69.4538931978184
17964,2026-05-02 15:00:00+02:00,45.76599884033203,69.81999969482422,46172.93,39671.52,46647.86,1.0102858967342367,-205.8775,-14.0375,-47.50031632315492
17965,2026-05-02 16:00:00+02:00,45.76599884033203,69.81999969482422,46136.92,32842.23,41944.17,0.909123755788396,-26.2475,0.0325,-2.864436467849494
17966,2026-05-02 17:00:00+02:00,45.76599884033203,69.81999969482422,46698.66,23617.07,32957.51,0.7057485159733172,5.555,54.945,27.319171689907076
17967,2026-05-02 18:00:00+02:00,45.76599884033203,69.81999969482422,48158.18,12731.38,21173.53,0.4396663245081798,92.53,127.14,109.59348670554766
17968,2026-05-02 19:00:00+02:00,45.76599884033203,69.81999969482422,49076.95,4250.16,11791.13,0.2402580029443031,154.19,165.0,151.62340450485164
17969,2026-05-02 20:00:00+02:00,45.76599884033203,69.81999969482422,48192.29,449.63,8238.77,0.1709561840346337,173.325,195.45,162.10224045275532
17970,2026-05-02 21:00:00+02:00,45.76599884033203,69.81999969482422,46640.48,1.72,8706.72,0.1866773240355421,142.95,154.32,153.4538846799661
17971,2026-05-02 22:00:00+02:00,45.76599884033203,69.81999969482422,44700.24,0.0,9388.49,0.2100322055966517,113.2225,139.96,134.90172524722806
17972,2026-05-02 23:00:00+02:00,45.76599884033203,69.81999969482422,42480.8,0.0,9725.03,0.2289276566757387,96.9825,123.865,125.78765451642184
17973,2026-05-03 00:00:00+02:00,45.76599884033203,69.81999969482422,40271.71,0.0,9876.84,0.2452550437403191,117.425,121.195,123.44589677490268
17974,2026-05-03 01:00:00+02:00,45.76599884033203,69.81999969482422,38714.24,0.0,9603.98,0.2480735769969722,103.7125,116.0325,122.970728878246
17975,2026-05-03 02:00:00+02:00,45.76599884033203,69.81999969482422,37704.24,0.0,9260.14,0.2455994338446817,99.4775,110.1625,119.87640915611757
17976,2026-05-03 03:00:00+02:00,45.76599884033203,69.81999969482422,37259.45,0.0,8911.9,0.2391849583825888,93.335,108.4775,117.78139477828714
17977,2026-05-03 04:00:00+02:00,45.76599884033203,69.81999969482422,37309.57,0.0,8793.02,0.2356773341971839,93.545,106.2925,118.0304367729831
17978,2026-05-03 05:00:00+02:00,45.76599884033203,69.81999969482422,37617.1,50.53,8961.42,0.2382272955017193,93.6975,107.0725,116.72498925833338
17979,2026-05-03 06:00:00+02:00,45.76599884033203,69.81999969482422,39081.94,1952.61,11250.24,0.2878628849315405,91.78,101.7,113.76070728005278
17980,2026-05-03 07:00:00+02:00,45.76599884033203,69.81999969482422,41361.3,8252.12,17720.09,0.4284219788961125,78.0125,85.3375,101.70091356814417
17981,2026-05-03 08:00:00+02:00,45.76599884033203,69.81999969482422,44368.23,17765.47,26061.12,0.5873824579913639,18.27,71.7375,45.226525725129115
17982,2026-05-03 09:00:00+02:00,45.76599884033203,69.81999969482422,46904.45,27440.17,33834.01,0.7213390199178673,1.27,32.6575,15.343636889506069
17983,2026-05-03 10:00:00+02:00,45.76599884033203,69.81999969482422,48521.37,34780.5,40486.84,0.8344125483607711,-2.3875,1.2875,5.229156100413459
17984,2026-05-03 11:00:00+02:00,45.76599884033203,69.81999969482422,49546.22,38773.5,44694.24,0.9020716412065194,-21.9125,-1.4275,-21.92383693678599
17985,2026-05-03 12:00:00+02:00,45.76599884033203,69.81999969482422,49150.8,40013.6,46606.56,0.9482360407260436,-83.6075,-6.79,-42.773792561094666
17986,2026-05-03 13:00:00+02:00,45.76599884033203,69.81999969482422,47891.59,38987.32,46663.66,0.974360216277146,-130.0275,-14.435,-53.92516919475197
17987,2026-05-03 14:00:00+02:00,45.76599884033203,69.81999969482422,46657.43,35937.37,44982.55,0.9641026089597944,-86.8425,-10.8825,-27.956814335157347
17988,2026-05-03 15:00:00+02:00,45.76599884033203,69.81999969482422,45671.48,30832.85,41633.05,0.9115765460388896,-14.0375,-3.9675,-15.782464127140592
17989,2026-05-03 16:00:00+02:00,45.76599884033203,69.81999969482422,45343.14,24161.26,36908.0,0.8139709775692704,0.0325,9.1325,4.327206752368943
17990,2026-05-03 17:00:00+02:00,45.76599884033203,69.81999969482422,46021.86,16150.98,29727.98,0.6459534663210149,54.945,80.7075,45.371199780320765
17991,2026-05-03 18:00:00+02:00,45.76599884033203,69.81999969482422,47532.21,8464.06,21555.39,0.4534901700439575,127.14,120.5725,109.96426453563465
17992,2026-05-03 19:00:00+02:00,45.76599884033203,69.81999969482422,48427.29,2900.69,15442.57,0.3188815644404463,165.0,134.795,141.76927281642372
17993,2026-05-03 20:00:00+02:00,45.76599884033203,69.81999969482422,47733.53,292.6,12828.44,0.2687511272958964,195.45,140.87,156.40499083625627
17994,2026-05-03 21:00:00+02:00,45.76599884033203,69.81999969482422,46832.31,7.18,12688.17,0.2709276992164324,154.32,137.31,148.90050135265687
17995,2026-05-03 22:00:00+02:00,45.76599884033203,69.81999969482422,45154.46,0.0,12747.62,0.2823114260956035,139.96,130.3775,132.78155006265166
17996,2026-05-03 23:00:00+02:00,45.76599884033203,69.81999969482422,43017.87,0.0,13032.16,0.3029475889199191,123.865,121.115,122.59145653755519
17997,2026-05-04 00:00:00+02:00,45.76599884033203,69.81999969482422,41293.49,0.0,14662.47,0.35507945674849,121.195,117.355,116.20994234731843
17998,2026-05-04 01:00:00+02:00,45.76599884033203,69.81999969482422,40100.28,0.0,13701.0,0.3416684371426662,116.0325,108.41,115.75918919392036
17999,2026-05-04 02:00:00+02:00,45.76599884033203,69.81999969482422,39554.36,0.0,12733.05,0.3219126790771199,110.1625,110.5575,112.96433589278384
18000,2026-05-04 03:00:00+02:00,45.76599884033203,69.81999969482422,39646.11,0.0,11676.3,0.2945131312266164,108.4775,106.3475,111.74343831064431
18001,2026-05-04 04:00:00+02:00,45.76599884033203,69.81999969482422,41113.51,0.0,10555.06,0.2567297221140375,106.2925,109.9075,114.73992432675959
18002,2026-05-04 05:00:00+02:00,45.76599884033203,69.81999969482422,45920.36,45.19,9461.3,0.2060371477475269,107.0725,128.8825,130.90763262205581
18003,2026-05-04 06:00:00+02:00,45.76599884033203,69.81999969482422,53787.14,1712.31,9920.92,0.1844478066347369,101.7,149.5475,161.9719146753319
18004,2026-05-04 07:00:00+02:00,45.76599884033203,69.81999969482422,59719.34,7275.09,13941.82,0.2334556945482894,85.3375,151.26749999999998,161.07544885148798
18005,2026-05-04 08:00:00+02:00,45.76599884033203,69.81999969482422,62922.07,15995.39,21064.92,0.3347779244492785,71.7375,134.6025,147.77208587833013
18006,2026-05-04 09:00:00+02:00,45.76599884033203,69.81999969482422,64097.63,25473.08,29765.17,0.464372395599592,32.6575,113.625,112.67314082186371
18007,2026-05-04 10:00:00+02:00,45.76599884033203,69.81999969482422,64416.64,33067.18,37135.3,0.5764861376537979,1.2875,99.99,87.6289093818735
18008,2026-05-04 11:00:00+02:00,45.76599884033203,69.81999969482422,64567.67,37779.27,41785.23,0.647154063225891,-1.4275,93.095,59.670529924428486
18009,2026-05-04 12:00:00+02:00,45.76599884033203,69.81999969482422,63568.72,39551.8,43585.28,0.6856403588611442,-6.79,75.065,43.59340943975954
18010,2026-05-04 13:00:00+02:00,45.76599884033203,69.81999969482422,62120.65,38257.27,42317.88,0.6812208177665202,-14.435,69.4075,41.36587477455933
18011,2026-05-04 14:00:00+02:00,45.76599884033203,69.81999969482422,60920.49,34339.39,38484.63,0.6317189831152509,-10.8825,81.0775,66.32984164537757
18012,2026-05-04 15:00:00+02:00,45.76599884033203,69.81999969482422,59711.01,28722.21,32872.87,0.5505328078438912,-3.9675,94.0025,90.14421801091007
18013,2026-05-04 16:00:00+02:00,45.76599884033203,69.81999969482422,59578.95,21788.33,25857.73,0.4340078164462435,9.1325,107.9675,110.23012714664878
18014,2026-05-04 17:00:00+02:00,45.76599884033203,69.81999969482422,60182.55,14368.17,18384.94,0.3054862247768686,80.7075,128.9925,130.55268344502275
18015,2026-05-04 18:00:00+02:00,45.76599884033203,69.81999969482422,60842.8,7752.12,11775.57,0.1935408955219777,120.5725,169.0,158.88597261215347
18016,2026-05-04 19:00:00+02:00,45.76599884033203,69.81999969482422,60792.57,2801.29,6903.78,0.113562890972768,134.795,245.03,188.43428376953648
18017,2026-05-04 20:00:00+02:00,45.76599884033203,69.81999969482422,58986.49,356.76,4723.09,0.0800707077027179,140.87,266.83500000000004,200.78129825339795
18018,2026-05-04 21:00:00+02:00,45.76599884033203,69.81999969482422,56484.62,7.48,4491.94,0.0795250105109098,137.31,194.3,174.96648045184634
18019,2026-05-04 22:00:00+02:00,45.76599884033203,69.81999969482422,53024.92,0.0,4457.68,0.084067642141833,130.3775,153.04500000000002,157.99154817393247
18020,2026-05-04 23:00:00+02:00,45.76599884033203,69.81999969482422,49404.97,0.0,4291.74,0.086868588304604,121.115,137.2,141.5765330704209
18021,2026-05-05 00:00:00+02:00,48.14300155639648,69.81999969482422,46130.0,0.0,3576.09,0.0775220030180962,117.355,131.36,144.757687944052
18022,2026-05-05 01:00:00+02:00,48.14300155639648,69.81999969482422,44553.23,0.0,3324.6,0.0746208523883406,108.41,126.2,137.24599942003547
18023,2026-05-05 02:00:00+02:00,48.14300155639648,69.81999969482422,44006.84,0.0,3237.14,0.0735599283944132,110.5575,122.11,136.8255898206825
18024,2026-05-05 03:00:00+02:00,48.14300155639648,69.81999969482422,44120.48,0.0,3287.48,0.0745114286892365,106.3475,122.045,135.30259611258674
18025,2026-05-05 04:00:00+02:00,48.14300155639648,69.81999969482422,45176.37,0.0,3410.69,0.0754972123533835,109.9075,123.9,139.8667552921759
18026,2026-05-05 05:00:00+02:00,48.14300155639648,69.81999969482422,48426.8,50.84,3642.17,0.0752098011689374,128.8825,133.9025,148.51643806229276
18027,2026-05-05 06:00:00+02:00,48.14300155639648,69.81999969482422,54260.15,1348.63,5035.46,0.0928021761656017,149.5475,160.1125,169.721740503084
18028,2026-05-05 07:00:00+02:00,48.14300155639648,69.81999969482422,59663.65,5537.52,9030.4,0.151355138321012,151.26749999999998,160.765,167.23892818401117
18029,2026-05-05 08:00:00+02:00,48.14300155639648,69.81999969482422,62734.0,12273.0,15343.19,0.2445753498510257,134.6025,147.23250000000002,151.6461152285346
18030,2026-05-05 09:00:00+02:00,48.14300155639648,69.81999969482422,64081.28,19797.68,22506.39,0.3512162989953983,113.625,129.61,140.03340437391495
18031,2026-05-05 10:00:00+02:00,48.14300155639648,69.81999969482422,64455.44,25963.26,28433.16,0.4411289411039426,99.99,114.12,124.15385538409815
18032,2026-05-05 11:00:00+02:00,48.14300155639648,69.81999969482422,64567.61,29694.11,32050.85,0.4963920763837484,93.095,108.2575,118.72768233898546
18033,2026-05-05 12:00:00+02:00,48.14300155639648,69.81999969482422,63718.97,30638.38,33035.31,0.5184532956953866,75.065,99.0925,105.3507302517138
18034,2026-05-05 13:00:00+02:00,48.14300155639648,69.81999969482422,62066.18,28916.19,31521.73,0.5078728865691633,69.4075,98.055,107.39472179957295
18035,2026-05-05 14:00:00+02:00,48.14300155639648,69.81999969482422,60662.18,25391.0,28603.08,0.4715142119074003,81.0775,97.745,116.34576473504426
18036,2026-05-05 15:00:00+02:00,48.14300155639648,69.81999969482422,59528.02,21301.45,25436.95,0.4273105336903007,94.0025,105.99,124.60527490789096
18037,2026-05-05 16:00:00+02:00,48.14300155639648,69.81999969482422,59156.78,16459.1,21930.27,0.3707143964950907,107.9675,111.9775,131.8159093238815
18038,2026-05-05 17:00:00+02:00,48.14300155639648,69.81999969482422,59537.62,11196.2,18205.43,0.3057802780316411,128.9925,128.67000000000002,138.21957825422186
18039,2026-05-05 18:00:00+02:00,48.14300155639648,69.81999969482422,60237.78,6298.11,14684.76,0.2437799002148186,169.0,145.7625,151.23087728660624
18040,2026-05-05 19:00:00+02:00,48.14300155639648,69.81999969482422,60111.11,2330.31,11954.03,0.1988655674136003,245.03,163.685,174.61206854663232
18041,2026-05-05 20:00:00+02:00,48.14300155639648,69.81999969482422,58362.25,313.17,11168.33,0.1913622246929543,266.83500000000004,163.9025,165.02392541863793
18042,2026-05-05 21:00:00+02:00,48.14300155639648,69.81999969482422,55827.68,7.49,11926.28,0.2136266453820709,194.3,146.9975,152.03689726679545
18043,2026-05-05 22:00:00+02:00,48.14300155639648,69.81999969482422,52518.75,0.0,12671.92,0.2412837319545336,153.04500000000002,132.745,140.78167942844814
18044,2026-05-05 23:00:00+02:00,48.14300155639648,69.81999969482422,49169.27,0.0,13334.01,0.2711858442740382,137.2,115.2925,133.52478188440358
18045,2026-05-06 00:00:00+02:00,46.92599868774414,71.46499633789062,45769.88,0.0,14367.27,0.3139022867628444,131.36,120.035,126.09595812357956
18046,2026-05-06 01:00:00+02:00,46.92599868774414,71.46499633789062,44385.19,0.0,15080.02,0.3397534176738336,126.2,114.23,120.73601183875016
18047,2026-05-06 02:00:00+02:00,46.92599868774414,71.46499633789062,43649.4,0.0,15991.35,0.3663589876684767,122.11,113.165,116.6998526778086
18048,2026-05-06 03:00:00+02:00,46.92599868774414,71.46499633789062,43418.84,0.0,16859.8,0.3883060900778772,122.045,112.995,114.30264763139775
18049,2026-05-06 04:00:00+02:00,46.92599868774414,71.46499633789062,45233.34,0.0,17720.83,0.3917647911050202,123.9,113.34,112.81939921173459
18050,2026-05-06 05:00:00+02:00,46.92599868774414,71.46499633789062,48614.15,59.95,18469.82,0.3799268319244649,133.9025,118.225,118.88080365106721
18051,2026-05-06 06:00:00+02:00,46.92599868774414,71.46499633789062,54661.12,1291.72,20054.54,0.3668885671631154,160.1125,131.14,137.30747000264765
18052,2026-05-06 07:00:00+02:00,46.92599868774414,71.46499633789062,60615.58,4974.48,22896.48,0.3777325894798445,160.765,142.45,155.7040982904511
18053,2026-05-06 08:00:00+02:00,46.92599868774414,71.46499633789062,63425.9,10472.66,27012.68,0.4258935229258246,147.23250000000002,141.55,145.25746838162735
18054,2026-05-06 09:00:00+02:00,46.92599868774414,71.46499633789062,64404.79,16017.01,31600.62,0.4906563625949783,129.61,121.305,126.56276710637201
18055,2026-05-06 10:00:00+02:00,46.92599868774414,71.46499633789062,64435.9,20351.84,35328.35,0.5482712276001,114.12,108.8,108.84883999416405
18056,2026-05-06 11:00:00+02:00,46.92599868774414,71.46499633789062,64267.28,23417.9,37740.61,0.5872445511017045,108.2575,104.12,94.5078410384026
18057,2026-05-06 12:00:00+02:00,46.92599868774414,71.46499633789062,63132.56,25167.63,38861.06,0.6155470330023767,99.0925,100.0925,83.39149768514423
18058,2026-05-06 13:00:00+02:00,46.92599868774414,71.46499633789062,61005.28,25172.62,38307.99,0.6279454826487239,98.055,89.34,82.44088895015672
18059,2026-05-06 14:00:00+02:00,46.92599868774414,71.46499633789062,59462.68,23355.68,36239.35,0.6094469673063092,97.745,91.33,87.4599822488157
18060,2026-05-06 15:00:00+02:00,46.92599868774414,71.46499633789062,58230.47,20541.91,33187.61,0.5699354649601943,105.99,103.125,93.03104750541384
18061,2026-05-06 16:00:00+02:00,46.92599868774414,71.46499633789062,58603.74,16423.9,28956.81,0.4941119797995636,111.9775,112.6625,110.79370380639006
18062,2026-05-06 17:00:00+02:00,46.92599868774414,71.46499633789062,59110.86,11338.24,23840.58,0.4033197959895491,128.67000000000002,125.0525,128.8087922601286
18063,2026-05-06 18:00:00+02:00,46.92599868774414,71.46499633789062,59049.57,6335.81,18707.61,0.3168119597963521,145.7625,137.91,140.24508788194052
18064,2026-05-06 19:00:00+02:00,46.92599868774414,71.46499633789062,59093.85,2365.81,14425.47,0.2441111891941189,163.685,154.605,155.20614570909004
18065,2026-05-06 20:00:00+02:00,46.92599868774414,71.46499633789062,57300.22,310.52,12164.22,0.2122892372468571,163.9025,156.915,154.54455267601236
18066,2026-05-06 21:00:00+02:00,46.92599868774414,71.46499633789062,54717.18,5.84,11761.38,0.2149485773545075,146.9975,154.61,146.8147923327727
18067,2026-05-06 22:00:00+02:00,46.92599868774414,71.46499633789062,51218.29,0.0,11213.82,0.2189417100377732,132.745,143.4125,139.17420524344243
18068,2026-05-06 23:00:00+02:00,46.92599868774414,71.46499633789062,47559.74,0.0,10475.77,0.220265501825648,115.2925,128.26,132.59345919538998
18069,2026-05-07 00:00:00+02:00,43.902000427246094,71.80500030517578,45410.84,0.0,12030.88,0.2649340993769474,120.035,125.1525,121.2551837775189
18070,2026-05-07 01:00:00+02:00,43.902000427246094,71.80500030517578,43834.19,0.0,11147.89,0.2543195162829929,114.23,116.485,118.36233173800495
18071,2026-05-07 02:00:00+02:00,43.902000427246094,71.80500030517578,43304.5,0.0,10505.34,0.2425923402319407,113.165,115.2575,117.84402113439081
18072,2026-05-07 03:00:00+02:00,43.902000427246094,71.80500030517578,43551.75,0.0,10034.98,0.2304150808565866,112.995,116.49,116.64860180121718
18073,2026-05-07 04:00:00+02:00,43.902000427246094,71.80500030517578,44597.28,0.0,9684.54,0.2171553959754596,113.34,119.1375,116.6774148210247
18074,2026-05-07 05:00:00+02:00,43.902000427246094,71.80500030517578,47954.65,55.47,9329.42,0.1945467227485662,118.225,126.875,128.92239554163146
18075,2026-05-07 06:00:00+02:00,43.902000427246094,71.80500030517578,53611.79,1104.09,9715.19,0.1812136844934269,131.14,151.0,146.01966031339185
18076,2026-05-07 07:00:00+02:00,43.902000427246094,71.80500030517578,58628.4,4363.08,11945.75,0.2037536415450952,142.45,167.29250000000002,155.27235652358627
18077,2026-05-07 08:00:00+02:00,43.902000427246094,71.80500030517578,61512.96,9189.75,15724.31,0.2556259688599563,141.55,155.5925,155.44770175402863
18078,2026-05-07 09:00:00+02:00,43.902000427246094,71.80500030517578,62337.02,14117.55,19943.63,0.3199323611683824,121.305,136.41,135.60710410312663
18079,2026-05-07 10:00:00+02:00,43.902000427246094,71.80500030517578,62631.51,18248.21,23485.92,0.3749856900504257,108.8,120.1325,125.02974046140437
18080,2026-05-07 11:00:00+02:00,43.902000427246094,71.80500030517578,62288.76,21743.45,26547.11,0.4261942282321571,104.12,113.525,116.17595302247135
18081,2026-05-07 12:00:00+02:00,43.902000427246094,71.80500030517578,61719.58,24199.84,28738.27,0.4656264672465972,100.0925,103.9225,112.84512052800815
18082,2026-05-07 13:00:00+02:00,43.902000427246094,71.80500030517578,60305.18,25291.04,29606.23,0.4909400816827111,89.34,101.915,104.01613527676977
18083,2026-05-07 14:00:00+02:00,43.902000427246094,71.80500030517578,58512.91,24970.74,29263.48,0.5001200588895476,91.33,101.73,101.82526325416468
18084,2026-05-07 15:00:00+02:00,43.902000427246094,71.80500030517578,57479.17,23003.32,27161.82,0.4725506647934285,103.125,107.445,104.648802170627
18085,2026-05-07 16:00:00+02:00,43.902000427246094,71.80500030517578,56948.11,19542.52,23535.31,0.4132764019010856,112.6625,117.9975,115.58713302472131
18086,2026-05-07 17:00:00+02:00,43.902000427246094,71.80500030517578,57671.92,14651.44,18503.78,0.3208455691572526,125.0525,132.56,127.38931332738854
18087,2026-05-07 18:00:00+02:00,43.902000427246094,71.80500030517578,58709.5,8849.78,12522.53,0.2132964852003003,137.91,148.70499999999998,142.8160325367125
18088,2026-05-07 19:00:00+02:00,43.902000427246094,71.80500030517578,58852.78,3463.2,7019.22,0.1192674330559631,154.605,185.655,172.18696189661466
18089,2026-05-07 20:00:00+02:00,43.902000427246094,71.80500030517578,56791.9,519.01,4330.56,0.0762531276332975,156.915,221.4775,191.36764822207755
18090,2026-05-07 21:00:00+02:00,43.902000427246094,71.80500030517578,54113.84,7.12,4384.12,0.081016612371065,154.61,182.715,173.67195591664654
18091,2026-05-07 22:00:00+02:00,43.902000427246094,71.80500030517578,51000.44,0.0,4901.97,0.096116229566624,143.4125,154.435,150.00608885264324
18092,2026-05-07 23:00:00+02:00,43.902000427246094,71.80500030517578,47760.24,0.0,5180.02,0.1084588351925244,128.26,142.7575,139.6559236120433
18093,2026-05-08 00:00:00+02:00,43.56100082397461,70.87999725341797,46119.76,0.0,5512.52,0.1195262073958047,125.1525,130.3425,132.78069238694445
18094,2026-05-08 01:00:00+02:00,43.56100082397461,70.87999725341797,44684.52,0.0,5663.65,0.1267474731457901,116.485,120.66,126.32362497309461
18095,2026-05-08 02:00:00+02:00,43.56100082397461,70.87999725341797,43877.32,0.0,5707.48,0.1300781360096564,115.2575,118.215,123.00122515707518
18096,2026-05-08 03:00:00+02:00,43.56100082397461,70.87999725341797,43905.52,0.0,5645.48,0.1285824652279297,116.49,116.9775,123.22504616260737
18097,2026-05-08 04:00:00+02:00,43.56100082397461,70.87999725341797,45374.99,0.0,5679.64,0.125171157034928,119.1375,118.565,126.73172410796761
18098,2026-05-08 05:00:00+02:00,43.56100082397461,70.87999725341797,48467.9,99.46,6008.3,0.1239645208222422,126.875,126.185,136.3999231823392
18099,2026-05-08 06:00:00+02:00,43.56100082397461,70.87999725341797,54033.9,2266.16,8364.54,0.1548017077881104,151.0,143.6,150.0991761140737
18100,2026-05-08 07:00:00+02:00,43.56100082397461,70.87999725341797,59070.52,8735.35,14062.41,0.2380613882799641,167.29250000000002,147.0275,152.15333389258336
18101,2026-05-08 08:00:00+02:00,43.56100082397461,70.87999725341797,61830.72,18727.78,22488.98,0.3637185527899855,155.5925,137.4,135.85270195375438
18102,2026-05-08 09:00:00+02:00,43.56100082397461,70.87999725341797,62445.87,29091.33,32620.26,0.5223765798246742,136.41,115.2475,107.26314072292752
18103,2026-05-08 10:00:00+02:00,43.56100082397461,70.87999725341797,62563.86,36668.88,40610.11,0.6490985369750046,120.1325,97.7475,70.87717692422093
18104,2026-05-08 11:00:00+02:00,43.56100082397461,70.87999725341797,61933.09,40515.65,44937.12,0.7255752941237753,113.525,75.81,50.076611544730646
18105,2026-05-08 12:00:00+02:00,43.56100082397461,70.87999725341797,60929.91,41205.36,45934.48,0.7538904947087742,103.9225,65.37,41.215922470999686
18106,2026-05-08 13:00:00+02:00,43.56100082397461,70.87999725341797,59128.31,40148.74,45108.76,0.7628961489406858,101.915,58.7075,38.98784574876309
18107,2026-05-08 14:00:00+02:00,43.56100082397461,70.87999725341797,57388.39,37811.79,43213.34,0.7529979494540623,101.73,64.34,36.329281121336294
18108,2026-05-08 15:00:00+02:00,43.56100082397461,70.87999725341797,56617.96,33833.01,39492.41,0.6975244249885506,107.445,81.8925,53.0827003939502
18109,2026-05-08 16:00:00+02:00,43.56100082397461,70.87999725341797,56157.65,28116.49,33893.9,0.6035491156407811,117.9975,94.0625,79.07595067254154
18110,2026-05-08 17:00:00+02:00,43.56100082397461,70.87999725341797,57218.57,20672.63,26691.69,0.4664864919786554,132.56,109.5,108.17257215673584
18111,2026-05-08 18:00:00+02:00,43.56100082397461,70.87999725341797,57726.81,12119.33,18781.81,0.3253567968981212,148.70499999999998,127.815,131.02232059023117
18112,2026-05-08 19:00:00+02:00,43.56100082397461,70.87999725341797,57032.2,4597.08,12354.65,0.2166258709612068,185.655,143.54250000000002,158.9660964475517
18113,2026-05-08 20:00:00+02:00,43.56100082397461,70.87999725341797,55271.19,698.31,10304.01,0.1864264185036677,221.4775,152.9775,175.69125884940757
18114,2026-05-08 21:00:00+02:00,43.56100082397461,70.87999725341797,52845.65,11.44,11996.11,0.227002790158319,182.715,138.9,146.2034137832676
18115,2026-05-08 22:00:00+02:00,43.56100082397461,70.87999725341797,49888.72,0.0,13273.33,0.2660587402791535,154.435,127.5025,130.0771940285831
18116,2026-05-08 23:00:00+02:00,43.56100082397461,70.87999725341797,46509.78,0.0,13532.72,0.2909650399784808,142.7575,119.14,125.5110749357832
18117,2026-05-09 00:00:00+02:00,44.14300155639648,70.97000122070312,43340.16,0.0,12055.7,0.2781646398448541,130.3425,127.6925,121.03353537510787
18118,2026-05-09 01:00:00+02:00,44.14300155639648,70.97000122070312,41397.7,0.0,10968.14,0.2649456370124558,120.66,123.4075,118.94611124479226
18119,2026-05-09 02:00:00+02:00,44.14300155639648,70.97000122070312,40428.47,0.0,9836.33,0.2433020591075294,118.215,123.48,116.82476990345482
18120,2026-05-09 03:00:00+02:00,44.14300155639648,70.97000122070312,40072.85,0.0,8779.81,0.2190962209528156,116.9775,124.3525,116.75403969657592
18121,2026-05-09 04:00:00+02:00,44.14300155639648,70.97000122070312,40144.88,0.0,8047.87,0.2004706452727045,118.565,125.7375,119.55422624435901
18122,2026-05-09 05:00:00+02:00,44.14300155639648,70.97000122070312,40396.12,129.94,7756.97,0.1920226496524857,126.185,126.4525,124.18598022588206
18123,2026-05-09 06:00:00+02:00,44.14300155639648,70.97000122070312,41556.93,2612.01,9857.39,0.2372020743021194,143.6,127.5225,126.29345428637617
18124,2026-05-09 07:00:00+02:00,44.14300155639648,70.97000122070312,43892.67,9713.39,15671.43,0.3570397972242199,147.0275,118.67,115.66419673642987
18125,2026-05-09 08:00:00+02:00,44.14300155639648,70.97000122070312,46027.05,20743.52,24374.79,0.5295753256987846,137.4,107.6725,88.94464046358466
18126,2026-05-09 09:00:00+02:00,44.14300155639648,70.97000122070312,48995.6,32237.08,34624.37,0.7066832530458483,115.2475,68.3075,44.56633136105397
18127,2026-05-09 10:00:00+02:00,44.14300155639648,70.97000122070312,50186.11,40594.72,42354.44,0.8439474586008066,97.7475,9.9275,16.074649816321266
18128,2026-05-09 11:00:00+02:00,44.14300155639648,70.97000122070312,50088.03,44081.55,45512.9,0.908658216162892,75.81,-0.015,-19.122245763056384
18129,2026-05-09 12:00:00+02:00,44.14300155639648,70.97000122070312,49733.8,44094.48,45432.82,0.9135199801918372,65.37,-0.0625,-20.397363266045097
18130,2026-05-09 13:00:00+02:00,44.14300155639648,70.97000122070312,48586.94,42324.98,43639.4,0.8981714014304725,58.7075,-0.09,-21.37479538996834
18131,2026-05-09 14:00:00+02:00,44.14300155639648,70.97000122070312,47782.75,39871.88,41276.49,0.8638366354251613,64.34,-0.0125,-8.17160335693795
18132,2026-05-09 15:00:00+02:00,44.14300155639648,70.97000122070312,46034.32,36217.5,37831.3,0.8218064259835257,81.8925,0.0025,3.3533425130759884
18133,2026-05-09 16:00:00+02:00,44.14300155639648,70.97000122070312,44889.4,30578.42,32554.84,0.7252233265035345,94.0625,27.715000000000003,29.71290182956898
18134,2026-05-09 17:00:00+02:00,44.14300155639648,70.97000122070312,43992.2,22738.82,25288.04,0.5748300833841385,109.5,93.69,64.89544441410023
18135,2026-05-09 18:00:00+02:00,44.14300155639648,70.97000122070312,45035.01,13299.04,16669.21,0.3701389207263106,127.815,123.19,111.08492977067174
18136,2026-05-09 19:00:00+02:00,44.14300155639648,70.97000122070312,47245.98,4990.06,9457.7,0.200179994107397,143.54250000000002,138.5075,148.686144332516
18137,2026-05-09 20:00:00+02:00,44.14300155639648,70.97000122070312,47252.08,777.61,6951.38,0.1471126773367198,152.9775,146.965,165.2353082364703
18138,2026-05-09 21:00:00+02:00,44.14300155639648,70.97000122070312,46022.02,10.31,8213.88,0.1784771724104076,138.9,143.485,157.02686857345532
18139,2026-05-09 22:00:00+02:00,44.14300155639648,70.97000122070312,44038.61,0.0,9393.29,0.2132966957373775,127.5025,136.3,137.06881892294996
18140,2026-05-09 23:00:00+02:00,44.14300155639648,70.97000122070312,41789.35,0.0,9440.01,0.2258951143710311,119.14,127.0875,129.77915862647225
18141,2026-05-10 00:00:00+02:00,44.14300155639648,70.97000122070312,40380.41,0.0,7962.45,0.1971859621541271,127.6925,128.0925,129.78803158982151
18142,2026-05-10 01:00:00+02:00,44.14300155639648,70.97000122070312,38668.61,0.0,7067.91,0.1827815894642239,123.4075,125.4475,129.03693211260747
18143,2026-05-10 02:00:00+02:00,44.14300155639648,70.97000122070312,37791.58,0.0,6275.4,0.1660528614664819,123.48,125.4325,124.93480529890645
18144,2026-05-10 03:00:00+02:00,44.14300155639648,70.97000122070312,37325.3,0.0,5596.02,0.1499256536049474,124.3525,123.4825,126.56016777283655
18145,2026-05-10 04:00:00+02:00,44.14300155639648,70.97000122070312,37506.36,0.0,5102.76,0.1360505257945451,125.7375,124.1975,126.4341736909202
18146,2026-05-10 05:00:00+02:00,44.14300155639648,70.97000122070312,37973.3,140.96,5112.6,0.1346367052285061,126.4525,123.94,125.82489755152254
18147,2026-05-10 06:00:00+02:00,44.14300155639648,70.97000122070312,39250.94,2703.51,7994.07,0.2036656955976937,127.5225,115.14,120.73474412960178
18148,2026-05-10 07:00:00+02:00,44.14300155639648,70.97000122070312,41955.11,9845.06,15368.87,0.3663169992007369,118.67,101.1675,108.04869632622085
18149,2026-05-10 08:00:00+02:00,44.14300155639648,70.97000122070312,44337.39,20086.61,24986.29,0.5635489593402884,107.6725,70.835,74.75992667225745
18150,2026-05-10 09:00:00+02:00,44.14300155639648,70.97000122070312,46407.35,30174.65,34637.05,0.7463699175353969,68.3075,11.18,15.836559427485092
18151,2026-05-10 10:00:00+02:00,44.14300155639648,70.97000122070312,48018.49,37650.2,42296.66,0.880841109147572,9.9275,0.0025,0.17874469334338272
18152,2026-05-10 11:00:00+02:00,44.14300155639648,70.97000122070312,48814.69,41462.34,46442.63,0.95140684065567,-0.015,-0.6699999999999999,-24.20101604655941
18153,2026-05-10 12:00:00+02:00,44.14300155639648,70.97000122070312,48057.21,42636.7,47866.07,0.9960226569549038,-0.0625,-1.88,-35.54108855849058
18154,2026-05-10 13:00:00+02:00,44.14300155639648,70.97000122070312,46969.49,41777.84,47356.02,1.0082293844348258,-0.09,-2.165,-44.81817704386214
18155,2026-05-10 14:00:00+02:00,44.14300155639648,70.97000122070312,46544.24,38732.01,45018.58,0.9672212929103104,-0.0125,-1.4,-18.202281234270764
18156,2026-05-10 15:00:00+02:00,44.14300155639648,70.97000122070312,46358.23,33646.1,40962.98,0.8836182915345089,0.0025,-0.255,4.623040187636885
18157,2026-05-10 16:00:00+02:00,44.14300155639648,70.97000122070312,46404.21,26857.26,35457.97,0.7641110578621829,27.715000000000003,1.8825,10.729663550380263
18158,2026-05-10 17:00:00+02:00,44.14300155639648,70.97000122070312,47643.07,18469.33,28470.1,0.597570643412028,93.69,71.005,74.49107831846749
18159,2026-05-10 18:00:00+02:00,44.14300155639648,70.97000122070312,49137.36,10171.49,21614.77,0.4398846416576135,123.19,110.9425,109.6094658929453
18160,2026-05-10 19:00:00+02:00,44.14300155639648,70.97000122070312,50042.97,3838.23,16385.88,0.3274362012631472,138.5075,122.0,136.68598763605002
18161,2026-05-10 20:00:00+02:00,44.14300155639648,70.97000122070312,49561.13,603.13,13939.53,0.2812593255478115,146.965,129.3175,143.39728713017865
18162,2026-05-10 21:00:00+02:00,44.14300155639648,70.97000122070312,48348.94,12.47,13710.21,0.2835679540681619,143.485,128.515,139.81703903677368
18163,2026-05-10 22:00:00+02:00,44.14300155639648,70.97000122070312,46757.23,0.0,13252.74,0.2834372352075952,136.3,124.14,136.23934520306767
18164,2026-05-10 23:00:00+02:00,44.14300155639648,70.97000122070312,44867.86,0.0,12377.42,0.2758638365467254,127.0875,119.8375,129.66828594651776
18165,2026-05-11 00:00:00+02:00,44.14300155639648,70.97000122070312,41699.85,0.0,10266.32,0.2461956097573023,128.0925,118.785,120.58294279007919
18166,2026-05-11 01:00:00+02:00,44.14300155639648,70.97000122070312,40767.26,0.0,9388.45,0.2302938681112505,125.4475,112.335,122.84989449227807
18167,2026-05-11 02:00:00+02:00,44.14300155639648,70.97000122070312,40264.45,0.0,9018.04,0.2239702764538022,125.4325,110.4275,120.56793424403567
18168,2026-05-11 03:00:00+02:00,44.14300155639648,70.97000122070312,40565.62,0.0,9086.87,0.2240042182951957,123.4825,112.6575,117.57684790706828
18169,2026-05-11 04:00:00+02:00,44.14300155639648,70.97000122070312,42306.94,0.0,9335.39,0.2206585963861582,124.1975,113.0925,121.97590474607672
18170,2026-05-11 05:00:00+02:00,44.14300155639648,70.97000122070312,47149.69,76.62,9658.0,0.2048369776758156,123.94,122.1375,140.24673658560644
18171,2026-05-11 06:00:00+02:00,44.14300155639648,70.97000122070312,54983.57,1281.92,11056.9,0.2010946178647376,115.14,136.475,162.5079469092808
18172,2026-05-11 07:00:00+02:00,44.14300155639648,70.97000122070312,60231.96,4562.51,14197.92,0.2357207037201311,101.1675,154.0475,172.0218902961929
18173,2026-05-11 08:00:00+02:00,44.14300155639648,70.97000122070312,62977.33,8979.69,18439.77,0.2928001234265091,70.835,150.0125,165.50021189481123
18174,2026-05-11 09:00:00+02:00,44.14300155639648,70.97000122070312,63388.96,13392.41,23425.32,0.3695488929981578,11.18,136.79999999999998,134.9184734729091
18175,2026-05-11 10:00:00+02:00,44.14300155639648,70.97000122070312,63312.16,16939.99,28157.52,0.444741104956024,0.0025,126.3075,118.5724838987153
18176,2026-05-11 11:00:00+02:00,44.14300155639648,70.97000122070312,63633.06,19372.03,32360.45,0.5085477579565484,-0.6699999999999999,113.4325,102.44913535691562
18177,2026-05-11 12:00:00+02:00,44.14300155639648,70.97000122070312,62534.58,20944.07,36339.34,0.5811079245145472,-1.88,105.485,90.90959503779733
18178,2026-05-11 13:00:00+02:00,44.14300155639648,70.97000122070312,60915.27,20893.32,38929.86,0.6390821216684943,-2.165,98.78,76.03665977926352
18179,2026-05-11 14:00:00+02:00,44.14300155639648,70.97000122070312,59624.16,19627.42,40335.15,0.6764900334568251,-1.4,95.98,66.70372281402538
18180,2026-05-11 15:00:00+02:00,44.14300155639648,70.97000122070312,58862.65,17429.16,40304.42,0.6847197670025525,-0.255,96.2,66.39916001721042
18181,2026-05-11 16:00:00+02:00,44.14300155639648,70.97000122070312,58767.15,14070.29,38819.98,0.6605727858743239,1.8825,100.49,88.89333795386644
18182,2026-05-11 17:00:00+02:00,44.14300155639648,70.97000122070312,59356.2,10413.91,36411.4,0.6134388655922315,71.005,116.3025,103.73235396651577
18183,2026-05-11 18:00:00+02:00,44.14300155639648,70.97000122070312,60344.79,6546.95,32664.98,0.5413057199235748,110.9425,122.98,113.63714253602164
18184,2026-05-11 19:00:00+02:00,44.14300155639648,70.97000122070312,60772.34,2792.76,28418.97,0.4676300105495971,122.0,130.7175,136.7632324335512
18185,2026-05-11 20:00:00+02:00,44.14300155639648,70.97000122070312,59111.2,515.64,25514.19,0.4316303846933186,129.3175,131.12,140.68196808752117
18186,2026-05-11 21:00:00+02:00,44.14300155639648,70.97000122070312,56507.09,11.55,25421.82,0.4498872618551252,128.515,127.8725,122.14531575118826
18187,2026-05-11 22:00:00+02:00,44.14300155639648,70.97000122070312,53079.39,0.0,25856.73,0.487133141415692,124.14,120.765,107.22248911716514
18188,2026-05-11 23:00:00+02:00,44.14300155639648,70.97000122070312,49696.14,0.0,26921.54,0.5417229586559996,119.8375,108.9525,99.66874961691879
18189,2026-05-12 00:00:00+02:00,46.233001708984375,72.91500091552734,47037.32,0.0,27188.3,0.5780154990594669,118.785,99.065,91.94382836656418
18190,2026-05-12 01:00:00+02:00,46.233001708984375,72.91500091552734,45632.66,0.0,27816.6,0.609576561916492,112.335,95.275,85.48094910066384
18191,2026-05-12 02:00:00+02:00,46.233001708984375,72.91500091552734,45026.5,0.0,28104.16,0.6241693223714547,110.4275,91.73,83.60122266034092
18192,2026-05-12 03:00:00+02:00,46.233001708984375,72.91500091552734,45131.63,0.0,28413.57,0.6295711011036891,112.6575,89.8975,83.08836235874406
18193,2026-05-12 04:00:00+02:00,46.233001708984375,72.91500091552734,46104.14,0.0,28529.79,0.6188118896440077,113.0925,91.375,88.71047176745611
18194,2026-05-12 05:00:00+02:00,46.233001708984375,72.91500091552734,48697.03,127.21,28511.95,0.5854966923885303,122.1375,94.0025,95.91174240999638
18195,2026-05-12 06:00:00+02:00,46.233001708984375,72.91500091552734,54096.12,2078.12,30390.51,0.5617872408295109,136.475,111.2625,113.3370614267998
18196,2026-05-12 07:00:00+02:00,46.233001708984375,72.91500091552734,58927.67,7394.37,35093.99,0.5955434856671673,154.0475,122.575,117.41004495072625
18197,2026-05-12 08:00:00+02:00,46.233001708984375,72.91500091552734,62010.39,14755.56,42021.87,0.6776585342105318,150.0125,112.145,101.00571834923707
18198,2026-05-12 09:00:00+02:00,46.233001708984375,72.91500091552734,62825.38,21712.25,48971.34,0.7794833870038694,136.79999999999998,94.075,78.76474347000925
18199,2026-05-12 10:00:00+02:00,46.233001708984375,72.91500091552734,63107.75,26715.61,53316.75,0.8448526526702579,126.3075,79.5575,60.31348853925282
18200,2026-05-12 11:00:00+02:00,46.233001708984375,72.91500091552734,63087.22,29846.38,55101.31,0.8734147738839316,113.4325,63.535,55.79742784015356
18201,2026-05-12 12:00:00+02:00,46.233001708984375,72.91500091552734,62436.35,31596.23,55560.42,0.8898729664866903,105.485,45.91,39.86439684733624
18202,2026-05-12 13:00:00+02:00,46.233001708984375,72.91500091552734,61181.96,32067.3,55391.37,0.9053546174549892,98.78,27.33,30.86454070628955
18203,2026-05-12 14:00:00+02:00,46.233001708984375,72.91500091552734,59813.42,31317.72,55006.15,0.919628905867675,95.98,19.9725,27.100052399376736
18204,2026-05-12 15:00:00+02:00,46.233001708984375,72.91500091552734,58907.84,29039.81,53432.89,0.907059060235945,96.2,44.760000000000005,27.871698100068247
18205,2026-05-12 16:00:00+02:00,46.233001708984375,72.91500091552734,58513.05,24712.43,50037.03,0.8551430833198502,100.49,74.405,34.852369611176435
18206,2026-05-12 17:00:00+02:00,46.233001708984375,72.91500091552734,58618.86,18333.02,43917.28,0.749200513154094,116.3025,96.0,70.6107455289914
18207,2026-05-12 18:00:00+02:00,46.233001708984375,72.91500091552734,59389.29,10839.34,34927.59,0.5881126040422249,122.98,114.88,109.6028721599631
18208,2026-05-12 19:00:00+02:00,46.233001708984375,72.91500091552734,59569.93,4275.67,25885.46,0.4345390366524622,130.7175,136.2775,138.5625439053619
18209,2026-05-12 20:00:00+02:00,46.233001708984375,72.91500091552734,58111.23,667.9,20184.71,0.3473461153124196,131.12,142.985,153.92003996476427
18210,2026-05-12 21:00:00+02:00,46.233001708984375,72.91500091552734,55675.58,14.25,19342.93,0.3474221552164481,127.8725,142.7425,145.14020681263372
18211,2026-05-12 22:00:00+02:00,46.233001708984375,72.91500091552734,52493.19,0.0,19885.92,0.3788285679763739,120.765,131.225,137.10929815310323
18212,2026-05-12 23:00:00+02:00,46.233001708984375,72.91500091552734,49594.5,0.0,20937.22,0.422168183886889,108.9525,118.345,121.37409005394157
18213,2026-05-13 00:00:00+02:00,46.68399810791016,71.50499725341797,46949.8,0.0,21762.98,0.4635372247669772,99.065,114.33,112.66266510362037
18214,2026-05-13 01:00:00+02:00,46.68399810791016,71.50499725341797,45655.77,0.0,22843.94,0.5003516531425597,95.275,106.2175,100.08353273836596
18215,2026-05-13 02:00:00+02:00,46.68399810791016,71.50499725341797,45051.23,0.0,23181.92,0.5145679706159924,91.73,104.3575,102.5319552203535
18216,2026-05-13 03:00:00+02:00,46.68399810791016,71.50499725341797,45047.03,0.0,22695.8,0.5038245583551624,89.8975,107.435,101.63541284043545
18217,2026-05-13 04:00:00+02:00,46.68399810791016,71.50499725341797,46377.47,0.0,22006.93,0.4745176913543326,91.375,111.195,106.95675218339552
18218,2026-05-13 05:00:00+02:00,46.68399810791016,71.50499725341797,49303.56,109.3,21218.37,0.4303618236836524,94.0025,120.0,114.53823638320966
18219,2026-05-13 06:00:00+02:00,46.68399810791016,71.50499725341797,55184.67,2135.79,22257.39,0.4033255974162162,111.2625,137.1825,132.3513174360108
18220,2026-05-13 07:00:00+02:00,46.68399810791016,71.50499725341797,60646.57,7553.13,25997.97,0.4286799730918533,122.575,141.1225,142.71425282933535
18221,2026-05-13 08:00:00+02:00,46.68399810791016,71.50499725341797,62997.24,15175.13,32261.51,0.5121098955268342,112.145,126.7,125.72222480306223
18222,2026-05-13 09:00:00+02:00,46.68399810791016,71.50499725341797,63507.59,22950.12,40135.38,0.6319776894963298,94.075,102.525,102.88084880922736
18223,2026-05-13 10:00:00+02:00,46.68399810791016,71.50499725341797,63868.81,28158.18,45828.1,0.7175348968115212,79.5575,86.44,72.44956052993246
18224,2026-05-13 11:00:00+02:00,46.68399810791016,71.50499725341797,64404.7,29767.28,47558.57,0.738433219821157,63.535,83.7775,61.90932222382929
18225,2026-05-13 12:00:00+02:00,46.68399810791016,71.50499725341797,63539.44,29953.65,48044.87,0.7561424839822097,45.91,74.10249999999999,55.826157370504255
18226,2026-05-13 13:00:00+02:00,46.68399810791016,71.50499725341797,61356.23,29436.54,47800.47,0.7790646523133731,27.33,71.77250000000001,50.963698618916055
18227,2026-05-13 14:00:00+02:00,46.68399810791016,71.50499725341797,60099.78,27878.93,46535.18,0.7742986745085758,19.9725,70.2025,52.267108375484554
18228,2026-05-13 15:00:00+02:00,46.68399810791016,71.50499725341797,59244.99,25340.81,43693.27,0.7375015168814271,44.760000000000005,82.2675,59.5524043854295
18229,2026-05-13 16:00:00+02:00,46.68399810791016,71.50499725341797,59347.67,21090.66,38454.3,0.6479496161099586,74.405,92.375,88.91142944526456
18230,2026-05-13 17:00:00+02:00,46.68399810791016,71.50499725341797,59579.69,15196.72,30801.55,0.5169807025654244,96.0,112.6025,112.41815736632189
18231,2026-05-13 18:00:00+02:00,46.68399810791016,71.50499725341797,59466.38,9115.13,22798.0,0.3833762875118047,114.88,132.355,137.4764298405248
18232,2026-05-13 19:00:00+02:00,46.68399810791016,71.50499725341797,59538.89,3827.99,16241.19,0.2727828818654861,136.2775,151.4925,154.16589782009095
18233,2026-05-13 20:00:00+02:00,46.68399810791016,71.50499725341797,58071.98,665.12,12940.2,0.2228303563572603,142.985,171.26749999999998,167.53036588827956
18234,2026-05-13 21:00:00+02:00,46.68399810791016,71.50499725341797,55522.96,18.04,13149.25,0.2368254501855042,142.7425,160.04500000000002,157.40272207114003
18235,2026-05-13 22:00:00+02:00,46.68399810791016,71.50499725341797,52156.43,0.0,14050.3,0.2693876861837768,131.225,142.20499999999998,143.3752075311575
18236,2026-05-13 23:00:00+02:00,46.68399810791016,71.50499725341797,48675.54,0.0,14931.21,0.3067497555637287,118.345,123.095,133.40939296182341
18237,2026-05-14 00:00:00+02:00,46.91999816894531,70.9000015258789,43283.94,0.0,14413.81,0.3330059601013664,114.33,130.54,120.16506955807846
18238,2026-05-14 01:00:00+02:00,46.91999816894531,70.9000015258789,41404.24,0.0,14752.54,0.3563050546619609,106.2175,121.75,115.8298592961016
18239,2026-05-14 02:00:00+02:00,46.91999816894531,70.9000015258789,40550.15,0.0,14952.62,0.3687438886493036,104.3575,119.225,114.64583846850033
18240,2026-05-14 03:00:00+02:00,46.91999816894531,70.9000015258789,40239.61,0.0,15084.28,0.3748614858904294,107.435,115.6375,112.22232977026346
18241,2026-05-14 04:00:00+02:00,46.91999816894531,70.9000015258789,40452.11,0.0,15178.07,0.375210835633738,111.195,112.9175,111.01949348943737
18242,2026-05-14 05:00:00+02:00,46.91999816894531,70.9000015258789,40330.07,125.12,15266.71,0.3785440986394161,120.0,112.045,112.37870525249419
18243,2026-05-14 06:00:00+02:00,46.91999816894531,70.9000015258789,40495.99,2087.23,17156.34,0.423655280331792,137.1825,111.405,111.95160048186692
18244,2026-05-14 07:00:00+02:00,46.91999816894531,70.9000015258789,42778.65,7130.91,21727.16,0.5078972804172415,141.1225,108.09,98.37925474367354
18245,2026-05-14 08:00:00+02:00,46.91999816894531,70.9000015258789,46193.67,13760.95,27779.42,0.6013685423562647,126.7,99.2575,80.81592222460601
18246,2026-05-14 09:00:00+02:00,46.91999816894531,70.9000015258789,48681.32,20045.21,33802.83,0.6943696266464489,102.525,85.15,65.12060222557781
18247,2026-05-14 10:00:00+02:00,46.91999816894531,70.9000015258789,49848.4,24704.83,37999.17,0.7622946773091422,86.44,58.6425,39.56493096687781
18248,2026-05-14 11:00:00+02:00,46.91999816894531,70.9000015258789,50143.04,28068.86,40832.03,0.814311018874342,83.7775,35.5675,27.00967919939695
18249,2026-05-14 12:00:00+02:00,46.91999816894531,70.9000015258789,49529.11,30390.35,42822.75,0.8645976071719039,74.10249999999999,16.055,21.462674514422687
18250,2026-05-14 13:00:00+02:00,46.91999816894531,70.9000015258789,47977.01,31200.0,43291.08,0.9023296781307693,71.77250000000001,7.5525,14.36329803135592
18251,2026-05-14 14:00:00+02:00,46.91999816894531,70.9000015258789,46394.04,30663.27,42419.27,0.9143258485541836,70.2025,4.6025,15.526740030035489
18252,2026-05-14 15:00:00+02:00,46.91999816894531,70.9000015258789,45869.67,28647.21,39824.79,0.8682161871083406,82.2675,17.8475,18.333066997787846
18253,2026-05-14 16:00:00+02:00,46.91999816894531,70.9000015258789,46322.0,24388.55,34669.01,0.7484350846793241,92.375,66.9125,32.59611869663881
18254,2026-05-14 17:00:00+02:00,46.91999816894531,70.9000015258789,47472.46,18282.3,27255.97,0.5741427765542079,112.6025,94.76,89.62084290024654
18255,2026-05-14 18:00:00+02:00,46.91999816894531,70.9000015258789,48993.28,11167.89,18693.32,0.3815486531251737,132.355,126.0,116.49400313838869
18256,2026-05-14 19:00:00+02:00,46.91999816894531,70.9000015258789,49233.19,4677.27,10784.1,0.2190412605360243,151.4925,142.5825,147.0896013080034
18257,2026-05-14 20:00:00+02:00,46.91999816894531,70.9000015258789,48380.36,909.71,5986.38,0.1237357472900706,171.26749999999998,150.4475,170.14256253316955
18258,2026-05-14 21:00:00+02:00,46.91999816894531,70.9000015258789,47348.15,20.58,4432.26,0.0936099931901014,160.04500000000002,152.2025,165.94576346262988
18259,2026-05-14 22:00:00+02:00,46.91999816894531,70.9000015258789,45638.61,0.0,4193.53,0.0918855766878339,142.20499999999998,150.91,149.24776790051726
18260,2026-05-14 23:00:00+02:00,46.91999816894531,70.9000015258789,43572.26,0.0,4404.17,0.1010773826969091,123.095,136.32,143.6881510081488
18261,2026-05-15 00:00:00+02:00,47.65499877929688,70.86000061035156,43088.13,0.0,3698.53,0.0858364008635704,130.54,137.9725,144.7616804423501
18262,2026-05-15 01:00:00+02:00,47.65499877929688,70.86000061035156,41844.7,0.0,4149.02,0.0991528198077288,121.75,131.3725,139.15789832707537
18263,2026-05-15 02:00:00+02:00,47.65499877929688,70.86000061035156,41263.47,0.0,4768.89,0.1155717150991974,119.225,126.3125,132.61509761731665
18264,2026-05-15 03:00:00+02:00,47.65499877929688,70.86000061035156,41215.26,0.0,5379.17,0.1305140377300752,115.6375,121.9375,128.22613216514603
18265,2026-05-15 04:00:00+02:00,47.65499877929688,70.86000061035156,42426.81,0.0,5836.46,0.1375653743145984,112.9175,123.7125,129.65165470376263
18266,2026-05-15 05:00:00+02:00,47.65499877929688,70.86000061035156,44775.34,210.65,6327.93,0.1413262299870138,112.045,127.16,138.69564876723342
18267,2026-05-15 06:00:00+02:00,47.65499877929688,70.86000061035156,48481.47,2558.67,8757.41,0.180634168027365,111.405,136.1,142.81044324746495
18268,2026-05-15 07:00:00+02:00,47.65499877929688,70.86000061035156,52309.32,8317.31,14322.6,0.2738058915172657,108.09,132.515,140.7040830635164
18269,2026-05-15 08:00:00+02:00,47.65499877929688,70.86000061035156,55293.2,16351.5,22256.18,0.4025120628933554,99.2575,123.995,127.3498829786129
18270,2026-05-15 09:00:00+02:00,47.65499877929688,70.86000061035156,56842.01,24216.93,30456.7,0.535813212703806,85.15,104.54,98.68400081540065
18271,2026-05-15 10:00:00+02:00,47.65499877929688,70.86000061035156,57496.52,29405.86,36334.7,0.6319460724523943,58.6425,81.7825,72.4148108082982
18272,2026-05-15 11:00:00+02:00,47.65499877929688,70.86000061035156,57361.79,32312.13,39866.99,0.6950095175385897,35.5675,66.8175,44.26284899174276
18273,2026-05-15 12:00:00+02:00,47.65499877929688,70.86000061035156,56753.24,34349.84,42521.2,0.7492294711721781,16.055,54.3025,28.873257288784153
18274,2026-05-15 13:00:00+02:00,47.65499877929688,70.86000061035156,55756.11,34857.99,43771.14,0.7850465176309741,7.5525,40.3225,23.954620428634577
18275,2026-05-15 14:00:00+02:00,47.65499877929688,70.86000061035156,54319.83,33480.72,43247.54,0.7961648626668815,4.6025,40.1475,23.936333431836452
18276,2026-05-15 15:00:00+02:00,47.65499877929688,70.86000061035156,53436.93,30013.37,40484.72,0.7576168764265431,17.8475,51.0025,32.086657843189506
18277,2026-05-15 16:00:00+02:00,47.65499877929688,70.86000061035156,52778.07,24807.93,35773.54,0.6778106890460733,66.9125,77.32,66.22766582387824
18278,2026-05-15 17:00:00+02:00,47.65499877929688,70.86000061035156,53459.56,18201.47,29368.94,0.5493674095803692,94.76,105.0475,100.9093641012114
18279,2026-05-15 18:00:00+02:00,47.65499877929688,70.86000061035156,54016.66,11047.17,22320.91,0.4132226982539789,126.0,125.0425,124.81352218826767
18280,2026-05-15 19:00:00+02:00,47.65499877929688,70.86000061035156,53616.77,4670.71,15593.39,0.290830462131376,142.5825,143.31,144.98605834550705
18281,2026-05-15 20:00:00+02:00,47.65499877929688,70.86000061035156,52668.8,897.9,11515.41,0.2186381690453099,150.4475,153.455,151.85449682621595
18282,2026-05-15 21:00:00+02:00,47.65499877929688,70.86000061035156,51016.66,17.61,10419.0,0.204227403321929,152.2025,151.14499999999998,151.2548720321813
18283,2026-05-15 22:00:00+02:00,47.65499877929688,70.86000061035156,48524.43,0.0,10650.56,0.2194886163073963,150.91,144.685,147.09034894440407
18284,2026-05-15 23:00:00+02:00,47.65499877929688,70.86000061035156,45649.21,0.0,11369.88,0.249070684848857,136.32,135.5125,136.5264281333998
18285,2026-05-16 00:00:00+02:00,50.16699981689453,71.44999694824219,43904.27,0.0,13069.34,0.2976781073235751,137.9725,130.0,126.08263391105838
18286,2026-05-16 01:00:00+02:00,50.16699981689453,71.44999694824219,42377.05,0.0,14009.36,0.330588372637881,131.3725,121.7875,123.32125757870332
18287,2026-05-16 02:00:00+02:00,50.16699981689453,71.44999694824219,41320.84,0.0,14976.4,0.3624418089364974,126.3125,117.5625,118.50333334068486
18288,2026-05-16 03:00:00+02:00,50.16699981689453,71.44999694824219,40793.14,0.0,15847.8,0.3884917904362125,121.9375,116.0025,113.01489584822819
18289,2026-05-16 04:00:00+02:00,50.16699981689453,71.44999694824219,41079.5,0.0,16731.74,0.4073014519633147,123.7125,114.02,111.36248542111522
18290,2026-05-16 05:00:00+02:00,50.16699981689453,71.44999694824219,41482.89,254.3,17554.27,0.4231689256888397,127.16,109.3425,110.69182423365923
18291,2026-05-16 06:00:00+02:00,50.16699981689453,71.44999694824219,42953.47,2845.41,20267.87,0.4718564063690648,136.1,105.7075,103.43218098414215
18292,2026-05-16 07:00:00+02:00,50.16699981689453,71.44999694824219,45434.92,9188.1,24994.15,0.5501088148608804,132.515,100.045,95.60501389524045
18293,2026-05-16 08:00:00+02:00,50.16699981689453,71.44999694824219,48445.19,17615.1,33046.95,0.6821513135396616,123.995,86.9525,73.0942047464588
18294,2026-05-16 09:00:00+02:00,50.16699981689453,71.44999694824219,50500.85,25331.92,41406.33,0.8199135260456183,104.54,43.9525,41.26135561475215
18295,2026-05-16 10:00:00+02:00,50.16699981689453,71.44999694824219,51341.7,30483.52,47271.76,0.9207283746115286,81.7825,4.2025,26.285622095706128
18296,2026-05-16 11:00:00+02:00,50.16699981689453,71.44999694824219,51519.74,33581.51,50528.59,0.9807617427842684,66.8175,-0.03,19.050716777000503
18297,2026-05-16 12:00:00+02:00,50.16699981689453,71.44999694824219,50928.39,35372.76,52301.67,1.0269649205429496,54.3025,-1.195,11.720034266874952
18298,2026-05-16 13:00:00+02:00,50.16699981689453,71.44999694824219,49682.8,35824.53,52713.12,1.0609933415465729,40.3225,-2.2,6.1128824876996255
18299,2026-05-16 14:00:00+02:00,50.16699981689453,71.44999694824219,48295.46,34994.27,52166.19,1.080146870724464,40.1475,-1.9325,3.17432619516806
18300,2026-05-16 15:00:00+02:00,50.16699981689453,71.44999694824219,47028.65,32599.9,50007.83,1.0633481928434372,51.0025,-0.9975,5.420720971753131
18301,2026-05-16 16:00:00+02:00,50.16699981689453,71.44999694824219,46441.57,28132.9,45748.07,0.985067257419362,77.32,4.779999999999999,15.133558451867312
18302,2026-05-16 17:00:00+02:00,50.16699981689453,71.44999694824219,46946.96,21581.92,38700.15,0.824337720520277,105.0475,60.0925,30.976957789952724
18303,2026-05-16 18:00:00+02:00,50.16699981689453,71.44999694824219,48010.21,13403.42,28574.77,0.5951811082277746,125.0425,100.2225,90.96846919517455
18304,2026-05-16 19:00:00+02:00,50.16699981689453,71.44999694824219,48491.48,5614.84,18087.31,0.3729997516320393,143.31,126.47,129.73781121782596
18305,2026-05-16 20:00:00+02:00,50.16699981689453,71.44999694824219,48424.02,1143.5,11300.51,0.2333657965131012,153.455,139.9975,152.1724532172027
18306,2026-05-16 21:00:00+02:00,50.16699981689453,71.44999694824219,47064.37,21.65,8992.96,0.1910778790428772,151.14499999999998,140.6875,156.3121079133789
18307,2026-05-16 22:00:00+02:00,50.16699981689453,71.44999694824219,45281.97,0.0,8767.97,0.1936304890901101,144.685,135.99,148.97495716927494
18308,2026-05-16 23:00:00+02:00,50.16699981689453,71.44999694824219,43113.46,0.0,9002.54,0.2088104271360242,135.5125,127.7,139.7338595323937
18309,2026-05-17 00:00:00+02:00,50.16699981689453,71.44999694824219,40643.78,0.0,8630.63,0.2123481132383975,130.0,127.7175,132.98866301169946
18310,2026-05-17 01:00:00+02:00,50.16699981689453,71.44999694824219,38971.7,0.0,8891.32,0.2281481176781746,121.7875,119.0625,124.11706889359404
18311,2026-05-17 02:00:00+02:00,50.16699981689453,71.44999694824219,38207.66,0.0,8965.68,0.234656610681037,117.5625,115.565,122.4038719472025
18312,2026-05-17 03:00:00+02:00,50.16699981689453,71.44999694824219,37931.01,0.0,8867.33,0.2337752144660067,116.0025,113.8975,120.95797459667195
18313,2026-05-17 04:00:00+02:00,50.16699981689453,71.44999694824219,38146.34,0.0,8917.12,0.2337608273208489,114.02,109.17,118.92434279533248
18314,2026-05-17 05:00:00+02:00,50.16699981689453,71.44999694824219,38631.73,304.03,9537.0,0.2468696068628379,109.3425,105.445,120.57954199497493
18315,2026-05-17 06:00:00+02:00,50.16699981689453,71.44999694824219,40180.82,3639.26,13299.92,0.3310017067021027,105.7075,98.7925,112.3987258298032
18316,2026-05-17 07:00:00+02:00,50.16699981689453,71.44999694824219,42217.59,11783.26,20866.42,0.4942589094985623,100.045,80.795,95.8115785031442
18317,2026-05-17 08:00:00+02:00,50.16699981689453,71.44999694824219,44994.96,22388.28,29803.69,0.6623784084567741,86.9525,53.8425,54.232382551651185
18318,2026-05-17 09:00:00+02:00,50.16699981689453,71.44999694824219,47315.24,31285.39,38565.89,0.8150838924593674,43.9525,18.97,22.699774294020525
18319,2026-05-17 10:00:00+02:00,50.16699981689453,71.44999694824219,48729.38,36258.92,44469.37,0.9125782021210658,4.2025,3.49,14.410298627917282
18320,2026-05-17 11:00:00+02:00,50.16699981689453,71.44999694824219,49566.77,37705.23,46942.3,0.947051825053952,-0.03,0.56,8.167751428908865
18321,2026-05-17 12:00:00+02:00,50.16699981689453,71.44999694824219,48943.35,37519.03,47254.82,0.965500318027781,-1.195,0.8225,7.075409717914391
18322,2026-05-17 13:00:00+02:00,50.16699981689453,71.44999694824219,47716.5,36050.49,45752.91,0.958848825676894,-2.2,0.0,2.9790619154647118
18323,2026-05-17 14:00:00+02:00,50.16699981689453,71.44999694824219,46561.14,33549.45,42759.96,0.9183615347651792,-1.9325,0.98,6.820861510620156
18324,2026-05-17 15:00:00+02:00,50.16699981689453,71.44999694824219,45472.59,30054.09,38356.3,0.8435037456974622,-0.9975,11.31,14.229369326363788
18325,2026-05-17 16:00:00+02:00,50.16699981689453,71.44999694824219,44975.43,24796.53,32092.79,0.7135627161955844,4.779999999999999,52.4375,31.39194502082234
18326,2026-05-17 17:00:00+02:00,50.16699981689453,71.44999694824219,46285.81,18365.38,24586.79,0.5311949816733909,60.0925,100.315,82.64776471967147
18327,2026-05-17 18:00:00+02:00,50.16699981689453,71.44999694824219,47736.55,11201.34,16438.93,0.3443677851993141,100.2225,129.3875,124.90245845978589
18328,2026-05-17 19:00:00+02:00,50.16699981689453,71.44999694824219,48970.78,4804.93,9445.18,0.192873791229612,126.47,143.0675,145.68419226037645
18329,2026-05-17 20:00:00+02:00,50.16699981689453,71.44999694824219,48754.27,961.08,5583.34,0.1145200204793303,139.9975,155.8,163.78060951734744
18330,2026-05-17 21:00:00+02:00,50.16699981689453,71.44999694824219,47529.87,25.32,5013.64,0.1054839829973269,140.6875,156.70499999999998,165.97622350895347
18331,2026-05-17 22:00:00+02:00,50.16699981689453,71.44999694824219,45706.4,0.0,5684.47,0.1243692349158172,135.99,151.3675,155.15620018320277
18332,2026-05-17 23:00:00+02:00,50.16699981689453,71.44999694824219,43312.79,0.0,6297.09,0.1453863858353649,127.7,142.575,143.48566440014082
18333,2026-05-18 00:00:00+02:00,50.16699981689453,71.44999694824219,41907.39,0.0,8184.81,0.195307080637733,127.7175,134.6575,135.8632535064728
18334,2026-05-18 01:00:00+02:00,50.16699981689453,71.44999694824219,40776.43,0.0,8426.52,0.2066517347873142,119.0625,125.9725,133.67622801799556
18335,2026-05-18 02:00:00+02:00,50.16699981689453,71.44999694824219,40168.67,0.0,8507.51,0.21179466479428,115.565,125.9975,129.71949859321785
18336,2026-05-18 03:00:00+02:00,50.16699981689453,71.44999694824219,40478.72,0.0,8396.43,0.2074282486680833,113.8975,126.3925,132.2258925403333
18337,2026-05-18 04:00:00+02:00,50.16699981689453,71.44999694824219,42002.9,0.0,8215.79,0.1956005418207789,109.17,129.36,134.92184360475466
18338,2026-05-18 05:00:00+02:00,50.16699981689453,71.44999694824219,46388.92,290.78,8308.04,0.1790953529034314,105.445,137.0225,143.53687506521857
18339,2026-05-18 06:00:00+02:00,50.16699981689453,71.44999694824219,54008.21,3137.96,10923.91,0.2022638779914639,98.7925,152.51749999999998,156.44577852762126
18340,2026-05-18 07:00:00+02:00,50.16699981689453,71.44999694824219,59152.12,9755.24,16764.73,0.2834172299685256,80.795,160.075,162.42781394416272
18341,2026-05-18 08:00:00+02:00,50.16699981689453,71.44999694824219,62038.08,18397.78,23860.32,0.3846076473700334,53.8425,152.105,147.95560163819096
18342,2026-05-18 09:00:00+02:00,50.16699981689453,71.44999694824219,62678.43,26467.42,31080.51,0.4958725034280736,18.97,125.88,116.30875318482563
18343,2026-05-18 10:00:00+02:00,50.16699981689453,71.44999694824219,62917.25,32044.32,37004.69,0.5881485601185449,3.49,107.85,91.85236408513718
18344,2026-05-18 11:00:00+02:00,50.16699981689453,71.44999694824219,63411.91,34310.07,40108.39,0.6325056285747416,0.56,100.0525,78.31632907607258
18345,2026-05-18 12:00:00+02:00,50.16699981689453,71.44999694824219,62673.91,34527.32,40924.21,0.652970430494448,0.8225,94.895,69.4440021936866
18346,2026-05-18 13:00:00+02:00,50.16699981689453,71.44999694824219,61305.63,33618.79,40008.78,0.652611839948042,0.0,94.9775,66.1967892576825
18347,2026-05-18 14:00:00+02:00,50.16699981689453,71.44999694824219,59987.6,31846.3,37877.91,0.6314289952204407,0.98,96.77,70.413722280136
18348,2026-05-18 15:00:00+02:00,50.16699981689453,71.44999694824219,58937.79,28777.46,34205.11,0.5803595620771733,11.31,102.405,84.53483485783924
18349,2026-05-18 16:00:00+02:00,50.16699981689453,71.44999694824219,58520.18,24102.15,29059.29,0.4965687049327995,52.4375,113.965,103.41617606736988
18350,2026-05-18 17:00:00+02:00,50.16699981689453,71.44999694824219,58918.85,17989.47,22569.98,0.3830689159100917,100.315,134.065,132.04992457787543
18351,2026-05-18 18:00:00+02:00,50.16699981689453,71.44999694824219,59532.3,11022.91,15212.03,0.2555256557775315,129.3875,152.1375,142.15729680596104
18352,2026-05-18 19:00:00+02:00,50.16699981689453,71.44999694824219,59343.44,4778.38,8785.43,0.148043827565769,143.0675,192.8525,171.47084305593665
18353,2026-05-18 20:00:00+02:00,50.16699981689453,71.44999694824219,57498.59,1023.79,5268.48,0.091627985992069,155.8,250.8975,196.48156874797616
18354,2026-05-18 21:00:00+02:00,50.16699981689453,71.44999694824219,55044.08,31.4,4656.68,0.0845991067368917,156.70499999999998,214.3375,181.0627646084917
18355,2026-05-18 22:00:00+02:00,50.16699981689453,71.44999694824219,51887.72,0.0,4849.87,0.093468550922363,151.3675,160.6475,157.7225830083682
18356,2026-05-18 23:00:00+02:00,50.16699981689453,71.44999694824219,48689.47,0.0,4787.46,0.0983263937565296,142.575,148.89499999999998,149.65260931093889
18357,2026-05-19 00:00:00+02:00,50.25,71.42500305175781,45876.1,0.0,4041.27,0.0880909667369085,134.6575,148.2525,145.78218555169263
18358,2026-05-19 01:00:00+02:00,50.25,71.42500305175781,44371.34,0.0,3474.67,0.0783088813458622,125.9725,141.9425,143.02359629709423
18359,2026-05-19 02:00:00+02:00,50.25,71.42500305175781,43650.49,0.0,3187.8,0.0730301080072571,125.9975,139.3225,141.7155972627856
18360,2026-05-19 03:00:00+02:00,50.25,71.42500305175781,43721.36,0.0,2938.11,0.0672007915428063,126.3925,138.54000000000002,140.6817640230771
18361,2026-05-19 04:00:00+02:00,50.25,71.42500305175781,44644.27,0.0,2702.32,0.060530052331345,129.36,141.5675,139.82269434466917
18362,2026-05-19 05:00:00+02:00,50.25,71.42500305175781,47503.85,312.99,2835.77,0.0596955825560042,137.0225,146.92000000000002,148.7705758248298
18363,2026-05-19 06:00:00+02:00,50.25,71.42500305175781,53046.23,3390.02,5747.76,0.1083537887408108,152.51749999999998,164.46,157.72030925635357
18364,2026-05-19 07:00:00+02:00,50.25,71.42500305175781,57964.7,10589.63,12651.88,0.2182687048810278,160.075,153.7725,152.2383945868674
18365,2026-05-19 08:00:00+02:00,50.25,71.42500305175781,60959.95,20573.63,22273.77,0.3653836657731209,152.105,131.855,140.78978998354762
18366,2026-05-19 09:00:00+02:00,50.25,71.42500305175781,61681.16,30051.69,31615.89,0.5125696403062832,125.88,108.7425,112.97206631696602
18367,2026-05-19 10:00:00+02:00,50.25,71.42500305175781,62015.89,36125.42,38029.19,0.6132168706095782,107.85,94.265,78.7762693141197
18368,2026-05-19 11:00:00+02:00,50.25,71.42500305175781,61983.43,38412.74,41001.67,0.6614940475766677,100.0525,82.08500000000001,70.63051495819653
18369,2026-05-19 12:00:00+02:00,50.25,71.42500305175781,61345.24,38682.64,42070.11,0.6857925731995193,94.895,73.145,63.46500074805075
18370,2026-05-19 13:00:00+02:00,50.25,71.42500305175781,60194.94,37406.54,41619.73,0.6914157567577248,94.9775,73.7375,59.32883202089574
18371,2026-05-19 14:00:00+02:00,50.25,71.42500305175781,58620.96,34855.37,39820.62,0.6792897965711769,96.77,79.81,63.00365489058522
18372,2026-05-19 15:00:00+02:00,50.25,71.42500305175781,57695.2,30500.9,36104.16,0.6257740677516026,102.405,87.57,83.85554630209789
18373,2026-05-19 16:00:00+02:00,50.25,71.42500305175781,57131.81,24755.39,30963.39,0.541964100114811,113.965,102.25,104.11918325147573
18374,2026-05-19 17:00:00+02:00,50.25,71.42500305175781,57202.92,17777.98,24338.88,0.4254831745607596,134.065,127.2925,128.05974228643313
18375,2026-05-19 18:00:00+02:00,50.25,71.42500305175781,58184.75,10499.58,17145.56,0.2946744636189595,152.1375,144.95,143.2700433615193
18376,2026-05-19 19:00:00+02:00,50.25,71.42500305175781,58373.33,4373.56,11296.56,0.1935226240830319,192.8525,172.485,168.41570124326074
18377,2026-05-19 20:00:00+02:00,50.25,71.42500305175781,56957.75,861.79,8736.48,0.1533852723899056,250.8975,180.9025,186.25314030334556
18378,2026-05-19 21:00:00+02:00,50.25,71.42500305175781,54791.27,21.9,9552.77,0.1743483952508586,214.3375,163.63,165.488389414905
18379,2026-05-19 22:00:00+02:00,50.25,71.42500305175781,51509.91,0.0,11268.21,0.2187580991271857,160.6475,145.545,142.4943519173384
18380,2026-05-19 23:00:00+02:00,50.25,71.42500305175781,48457.37,0.0,12780.24,0.2637419240326616,148.89499999999998,131.8025,135.8218576250063
18381,2026-05-20 00:00:00+02:00,51.81600189208984,70.79499816894531,45064.95,0.0,14397.0,0.3194722283460933,148.2525,123.73,125.16102689251969
18382,2026-05-20 01:00:00+02:00,51.81600189208984,70.79499816894531,43791.35,0.0,15261.95,0.3485151747209175,141.9425,114.635,121.03551222935626
18383,2026-05-20 02:00:00+02:00,51.81600189208984,70.79499816894531,43131.27,0.0,15887.09,0.3683427359388345,139.3225,109.7525,118.36763652155341
18384,2026-05-20 03:00:00+02:00,51.81600189208984,70.79499816894531,42895.21,0.0,16313.11,0.3803014368316879,138.54000000000002,109.9725,116.13898787579055
18385,2026-05-20 04:00:00+02:00,51.81600189208984,70.79499816894531,44539.05,0.0,16497.78,0.3704115825617268,141.5675,110.41,116.19956448745633
18386,2026-05-20 05:00:00+02:00,51.81600189208984,70.79499816894531,47460.93,187.05,16502.41,0.3477051544612157,146.92000000000002,119.05,125.10988688484908
18387,2026-05-20 06:00:00+02:00,51.81600189208984,70.79499816894531,53419.57,1962.32,17802.54,0.3332587663410135,164.46,134.9875,141.39101984070453
18388,2026-05-20 07:00:00+02:00,51.81600189208984,70.79499816894531,58800.73,6057.85,20938.68,0.356095579024938,153.7725,136.975,148.1232448122028
18389,2026-05-20 08:00:00+02:00,51.81600189208984,70.79499816894531,61007.29,11597.54,25426.56,0.4167790438787268,131.855,125.5125,139.1108904800578
18390,2026-05-20 09:00:00+02:00,51.81600189208984,70.79499816894531,61642.91,17636.96,31117.97,0.5048102043682217,108.7425,109.06,120.20334215422605
18391,2026-05-20 10:00:00+02:00,51.81600189208984,70.79499816894531,61943.37,22581.57,36441.47,0.5883029934295949,94.265,89.7,102.61326141291006
18392,2026-05-20 11:00:00+02:00,51.81600189208984,70.79499816894531,62266.29,25990.43,40093.92,0.6439105331883574,82.08500000000001,75.46249999999999,89.68297916434591
18393,2026-05-20 12:00:00+02:00,51.81600189208984,70.79499816894531,61523.41,28263.89,42559.56,0.6917620462370726,73.145,64.005,68.94823667583748
18394,2026-05-20 13:00:00+02:00,51.81600189208984,70.79499816894531,59125.08,29338.6,44022.55,0.7445664342873504,73.7375,44.9975,57.39189226110084
18395,2026-05-20 14:00:00+02:00,51.81600189208984,70.79499816894531,57967.48,29350.48,44582.0,0.7690863910645958,79.81,33.5125,51.68742314931628
18396,2026-05-20 15:00:00+02:00,51.81600189208984,70.79499816894531,57272.88,27894.2,43445.58,0.7585715960575806,87.57,45.66,53.62063821648119
18397,2026-05-20 16:00:00+02:00,51.81600189208984,70.79499816894531,57558.87,24260.4,39717.41,0.6900310932632918,102.25,65.01,77.1124970508016
18398,2026-05-20 17:00:00+02:00,51.81600189208984,70.79499816894531,57776.32,18768.69,33353.59,0.5772882384033305,127.2925,99.3975,104.09893240190499
18399,2026-05-20 18:00:00+02:00,51.81600189208984,70.79499816894531,57486.93,12113.54,24953.58,0.4340739711732608,144.95,130.2125,131.2598366506307
18400,2026-05-20 19:00:00+02:00,51.81600189208984,70.79499816894531,57519.24,5463.47,16237.95,0.2823046687886862,172.485,149.5675,154.24487768152903
18401,2026-05-20 20:00:00+02:00,51.81600189208984,70.79499816894531,55878.35,1186.89,10525.88,0.1883713459348081,180.9025,167.9225,183.3820418267228
18402,2026-05-20 21:00:00+02:00,51.81600189208984,70.79499816894531,53479.05,32.1,8958.53,0.1675147557468738,163.63,165.0,169.43415846527807
18403,2026-05-20 22:00:00+02:00,51.81600189208984,70.79499816894531,50071.17,0.0,9457.72,0.1888855402841823,145.545,150.02,149.78131157339465
18404,2026-05-20 23:00:00+02:00,51.81600189208984,70.79499816894531,46593.58,0.0,10625.63,0.2280492290508586,131.8025,139.0025,139.9986786491623
18405,2026-05-21 00:00:00+02:00,49.42499923706055,71.30000305175781,43111.14,0.0,11739.54,0.2723087349876833,123.73,133.0275,125.30820270322074
18406,2026-05-21 01:00:00+02:00,49.42499923706055,71.30000305175781,41556.74,0.0,12635.03,0.3040428579566051,114.635,121.66,120.14901669055065
18407,2026-05-21 02:00:00+02:00,49.42499923706055,71.30000305175781,40943.46,0.0,13212.92,0.3227113682325061,109.7525,116.0225,116.87127191860873
18408,2026-05-21 03:00:00+02:00,49.42499923706055,71.30000305175781,41102.9,0.0,13261.88,0.3226507131315185,109.9725,113.55,114.8272835568823
18409,2026-05-21 04:00:00+02:00,49.42499923706055,71.30000305175781,42214.71,0.01,12730.54,0.3015664444214904,110.41,116.01,118.4430753430588
18410,2026-05-21 05:00:00+02:00,49.42499923706055,71.30000305175781,45296.95,335.24,11986.5,0.2646204655579193,119.05,128.405,129.31809218726426
18411,2026-05-21 06:00:00+02:00,49.42499923706055,71.30000305175781,51015.59,3550.26,13643.54,0.2674386397829686,134.9875,142.815,141.553270630509
18412,2026-05-21 07:00:00+02:00,49.42499923706055,71.30000305175781,55299.04,10934.43,18877.11,0.3413641538186984,136.975,143.6175,141.9080326283256
18413,2026-05-21 08:00:00+02:00,49.42499923706055,71.30000305175781,58605.98,20906.6,27207.61,0.464246310621502,125.5125,131.3875,125.82264906740703
18414,2026-05-21 09:00:00+02:00,49.42499923706055,71.30000305175781,59832.73,29962.7,35624.03,0.595393691614039,109.06,104.14,101.26579401684164
18415,2026-05-21 10:00:00+02:00,49.42499923706055,71.30000305175781,60739.55,36068.55,41567.82,0.6843616719774246,89.7,81.1975,72.14346299786735
18416,2026-05-21 11:00:00+02:00,49.42499923706055,71.30000305175781,60874.63,39169.05,45007.88,0.7393536518021787,75.46249999999999,42.752500000000005,48.201598731321866
18417,2026-05-21 12:00:00+02:00,49.42499923706055,71.30000305175781,60222.85,40492.12,46880.22,0.7784457227151412,64.005,12.1375,35.20163165582406
18418,2026-05-21 13:00:00+02:00,49.42499923706055,71.30000305175781,58879.04,40496.93,47426.74,0.8054944508596786,44.9975,7.369999999999999,21.846759947539134
18419,2026-05-21 14:00:00+02:00,49.42499923706055,71.30000305175781,57460.79,38866.51,46298.49,0.8057405753026122,33.5125,8.8125,21.417935766535965
18420,2026-05-21 15:00:00+02:00,49.42499923706055,71.30000305175781,56773.7,35248.2,42752.89,0.7530404041390573,45.66,35.2,33.71957677982666
18421,2026-05-21 16:00:00+02:00,49.42499923706055,71.30000305175781,55748.11,29755.46,37074.39,0.6650340252494596,65.01,71.7075,64.72370736392838
18422,2026-05-21 17:00:00+02:00,49.42499923706055,71.30000305175781,55933.22,22476.62,29534.97,0.5280398660173614,99.3975,104.995,109.99957827909621
18423,2026-05-21 18:00:00+02:00,49.42499923706055,71.30000305175781,56371.63,14053.63,20402.23,0.3619237193670072,130.2125,135.8875,131.36198082972777
18424,2026-05-21 19:00:00+02:00,49.42499923706055,71.30000305175781,56043.93,6286.32,11641.56,0.2077220494337706,149.5675,163.35500000000002,156.11194871746557
18425,2026-05-21 20:00:00+02:00,49.42499923706055,71.30000305175781,54384.59,1435.48,6119.01,0.1125136734298238,167.9225,204.695,189.9592852685759
18426,2026-05-21 21:00:00+02:00,49.42499923706055,71.30000305175781,51835.19,39.1,4382.56,0.0845479682654683,165.0,188.4175,177.84590259844504
18427,2026-05-21 22:00:00+02:00,49.42499923706055,71.30000305175781,48499.84,0.0,4275.26,0.0881499815075369,150.02,166.035,161.80193028010842
18428,2026-05-21 23:00:00+02:00,49.42499923706055,71.30000305175781,45280.2,0.0,4140.41,0.091439746270679,139.0025,146.39249999999998,149.5200151414976
18429,2026-05-22 00:00:00+02:00,49.40800094604492,70.875,44527.96,0.0,3825.43,0.0859107401089313,133.0275,144.315,149.3526882490641
18430,2026-05-22 01:00:00+02:00,49.40800094604492,70.875,42881.69,0.0,3400.42,0.0792977142273782,121.66,136.9,149.8818712038871
18431,2026-05-22 02:00:00+02:00,49.40800094604492,70.875,42180.6,0.0,3092.15,0.0733073972221098,116.0225,131.6375,146.24600658086786
18432,2026-05-22 03:00:00+02:00,49.40800094604492,70.875,42306.85,0.0,2904.32,0.0686489303579328,113.55,128.95000000000002,142.65692575219038
18433,2026-05-22 04:00:00+02:00,49.40800094604492,70.875,43241.02,0.02,2897.41,0.0670060511831113,116.01,131.4975,146.163896562001
18434,2026-05-22 05:00:00+02:00,49.40800094604492,70.875,45474.9,387.31,3417.83,0.0751586039606115,128.405,135.7175,150.92204422851262
18435,2026-05-22 06:00:00+02:00,49.40800094604492,70.875,50998.56,3999.7,7172.99,0.1406508340351863,142.815,144.35500000000002,149.49407704148052
18436,2026-05-22 07:00:00+02:00,49.40800094604492,70.875,55021.81,12280.23,15364.28,0.2792398141247553,143.6175,138.1775,137.89668266897877
18437,2026-05-22 08:00:00+02:00,49.40800094604492,70.875,58500.03,23693.39,26346.59,0.4503688287936999,131.3875,123.135,123.74510970959297
18438,2026-05-22 09:00:00+02:00,49.40800094604492,70.875,59569.91,34603.44,36866.23,0.6188733539099063,104.14,91.8825,79.82315241272732
18439,2026-05-22 10:00:00+02:00,49.40800094604492,70.875,59547.55,42448.29,44697.43,0.750617447611091,81.1975,42.48,39.44932912332465
18440,2026-05-22 11:00:00+02:00,49.40800094604492,70.875,58479.39,46665.67,48884.67,0.8359298890026161,42.752500000000005,3.94,12.726469105766732
18441,2026-05-22 12:00:00+02:00,49.40800094604492,70.875,57718.07,48292.84,50366.62,0.872631742386287,12.1375,0.005,-6.756296089144456
18442,2026-05-22 13:00:00+02:00,49.40800094604492,70.875,56246.34,47842.53,49754.23,0.8845772007770503,7.369999999999999,0.0,-10.158596163401498
18443,2026-05-22 14:00:00+02:00,49.40800094604492,70.875,54600.8,45594.95,47404.18,0.8681957039332397,8.8125,1.0,-9.238309091385176
18444,2026-05-22 15:00:00+02:00,49.40800094604492,70.875,53983.21,41197.21,42889.63,0.7944994377336028,35.2,20.305,18.48935813139159
18445,2026-05-22 16:00:00+02:00,49.40800094604492,70.875,53535.98,35018.38,36538.75,0.6825082868227109,71.7075,70.24,44.11845435456274
18446,2026-05-22 17:00:00+02:00,49.40800094604492,70.875,54178.88,26297.0,27678.85,0.5108789623353456,104.995,104.195,103.91130840013854
18447,2026-05-22 18:00:00+02:00,49.40800094604492,70.875,54589.03,15940.2,17249.36,0.3159858307949443,135.8875,134.95,136.95123966609006
18448,2026-05-22 19:00:00+02:00,49.40800094604492,70.875,54332.62,6869.31,8274.43,0.1522921220894018,163.35500000000002,161.2225,171.6122778761278
18449,2026-05-22 20:00:00+02:00,49.40800094604492,70.875,52853.9,1585.29,3518.52,0.0665706787831038,204.695,218.4275,231.8676374565382
18450,2026-05-22 21:00:00+02:00,49.40800094604492,70.875,50709.53,42.18,2766.31,0.0545520733371908,188.4175,193.6625,204.66925532599004
18451,2026-05-22 22:00:00+02:00,49.40800094604492,70.875,47884.93,0.0,3770.81,0.0787473219489414,166.035,154.635,166.49396556613056
18452,2026-05-22 23:00:00+02:00,49.40800094604492,70.875,44959.29,0.0,4729.62,0.1051978356185789,146.39249999999998,140.735,151.65245912207945
18453,2026-05-23 00:00:00+02:00,48.68299865722656,72.66000366210938,42216.28,0.0,5731.98,0.1357765297805072,144.315,136.76,143.39403129376126
18454,2026-05-23 01:00:00+02:00,48.68299865722656,72.66000366210938,40195.95,0.0,6387.35,0.1589053125603685,136.9,130.0,138.68566507127156
18455,2026-05-23 02:00:00+02:00,48.68299865722656,72.66000366210938,39125.24,0.0,7044.91,0.1800604928736384,131.6375,125.8675,135.11373326111982
18456,2026-05-23 03:00:00+02:00,48.68299865722656,72.66000366210938,38834.96,0.0,7594.27,0.1955524094281152,128.95000000000002,125.3675,124.74706708419752
18457,2026-05-23 04:00:00+02:00,48.68299865722656,72.66000366210938,38921.14,0.08,8099.04,0.2080884577871849,131.4975,121.7325,122.26741620360453
18458,2026-05-23 05:00:00+02:00,48.68299865722656,72.66000366210938,39296.42,489.62,9016.91,0.2294588157828476,135.7175,119.26,121.78190616635797
18459,2026-05-23 06:00:00+02:00,48.68299865722656,72.66000366210938,41096.28,4252.33,12962.61,0.3154205197367206,144.35500000000002,116.3675,116.38890527056189
18460,2026-05-23 07:00:00+02:00,48.68299865722656,72.66000366210938,43548.03,12878.91,20989.61,0.48198758922459,138.1775,97.085,97.93320597650701
18461,2026-05-23 08:00:00+02:00,48.68299865722656,72.66000366210938,46939.43,25075.11,31657.24,0.6744274481657686,123.135,49.8625,53.55113068266026
18462,2026-05-23 09:00:00+02:00,48.68299865722656,72.66000366210938,49787.98,36365.1,40885.75,0.8211972044615592,91.8825,1.6,27.614405429427507
18463,2026-05-23 10:00:00+02:00,48.68299865722656,72.66000366210938,50837.71,44136.16,46246.31,0.90968515283051,42.48,-0.3325,4.093704606737939
18464,2026-05-23 11:00:00+02:00,48.68299865722656,72.66000366210938,50794.22,47988.12,49772.59,0.9798868845746844,3.94,-3.9,-4.121649386013402
18465,2026-05-23 12:00:00+02:00,48.68299865722656,72.66000366210938,49715.68,49662.54,51309.56,1.0320599052387374,0.005,-12.392499999999998,-9.189738038212404
18466,2026-05-23 13:00:00+02:00,48.68299865722656,72.66000366210938,48094.39,49514.14,51068.38,1.0618365258272666,0.0,-31.8175,-15.250797266726082
18467,2026-05-23 14:00:00+02:00,48.68299865722656,72.66000366210938,46864.12,47532.79,49041.75,1.0464668917187674,1.0,-18.42,-14.605280715524302
18468,2026-05-23 15:00:00+02:00,48.68299865722656,72.66000366210938,46008.09,43620.48,45115.72,0.9806040631157252,20.305,-4.0,-4.015568741993313
18469,2026-05-23 16:00:00+02:00,48.68299865722656,72.66000366210938,46012.02,37405.0,39099.6,0.8497692557619141,70.24,-0.2875,7.194845910718969
18470,2026-05-23 17:00:00+02:00,48.68299865722656,72.66000366210938,47086.28,27954.64,30460.47,0.6469075491529789,104.195,44.4475,65.06640860331265
18471,2026-05-23 18:00:00+02:00,48.68299865722656,72.66000366210938,47749.75,16566.95,19299.49,0.4041799170876958,134.95,120.7625,116.55267291649167
18472,2026-05-23 19:00:00+02:00,48.68299865722656,72.66000366210938,47634.34,7018.02,9812.5,0.2059963462900931,161.2225,149.6575,150.64778666701955
18473,2026-05-23 20:00:00+02:00,48.68299865722656,72.66000366210938,46854.17,1667.29,4817.17,0.1028119802137542,218.4275,174.52,182.56555896624195
18474,2026-05-23 21:00:00+02:00,48.68299865722656,72.66000366210938,45301.33,41.31,3674.23,0.0811064487331593,193.6625,171.065,166.25563018222988
18475,2026-05-23 22:00:00+02:00,48.68299865722656,72.66000366210938,43411.92,0.0,4352.15,0.1002524191281444,154.635,156.915,151.3980040927089
18476,2026-05-23 23:00:00+02:00,48.68299865722656,72.66000366210938,41046.95,0.0,4771.87,0.1162539481943837,140.735,144.6525,143.38506967975718
18477,2026-05-24 00:00:00+02:00,48.68299865722656,72.66000366210938,38765.42,0.0,3672.0,0.0947235964179612,136.76,143.8025,140.54631993070763
18478,2026-05-24 01:00:00+02:00,48.68299865722656,72.66000366210938,36816.91,0.0,4055.77,0.1101605213174705,130.0,133.3775,136.76665516915756
18479,2026-05-24 02:00:00+02:00,48.68299865722656,72.66000366210938,35660.06,0.0,4548.79,0.127559796554588,125.8675,136.885,129.4697513095526
18480,2026-05-24 03:00:00+02:00,48.68299865722656,72.66000366210938,35100.24,0.0,4937.56,0.1406702631831947,125.3675,125.44,128.5597073700182
18481,2026-05-24 04:00:00+02:00,48.68299865722656,72.66000366210938,34994.45,0.1,5041.72,0.1440719885170157,121.7325,122.89,126.42549756675645
18482,2026-05-24 05:00:00+02:00,48.68299865722656,72.66000366210938,35204.26,434.26,5333.3,0.1514958700590508,119.26,117.7225,124.98825571835765
18483,2026-05-24 06:00:00+02:00,48.68299865722656,72.66000366210938,35763.99,4028.09,8402.13,0.2349326794256086,116.3675,108.795,117.94771186412335
18484,2026-05-24 07:00:00+02:00,48.68299865722656,72.66000366210938,37776.73,12027.88,15397.8,0.4076001283309591,97.085,88.4625,105.01514577545484
18485,2026-05-24 08:00:00+02:00,48.68299865722656,72.66000366210938,41257.14,23259.1,25705.01,0.6230439141872063,49.8625,16.3675,39.018274589885735
18486,2026-05-24 09:00:00+02:00,48.68299865722656,72.66000366210938,44058.76,34170.13,36242.74,0.8226000911458696,1.6,-0.0275,14.994823818465171
18487,2026-05-24 10:00:00+02:00,48.68299865722656,72.66000366210938,45486.16,42159.91,44312.75,0.974202922169248,-0.3325,-2.5025,-27.67407960440557
18488,2026-05-24 11:00:00+02:00,48.68299865722656,72.66000366210938,46021.42,46390.41,48868.83,1.0618714066054735,-3.9,-13.8325,-41.27719892485288
18489,2026-05-24 12:00:00+02:00,48.68299865722656,72.66000366210938,45493.21,48005.01,50987.14,1.1207637357045668,-12.392499999999998,-37.6125,-52.25998251613319
18490,2026-05-24 13:00:00+02:00,48.68299865722656,72.66000366210938,43956.57,47510.46,51175.88,1.164237336724809,-31.8175,-75.9375,-71.10760178756142
18491,2026-05-24 14:00:00+02:00,48.68299865722656,72.66000366210938,42614.71,45165.0,49773.42,1.1679868286870925,-18.42,-61.7525,-68.57055919059539
18492,2026-05-24 15:00:00+02:00,48.68299865722656,72.66000366210938,41693.37,41050.61,46635.79,1.1185421084650766,-4.0,-23.4925,-58.68533233055692
18493,2026-05-24 16:00:00+02:00,48.68299865722656,72.66000366210938,41662.04,35165.82,41836.23,1.0041810240199036,-0.2875,-1.9575,-30.65878395719419
18494,2026-05-24 17:00:00+02:00,48.68299865722656,72.66000366210938,42615.22,26366.21,33546.14,0.7871868311867949,44.4475,14.375,25.251764543703146
18495,2026-05-24 18:00:00+02:00,48.68299865722656,72.66000366210938,43991.33,15806.7,22731.84,0.5167345473490493,120.7625,96.3775,104.23573608635276
18496,2026-05-24 19:00:00+02:00,48.68299865722656,72.66000366210938,44782.39,6837.71,13452.94,0.30040692327935,149.6575,133.2175,136.37011924999376
18497,2026-05-24 20:00:00+02:00,48.68299865722656,72.66000366210938,44714.69,1699.89,8496.02,0.1900051190805515,174.52,151.0175,168.65716606231
18498,2026-05-24 21:00:00+02:00,48.68299865722656,72.66000366210938,43994.35,57.78,7611.58,0.1730126709059202,171.065,153.2275,168.79088119908062
18499,2026-05-24 22:00:00+02:00,48.68299865722656,72.66000366210938,42864.38,0.0,8007.23,0.1868038216843906,156.915,144.42000000000002,155.55371484408732
18500,2026-05-24 23:00:00+02:00,48.68299865722656,72.66000366210938,40986.91,0.0,7753.75,0.1891762515912577,144.6525,132.1,149.48495267796318
18501,2026-05-25 00:00:00+02:00,48.68299865722656,72.66000366210938,37849.19,0.0,6719.07,0.1775221609293297,143.8025,130.8675,140.46577582369338
18502,2026-05-25 01:00:00+02:00,48.68299865722656,72.66000366210938,36299.29,0.0,5733.43,0.1579488193411086,133.3775,125.9825,132.6656729359286
18503,2026-05-25 02:00:00+02:00,48.68299865722656,72.66000366210938,35268.56,0.0,4935.71,0.1399464565210639,136.885,125.24,129.49826642312595
18504,2026-05-25 03:00:00+02:00,48.68299865722656,72.66000366210938,34671.0,0.0,4217.47,0.1216425831035613,125.44,126.0125,131.23812596770523
18505,2026-05-25 04:00:00+02:00,48.68299865722656,72.66000366210938,35255.22,0.27,3650.17,0.1035355898776023,122.89,129.3125,134.1346008490833
18506,2026-05-25 05:00:00+02:00,48.68299865722656,72.66000366210938,35825.11,536.44,3817.17,0.1065501264039244,117.7225,131.995,134.19083470974317
18507,2026-05-25 06:00:00+02:00,48.68299865722656,72.66000366210938,36916.06,4373.33,7343.88,0.1989345558006638,108.795,130.195,116.97740808606324
18508,2026-05-25 07:00:00+02:00,48.68299865722656,72.66000366210938,39177.49,13069.47,15555.76,0.3970586169769787,88.4625,117.8775,103.69984413746067
18509,2026-05-25 08:00:00+02:00,48.68299865722656,72.66000366210938,42604.7,25396.98,27335.49,0.6416073811946552,16.3675,77.68,41.96180226191879
18510,2026-05-25 09:00:00+02:00,48.68299865722656,72.66000366210938,45117.26,36977.69,38719.64,0.8582001653340205,-0.0275,5.0,13.254760720057515
18511,2026-05-25 10:00:00+02:00,48.68299865722656,72.66000366210938,46180.89,44465.32,45889.02,0.9936798530747932,-2.5025,-0.1674999999999999,-15.592576747929048
18512,2026-05-25 11:00:00+02:00,48.68299865722656,72.66000366210938,46258.49,48377.81,49980.01,1.0804505289557764,-13.8325,-5.2625,-21.057991173129892
18513,2026-05-25 12:00:00+02:00,48.68299865722656,72.66000366210938,45723.52,49992.75,51731.84,1.1314054558504232,-37.6125,-12.7125,-34.690958395299354
18514,2026-05-25 13:00:00+02:00,48.68299865722656,72.66000366210938,44274.0,49956.03,51842.02,1.1709359892553337,-75.9375,-29.295,-38.98148513823906
18515,2026-05-25 14:00:00+02:00,48.68299865722656,72.66000366210938,43185.87,48110.87,50270.81,1.1640569007492363,-61.7525,-27.1825,-40.75015967165472
18516,2026-05-25 15:00:00+02:00,48.68299865722656,72.66000366210938,42396.47,44093.96,46729.46,1.1022016688884235,-23.4925,-10.05,-28.99137698647148
18517,2026-05-25 16:00:00+02:00,48.68299865722656,72.66000366210938,42714.46,38863.55,42112.85,0.9859155421873728,-1.9575,-2.915,-11.720951063722989
18518,2026-05-25 17:00:00+02:00,48.68299865722656,72.66000366210938,43466.15,30240.03,34253.6,0.788052311790197,14.375,31.95,27.628449475254648
18519,2026-05-25 18:00:00+02:00,48.68299865722656,72.66000366210938,44355.56,18071.83,22213.0,0.5007940378836849,96.3775,118.8225,94.90033910943438
18520,2026-05-25 19:00:00+02:00,48.68299865722656,72.66000366210938,44869.14,7687.52,11991.17,0.2672476004070397,133.2175,150.575,131.88017241472147
18521,2026-05-25 20:00:00+02:00,48.68299865722656,72.66000366210938,45124.44,1937.04,6852.4,0.1518556241026247,151.0175,172.185,170.077247566158
18522,2026-05-25 21:00:00+02:00,48.68299865722656,72.66000366210938,44940.66,56.64,5927.2,0.1318894737790033,153.2275,170.25,168.42138501531974
18523,2026-05-25 22:00:00+02:00,48.68299865722656,72.66000366210938,43530.45,0.0,6844.04,0.1572241959002895,144.42000000000002,157.33249999999998,154.41932177487894
18524,2026-05-25 23:00:00+02:00,48.68299865722656,72.66000366210938,41615.46,0.0,7349.93,0.1766153731866437,132.1,141.025,137.57021327210077
18525,2026-05-26 00:00:00+02:00,48.68299865722656,72.66000366210938,40656.82,0.0,7961.8,0.1958293835583232,130.8675,136.36,131.05723930435454
18526,2026-05-26 01:00:00+02:00,48.68299865722656,72.66000366210938,39209.62,0.0,8089.0,0.2063014127129256,125.9825,125.6475,123.93718058697152
18527,2026-05-26 02:00:00+02:00,48.68299865722656,72.66000366210938,38706.28,0.0,7985.06,0.2062988227733848,125.24,120.645,121.31708510258312
18528,2026-05-26 03:00:00+02:00,48.68299865722656,72.66000366210938,38702.08,0.0,7667.12,0.1981061482488522,126.0125,121.18,119.94075392207645
18529,2026-05-26 04:00:00+02:00,48.68299865722656,72.66000366210938,40088.09,0.58,7262.99,0.1811757556468328,129.3125,119.53,126.17554215255346
18530,2026-05-26 05:00:00+02:00,48.68299865722656,72.66000366210938,43304.78,580.53,7448.31,0.1719974099459696,131.995,128.91,132.05670759826964
18531,2026-05-26 06:00:00+02:00,48.68299865722656,72.66000366210938,49920.81,4439.13,10844.08,0.2172256419282408,130.195,143.105,138.83824693591242
18532,2026-05-26 07:00:00+02:00,48.68299865722656,72.66000366210938,54718.13,13056.58,18475.58,0.3376500621754343,117.8775,141.54,133.156520497438
18533,2026-05-26 08:00:00+02:00,48.68299865722656,72.66000366210938,58399.03,25168.01,29702.94,0.508620434190667,77.68,122.045,101.74038236770497
18534,2026-05-26 09:00:00+02:00,48.68299865722656,72.66000366210938,59786.08,36759.16,41260.52,0.6901358977390495,5.0,78.8,33.44041129389004
18535,2026-05-26 10:00:00+02:00,48.68299865722656,72.66000366210938,60043.32,45597.0,50832.52,0.8465974231860267,-0.1674999999999999,6.52,18.69304974742967
18536,2026-05-26 11:00:00+02:00,48.68299865722656,72.66000366210938,59950.35,51186.08,57151.59,0.9533153683083893,-5.2625,-0.0075,2.5707599667953502
18537,2026-05-26 12:00:00+02:00,48.68299865722656,72.66000366210938,59472.48,53321.94,59812.69,1.005720460790315,-12.7125,-1.825,-14.333539246641951
18538,2026-05-26 13:00:00+02:00,48.68299865722656,72.66000366210938,58856.9,53134.21,59965.61,1.0188373833792066,-29.295,-2.5,-19.795172302864444
18539,2026-05-26 14:00:00+02:00,48.68299865722656,72.66000366210938,57804.66,51095.6,58468.15,1.0114781401687205,-27.1825,-0.835,-17.858704213576512
18540,2026-05-26 15:00:00+02:00,48.68299865722656,72.66000366210938,56884.9,46541.63,54922.9,0.965509300189416,-10.05,-0.015,-8.066241607773954
18541,2026-05-26 16:00:00+02:00,48.68299865722656,72.66000366210938,56570.46,39458.74,48749.06,0.8617405619714351,-2.915,13.115,16.527998317583723
18542,2026-05-26 17:00:00+02:00,48.68299865722656,72.66000366210938,57212.94,29356.96,38716.51,0.6767089751589922,31.95,89.685,50.77466078466203
18543,2026-05-26 18:00:00+02:00,48.68299865722656,72.66000366210938,57729.5,17464.47,26759.73,0.4635364933935792,118.8225,134.7875,116.11567622285864
18544,2026-05-26 19:00:00+02:00,48.68299865722656,72.66000366210938,57698.04,7438.94,17106.76,0.2964877142626529,150.575,185.1025,151.74183850017994
18545,2026-05-26 20:00:00+02:00,48.68299865722656,72.66000366210938,56270.24,1886.99,12670.06,0.2251644918832469,172.185,217.9475,172.63859898587145
18546,2026-05-26 21:00:00+02:00,48.68299865722656,72.66000366210938,53982.42,55.26,12481.79,0.2312195340202941,170.25,184.785,163.09714589745187
18547,2026-05-26 22:00:00+02:00,48.68299865722656,72.66000366210938,50592.69,0.0,13968.06,0.2760885020590744,157.33249999999998,153.775,141.45352079250603
18548,2026-05-26 23:00:00+02:00,48.68299865722656,72.66000366210938,47174.68,0.0,14723.02,0.3120958106526433,141.025,130.5325,132.62692998000756
18549,2026-05-27 00:00:00+02:00,47.47200012207031,73.82499694824219,44837.4,0.0,15366.48,0.3427156792448456,136.36,134.7875,122.23177894848656
18550,2026-05-27 01:00:00+02:00,47.47200012207031,73.82499694824219,43358.58,0.0,15573.85,0.3591872703489857,125.6475,127.5175,117.59379431268886
18551,2026-05-27 02:00:00+02:00,47.47200012207031,73.82499694824219,42469.63,0.0,15709.14,0.3698911433017214,120.645,120.5425,115.16521278785073
18552,2026-05-27 03:00:00+02:00,47.47200012207031,73.82499694824219,42325.51,0.0,15854.59,0.3745870988029235,121.18,118.87,112.15629804699407
18553,2026-05-27 04:00:00+02:00,47.47200012207031,73.82499694824219,43195.23,0.91,16131.36,0.3734523463879107,119.53,119.0475,111.30192861680412
18554,2026-05-27 05:00:00+02:00,47.47200012207031,73.82499694824219,45447.71,649.68,16853.56,0.3708340859482614,128.91,121.235,116.2665335149284
18555,2026-05-27 06:00:00+02:00,47.47200012207031,73.82499694824219,50767.56,4492.11,19966.65,0.3932954429180179,143.105,134.2,119.18993431398428
18556,2026-05-27 07:00:00+02:00,47.47200012207031,73.82499694824219,55504.49,12868.83,26866.95,0.4840500290185442,141.54,131.1,115.47332662212486
18557,2026-05-27 08:00:00+02:00,47.47200012207031,73.82499694824219,58963.7,24535.16,36788.27,0.6239138655437304,122.045,106.4525,96.95627562808914
18558,2026-05-27 09:00:00+02:00,47.47200012207031,73.82499694824219,60497.08,35837.5,46524.05,0.7690296786606842,78.8,48.235,36.98243789247893
18559,2026-05-27 10:00:00+02:00,47.47200012207031,73.82499694824219,61123.25,44577.62,54194.47,0.8866424804167575,6.52,3.425,14.486273704149994
18560,2026-05-27 11:00:00+02:00,47.47200012207031,73.82499694824219,61376.79,50103.25,58138.61,0.9472409682964454,-0.0075,-0.27,-12.840504679132557
18561,2026-05-27 12:00:00+02:00,47.47200012207031,73.82499694824219,60940.64,52261.51,60334.2,0.990048676713922,-1.825,-1.05,-37.351970744240845
18562,2026-05-27 13:00:00+02:00,47.47200012207031,73.82499694824219,59603.83,51969.51,60595.1,1.0166309780736185,-2.5,-1.635,-44.98175375460068
18563,2026-05-27 14:00:00+02:00,47.47200012207031,73.82499694824219,58181.58,49943.97,59781.11,1.0274920342439149,-0.835,-1.645,-39.98501435491288
18564,2026-05-27 15:00:00+02:00,47.47200012207031,73.82499694824219,56979.16,45734.82,57331.77,1.0061884027412498,-0.015,-1.7025,-21.029488081601905
18565,2026-05-27 16:00:00+02:00,47.47200012207031,73.82499694824219,56291.92,39068.74,52901.14,0.939764356778066,13.115,-0.4225,10.624767864625333
18566,2026-05-27 17:00:00+02:00,47.47200012207031,73.82499694824219,56963.34,29634.96,46413.45,0.8147950943861797,89.685,32.2075,30.54762042713607
18567,2026-05-27 18:00:00+02:00,47.47200012207031,73.82499694824219,57801.92,18124.04,35583.66,0.615613806493692,134.7875,97.8475,99.81032987083563
18568,2026-05-27 19:00:00+02:00,47.47200012207031,73.82499694824219,57574.77,7977.01,25172.63,0.4372163361769024,185.1025,136.51749999999998,135.57288730398147
18569,2026-05-27 20:00:00+02:00,47.47200012207031,73.82499694824219,55716.3,2134.74,18510.81,0.3322332961212009,217.9475,156.6775,160.94896130651006
18570,2026-05-27 21:00:00+02:00,47.47200012207031,73.82499694824219,53392.82,89.17,15790.8,0.295747630431255,184.785,157.53,156.61383496865528
18571,2026-05-27 22:00:00+02:00,47.47200012207031,73.82499694824219,49975.44,0.0,14837.29,0.2968916331108057,153.775,144.16,137.8649253818445
18572,2026-05-27 23:00:00+02:00,47.47200012207031,73.82499694824219,46349.99,0.0,13461.49,0.2904313463087195,130.5325,133.45499999999998,130.28254613236822
18573,2026-05-28 00:00:00+02:00,46.41299819946289,74.38999938964844,44078.53,0.0,11131.46,0.2525370060542996,134.7875,132.945,128.73826154291868
18574,2026-05-28 01:00:00+02:00,46.41299819946289,74.38999938964844,42615.77,0.0,9534.34,0.2237279767035236,127.5175,129.5375,130.71910650606296
18575,2026-05-28 02:00:00+02:00,46.41299819946289,74.38999938964844,41996.27,0.0,8330.39,0.1983602352784282,120.5425,127.2375,130.0303932945716
18576,2026-05-28 03:00:00+02:00,46.41299819946289,74.38999938964844,41823.95,0.0,7378.21,0.1764111232496186,118.87,127.3625,129.3507573851715
18577,2026-05-28 04:00:00+02:00,46.41299819946289,74.38999938964844,42323.25,1.25,6659.02,0.1573371609795237,119.0475,130.09,128.7025986213462
18578,2026-05-28 05:00:00+02:00,46.41299819946289,74.38999938964844,44755.53,711.73,6756.31,0.1509603393924817,121.235,135.5025,138.36815595799544
18579,2026-05-28 06:00:00+02:00,46.41299819946289,74.38999938964844,49792.83,4720.92,9686.44,0.1945348355989135,134.2,148.4525,142.55748401871585
18580,2026-05-28 07:00:00+02:00,46.41299819946289,74.38999938964844,54011.09,13518.98,16786.56,0.3107983933835073,131.1,138.155,136.398070520104
18581,2026-05-28 08:00:00+02:00,46.41299819946289,74.38999938964844,57567.32,26147.91,28177.01,0.4894619029530188,106.4525,123.4025,116.43289457143686
18582,2026-05-28 09:00:00+02:00,46.41299819946289,74.38999938964844,59068.67,38232.64,39699.49,0.6720904667953264,48.235,87.5425,47.92051699772109
18583,2026-05-28 10:00:00+02:00,46.41299819946289,74.38999938964844,59945.23,47106.97,48314.07,0.805970216344825,3.425,19.3075,2.4631000770999307
18584,2026-05-28 11:00:00+02:00,46.41299819946289,74.38999938964844,60053.65,52283.19,53286.71,0.8873184226292126,-0.27,0.5675,-24.681102998811085
18585,2026-05-28 12:00:00+02:00,46.41299819946289,74.38999938964844,59328.5,54357.27,55267.14,0.931544535774283,-1.05,0.0024999999999999,-34.36716090299829
18586,2026-05-28 13:00:00+02:00,46.41299819946289,74.38999938964844,57823.56,54414.19,55390.43,0.9579214768239932,-1.635,-0.0125,-38.10709905028853
18587,2026-05-28 14:00:00+02:00,46.41299819946289,74.38999938964844,56502.87,52827.97,53993.65,0.9555912821852072,-1.645,0.0,-40.82096194501561
18588,2026-05-28 15:00:00+02:00,46.41299819946289,74.38999938964844,55415.8,48670.56,50164.14,0.9052317207537864,-1.7025,1.2975,-30.441583014026364
18589,2026-05-28 16:00:00+02:00,46.41299819946289,74.38999938964844,54485.11,41402.42,43148.98,0.7919407704615186,-0.4225,39.645,7.955478913007753
18590,2026-05-28 17:00:00+02:00,46.41299819946289,74.38999938964844,54314.42,31273.61,33165.34,0.6106175854201117,32.2075,101.2575,57.46087077817297
18591,2026-05-28 18:00:00+02:00,46.41299819946289,74.38999938964844,55070.42,18972.06,20911.94,0.3797308972076604,97.8475,138.25,122.34697220668009
18592,2026-05-28 19:00:00+02:00,46.41299819946289,74.38999938964844,55071.35,8272.4,10260.65,0.1863155705850109,136.51749999999998,217.6025,159.3633827510513
18593,2026-05-28 20:00:00+02:00,46.41299819946289,74.38999938964844,53442.73,2232.31,4498.48,0.084173843648299,156.6775,393.935,200.75849010318512
18594,2026-05-28 21:00:00+02:00,46.41299819946289,74.38999938964844,51437.56,93.01,2670.67,0.0519206198637881,157.53,368.0175,208.3297160681961
18595,2026-05-28 22:00:00+02:00,46.41299819946289,74.38999938964844,48658.22,0.0,2795.61,0.0574540128970081,144.16,215.75,178.59140742099976
18596,2026-05-28 23:00:00+02:00,46.41299819946289,74.38999938964844,45775.98,0.0,2918.48,0.0637557076738158,133.45499999999998,159.7975,165.49142531881444
18597,2026-05-29 00:00:00+02:00,46.92100143432617,75.6449966430664,44273.42,0.0,3234.92,0.073066864933166,132.945,144.4425,160.96329331637975
18598,2026-05-29 01:00:00+02:00,46.92100143432617,75.6449966430664,42713.34,0.0,3886.68,0.0909945230012463,129.5375,133.9275,160.23729288978194
18599,2026-05-29 02:00:00+02:00,46.92100143432617,75.6449966430664,41977.47,0.0,4874.49,0.1161215766180949,127.2375,127.975,156.38856353994663
18600,2026-05-29 03:00:00+02:00,46.92100143432617,75.6449966430664,42057.8,0.0,5840.64,0.1388717431394719,127.3625,126.1925,150.60526430958532
18601,2026-05-29 04:00:00+02:00,46.92100143432617,75.6449966430664,42640.72,1.52,6835.39,0.1603019367026865,130.09,125.2775,147.55929568344635
18602,2026-05-29 05:00:00+02:00,46.92100143432617,75.6449966430664,44794.96,743.93,8499.35,0.1897389795214151,135.5025,125.495,150.78499410417356
18603,2026-05-29 06:00:00+02:00,46.92100143432617,75.6449966430664,49919.06,4797.76,13222.73,0.2648833931839094,148.4525,131.885,149.4396710912332
18604,2026-05-29 07:00:00+02:00,46.92100143432617,75.6449966430664,54091.79,13641.8,22173.23,0.4099185846114689,138.155,125.995,137.26221861279475
18605,2026-05-29 08:00:00+02:00,46.92100143432617,75.6449966430664,57233.46,25962.16,33769.26,0.590026533326829,123.4025,113.565,109.47187843585121
18606,2026-05-29 09:00:00+02:00,46.92100143432617,75.6449966430664,58721.09,37500.62,44170.54,0.7522091295048833,87.5425,71.9075,45.902131379834294
18607,2026-05-29 10:00:00+02:00,46.92100143432617,75.6449966430664,58849.53,45896.84,51897.3,0.8818643070077425,19.3075,17.0275,15.996494782409101
18608,2026-05-29 11:00:00+02:00,46.92100143432617,75.6449966430664,57822.83,50601.32,56106.72,0.9703212380005748,0.5675,0.29,0.029792394761710028
18609,2026-05-29 12:00:00+02:00,46.92100143432617,75.6449966430664,57021.7,52318.68,57371.76,1.0061390661789915,0.0024999999999999,-0.055,-10.47715948390557
18610,2026-05-29 13:00:00+02:00,46.92100143432617,75.6449966430664,55617.71,52004.88,56646.78,1.0185025595231263,-0.0125,-0.0349999999999999,-13.15568131933949
18611,2026-05-29 14:00:00+02:00,46.92100143432617,75.6449966430664,53910.22,49565.21,54176.55,1.004940250474782,0.0,0.0,-17.18424171887191
18612,2026-05-29 15:00:00+02:00,46.92100143432617,75.6449966430664,52975.38,44477.66,49532.6,0.9350116977103304,1.2975,9.41,0.26277794765135454
18613,2026-05-29 16:00:00+02:00,46.92100143432617,75.6449966430664,52693.92,36905.12,42762.13,0.8115192415345984,39.645,51.61,21.043557763210977
18614,2026-05-29 17:00:00+02:00,46.92100143432617,75.6449966430664,53955.02,26852.14,33214.95,0.6156044422528979,101.2575,103.4075,89.32108913995388
18615,2026-05-29 18:00:00+02:00,46.92100143432617,75.6449966430664,54581.19,15867.23,22482.8,0.4119148006095295,138.25,136.985,139.1429493437172
18616,2026-05-29 19:00:00+02:00,46.92100143432617,75.6449966430664,54777.61,7014.75,13663.11,0.2494287355272658,217.6025,174.9475,182.87752679133763
18617,2026-05-29 20:00:00+02:00,46.92100143432617,75.6449966430664,52647.33,1779.66,8971.11,0.1704000943313934,393.935,240.61,198.95882050855283
18618,2026-05-29 21:00:00+02:00,46.92100143432617,75.6449966430664,50053.27,61.75,8549.54,0.1708088202487452,368.0175,201.405,184.28301071554057
18619,2026-05-29 22:00:00+02:00,46.92100143432617,75.6449966430664,47408.54,0.0,10312.13,0.2175162955413694,215.75,161.70000000000002,149.91065511063135
18620,2026-05-29 23:00:00+02:00,46.92100143432617,75.6449966430664,44671.52,0.0,11953.4,0.2675843579382155,159.7975,145.1925,134.7570197695364
18621,2026-05-30 00:00:00+02:00,46.0009994506836,76.1449966430664,43612.37,0.0,12843.42,0.2944903016519188,144.4425,135.515,128.18637118670296
18622,2026-05-30 01:00:00+02:00,46.0009994506836,76.1449966430664,41690.33,0.0,13244.41,0.3176854200200177,133.9275,128.45,125.62319627236457
18623,2026-05-30 02:00:00+02:00,46.0009994506836,76.1449966430664,40503.98,0.0,13133.51,0.324252332653667,127.975,123.7725,120.1965429832739
18624,2026-05-30 03:00:00+02:00,46.0009994506836,76.1449966430664,40010.7,0.0,13003.91,0.3250108095271987,126.1925,121.085,119.00284842534519
18625,2026-05-30 04:00:00+02:00,46.0009994506836,76.1449966430664,40001.91,1.31,12805.8,0.3201297137261371,125.2775,125.3575,116.29381653738798
18626,2026-05-30 05:00:00+02:00,46.0009994506836,76.1449966430664,40519.08,545.67,12617.34,0.3113925586880569,125.495,125.045,118.41201117545538
18627,2026-05-30 06:00:00+02:00,46.0009994506836,76.1449966430664,42163.37,3824.46,14692.41,0.3484638442447878,131.885,118.9925,114.74719525491368
18628,2026-05-30 07:00:00+02:00,46.0009994506836,76.1449966430664,44642.35,10636.63,19910.01,0.4459892903384366,125.995,109.095,108.84069266357027
18629,2026-05-30 08:00:00+02:00,46.0009994506836,76.1449966430664,47542.59,20272.33,28263.66,0.594491381181696,113.565,88.8675,76.92536771917402
18630,2026-05-30 09:00:00+02:00,46.0009994506836,76.1449966430664,49380.62,30242.4,37660.48,0.762657090825782,71.9075,36.682500000000005,18.73019932915243
18631,2026-05-30 10:00:00+02:00,46.0009994506836,76.1449966430664,50557.44,38024.37,45285.81,0.8957298864626589,17.0275,2.96,6.822006235504117
18632,2026-05-30 11:00:00+02:00,46.0009994506836,76.1449966430664,50436.22,42765.89,50336.25,0.9980178924990774,0.29,-0.005,-15.705692984314908
18633,2026-05-30 12:00:00+02:00,46.0009994506836,76.1449966430664,49428.01,45048.02,53376.77,1.07988911528506,-0.055,-0.0525,-34.84634360100586
18634,2026-05-30 13:00:00+02:00,46.0009994506836,76.1449966430664,48291.2,45206.76,54341.83,1.1252946704316118,-0.0349999999999999,-1.4425,-51.695475670700134
18635,2026-05-30 14:00:00+02:00,46.0009994506836,76.1449966430664,47136.63,43137.11,53063.73,1.125742972901172,0.0,-0.7475,-53.58299204138143
18636,2026-05-30 15:00:00+02:00,46.0009994506836,76.1449966430664,46509.56,39339.67,49818.95,1.07115504832315,9.41,-0.01,-24.83002165624447
18637,2026-05-30 16:00:00+02:00,46.0009994506836,76.1449966430664,46252.03,33512.92,44432.66,0.960663996594168,51.61,3.0075,6.602323021530639
18638,2026-05-30 17:00:00+02:00,46.0009994506836,76.1449966430664,46376.86,25630.18,36598.73,0.7891592917698268,103.4075,62.5,32.06299044939726
18639,2026-05-30 18:00:00+02:00,46.0009994506836,76.1449966430664,47419.21,16010.81,25864.73,0.5454483529891264,136.985,107.0075,96.77257621237995
18640,2026-05-30 19:00:00+02:00,46.0009994506836,76.1449966430664,48498.88,7338.63,15641.74,0.3225175508542635,174.9475,139.8725,138.05296203984733
18641,2026-05-30 20:00:00+02:00,46.0009994506836,76.1449966430664,47438.79,2016.87,8975.91,0.1892103487063623,240.61,160.52499999999998,182.68821289675338
18642,2026-05-30 21:00:00+02:00,46.0009994506836,76.1449966430664,45865.43,96.19,6398.68,0.1395098661149563,201.405,171.845,185.0729490242615
18643,2026-05-30 22:00:00+02:00,46.0009994506836,76.1449966430664,44168.06,0.0,6341.46,0.1435756969756933,161.70000000000002,159.4025,152.65220116330056
18644,2026-05-30 23:00:00+02:00,46.0009994506836,76.1449966430664,41912.7,0.0,6202.88,0.1479952376849987,145.1925,143.04000000000002,140.19867945120077
18645,2026-05-31 00:00:00+02:00,46.0009994506836,76.1449966430664,40496.56,0.0,5599.82,0.1382789056309279,135.515,136.4125,139.3317917203761
18646,2026-05-31 01:00:00+02:00,46.0009994506836,76.1449966430664,38832.5,0.0,5007.25,0.1289448271090079,128.45,129.10500000000002,137.9360760637323
18647,2026-05-31 02:00:00+02:00,46.0009994506836,76.1449966430664,37711.44,0.0,4529.08,0.1200983043553631,123.7725,125.915,135.99863857505017
18648,2026-05-31 03:00:00+02:00,46.0009994506836,76.1449966430664,37330.89,0.0,4089.76,0.1095543127663031,121.085,125.1975,132.36727494884275
18649,2026-05-31 04:00:00+02:00,46.0009994506836,76.1449966430664,37523.42,1.49,3742.23,0.0997305149424731,125.3575,126.95,133.68393422459908
18650,2026-05-31 05:00:00+02:00,46.0009994506836,76.1449966430664,38021.92,610.55,4051.7,0.1065622146102663,125.045,123.3575,134.3203366498206
18651,2026-05-31 06:00:00+02:00,46.0009994506836,76.1449966430664,39908.05,4098.41,7219.71,0.1809086136303556,118.9925,115.0025,122.3620176072466
18652,2026-05-31 07:00:00+02:00,46.0009994506836,76.1449966430664,41942.12,11017.89,13801.97,0.3290718255707932,109.095,100.56,104.32804211728622
18653,2026-05-31 08:00:00+02:00,46.0009994506836,76.1449966430664,44679.3,19695.39,22030.93,0.4930903124057246,88.8675,90.4375,84.7200012474354
18654,2026-05-31 09:00:00+02:00,46.0009994506836,76.1449966430664,46681.9,27667.12,29810.01,0.638577478500537,36.682500000000005,56.29,32.4972938147585
18655,2026-05-31 10:00:00+02:00,46.0009994506836,76.1449966430664,48473.57,33353.79,35589.98,0.7342141293215635,2.96,7.5675,12.146753093462152
18656,2026-05-31 11:00:00+02:00,46.0009994506836,76.1449966430664,48893.63,36399.07,38786.51,0.7932835011854747,-0.005,0.0,5.962046967724239
18657,2026-05-31 12:00:00+02:00,46.0009994506836,76.1449966430664,48502.59,37413.19,40310.05,0.8310906694196969,-0.0525,-0.005,-0.46010012476656037
18658,2026-05-31 13:00:00+02:00,46.0009994506836,76.1449966430664,47645.95,37289.77,40761.16,0.8555010445052516,-1.4425,-0.01,-9.72168959955414
18659,2026-05-31 14:00:00+02:00,46.0009994506836,76.1449966430664,46324.66,35467.44,39655.57,0.8560358563115117,-0.7475,-0.01,-3.233711132299394
18660,2026-05-31 15:00:00+02:00,46.0009994506836,76.1449966430664,45393.69,31661.94,36855.97,0.811918352349871,-0.01,0.0,5.176098521175781
18661,2026-05-31 16:00:00+02:00,46.0009994506836,76.1449966430664,45589.8,25674.91,32343.69,0.7094501400073151,3.0075,49.002500000000005,18.84716817733273
18662,2026-05-31 17:00:00+02:00,46.0009994506836,76.1449966430664,46468.13,18318.99,26032.76,0.5602282681570727,62.5,95.925,72.3724295474922
18663,2026-05-31 18:00:00+02:00,46.0009994506836,76.1449966430664,47856.74,11019.96,19268.3,0.4026245832034056,107.0075,127.265,115.5245853298267
18664,2026-05-31 19:00:00+02:00,46.0009994506836,76.1449966430664,49335.98,5071.55,13379.27,0.2711868700548389,139.8725,141.37,141.96005223107494
18665,2026-05-31 20:00:00+02:00,46.0009994506836,76.1449966430664,48934.85,1330.11,9640.02,0.1969970276404245,160.52499999999998,152.7625,162.52788646552466
18666,2026-05-31 21:00:00+02:00,46.0009994506836,76.1449966430664,47582.46,72.91,8503.99,0.1787211085390034,171.845,156.035,163.06479546080107
18667,2026-05-31 22:00:00+02:00,46.0009994506836,76.1449966430664,46044.7,0.0,8443.82,0.1833831037701661,159.4025,153.1275,148.71851123209296
18668,2026-05-31 23:00:00+02:00,46.0009994506836,76.1449966430664,43846.6,0.0,8357.84,0.19061546386935,143.04000000000002,145.3475,135.7273603770571
18669,2026-06-01 00:00:00+02:00,46.0009994506836,76.1449966430664,41047.62,0.0,7627.19,0.1858132091005974,136.4125,141.0075,130.7627777946407
18670,2026-06-01 01:00:00+02:00,46.0009994506836,76.1449966430664,39752.11,0.0,7292.9,0.1834594439934233,129.10500000000002,128.255,127.78219443802759
18671,2026-06-01 02:00:00+02:00,46.0009994506836,76.1449966430664,39327.05,0.0,7151.05,0.1818354033211655,125.915,123.1375,125.8347868004077
18672,2026-06-01 03:00:00+02:00,46.0009994506836,76.1449966430664,39675.58,0.0,6999.07,0.176407503009053,125.1975,120.295,126.69850072637782
18673,2026-06-01 04:00:00+02:00,46.0009994506836,76.1449966430664,41285.2,1.76,6799.44,0.1646943698553732,126.95,124.4875,130.26904183951794
18674,2026-06-01 05:00:00+02:00,46.0009994506836,76.1449966430664,45776.23,513.69,6907.39,0.1508946891976698,123.3575,135.0925,142.2070121202517
18675,2026-06-01 06:00:00+02:00,46.0009994506836,76.1449966430664,52975.27,3597.18,9107.93,0.1719279580506285,115.0025,164.03,149.83596483603958
18676,2026-06-01 07:00:00+02:00,46.0009994506836,76.1449966430664,57379.9,10074.58,14174.99,0.2470375514340322,100.56,160.0,148.27387194595576
18677,2026-06-01 08:00:00+02:00,46.0009994506836,76.1449966430664,60062.33,19144.35,22103.86,0.3680153599822026,90.4375,151.715,130.8072103429513
18678,2026-06-01 09:00:00+02:00,46.0009994506836,76.1449966430664,60396.46,28464.52,31094.36,0.5148374589313948,56.29,133.2,100.89896410806841
18679,2026-06-01 10:00:00+02:00,46.0009994506836,76.1449966430664,60874.85,35671.2,38321.85,0.6295185941929189,7.5675,117.66,66.93347983206874
18680,2026-06-01 11:00:00+02:00,46.0009994506836,76.1449966430664,60911.81,40260.2,43081.57,0.7072777839457934,0.0,108.1425,33.39937179103462
18681,2026-06-01 12:00:00+02:00,46.0009994506836,76.1449966430664,60694.15,42461.96,45559.19,0.7506356047904723,-0.005,93.0825,21.127846721847504
18682,2026-06-01 13:00:00+02:00,46.0009994506836,76.1449966430664,59381.02,42406.35,45741.45,0.7703042149208106,-0.01,89.9075,23.30378566797772
18683,2026-06-01 14:00:00+02:00,46.0009994506836,76.1449966430664,58150.1,40985.28,44417.8,0.7638473535275353,-0.01,87.44749999999999,25.45306768848841
18684,2026-06-01 15:00:00+02:00,46.0009994506836,76.1449966430664,57647.15,37396.47,40563.61,0.7036533461405025,0.0,95.0975,39.585970479152365
18685,2026-06-01 16:00:00+02:00,46.0009994506836,76.1449966430664,57535.92,31727.77,34373.51,0.5974269637823768,49.002500000000005,106.735,74.55345009281103
18686,2026-06-01 17:00:00+02:00,46.0009994506836,76.1449966430664,58022.76,24019.44,26095.2,0.4497407568254697,95.925,125.2425,116.00214071282736
18687,2026-06-01 18:00:00+02:00,46.0009994506836,76.1449966430664,58422.03,15161.25,16737.86,0.2864991168080775,127.265,141.4575,135.33040882999416
18688,2026-06-01 19:00:00+02:00,46.0009994506836,76.1449966430664,58017.81,7202.27,8387.58,0.1445690555805934,141.37,226.6125,180.3837807410933
18689,2026-06-01 20:00:00+02:00,46.0009994506836,76.1449966430664,56567.75,1990.95,3013.66,0.0532752319027581,152.7625,355.2525,226.79366785703132
18690,2026-06-01 21:00:00+02:00,46.0009994506836,76.1449966430664,53892.87,93.25,1333.15,0.0247370384941946,156.035,333.3675,206.04113109183083
18691,2026-06-01 22:00:00+02:00,46.0009994506836,76.1449966430664,50815.12,0.0,1982.03,0.0390047292933668,153.1275,222.5025,173.95271798726168
18692,2026-06-01 23:00:00+02:00,46.0009994506836,76.1449966430664,48307.25,0.0,3168.63,0.0655932597973196,145.3475,161.025,146.51218823461568
18693,2026-06-02 00:00:00+02:00,49.09000015258789,74.7750015258789,45342.29,0.0,5782.59,0.1275319353902213,141.0075,142.065,138.8275588114574
18694,2026-06-02 01:00:00+02:00,49.09000015258789,74.7750015258789,43631.53,0.0,7704.0,0.1765695587166964,128.255,131.7225,131.62583878455467
18695,2026-06-02 02:00:00+02:00,49.09000015258789,74.7750015258789,42942.17,0.0,9362.51,0.2180260102789342,123.1375,125.085,126.89407085432146
18696,2026-06-02 03:00:00+02:00,49.09000015258789,74.7750015258789,43021.5,0.0,10485.69,0.2437313900622406,120.295,120.915,125.05790130414844
18697,2026-06-02 04:00:00+02:00,49.09000015258789,74.7750015258789,44202.19,2.42,11209.22,0.2535896976476527,124.4875,120.6275,124.29647960307398
18698,2026-06-02 05:00:00+02:00,49.09000015258789,74.7750015258789,46746.61,645.95,12416.28,0.2656081370893829,135.0925,124.215,134.925349015277
18699,2026-06-02 06:00:00+02:00,49.09000015258789,74.7750015258789,52202.72,4139.4,16320.56,0.3126381153486565,164.03,131.0275,139.4908542590013
18700,2026-06-02 07:00:00+02:00,49.09000015258789,74.7750015258789,57032.6,10992.78,22577.67,0.3958730620038586,160.0,131.79500000000002,135.51465642237565
18701,2026-06-02 08:00:00+02:00,49.09000015258789,74.7750015258789,59790.92,19919.37,29428.24,0.4921857699309216,151.715,121.0825,119.62154874018074
18702,2026-06-02 09:00:00+02:00,49.09000015258789,74.7750015258789,60171.0,28499.52,35950.01,0.5974640606608725,133.2,105.41,95.25333479783994
18703,2026-06-02 10:00:00+02:00,49.09000015258789,74.7750015258789,60887.5,34512.7,41491.37,0.6814431532446819,117.66,90.515,78.11487511852467
18704,2026-06-02 11:00:00+02:00,49.09000015258789,74.7750015258789,60348.21,37672.61,45152.12,0.7481931940072136,108.1425,84.69999999999999,54.53654160262802
18705,2026-06-02 12:00:00+02:00,49.09000015258789,74.7750015258789,60205.25,38494.05,46690.41,0.7755205732431107,93.0825,80.2925,45.194786734242896
18706,2026-06-02 13:00:00+02:00,49.09000015258789,74.7750015258789,59491.95,37081.83,45542.21,0.765518864188261,89.9075,84.9575,47.669428506396414
18707,2026-06-02 14:00:00+02:00,49.09000015258789,74.7750015258789,57951.52,34068.88,42278.03,0.7295413475385043,87.44749999999999,90.7825,50.401023176774935
18708,2026-06-02 15:00:00+02:00,49.09000015258789,74.7750015258789,57052.46,29510.18,37319.64,0.654128498463672,95.0975,99.7375,78.90434977045142
18709,2026-06-02 16:00:00+02:00,49.09000015258789,74.7750015258789,57008.01,23531.2,31488.29,0.5523485207513209,106.735,112.2475,103.7304069265354
18710,2026-06-02 17:00:00+02:00,49.09000015258789,74.7750015258789,57565.81,16783.66,25224.22,0.4381805796812065,125.2425,131.1375,128.48250626947134
18711,2026-06-02 18:00:00+02:00,49.09000015258789,74.7750015258789,58566.14,10169.57,19518.46,0.3332720919744288,141.4575,146.97750000000002,144.230193930106
18712,2026-06-02 19:00:00+02:00,49.09000015258789,74.7750015258789,58472.62,4775.97,15329.57,0.2621666345270373,226.6125,167.9375,176.36004417056694
18713,2026-06-02 20:00:00+02:00,49.09000015258789,74.7750015258789,57165.43,1295.05,13197.32,0.2308619037360758,355.2525,167.2725,195.4168717789072
18714,2026-06-02 21:00:00+02:00,49.09000015258789,74.7750015258789,54751.8,84.99,13748.09,0.2510984113305683,333.3675,152.325,178.3702554335796
18715,2026-06-02 22:00:00+02:00,49.09000015258789,74.7750015258789,51427.61,0.0,15303.98,0.2975829519789889,222.5025,140.435,160.41530003272885
18716,2026-06-02 23:00:00+02:00,49.09000015258789,74.7750015258789,48769.97,0.0,16296.16,0.3341433262447889,161.025,125.2375,132.5097678508319
18717,2026-06-03 00:00:00+02:00,47.60699844360352,74.94999694824219,46519.07,0.0,19319.69,0.4153068837327773,142.065,116.3,116.28203691445354
18718,2026-06-03 01:00:00+02:00,47.60699844360352,74.94999694824219,45169.59,0.0,18973.54,0.4200511892137938,131.7225,111.895,111.77217452268626
18719,2026-06-03 02:00:00+02:00,47.60699844360352,74.94999694824219,44450.4,0.0,18443.09,0.4149139264405013,125.085,108.0175,111.70605847864063
18720,2026-06-03 03:00:00+02:00,47.60699844360352,74.94999694824219,44135.19,0.0,17914.88,0.4059092075040553,120.915,107.3,112.09133141828691
18721,2026-06-03 04:00:00+02:00,47.60699844360352,74.94999694824219,45427.12,1.6,17617.89,0.387827579563083,120.6275,107.19,112.87567788097145
18722,2026-06-03 05:00:00+02:00,47.60699844360352,74.94999694824219,48026.69,372.62,17840.97,0.3714803163883498,124.215,113.275,119.02485642374339
18723,2026-06-03 06:00:00+02:00,47.60699844360352,74.94999694824219,54084.9,2750.77,20014.77,0.3700620690118569,131.0275,130.7375,133.57885512325635
18724,2026-06-03 07:00:00+02:00,47.60699844360352,74.94999694824219,59374.17,7549.32,24533.65,0.4132040918781342,131.79500000000002,136.82999999999998,139.68935051914804
18725,2026-06-03 08:00:00+02:00,47.60699844360352,74.94999694824219,61315.02,13861.21,30970.67,0.5051073944842377,121.0825,131.0775,120.70056665120417
18726,2026-06-03 09:00:00+02:00,47.60699844360352,74.94999694824219,61853.5,20522.78,37838.39,0.6117421001864498,105.41,112.1475,92.55298086159121
18727,2026-06-03 10:00:00+02:00,47.60699844360352,74.94999694824219,62912.52,26199.47,43352.95,0.6890989264634291,90.515,94.0925,73.24579174562675
18728,2026-06-03 11:00:00+02:00,47.60699844360352,74.94999694824219,62829.06,30387.53,47346.94,0.7535834531419723,84.69999999999999,80.2475,50.11750718203735
18729,2026-06-03 12:00:00+02:00,47.60699844360352,74.94999694824219,62390.78,33091.57,49978.62,0.801057784371175,80.2925,58.17,34.68208363492377
18730,2026-06-03 13:00:00+02:00,47.60699844360352,74.94999694824219,60943.73,34457.22,51418.8,0.8437094347779978,84.9575,37.8325,32.14332721658219
18731,2026-06-03 14:00:00+02:00,47.60699844360352,74.94999694824219,59662.23,34219.96,51304.97,0.8599237740761745,90.7825,38.0425,29.623395072480015
18732,2026-06-03 15:00:00+02:00,47.60699844360352,74.94999694824219,58489.64,32098.59,49166.3,0.8405984374599333,99.7375,47.1,35.42705963667119
18733,2026-06-03 16:00:00+02:00,47.60699844360352,74.94999694824219,58448.05,27832.74,44483.58,0.7610789409123009,112.2475,76.9,58.63556422396822
18734,2026-06-03 17:00:00+02:00,47.60699844360352,74.94999694824219,58348.67,21523.09,37466.13,0.642107694889685,131.1375,95.5325,88.07630497053783
18735,2026-06-03 18:00:00+02:00,47.60699844360352,74.94999694824219,58378.13,13819.06,28696.94,0.4915700450679783,146.97750000000002,122.1875,116.64875422456466
18736,2026-06-03 19:00:00+02:00,47.60699844360352,74.94999694824219,58262.85,6512.51,20083.41,0.3447035288619242,167.9375,138.3675,143.4782634601895
18737,2026-06-03 20:00:00+02:00,47.60699844360352,74.94999694824219,57208.09,1760.25,15076.45,0.2635370276715169,167.2725,146.2375,160.54453816375923
18738,2026-06-03 21:00:00+02:00,47.60699844360352,74.94999694824219,54686.05,88.16,15945.54,0.291583319641557,152.325,133.42000000000002,148.71698631247955
18739,2026-06-03 22:00:00+02:00,47.60699844360352,74.94999694824219,51756.72,0.0,20301.87,0.3922557301945996,140.435,120.9525,119.02662726919345
18740,2026-06-03 23:00:00+02:00,47.60699844360352,74.94999694824219,48300.84,0.0,24617.24,0.5096648421622347,125.2375,99.4075,101.1048520234705
18741,2026-06-04 00:00:00+02:00,48.86399841308594,74.41000366210938,44862.65,0.0,30167.13,0.6724330817121964,116.3,86.205,71.08860588744292
18742,2026-06-04 01:00:00+02:00,48.86399841308594,74.41000366210938,42803.91,0.0,31841.85,0.7439004986357786,111.895,75.4875,59.20498095523881
18743,2026-06-04 02:00:00+02:00,48.86399841308594,74.41000366210938,41856.76,0.0,32355.5,0.7730053638234288,108.0175,66.92,50.38092789767381
18744,2026-06-04 03:00:00+02:00,48.86399841308594,74.41000366210938,41323.67,0.0,32124.83,0.7773953763599905,107.3,67.4725,40.23667582394731
18745,2026-06-04 04:00:00+02:00,48.86399841308594,74.41000366210938,41260.4,4.39,31322.16,0.7591336970172043,107.19,68.2925,45.12475546293227
18746,2026-06-04 05:00:00+02:00,48.86399841308594,74.41000366210938,42014.67,530.26,30861.38,0.7345381980307025,113.275,71.185,50.70425530798522
18747,2026-06-04 06:00:00+02:00,48.86399841308594,74.41000366210938,43995.38,3449.78,32959.55,0.7491593433789732,130.7375,73.97,52.46268379369582
18748,2026-06-04 07:00:00+02:00,48.86399841308594,74.41000366210938,46289.69,9244.6,36730.61,0.793494404306122,136.82999999999998,87.08,45.53730601615777
18749,2026-06-04 08:00:00+02:00,48.86399841308594,74.41000366210938,49292.49,16383.87,42008.11,0.8522213016927688,131.0775,75.62,36.025050173105285
18750,2026-06-04 09:00:00+02:00,48.86399841308594,74.41000366210938,51488.37,22893.43,48731.54,0.9464572288952908,112.1475,34.125,30.07717870267529
18751,2026-06-04 10:00:00+02:00,48.86399841308594,74.41000366210938,52673.02,27161.01,53224.37,1.0104674079803158,94.0925,4.79,31.440247124453037
18752,2026-06-04 11:00:00+02:00,48.86399841308594,74.41000366210938,53156.85,29107.43,55076.97,1.0361217790301491,80.2475,-0.0025,22.665008775881727
18753,2026-06-04 12:00:00+02:00,48.86399841308594,74.41000366210938,52605.15,29686.76,55752.37,1.0598272220381793,58.17,-0.025,14.859479737629414
18754,2026-06-04 13:00:00+02:00,48.86399841308594,74.41000366210938,51433.27,28594.75,55182.95,1.0729037836651445,37.8325,-0.0475,15.622854308113906
18755,2026-06-04 14:00:00+02:00,48.86399841308594,74.41000366210938,50484.36,26035.39,53908.16,1.067819023343503,38.0425,-0.035,14.696433306939946
18756,2026-06-04 15:00:00+02:00,48.86399841308594,74.41000366210938,49871.4,22008.6,50410.81,1.0108160185976698,47.1,1.6175,15.006319256570661
18757,2026-06-04 16:00:00+02:00,48.86399841308594,74.41000366210938,49715.35,17310.09,45959.65,0.924455927409853,76.9,28.6375,23.25898313967606
18758,2026-06-04 17:00:00+02:00,48.86399841308594,74.41000366210938,50707.72,12504.76,40672.04,0.8020877292842021,95.5325,70.1525,40.79201616242586
18759,2026-06-04 18:00:00+02:00,48.86399841308594,74.41000366210938,51708.39,7836.18,35480.4,0.686163309148445,122.1875,101.5025,83.06987588267067
18760,2026-06-04 19:00:00+02:00,48.86399841308594,74.41000366210938,51596.28,3883.71,31128.43,0.6033076414417264,138.3675,114.165,104.64204978724513
18761,2026-06-04 20:00:00+02:00,48.86399841308594,74.41000366210938,51351.65,1113.6,28133.75,0.5478645767861666,146.2375,117.9625,109.03478458220688
18762,2026-06-04 21:00:00+02:00,48.86399841308594,74.41000366210938,49990.84,101.99,27497.89,0.5500585706201259,133.42000000000002,115.3725,109.62959708869518
18763,2026-06-04 22:00:00+02:00,48.86399841308594,74.41000366210938,48275.86,0.0,27786.66,0.575580838834237,120.9525,111.69,103.47131446922299
18764,2026-06-04 23:00:00+02:00,48.86399841308594,74.41000366210938,45962.95,0.0,28767.73,0.6258895478584622,99.4075,100.05,99.28453052663191
18765,2026-06-05 00:00:00+02:00,48.75199890136719,72.93000030517578,43918.99,0.0,29679.42,0.6757764692048299,86.205,80.695,84.12198449431453
18766,2026-06-05 01:00:00+02:00,48.75199890136719,72.93000030517578,42461.85,0.0,29322.26,0.6905554042768849,75.4875,79.44749999999999,85.05343390320367
18767,2026-06-05 02:00:00+02:00,48.75199890136719,72.93000030517578,41561.72,0.0,28054.29,0.6750031036552377,66.92,83.44749999999999,83.48466972744974
18768,2026-06-05 03:00:00+02:00,48.75199890136719,72.93000030517578,41368.86,0.0,26340.38,0.6367199868121287,67.4725,85.025,83.31975550579524
18769,2026-06-05 04:00:00+02:00,48.75199890136719,72.93000030517578,42282.16,2.06,24376.25,0.5765138298098975,68.2925,89.8325,85.30067587578483
18770,2026-06-05 05:00:00+02:00,48.75199890136719,72.93000030517578,44324.75,385.62,23020.17,0.5193525061011393,71.185,97.2575,96.39543437230103
18771,2026-06-05 06:00:00+02:00,48.75199890136719,72.93000030517578,47295.79,2767.45,23966.0,0.5067258628079315,73.97,114.8975,104.28735512706307
18772,2026-06-05 07:00:00+02:00,48.75199890136719,72.93000030517578,50475.86,7621.23,27309.57,0.5410421931313221,87.08,118.6175,101.89103521781298
18773,2026-06-05 08:00:00+02:00,48.75199890136719,72.93000030517578,53997.0,14291.75,33183.11,0.6145361778220019,75.62,113.8175,95.62533921187739
18774,2026-06-05 09:00:00+02:00,48.75199890136719,72.93000030517578,55877.24,21568.58,39772.83,0.711789451176939,34.125,98.3,60.43781117334361
18775,2026-06-05 10:00:00+02:00,48.75199890136719,72.93000030517578,56685.43,27900.74,44774.81,0.7898821618200863,4.79,86.115,30.788226971909552
18776,2026-06-05 11:00:00+02:00,48.75199890136719,72.93000030517578,56988.65,32282.78,47766.66,0.8381784792518899,-0.0025,70.825,20.642654396978294
18777,2026-06-05 12:00:00+02:00,48.75199890136719,72.93000030517578,56324.33,35313.95,49467.87,0.878268236678844,-0.025,45.205,19.584393057078806
18778,2026-06-05 13:00:00+02:00,48.75199890136719,72.93000030517578,55171.41,36656.96,49851.49,0.9035746954983432,-0.0475,34.1775,18.329216646090934
18779,2026-06-05 14:00:00+02:00,48.75199890136719,72.93000030517578,54468.7,36290.54,48835.73,0.8965833587185699,-0.035,27.2,18.57560281693125
18780,2026-06-05 15:00:00+02:00,48.75199890136719,72.93000030517578,53810.39,34301.68,46096.22,0.856641626114094,1.6175,38.01,20.87094776690497
18781,2026-06-05 16:00:00+02:00,48.75199890136719,72.93000030517578,53744.95,30392.51,41134.53,0.7653654900106214,28.6375,72.555,29.12571425232933
18782,2026-06-05 17:00:00+02:00,48.75199890136719,72.93000030517578,54101.9,23914.0,33088.12,0.6115888719968081,70.1525,104.2525,86.30874064341246
18783,2026-06-05 18:00:00+02:00,48.75199890136719,72.93000030517578,54059.3,15565.07,22627.74,0.4185725674548926,101.5025,128.9025,117.94969968053631
18784,2026-06-05 19:00:00+02:00,48.75199890136719,72.93000030517578,53566.21,7524.48,12387.7,0.2312595943914532,114.165,150.4975,147.66384261435104
18785,2026-06-05 20:00:00+02:00,48.75199890136719,72.93000030517578,52411.68,2208.78,5388.44,0.1028099080008864,117.9625,179.0775,174.1809743793292
18786,2026-06-05 21:00:00+02:00,48.75199890136719,72.93000030517578,50459.62,137.44,2361.06,0.0467910776881016,115.3725,189.355,178.9215550077879
18787,2026-06-05 22:00:00+02:00,48.75199890136719,72.93000030517578,48036.29,0.0,1989.57,0.0414180612113429,111.69,169.135,160.43054279717916
18788,2026-06-05 23:00:00+02:00,48.75199890136719,72.93000030517578,45386.18,0.0,1973.93,0.0434918735078625,100.05,152.06,148.966839333064
18789,2026-06-06 00:00:00+02:00,48.49599838256836,72.76000213623047,43124.65,0.0,1819.38,0.042188864131723,80.695,148.2425,147.3721835077635
18790,2026-06-06 01:00:00+02:00,48.49599838256836,72.76000213623047,41512.42,0.0,1788.65,0.0430871050054207,79.44749999999999,137.18,142.3219060441665
18791,2026-06-06 02:00:00+02:00,48.49599838256836,72.76000213623047,40257.39,0.0,1783.24,0.0442959665183719,83.44749999999999,134.79,138.5106303431184
18792,2026-06-06 03:00:00+02:00,48.49599838256836,72.76000213623047,39722.39,0.0,1733.28,0.0436348366642503,85.025,116.1675,138.18708747477012
18793,2026-06-06 04:00:00+02:00,48.49599838256836,72.76000213623047,39919.47,6.3,1780.72,0.0446078066555974,89.8325,130.1825,138.3401162837988
18794,2026-06-06 05:00:00+02:00,48.49599838256836,72.76000213623047,40568.14,788.6,2758.47,0.067995969233986,97.2575,126.035,137.4315085622651
18795,2026-06-06 06:00:00+02:00,48.49599838256836,72.76000213623047,42209.29,4584.53,6907.33,0.1636447805296784,114.8975,117.69,125.38704062910492
18796,2026-06-06 07:00:00+02:00,48.49599838256836,72.76000213623047,44172.31,12136.19,14675.39,0.3322305307709217,118.6175,102.315,110.98066678443068
18797,2026-06-06 08:00:00+02:00,48.49599838256836,72.76000213623047,46748.91,21949.68,24200.29,0.5176653315515451,113.8175,81.0175,88.95549778857196
18798,2026-06-06 09:00:00+02:00,48.49599838256836,72.76000213623047,48867.24,30296.77,32332.59,0.6616414185328163,98.3,50.0,55.555166279972866
18799,2026-06-06 10:00:00+02:00,48.49599838256836,72.76000213623047,49906.3,35415.56,37910.87,0.7596409670202677,86.115,14.7425,34.03757355079678
18800,2026-06-06 11:00:00+02:00,48.49599838256836,72.76000213623047,49983.2,37704.45,40808.76,0.8164495268777411,70.825,0.0325,20.477190157417454
18801,2026-06-06 12:00:00+02:00,48.49599838256836,72.76000213623047,49672.6,38116.61,41750.76,0.8405189177050287,45.205,-0.03,16.452409599079665
18802,2026-06-06 13:00:00+02:00,48.49599838256836,72.76000213623047,48790.22,36933.73,41224.2,0.8449275283356115,34.1775,-0.025,15.231781667982167
18803,2026-06-06 14:00:00+02:00,48.49599838256836,72.76000213623047,47447.75,34575.11,39525.2,0.8330258018909166,27.2,0.0225,15.20147585206786
18804,2026-06-06 15:00:00+02:00,48.49599838256836,72.76000213623047,46444.34,30755.6,36451.19,0.7848359992229762,38.01,9.51,20.459578845290853
18805,2026-06-06 16:00:00+02:00,48.49599838256836,72.76000213623047,46581.47,25668.43,31826.65,0.6832470077300593,72.555,46.105,36.324539621778015
18806,2026-06-06 17:00:00+02:00,48.49599838256836,72.76000213623047,47094.81,19139.98,25492.66,0.5413050821223602,104.2525,93.2825,89.90843906103395
18807,2026-06-06 18:00:00+02:00,48.49599838256836,72.76000213623047,47833.21,12126.43,18381.75,0.3842884472139151,128.9025,121.7875,118.76480388372372
18808,2026-06-06 19:00:00+02:00,48.49599838256836,72.76000213623047,48849.62,5931.91,12563.16,0.2571803014522568,150.4975,133.85,139.43484732634647
18809,2026-06-06 20:00:00+02:00,48.49599838256836,72.76000213623047,48232.81,1670.71,9427.45,0.1954572001516276,179.0775,152.4325,158.73953222054507
18810,2026-06-06 21:00:00+02:00,48.49599838256836,72.76000213623047,46631.17,106.41,9286.8,0.1991543424282182,189.355,150.9225,164.99120810816498
18811,2026-06-06 22:00:00+02:00,48.49599838256836,72.76000213623047,44969.78,0.21,11367.25,0.2527753081618866,169.135,134.3275,141.60347407982638
18812,2026-06-06 23:00:00+02:00,48.49599838256836,72.76000213623047,42884.16,0.0,13739.37,0.3203833302738392,152.06,121.5425,118.72975175000306
18813,2026-06-07 00:00:00+02:00,48.49599838256836,72.76000213623047,41188.09,0.0,15862.53,0.385124194789046,148.2425,110.7,108.57425544334296
18814,2026-06-07 01:00:00+02:00,48.49599838256836,72.76000213623047,39526.62,0.0,17695.73,0.4476914544052358,137.18,99.5125,98.1728379907571
18815,2026-06-07 02:00:00+02:00,48.49599838256836,72.76000213623047,38492.72,0.0,19398.79,0.503959969442544,134.79,92.2075,86.64299381539506
18816,2026-06-07 03:00:00+02:00,48.49599838256836,72.76000213623047,38223.53,0.0,21017.45,0.5498563318066498,116.1675,81.41499999999999,77.8751117337155
18817,2026-06-07 04:00:00+02:00,48.49599838256836,72.76000213623047,38466.68,3.65,22529.23,0.585681685919949,130.1825,67.0125,73.77083909151277
18818,2026-06-07 05:00:00+02:00,48.49599838256836,72.76000213623047,39292.51,620.9,24237.07,0.6168368982748017,126.035,39.21,68.40282470763628
18819,2026-06-07 06:00:00+02:00,48.49599838256836,72.76000213623047,40615.45,4003.61,27862.89,0.6860170204476334,117.69,5.0475,66.13953041253893
18820,2026-06-07 07:00:00+02:00,48.49599838256836,72.76000213623047,42213.53,10662.66,33211.14,0.7867415966428911,102.315,0.46,29.775630530654666
18821,2026-06-07 08:00:00+02:00,48.49599838256836,72.76000213623047,45144.14,19459.41,39151.31,0.8672512089349245,81.0175,-0.5525,21.454312040264696
18822,2026-06-07 09:00:00+02:00,48.49599838256836,72.76000213623047,47514.75,26901.63,46440.65,0.9773943878527416,50.0,-5.05,15.700839491070916
18823,2026-06-07 10:00:00+02:00,48.49599838256836,72.76000213623047,49165.48,31328.13,50336.22,1.0238122355311463,14.7425,-8.0,10.986459475928303
18824,2026-06-07 11:00:00+02:00,48.49599838256836,72.76000213623047,50021.38,33910.76,51869.44,1.036945401938742,0.0325,-14.0525,6.001768313821929
18825,2026-06-07 12:00:00+02:00,48.49599838256836,72.76000213623047,49570.64,35297.58,52285.2,1.0547614472892095,-0.03,-18.2625,1.878796234631844
18826,2026-06-07 13:00:00+02:00,48.49599838256836,72.76000213623047,48522.72,35999.15,52125.23,1.0742437767144457,-0.025,-35.9375,-5.018469494106437
18827,2026-06-07 14:00:00+02:00,48.49599838256836,72.76000213623047,47278.49,35703.47,51436.54,1.0879480285669132,0.0225,-44.7375,-14.164243199750441
18828,2026-06-07 15:00:00+02:00,48.49599838256836,72.76000213623047,46491.48,34173.77,50417.0,1.084435255430794,9.51,-36.47,-4.830209729746276
18829,2026-06-07 16:00:00+02:00,48.49599838256836,72.76000213623047,46399.85,30997.49,48908.26,1.054060734882966,46.105,-15.96,0.5275116676248146
18830,2026-06-07 17:00:00+02:00,48.49599838256836,72.76000213623047,47289.42,25091.82,44234.46,0.935398657683812,93.2825,-1.135,13.937679741576716
18831,2026-06-07 18:00:00+02:00,48.49599838256836,72.76000213623047,48997.39,16329.3,36737.83,0.7497915703775667,121.7875,53.625,46.63329314733711
18832,2026-06-07 19:00:00+02:00,48.49599838256836,72.76000213623047,49587.49,7820.93,25205.35,0.5083005813546319,133.85,108.0025,103.78838949481741
18833,2026-06-07 20:00:00+02:00,48.49599838256836,72.76000213623047,48858.29,2318.98,16584.95,0.3394500707373405,152.4325,128.26749999999998,133.4385555869523
18834,2026-06-07 21:00:00+02:00,48.49599838256836,72.76000213623047,47395.29,147.0,11562.89,0.243967069250137,150.9225,137.1375,143.6458430939607
18835,2026-06-07 22:00:00+02:00,48.49599838256836,72.76000213623047,45742.34,1.04,9661.07,0.2112062915427574,134.3275,141.1875,137.4838828029046
18836,2026-06-07 23:00:00+02:00,48.49599838256836,72.76000213623047,43648.61,0.0,8684.0,0.1989524980981175,121.5425,140.3425,134.03000379702232
18837,2026-06-08 00:00:00+02:00,48.49599838256836,72.76000213623047,41644.73,0.0,6377.46,0.1531396649340409,110.7,140.43,131.32926241908342
18838,2026-06-08 01:00:00+02:00,48.49599838256836,72.76000213623047,40519.77,0.0,5881.55,0.1451526007810131,99.5125,134.2375,128.5567424550872
18839,2026-06-08 02:00:00+02:00,48.49599838256836,72.76000213623047,39902.35,0.0,5860.02,0.1468590195447488,92.2075,132.71,122.21976421144767
18840,2026-06-08 03:00:00+02:00,48.49599838256836,72.76000213623047,40174.61,0.0,6231.23,0.1551036836063613,81.41499999999999,127.67,118.68806304122346
18841,2026-06-08 04:00:00+02:00,48.49599838256836,72.76000213623047,41621.98,5.0,6766.52,0.1625708339289551,67.0125,130.175,124.4843913935276
18842,2026-06-08 05:00:00+02:00,48.49599838256836,72.76000213623047,45617.22,810.36,7979.78,0.1749291166417135,39.21,138.5625,133.06164662736197
18843,2026-06-08 06:00:00+02:00,48.49599838256836,72.76000213623047,52476.09,4721.25,12058.43,0.2297890333998228,5.0475,150.675,142.98217151950223
18844,2026-06-08 07:00:00+02:00,48.49599838256836,72.76000213623047,57320.8,12431.32,19448.62,0.3392942875292573,0.46,145.675,142.14227676781667
18845,2026-06-08 08:00:00+02:00,48.49599838256836,72.76000213623047,59910.71,22909.15,29085.31,0.4854776382243713,-0.5525,124.875,101.5545375546555
18846,2026-06-08 09:00:00+02:00,48.49599838256836,72.76000213623047,60538.35,32610.51,37845.6,0.6251508340374076,-5.05,100.9025,68.92316557265991
18847,2026-06-08 10:00:00+02:00,48.49599838256836,72.76000213623047,61325.54,39306.94,44592.69,0.7271471232496042,-8.0,75.91499999999999,35.4781967440844
18848,2026-06-08 11:00:00+02:00,48.49599838256836,72.76000213623047,61425.65,42833.23,48213.79,0.7849129800360414,-14.0525,55.6425,26.829575512699368
18849,2026-06-08 12:00:00+02:00,48.49599838256836,72.76000213623047,61310.92,43500.45,48918.39,0.7978740164398326,-18.2625,54.4825,20.059847854035702
18850,2026-06-08 13:00:00+02:00,48.49599838256836,72.76000213623047,60509.41,41465.12,47184.35,0.7797853258229115,-35.9375,55.2175,22.53580180785626
18851,2026-06-08 14:00:00+02:00,48.49599838256836,72.76000213623047,59363.31,37572.69,43869.24,0.7389958543856473,-44.7375,68.67,26.228119566367397
18852,2026-06-08 15:00:00+02:00,48.49599838256836,72.76000213623047,58515.47,31991.98,38831.59,0.6636123745287165,-36.47,88.8525,50.68382743817047
18853,2026-06-08 16:00:00+02:00,48.49599838256836,72.76000213623047,57930.83,25144.75,32577.79,0.5623566932214924,-15.96,102.58,87.38429441876644
18854,2026-06-08 17:00:00+02:00,48.49599838256836,72.76000213623047,58067.45,17700.84,25601.59,0.4408939947525001,-1.135,128.875,115.57394310306532
18855,2026-06-08 18:00:00+02:00,48.49599838256836,72.76000213623047,59219.76,10696.44,18842.56,0.31818028301395,53.625,151.32999999999998,139.25379380561623
18856,2026-06-08 19:00:00+02:00,48.49599838256836,72.76000213623047,59133.82,5139.21,13810.88,0.2335529819934594,108.0025,199.3225,163.08581716727866
18857,2026-06-08 20:00:00+02:00,48.49599838256836,72.76000213623047,57757.5,1404.33,11144.44,0.1929522572491966,128.26749999999998,208.9025,191.97193170516323
18858,2026-06-08 21:00:00+02:00,48.49599838256836,72.76000213623047,55303.96,97.05,11409.83,0.2063112659190569,137.1375,185.75,172.88874001091324
18859,2026-06-08 22:00:00+02:00,48.49599838256836,72.76000213623047,52331.85,0.71,13366.02,0.255408895298865,141.1875,152.3675,151.24889813972288
18860,2026-06-08 23:00:00+02:00,48.49599838256836,72.76000213623047,49804.69,0.0,15006.83,0.3013135910892501,140.3425,128.20499999999998,134.3542824342365
18861,2026-06-09 00:00:00+02:00,49.82600021362305,72.86499786376953,47568.4,0.0,17405.61,0.3659069885962304,140.43,129.0125,121.37284060561842
18862,2026-06-09 01:00:00+02:00,49.82600021362305,72.86499786376953,45551.24,0.0,18641.85,0.4092501103352509,134.2375,122.1575,112.08110014233539
18863,2026-06-09 02:00:00+02:00,49.82600021362305,72.86499786376953,44615.74,0.0,19645.15,0.4403188201203614,132.71,115.5,104.29161814278486
18864,2026-06-09 03:00:00+02:00,49.82600021362305,72.86499786376953,44549.91,0.0,20530.26,0.4608372945173541,127.67,111.2175,100.77930589170052
18865,2026-06-09 04:00:00+02:00,49.82600021362305,72.86499786376953,45558.53,6.69,21391.7,0.469543244597764,130.175,110.475,103.740589786871
18866,2026-06-09 05:00:00+02:00,49.82600021362305,72.86499786376953,48000.94,430.0,22005.07,0.4584299806507059,138.5625,115.8425,110.07823447713706
18867,2026-06-09 06:00:00+02:00,49.82600021362305,72.86499786376953,53562.57,2729.66,23921.81,0.4466143053915049,150.675,130.1525,122.73217605572782
18868,2026-06-09 07:00:00+02:00,49.82600021362305,72.86499786376953,57838.5,7041.76,27158.82,0.4695630072582167,145.675,134.6325,127.19245940340997
18869,2026-06-09 08:00:00+02:00,49.82600021362305,72.86499786376953,60906.96,12247.91,31949.19,0.5245572918883888,124.875,126.89,120.4846665133823
18870,2026-06-09 09:00:00+02:00,49.82600021362305,72.86499786376953,61345.33,17610.5,37919.69,0.6181349092721263,100.9025,107.0,104.60089205085976
18871,2026-06-09 10:00:00+02:00,49.82600021362305,72.86499786376953,61834.49,22612.0,43630.84,0.7056068545716788,75.91499999999999,82.33500000000001,68.00189110383077
18872,2026-06-09 11:00:00+02:00,49.82600021362305,72.86499786376953,61020.46,26893.13,48620.28,0.7967865203250211,55.6425,60.9,39.65035923410737
18873,2026-06-09 12:00:00+02:00,49.82600021362305,72.86499786376953,60725.37,30191.39,52343.01,0.8619628005787427,54.4825,25.215,22.4623264836748
18874,2026-06-09 13:00:00+02:00,49.82600021362305,72.86499786376953,59975.54,32368.94,54445.0,0.9077867409100798,55.2175,3.5325,17.217242611293745
18875,2026-06-09 14:00:00+02:00,49.82600021362305,72.86499786376953,58663.79,33032.43,55450.05,0.945217654545467,68.67,0.145,14.658670846353296
18876,2026-06-09 15:00:00+02:00,49.82600021362305,72.86499786376953,58085.48,31541.12,53977.4,0.9292752679448848,88.8525,1.52,17.06877361307738
18877,2026-06-09 16:00:00+02:00,49.82600021362305,72.86499786376953,58144.67,27925.37,50248.08,0.8641906470766468,102.58,30.585,23.116388964107692
18878,2026-06-09 17:00:00+02:00,49.82600021362305,72.86499786376953,58711.36,22129.0,43353.74,0.7384216613721055,128.875,75.72749999999999,55.93523203676498
18879,2026-06-09 18:00:00+02:00,49.82600021362305,72.86499786376953,59413.2,14598.0,32944.61,0.554499841692671,151.32999999999998,118.5475,102.7939558390907
18880,2026-06-09 19:00:00+02:00,49.82600021362305,72.86499786376953,58955.73,7177.69,22557.46,0.3826169228364033,199.3225,137.3,140.00335605994525
18881,2026-06-09 20:00:00+02:00,49.82600021362305,72.86499786376953,57393.18,2216.32,15276.25,0.2661683844202101,208.9025,153.73000000000002,163.64975045741897
18882,2026-06-09 21:00:00+02:00,49.82600021362305,72.86499786376953,54921.08,176.37,12127.23,0.2208119359231806,185.75,156.275,160.26564698177197
18883,2026-06-09 22:00:00+02:00,49.82600021362305,72.86499786376953,51988.48,0.99,12507.99,0.2405915694706612,152.3675,144.9925,146.42666340941514
18884,2026-06-09 23:00:00+02:00,49.82600021362305,72.86499786376953,49244.59,0.0,13659.33,0.2773772712337787,128.20499999999998,131.3075,138.47578178606415
18885,2026-06-10 00:00:00+02:00,48.74399948120117,71.91999816894531,46337.12,0.0,16145.67,0.3484392210071667,129.0125,124.9125,121.2768033646072
18886,2026-06-10 01:00:00+02:00,48.74399948120117,71.91999816894531,45137.72,0.0,16964.88,0.3758470741597389,122.1575,116.9025,112.82057819125338
18887,2026-06-10 02:00:00+02:00,48.74399948120117,71.91999816894531,44462.58,0.0,17239.68,0.3877345848154257,115.5,111.1275,109.51246568095705
18888,2026-06-10 03:00:00+02:00,48.74399948120117,71.91999816894531,44341.05,0.0,17117.95,0.3860519765801549,111.2175,111.3075,108.05695705576612
18889,2026-06-10 04:00:00+02:00,48.74399948120117,71.91999816894531,45592.6,5.19,16725.7,0.366851199456304,110.475,113.24,114.28650193404691
18890,2026-06-10 05:00:00+02:00,48.74399948120117,71.91999816894531,48215.1,624.83,16854.63,0.3495716071625753,115.8425,118.7525,121.7568330157491
18891,2026-06-10 06:00:00+02:00,48.74399948120117,71.91999816894531,53287.02,3591.19,18843.54,0.3536234526994335,130.1525,131.89249999999998,131.956456460715
18892,2026-06-10 07:00:00+02:00,48.74399948120117,71.91999816894531,58165.43,9118.18,22683.0,0.3899739071145912,134.6325,136.8075,137.0036691329788
18893,2026-06-10 08:00:00+02:00,48.74399948120117,71.91999816894531,60226.55,15906.24,28946.85,0.4806327109089541,126.89,126.6525,117.2798129281805
18894,2026-06-10 09:00:00+02:00,48.74399948120117,71.91999816894531,60575.5,22351.09,35365.75,0.5838292708134758,107.0,104.6025,102.00128366088884
18895,2026-06-10 10:00:00+02:00,48.74399948120117,71.91999816894531,61369.38,27181.79,40286.2,0.6564544076123215,82.33500000000001,86.5575,86.3556972817359
18896,2026-06-10 11:00:00+02:00,48.74399948120117,71.91999816894531,60948.81,29654.15,42825.87,0.7026530951625384,60.9,73.0575,58.09998000766829
18897,2026-06-10 12:00:00+02:00,48.74399948120117,71.91999816894531,60537.66,30594.26,43549.36,0.7193763352069807,25.215,68.67750000000001,50.392599564577615
18898,2026-06-10 13:00:00+02:00,48.74399948120117,71.91999816894531,59174.31,29937.08,42389.89,0.7163563038223248,3.5325,71.5675,49.05246083910724
18899,2026-06-10 14:00:00+02:00,48.74399948120117,71.91999816894531,58036.44,28322.28,40112.08,0.6911533511202352,0.145,77.825,55.487978263643186
18900,2026-06-10 15:00:00+02:00,48.74399948120117,71.91999816894531,57146.94,25499.2,36300.67,0.6352163386814382,1.52,86.625,79.75702257736913
18901,2026-06-10 16:00:00+02:00,48.74399948120117,71.91999816894531,57249.25,21491.34,31308.97,0.5468887364381387,30.585,103.4525,99.64298340226446
18902,2026-06-10 17:00:00+02:00,48.74399948120117,71.91999816894531,57588.13,16498.78,24974.27,0.4336704455529863,75.72749999999999,125.4,122.10332194946088
18903,2026-06-10 18:00:00+02:00,48.74399948120117,71.91999816894531,57845.39,11043.65,18221.02,0.3149951966241398,118.5475,140.525,139.8023022867568
18904,2026-06-10 19:00:00+02:00,48.74399948120117,71.91999816894531,57561.98,5738.23,11808.18,0.2051385306403395,137.3,170.9675,158.3154106534247
18905,2026-06-10 20:00:00+02:00,48.74399948120117,71.91999816894531,56732.23,1749.05,7097.91,0.1251124801325256,153.73000000000002,213.98,189.9146912113498
18906,2026-06-10 21:00:00+02:00,48.74399948120117,71.91999816894531,54277.21,145.13,4812.3,0.088661521089853,156.275,204.9975,190.22828055994938
18907,2026-06-10 22:00:00+02:00,48.74399948120117,71.91999816894531,51469.08,0.45,4678.36,0.0908965149385035,144.9925,168.635,162.36307500923414
18908,2026-06-10 23:00:00+02:00,48.74399948120117,71.91999816894531,48478.49,0.0,4911.77,0.1013185435228451,131.3075,151.75,148.78742614632017
18909,2026-06-11 00:00:00+02:00,49.98899841308594,73.19999694824219,46108.08,0.0,5251.37,0.1138926192298849,124.9125,140.7325,146.74936194172489
18910,2026-06-11 01:00:00+02:00,49.98899841308594,73.19999694824219,44431.7,0.0,5600.6,0.1260496447072586,116.9025,133.4875,141.05284755442386
18911,2026-06-11 02:00:00+02:00,49.98899841308594,73.19999694824219,43698.2,0.0,6039.5,0.1382093541294128,111.1275,126.195,136.52293526827992
18912,2026-06-11 03:00:00+02:00,49.98899841308594,73.19999694824219,43663.3,0.0,6420.74,0.1470511848286659,111.3075,125.7575,134.61120053902107
18913,2026-06-11 04:00:00+02:00,49.98899841308594,73.19999694824219,44320.34,8.23,6773.83,0.1528379520209371,113.24,126.045,134.77234027182126
18914,2026-06-11 05:00:00+02:00,49.98899841308594,73.19999694824219,46339.29,675.36,7506.67,0.1619936343085978,118.7525,126.6625,140.81187094713596
18915,2026-06-11 06:00:00+02:00,49.98899841308594,73.19999694824219,52311.55,4079.27,10393.27,0.1986802149432237,131.89249999999998,138.32999999999998,144.64423987823335
18916,2026-06-11 07:00:00+02:00,49.98899841308594,73.19999694824219,57804.35,10550.11,15781.77,0.2730204560257108,136.8075,138.7975,148.04268246147404
18917,2026-06-11 08:00:00+02:00,49.98899841308594,73.19999694824219,60958.38,18736.98,23479.19,0.3851675519616552,126.6525,126.64,138.75815244028615
18918,2026-06-11 09:00:00+02:00,49.98899841308594,73.19999694824219,61814.82,26449.24,31392.59,0.5078489267609533,104.6025,103.7975,117.17724759747792
18919,2026-06-11 10:00:00+02:00,49.98899841308594,73.19999694824219,62209.6,31914.97,37576.06,0.6040234946689862,86.5575,90.5425,91.11341523017755
18920,2026-06-11 11:00:00+02:00,49.98899841308594,73.19999694824219,62710.86,35131.97,41858.7,0.6674872580813773,73.0575,76.9725,74.42529224291643
18921,2026-06-11 12:00:00+02:00,49.98899841308594,73.19999694824219,62179.92,36824.41,44801.02,0.7205062340510399,68.67750000000001,60.2725,53.180122545370274
18922,2026-06-11 13:00:00+02:00,49.98899841308594,73.19999694824219,61094.75,37309.28,46631.27,0.7632614912470773,71.5675,45.31,36.68624140072204
18923,2026-06-11 14:00:00+02:00,49.98899841308594,73.19999694824219,59272.17,36684.97,47392.58,0.7995755848318737,77.825,31.58,26.14299997987927
18924,2026-06-11 15:00:00+02:00,49.98899841308594,73.19999694824219,58117.63,33861.33,45553.51,0.783815685398077,86.625,51.025,35.100708670758166
18925,2026-06-11 16:00:00+02:00,49.98899841308594,73.19999694824219,57729.02,28824.74,40915.4,0.708749256317057,103.4525,78.4675,67.58070592959612
18926,2026-06-11 17:00:00+02:00,49.98899841308594,73.19999694824219,58261.64,21792.6,33516.8,0.5752807506662565,125.4,101.5975,97.71307419371786
18927,2026-06-11 18:00:00+02:00,49.98899841308594,73.19999694824219,59019.19,13832.12,24608.63,0.4169598057145549,140.525,127.98,132.34683034106015
18928,2026-06-11 19:00:00+02:00,49.98899841308594,73.19999694824219,58862.63,6729.56,15954.25,0.2710420855692241,170.9675,146.235,155.0700393596773
18929,2026-06-11 20:00:00+02:00,49.98899841308594,73.19999694824219,57381.61,1966.21,9780.93,0.1704540879612032,213.98,174.85750000000002,172.8509915487578
18930,2026-06-11 21:00:00+02:00,49.98899841308594,73.19999694824219,55069.17,143.58,7271.16,0.13203685471707,204.9975,164.9425,176.7980274762171
18931,2026-06-11 22:00:00+02:00,49.98899841308594,73.19999694824219,52225.95,1.4,7963.93,0.1524899020214108,168.635,137.2325,151.1268924839465
18932,2026-06-11 23:00:00+02:00,49.98899841308594,73.19999694824219,49287.68,0.0,10062.1,0.2041504083364949,151.75,116.0625,138.54024197109686
18933,2026-06-12 00:00:00+02:00,49.68999862670898,73.04499816894531,46981.17,0.0,12248.63,0.2607136007339294,140.7325,116.895,131.70158306610742
18934,2026-06-12 01:00:00+02:00,49.68999862670898,73.04499816894531,45282.92,0.0,15156.49,0.3347065515353898,133.4875,102.0125,119.43648974123565
18935,2026-06-12 02:00:00+02:00,49.68999862670898,73.04499816894531,44131.33,0.0,17246.69,0.3908037667591699,126.195,94.505,110.09787260845442
18936,2026-06-12 03:00:00+02:00,49.68999862670898,73.04499816894531,43902.43,0.0,18315.21,0.4171798689919487,125.7575,92.0525,106.32343353328937
18937,2026-06-12 04:00:00+02:00,49.68999862670898,73.04499816894531,45040.97,4.99,18702.06,0.415223295498471,126.045,93.0475,107.00484102046418
18938,2026-06-12 05:00:00+02:00,49.68999862670898,73.04499816894531,48001.99,433.77,19167.5,0.3993063620072196,126.6625,96.0775,114.44947871997881
18939,2026-06-12 06:00:00+02:00,49.68999862670898,73.04499816894531,53586.91,2233.77,21155.32,0.3947852189285059,138.32999999999998,117.7575,125.33482136851732
18940,2026-06-12 07:00:00+02:00,49.68999862670898,73.04499816894531,58175.47,5284.32,24051.45,0.4134294058280183,138.7975,122.655,129.2542094566454
18941,2026-06-12 08:00:00+02:00,49.68999862670898,73.04499816894531,61234.58,8704.72,27276.46,0.4454421014326476,126.64,127.34,131.15575142549864
18942,2026-06-12 09:00:00+02:00,49.68999862670898,73.04499816894531,62130.94,11731.75,30858.19,0.4966638199105527,103.7975,117.405,113.58107796564437
18943,2026-06-12 10:00:00+02:00,49.68999862670898,73.04499816894531,62437.92,14073.07,34373.29,0.5505194598810275,90.5425,102.1,100.60371889306406
18944,2026-06-12 11:00:00+02:00,49.68999862670898,73.04499816894531,61667.14,15861.38,37219.54,0.6035554753141534,76.9725,90.51,89.30068189687698
18945,2026-06-12 12:00:00+02:00,49.68999862670898,73.04499816894531,60852.99,17352.4,39711.44,0.6525799306406177,60.2725,81.005,79.9078519039479
18946,2026-06-12 13:00:00+02:00,49.68999862670898,73.04499816894531,59563.77,18253.39,42154.45,0.7077196422073821,45.31,70.1325,59.77929847153191
18947,2026-06-12 14:00:00+02:00,49.68999862670898,73.04499816894531,57676.67,18445.39,44370.33,0.7692942396346227,31.58,60.370000000000005,42.21902615796046
18948,2026-06-12 15:00:00+02:00,49.68999862670898,73.04499816894531,56919.24,17364.09,44533.58,0.7823994134878822,51.025,56.0475,39.49388439499693
18949,2026-06-12 16:00:00+02:00,49.68999862670898,73.04499816894531,56406.41,15397.73,43216.32,0.7661597324193898,78.4675,68.2675,49.63344521068061
18950,2026-06-12 17:00:00+02:00,49.68999862670898,73.04499816894531,56913.83,12091.86,39567.13,0.6952111638427405,101.5975,78.8725,81.6746611242395
18951,2026-06-12 18:00:00+02:00,49.68999862670898,73.04499816894531,57616.47,8033.62,33848.75,0.5874839259351563,127.98,103.65,101.92025638358191
18952,2026-06-12 19:00:00+02:00,49.68999862670898,73.04499816894531,57392.49,4110.33,27751.53,0.4835393967950267,146.235,115.8725,121.62930256560003
18953,2026-06-12 20:00:00+02:00,49.68999862670898,73.04499816894531,55999.82,1224.35,23191.97,0.4141436525306431,174.85750000000002,110.665,135.8060492650865
18954,2026-06-12 21:00:00+02:00,49.68999862670898,73.04499816894531,53745.11,101.7,21455.43,0.399207109186453,164.9425,109.81,137.16107303497648
18955,2026-06-12 22:00:00+02:00,49.68999862670898,73.04499816894531,50978.73,0.05,21281.39,0.4174562605978107,137.2325,111.1225,125.05203088985957
18956,2026-06-12 23:00:00+02:00,49.68999862670898,73.04499816894531,47993.21,0.0,21739.56,0.4529715765098914,116.0625,100.8975,116.48776052287909
18957,2026-06-13 00:00:00+02:00,46.77299880981445,73.05000305175781,44021.84,0.0,23179.07,0.5265356921640405,116.895,87.085,101.80856169173335
18958,2026-06-13 01:00:00+02:00,46.77299880981445,73.05000305175781,41982.89,0.0,23657.79,0.5635102775050717,102.0125,74.045,90.59318405086091
18959,2026-06-13 02:00:00+02:00,46.77299880981445,73.05000305175781,40790.72,0.0,24023.24,0.5889388565367468,94.505,65.85249999999999,84.46384471100752
18960,2026-06-13 03:00:00+02:00,46.77299880981445,73.05000305175781,40286.98,0.0,24626.03,0.6112652274726809,92.0525,63.835,78.3251566520882
18961,2026-06-13 04:00:00+02:00,46.77299880981445,73.05000305175781,40381.05,5.75,25075.42,0.6209699845296319,93.0475,65.5575,76.42421029018956
18962,2026-06-13 05:00:00+02:00,46.77299880981445,73.05000305175781,41035.45,535.49,26151.98,0.6373021373867468,96.0775,53.795,79.63325716986834
18963,2026-06-13 06:00:00+02:00,46.77299880981445,73.05000305175781,42961.85,3535.61,30086.35,0.7003038740882191,117.7575,31.63,74.71409410217336
18964,2026-06-13 07:00:00+02:00,46.77299880981445,73.05000305175781,45192.06,9513.1,36297.13,0.8031749380747026,122.655,13.655,41.53030907307393
18965,2026-06-13 08:00:00+02:00,46.77299880981445,73.05000305175781,47777.13,17330.54,43088.22,0.901858692453511,127.34,0.3274999999999999,35.21421572171572
18966,2026-06-13 09:00:00+02:00,46.77299880981445,73.05000305175781,50231.49,24803.15,47152.87,0.9387113539855754,117.405,-1.1075,31.062261559429718
18967,2026-06-13 10:00:00+02:00,46.77299880981445,73.05000305175781,51285.14,30817.22,52009.72,1.014128458845169,102.1,-4.9175,24.5196827364016
18968,2026-06-13 11:00:00+02:00,46.77299880981445,73.05000305175781,51266.37,35170.79,54780.6,1.0685484458781558,90.51,-15.695,18.074306555447734
18969,2026-06-13 12:00:00+02:00,46.77299880981445,73.05000305175781,51062.74,37887.34,56788.01,1.112122263491516,81.005,-27.4225,2.6847890863042565
18970,2026-06-13 13:00:00+02:00,46.77299880981445,73.05000305175781,50056.7,38792.58,58202.28,1.1627270672731669,70.1325,-45.8675,-16.22176824007459
18971,2026-06-13 14:00:00+02:00,46.77299880981445,73.05000305175781,48579.9,38008.01,58151.2,1.1970218133019987,60.370000000000005,-44.9975,-25.027805298019636
18972,2026-06-13 15:00:00+02:00,46.77299880981445,73.05000305175781,47616.11,35089.93,55891.47,1.173793281061012,56.0475,-31.54,-15.413418259995943
18973,2026-06-13 16:00:00+02:00,46.77299880981445,73.05000305175781,48033.94,30353.87,53155.38,1.1066212763086638,68.2675,-19.17,-6.592272628554319
18974,2026-06-13 17:00:00+02:00,46.77299880981445,73.05000305175781,48469.17,23757.3,50937.01,1.050915664317975,78.8725,-4.215,8.65072529950121
18975,2026-06-13 18:00:00+02:00,46.77299880981445,73.05000305175781,49165.91,15762.71,47566.54,0.9674699398490804,103.65,-0.5475000000000001,27.418342662468817
18976,2026-06-13 19:00:00+02:00,46.77299880981445,73.05000305175781,49383.0,8058.17,45253.68,0.9163817506193666,115.8725,33.410000000000004,37.101199338485294
18977,2026-06-13 20:00:00+02:00,46.77299880981445,73.05000305175781,48547.02,2490.25,38149.74,0.7858307264203177,110.665,72.25500000000001,60.34666780420386
18978,2026-06-13 21:00:00+02:00,46.77299880981445,73.05000305175781,47047.59,193.56,34039.81,0.7235186752980293,109.81,87.16,76.27907254224192
18979,2026-06-13 22:00:00+02:00,46.77299880981445,73.05000305175781,45117.84,1.4,31416.47,0.6963203467417056,111.1225,102.485,81.30987815795753
18980,2026-06-13 23:00:00+02:00,46.77299880981445,73.05000305175781,42786.1,0.0,30517.29,0.7132524346193618,100.8975,88.0,69.36970763797493
18981,2026-06-14 00:00:00+02:00,46.77299880981445,73.05000305175781,41280.43,0.0,29858.92,0.7233190156392946,87.085,67.7875,57.55003064971299
18982,2026-06-14 01:00:00+02:00,46.77299880981445,73.05000305175781,39579.21,0.0,29985.24,0.757600770516238,74.045,49.44,42.899569466463944
18983,2026-06-14 02:00:00+02:00,46.77299880981445,73.05000305175781,38608.96,0.0,29889.21,0.7741521655143904,65.85249999999999,34.0775,37.72373963215509
18984,2026-06-14 03:00:00+02:00,46.77299880981445,73.05000305175781,38226.07,0.0,30100.68,0.7874385201545859,63.835,28.0725,33.41890397694553
18985,2026-06-14 04:00:00+02:00,46.77299880981445,73.05000305175781,38254.52,5.66,30343.71,0.7932058745494112,65.5575,26.5725,22.607460748126574
18986,2026-06-14 05:00:00+02:00,46.77299880981445,73.05000305175781,39377.92,667.68,30976.94,0.7866575987795552,53.795,21.3675,22.351913099328584
18987,2026-06-14 06:00:00+02:00,46.77299880981445,73.05000305175781,40885.96,4199.89,34559.24,0.8452593504358807,31.63,7.74,15.863891204264302
18988,2026-06-14 07:00:00+02:00,46.77299880981445,73.05000305175781,42968.1,10648.49,40496.14,0.942469878597734,13.655,0.4599999999999999,13.61653590334306
18989,2026-06-14 08:00:00+02:00,46.77299880981445,73.05000305175781,45694.02,17960.6,44250.72,0.9684138097351878,0.3274999999999999,-0.3475,13.998825450658742
18990,2026-06-14 09:00:00+02:00,46.77299880981445,73.05000305175781,48292.01,23857.72,49265.08,1.0201497098546632,-1.1075,-2.8325,7.893580222907825
18991,2026-06-14 10:00:00+02:00,46.77299880981445,73.05000305175781,50105.07,28252.58,51476.34,1.027367888912765,-4.9175,-6.37,9.460438023722014
18992,2026-06-14 11:00:00+02:00,46.77299880981445,73.05000305175781,50944.45,31660.64,52760.56,1.0356488290607415,-15.695,-9.2875,8.106576458401946
18993,2026-06-14 12:00:00+02:00,46.77299880981445,73.05000305175781,50609.53,34144.07,54100.56,1.0689796959053008,-27.4225,-14.9925,4.701812160846465
18994,2026-06-14 13:00:00+02:00,46.77299880981445,73.05000305175781,49321.26,35188.67,54624.58,1.1075260443249977,-45.8675,-23.4225,-7.63667949217605
18995,2026-06-14 14:00:00+02:00,46.77299880981445,73.05000305175781,48095.79,34549.81,54771.29,1.138795931798023,-44.9975,-25.0,-15.05771541142779
18996,2026-06-14 15:00:00+02:00,46.77299880981445,73.05000305175781,47069.26,31950.86,53228.78,1.1308607781106264,-31.54,-20.0,-10.668170589272087
18997,2026-06-14 16:00:00+02:00,46.77299880981445,73.05000305175781,46997.32,27880.56,51068.98,1.0866360036941178,-19.17,-9.2025,3.7793466897449886
18998,2026-06-14 17:00:00+02:00,46.77299880981445,73.05000305175781,47768.97,22033.95,49449.56,1.035181625009879,-4.215,-1.745,8.637795975137784
18999,2026-06-14 18:00:00+02:00,46.77299880981445,73.05000305175781,48691.33,15143.06,48453.61,0.9951178164582652,-0.5475000000000001,5.28,14.582896396240177
19000,2026-06-14 19:00:00+02:00,46.77299880981445,73.05000305175781,49463.93,7879.97,41917.45,0.8474346860737844,33.410000000000004,62.0825,49.46911122304049
19001,2026-06-14 20:00:00+02:00,46.77299880981445,73.05000305175781,49454.9,2437.68,34894.97,0.7055917612399192,72.25500000000001,94.88,86.19594230436367
19002,2026-06-14 21:00:00+02:00,46.77299880981445,73.05000305175781,48758.54,191.38,30858.7,0.6328881052154375,87.16,102.6275,96.56279323006726
19003,2026-06-14 22:00:00+02:00,46.77299880981445,73.05000305175781,47234.14,1.39,28622.92,0.6059794884365461,102.485,112.28,102.71854670416361
19004,2026-06-14 23:00:00+02:00,46.77299880981445,73.05000305175781,44896.3,0.0,27621.41,0.6152268671103794,88.0,103.395,96.22173093996813
19005,2026-06-15 00:00:00+02:00,46.77299880981445,73.05000305175781,42577.81,0.0,27174.01,0.6382200022410217,67.7875,101.4325,88.86062568263212
19006,2026-06-15 01:00:00+02:00,46.77299880981445,73.05000305175781,41213.77,0.0,26877.16,0.6521402917878806,49.44,92.91,84.29659401286109
19007,2026-06-15 02:00:00+02:00,46.77299880981445,73.05000305175781,40714.03,0.0,26909.08,0.6609289228649365,34.0775,85.375,79.26656246994325
19008,2026-06-15 03:00:00+02:00,46.77299880981445,73.05000305175781,40988.85,0.0,27097.2,0.6610871003550753,28.0725,83.7475,76.76240612551592
19009,2026-06-15 04:00:00+02:00,46.77299880981445,73.05000305175781,42254.74,4.08,27298.05,0.6460352138846351,26.5725,84.3875,77.77264043220075
19010,2026-06-15 05:00:00+02:00,46.77299880981445,73.05000305175781,46189.79,583.76,27990.13,0.605980888718918,21.3675,91.405,86.02531808877853
19011,2026-06-15 06:00:00+02:00,46.77299880981445,73.05000305175781,52972.35,3868.17,31770.2,0.5997506245050954,7.74,105.6925,106.85555637052904
19012,2026-06-15 07:00:00+02:00,46.77299880981445,73.05000305175781,57983.83,10016.49,37819.27,0.652238218715073,0.4599999999999999,107.3925,108.31411099287104
19013,2026-06-15 08:00:00+02:00,46.77299880981445,73.05000305175781,61510.27,17798.63,45792.13,0.7444631602585287,-0.3475,91.44,86.85625987338128
19014,2026-06-15 09:00:00+02:00,46.77299880981445,73.05000305175781,62830.25,24995.25,53535.58,0.8520669580572945,-2.8325,63.6525,43.99421990113052
19015,2026-06-15 10:00:00+02:00,46.77299880981445,73.05000305175781,63243.0,30641.85,57880.39,0.9152062677426424,-6.37,21.5575,29.408605214390477
19016,2026-06-15 11:00:00+02:00,46.77299880981445,73.05000305175781,63341.66,35068.39,60848.22,0.9606350700375336,-9.2875,1.0075,17.162219329691915
19017,2026-06-15 12:00:00+02:00,46.77299880981445,73.05000305175781,62867.63,38344.58,62705.98,0.9974287242898406,-14.9925,-0.0275,11.374141755813298
19018,2026-06-15 13:00:00+02:00,46.77299880981445,73.05000305175781,62385.11,39985.74,63474.34,1.0174597750941754,-23.4225,-1.4825,10.315807351144526
19019,2026-06-15 14:00:00+02:00,46.77299880981445,73.05000305175781,61327.55,40023.2,63378.6,1.0334441860088257,-25.0,-2.9025,10.045064173341416
19020,2026-06-15 15:00:00+02:00,46.77299880981445,73.05000305175781,60815.59,37885.83,61666.44,1.0139906558476222,-20.0,-0.9325,16.388774470133185
19021,2026-06-15 16:00:00+02:00,46.77299880981445,73.05000305175781,60351.45,33512.19,58515.15,0.9695732246748714,-9.2025,-0.015,24.08040076831807
19022,2026-06-15 17:00:00+02:00,46.77299880981445,73.05000305175781,61114.41,27058.43,53922.43,0.882319407013449,-1.745,43.6775,39.94019815590201
19023,2026-06-15 18:00:00+02:00,46.77299880981445,73.05000305175781,60738.26,18079.1,44955.27,0.7401474785843144,5.28,91.4525,88.025917314798
19024,2026-06-15 19:00:00+02:00,46.77299880981445,73.05000305175781,59761.97,8793.52,33315.21,0.5574650566978523,62.0825,129.0825,125.13608404295918
19025,2026-06-15 20:00:00+02:00,46.77299880981445,73.05000305175781,57554.73,2768.95,23979.5,0.4166382154139827,94.88,148.695,155.73919544013495
19026,2026-06-15 21:00:00+02:00,46.77299880981445,73.05000305175781,54896.02,230.99,18113.8,0.3299656331497319,102.6275,156.26,164.11787405739483
19027,2026-06-15 22:00:00+02:00,46.77299880981445,73.05000305175781,51861.28,1.11,15323.61,0.2954730387881917,112.28,153.7925,150.38819195739035
19028,2026-06-15 23:00:00+02:00,46.77299880981445,73.05000305175781,48981.71,0.0,13641.66,0.2785051807545091,103.395,134.755,140.90402983838874
19029,2026-06-16 00:00:00+02:00,42.50699996948242,75.57499694824219,46177.76,0.0,11459.12,0.2481523572715193,101.4325,122.8275,132.2598562319194
19030,2026-06-16 01:00:00+02:00,42.50699996948242,75.57499694824219,44291.43,0.0,10281.26,0.2321275243919359,92.91,117.3175,125.44746377757967
19031,2026-06-16 02:00:00+02:00,42.50699996948242,75.57499694824219,43609.57,0.0,9483.8,0.2174706147716038,85.375,113.775,121.65138275393673
19032,2026-06-16 03:00:00+02:00,42.50699996948242,75.57499694824219,43657.46,0.0,8823.94,0.202117576193824,83.7475,110.9925,120.28471398299806
19033,2026-06-16 04:00:00+02:00,42.50699996948242,75.57499694824219,44682.62,6.78,8314.16,0.1860714523485705,84.3875,111.24,121.74373498963274
19034,2026-06-16 05:00:00+02:00,42.50699996948242,75.57499694824219,47211.37,762.75,8708.96,0.1844674280402226,91.405,115.1225,128.58367679765354
19035,2026-06-16 06:00:00+02:00,42.50699996948242,75.57499694824219,52616.08,4116.86,11844.17,0.225105519030474,105.6925,127.9925,141.84253777255617
19036,2026-06-16 07:00:00+02:00,42.50699996948242,75.57499694824219,57443.12,10195.04,17535.83,0.3052729377677826,107.3925,131.695,140.02580097168146
19037,2026-06-16 08:00:00+02:00,42.50699996948242,75.57499694824219,61005.49,17139.77,24043.31,0.3941171523424995,91.44,126.315,130.57617026564586
19038,2026-06-16 09:00:00+02:00,42.50699996948242,75.57499694824219,62037.28,23211.74,29547.05,0.4762789405860026,63.6525,109.5025,108.69571054638585
19039,2026-06-16 10:00:00+02:00,42.50699996948242,75.57499694824219,62623.63,27859.37,33975.69,0.5425378566297518,21.5575,85.98,95.53730820782583
19040,2026-06-16 11:00:00+02:00,42.50699996948242,75.57499694824219,62405.84,30980.61,37163.16,0.5955077280274559,1.0075,80.5375,79.25336265197554
19041,2026-06-16 12:00:00+02:00,42.50699996948242,75.57499694824219,61477.42,32755.62,39246.34,0.6383862561834269,-0.0275,66.4975,65.18509857351997
19042,2026-06-16 13:00:00+02:00,42.50699996948242,75.57499694824219,61050.34,33233.2,40302.37,0.6601498041353825,-1.4825,54.255,60.00031109085364
19043,2026-06-16 14:00:00+02:00,42.50699996948242,75.57499694824219,59598.12,32425.33,40160.96,0.6738628667021941,-2.9025,50.7325,58.78804900056552
19044,2026-06-16 15:00:00+02:00,42.50699996948242,75.57499694824219,59194.3,30110.63,38048.37,0.6427708410028041,-0.9325,60.22,65.25756553359764
19045,2026-06-16 16:00:00+02:00,42.50699996948242,75.57499694824219,58773.09,26443.12,34275.49,0.5831833921641377,-0.015,81.4575,82.03811344735938
19046,2026-06-16 17:00:00+02:00,42.50699996948242,75.57499694824219,59305.02,21134.68,28663.21,0.4833184441244065,43.6775,109.7225,104.09729686591356
19047,2026-06-16 18:00:00+02:00,42.50699996948242,75.57499694824219,59306.39,14204.68,21154.91,0.35670540723239,91.4525,127.11,126.37110624535069
19048,2026-06-16 19:00:00+02:00,42.50699996948242,75.57499694824219,58451.07,7210.03,13454.35,0.2301814149458373,129.0825,148.1175,153.25369358410973
19049,2026-06-16 20:00:00+02:00,42.50699996948242,75.57499694824219,56583.32,2252.55,7996.84,0.1413285752512704,148.695,174.1025,191.56784526109357
19050,2026-06-16 21:00:00+02:00,42.50699996948242,75.57499694824219,54054.38,211.51,5440.71,0.1006525280466351,156.26,181.42,195.86768502677796
19051,2026-06-16 22:00:00+02:00,42.50699996948242,75.57499694824219,50873.0,1.47,4994.74,0.0981805672757296,153.7925,163.86,163.4813881286757
19052,2026-06-16 23:00:00+02:00,42.50699996948242,75.57499694824219,48084.77,0.0,4720.48,0.0981699610712144,134.755,143.10750000000002,146.3609265667708
19053,2026-06-17 00:00:00+02:00,41.76900100708008,75.55999755859375,45518.22,0.0,4388.54,0.0964128210425599,122.8275,141.23000000000002,139.75506452576178
19054,2026-06-17 01:00:00+02:00,41.76900100708008,75.55999755859375,43858.43,0.0,3680.71,0.0839225206912508,117.3175,135.39249999999998,136.7060866484228
19055,2026-06-17 02:00:00+02:00,41.76900100708008,75.55999755859375,42964.32,0.0,3167.26,0.073718378395441,113.775,129.32999999999998,130.4073568484312
19056,2026-06-17 03:00:00+02:00,41.76900100708008,75.55999755859375,42532.36,0.0,2737.82,0.0643702818126315,110.9925,127.54,127.72595092832698
19057,2026-06-17 04:00:00+02:00,41.76900100708008,75.55999755859375,43675.49,6.61,2465.58,0.0564522573057675,111.24,127.415,128.7328620027764
19058,2026-06-17 05:00:00+02:00,41.76900100708008,75.55999755859375,46305.9,707.53,3008.18,0.064963212017267,115.1225,128.045,136.01899584024545
19059,2026-06-17 06:00:00+02:00,41.76900100708008,75.55999755859375,52300.48,4334.87,6610.2,0.1263888973626266,127.9925,140.265,145.5154760947433
19060,2026-06-17 07:00:00+02:00,41.76900100708008,75.55999755859375,57503.74,11121.82,13336.27,0.2319200455080104,131.695,136.675,139.8951371267002
19061,2026-06-17 08:00:00+02:00,41.76900100708008,75.55999755859375,60783.96,19852.83,21885.22,0.360049262937122,126.315,121.755,127.19636784215342
19062,2026-06-17 09:00:00+02:00,41.76900100708008,75.55999755859375,61653.2,28444.75,30613.54,0.4965442182244321,109.5025,105.795,102.9751874713989
19063,2026-06-17 10:00:00+02:00,41.76900100708008,75.55999755859375,61975.61,34967.91,37821.95,0.6102715244577226,85.98,88.245,70.24497288463093
19064,2026-06-17 11:00:00+02:00,41.76900100708008,75.55999755859375,61934.62,38795.34,42568.52,0.6873138156515186,80.5375,78.4875,51.21576406194364
19065,2026-06-17 12:00:00+02:00,41.76900100708008,75.55999755859375,60996.25,40113.07,44963.16,0.7371462998566065,66.4975,72.23,32.776202968918746
19066,2026-06-17 13:00:00+02:00,41.76900100708008,75.55999755859375,60104.88,38977.18,45055.52,0.749615006177599,54.255,62.7925,31.601337081212325
19067,2026-06-17 14:00:00+02:00,41.76900100708008,75.55999755859375,58443.56,36402.04,43771.72,0.7489571133673313,50.7325,66.2575,26.578434079417406
19068,2026-06-17 15:00:00+02:00,41.76900100708008,75.55999755859375,57992.62,32569.59,40944.03,0.706021386737481,60.22,75.975,40.62413053136493
19069,2026-06-17 16:00:00+02:00,41.76900100708008,75.55999755859375,57416.68,27652.65,36747.06,0.6400067017737691,81.4575,88.0925,70.59925607156272
19070,2026-06-17 17:00:00+02:00,41.76900100708008,75.55999755859375,58023.57,21403.12,30735.35,0.5297045665184502,109.7225,106.425,96.24755292790468
19071,2026-06-17 18:00:00+02:00,41.76900100708008,75.55999755859375,58406.03,14211.29,23233.31,0.3977895774806489,127.11,120.7375,117.7764441751044
19072,2026-06-17 19:00:00+02:00,41.76900100708008,75.55999755859375,58035.48,7237.01,15612.26,0.2690123351665201,148.1175,142.5575,150.71101494551868
19073,2026-06-17 20:00:00+02:00,41.76900100708008,75.55999755859375,56933.56,2234.77,9892.84,0.1737611348783106,174.1025,162.39,184.6477646596981
19074,2026-06-17 21:00:00+02:00,41.76900100708008,75.55999755859375,54784.97,188.95,7004.8,0.127859885635082,181.42,164.115,187.42517792761356
19075,2026-06-17 22:00:00+02:00,41.76900100708008,75.55999755859375,51657.76,0.84,6518.32,0.1261827845175278,163.86,158.61,160.35921183406901
19076,2026-06-17 23:00:00+02:00,41.76900100708008,75.55999755859375,48088.23,0.0,6405.75,0.1332082715181639,143.10750000000002,142.7375,141.94675271808052
19077,2026-06-18 00:00:00+02:00,41.915000915527344,75.43499755859375,44030.5,0.0,6187.8,0.1405344022574046,141.23000000000002,135.2575,140.5546100046159
19078,2026-06-18 01:00:00+02:00,41.915000915527344,75.43499755859375,42337.76,0.0,6199.19,0.1464222480956899,135.39249999999998,125.7275,130.74082557904973
19079,2026-06-18 02:00:00+02:00,41.915000915527344,75.43499755859375,41378.13,0.0,6431.15,0.155423891762285,129.32999999999998,121.8625,128.66755588014982
19080,2026-06-18 03:00:00+02:00,41.915000915527344,75.43499755859375,41279.29,0.0,6634.62,0.1607251480922454,127.54,119.685,126.63999159743598
19081,2026-06-18 04:00:00+02:00,41.915000915527344,75.43499755859375,41986.73,5.09,6632.81,0.1579739598301715,127.415,119.3125,124.2209232340448
19082,2026-06-18 05:00:00+02:00,41.915000915527344,75.43499755859375,44232.92,739.37,7089.61,0.1602790410037865,128.045,127.09,130.41845464598225
19083,2026-06-18 06:00:00+02:00,41.915000915527344,75.43499755859375,50117.15,4600.87,10444.31,0.208397923623271,140.265,135.3,134.32769993533967
19084,2026-06-18 07:00:00+02:00,41.915000915527344,75.43499755859375,55022.76,12184.92,16955.22,0.3081492094711081,136.675,135.265,133.60734589371884
19085,2026-06-18 08:00:00+02:00,41.915000915527344,75.43499755859375,58100.87,22667.17,26224.35,0.451358989899573,121.755,118.7325,118.92417684634218
19086,2026-06-18 09:00:00+02:00,41.915000915527344,75.43499755859375,59048.25,32888.41,36252.25,0.6139428347810574,105.795,101.715,77.36749072436861
19087,2026-06-18 10:00:00+02:00,41.915000915527344,75.43499755859375,59592.07,40764.21,44681.63,0.7497915409298935,88.245,75.135,42.795183293023186
19088,2026-06-18 11:00:00+02:00,41.915000915527344,75.43499755859375,59493.43,45770.65,50299.08,0.8454560443320454,78.4875,44.0275,18.730588081888094
19089,2026-06-18 12:00:00+02:00,41.915000915527344,75.43499755859375,58662.0,48177.2,53059.58,0.9044966075305144,72.23,28.2475,5.355224487560944
19090,2026-06-18 13:00:00+02:00,41.915000915527344,75.43499755859375,57292.13,48411.42,53396.53,0.932004622461758,62.7925,18.67,2.6751486327660725
19091,2026-06-18 14:00:00+02:00,41.915000915527344,75.43499755859375,55826.36,46800.42,51658.48,0.9253420783792204,66.2575,25.9,1.376344451746835
19092,2026-06-18 15:00:00+02:00,41.915000915527344,75.43499755859375,55020.95,43150.54,47424.24,0.8619305917360695,75.975,48.0975,10.191381559863009
19093,2026-06-18 16:00:00+02:00,41.915000915527344,75.43499755859375,53959.38,37360.33,40761.0,0.7554015630358611,88.0925,79.06,34.08961181139813
19094,2026-06-18 17:00:00+02:00,41.915000915527344,75.43499755859375,53758.82,29019.13,31522.2,0.5863633166452754,106.425,105.515,76.24270008242839
19095,2026-06-18 18:00:00+02:00,41.915000915527344,75.43499755859375,54398.37,18810.18,20511.38,0.3770587243005519,120.7375,135.70749999999998,120.48209116561976
19096,2026-06-18 19:00:00+02:00,41.915000915527344,75.43499755859375,55013.64,9078.66,10217.81,0.1857323019917001,142.5575,253.3925,162.24565657893515
19097,2026-06-18 20:00:00+02:00,41.915000915527344,75.43499755859375,53696.61,2887.58,3953.48,0.0736262493901148,162.39,435.0675,213.00593453975887
19098,2026-06-18 21:00:00+02:00,41.915000915527344,75.43499755859375,51599.48,261.98,1751.42,0.0339425901125471,164.115,441.915,231.0630956094892
19099,2026-06-18 22:00:00+02:00,41.915000915527344,75.43499755859375,48689.69,0.54,2376.68,0.0488127979354945,158.61,264.32,188.43424321394463
19100,2026-06-18 23:00:00+02:00,41.915000915527344,75.43499755859375,45484.3,0.0,3472.19,0.0763382089915996,142.7375,163.0175,163.56359947434646
19101,2026-06-19 00:00:00+02:00,40.52299880981445,75.37999725341797,43764.91,0.0,5180.94,0.1183811413942399,135.2575,146.6425,154.40023423392807
19102,2026-06-19 01:00:00+02:00,40.52299880981445,75.37999725341797,42168.74,0.0,6236.73,0.1478993680750481,125.7275,132.5125,130.5300375858167
19103,2026-06-19 02:00:00+02:00,40.52299880981445,75.37999725341797,41293.1,0.0,6957.55,0.1684918303134199,121.8625,124.8225,126.32937040226616
19104,2026-06-19 03:00:00+02:00,40.52299880981445,75.37999725341797,41108.18,0.0,7210.16,0.1753947754010528,119.685,120.46,124.94118906652092
19105,2026-06-19 04:00:00+02:00,40.52299880981445,75.37999725341797,42086.3,5.86,7401.43,0.1758631668319944,119.3125,118.4675,126.28334898518354
19106,2026-06-19 05:00:00+02:00,40.52299880981445,75.37999725341797,44467.4,774.99,8262.71,0.1858150015099117,127.09,120.595,128.51395612129193
19107,2026-06-19 06:00:00+02:00,40.52299880981445,75.37999725341797,50056.43,4620.24,11894.8,0.237627813202494,135.3,138.7175,148.83369588882374
19108,2026-06-19 07:00:00+02:00,40.52299880981445,75.37999725341797,54477.22,12107.76,18558.34,0.3406623905660637,135.265,127.3725,143.85856448520582
19109,2026-06-19 08:00:00+02:00,40.52299880981445,75.37999725341797,57184.16,22498.38,27567.73,0.4820868225602882,118.7325,111.9575,125.28840472153551
19110,2026-06-19 09:00:00+02:00,40.52299880981445,75.37999725341797,58124.64,32672.17,36306.51,0.6246319976132958,101.715,95.395,93.33904931548638
19111,2026-06-19 10:00:00+02:00,40.52299880981445,75.37999725341797,58640.04,40927.89,43940.69,0.7493291272056893,75.135,69.9075,46.59044424210126
19112,2026-06-19 11:00:00+02:00,40.52299880981445,75.37999725341797,57864.34,46691.01,49598.89,0.8571581390443306,44.0275,32.09,21.014737148135666
19113,2026-06-19 12:00:00+02:00,40.52299880981445,75.37999725341797,56916.25,49701.12,52693.37,0.9258053717653912,28.2475,15.0,7.356241538713118
19114,2026-06-19 13:00:00+02:00,40.52299880981445,75.37999725341797,55268.45,49873.59,53018.95,0.9592986593690797,18.67,11.235,1.6247801275023477
19115,2026-06-19 14:00:00+02:00,40.52299880981445,75.37999725341797,53609.93,47368.38,50713.64,0.9459747474122844,25.9,16.305,-2.5477162769328174
19116,2026-06-19 15:00:00+02:00,40.52299880981445,75.37999725341797,53097.68,42665.28,46230.01,0.8706596972088687,48.0975,42.8525,2.5635040070276975
19117,2026-06-19 16:00:00+02:00,40.52299880981445,75.37999725341797,52026.79,35974.08,39999.69,0.768828712905634,79.06,80.685,22.677727513302273
19118,2026-06-19 17:00:00+02:00,40.52299880981445,75.37999725341797,52752.41,27171.78,31731.99,0.6015268306032792,105.515,108.3225,74.1081847994767
19119,2026-06-19 18:00:00+02:00,40.52299880981445,75.37999725341797,53926.29,17177.94,22526.37,0.4177251948135639,135.70749999999998,129.7025,122.08570478096715
19120,2026-06-19 19:00:00+02:00,40.52299880981445,75.37999725341797,53703.35,8188.87,14944.58,0.2782802189661761,253.3925,170.785,170.12755393549338
19121,2026-06-19 20:00:00+02:00,40.52299880981445,75.37999725341797,51890.32,2587.63,10829.58,0.2087013531216031,435.0675,201.36,171.10992312115746
19122,2026-06-19 21:00:00+02:00,40.52299880981445,75.37999725341797,49640.93,234.39,9752.98,0.1964705334496209,441.915,185.5325,166.26038982204187
19123,2026-06-19 22:00:00+02:00,40.52299880981445,75.37999725341797,46641.26,2.37,10941.63,0.2345912181114765,264.32,157.8625,153.26030515189484
19124,2026-06-19 23:00:00+02:00,40.52299880981445,75.37999725341797,43644.28,0.0,12088.08,0.2769682532792457,163.0175,137.7825,132.06896133012162
19125,2026-06-20 00:00:00+02:00,40.52299880981445,76.13999938964844,41986.89,0.0,13358.55,0.3181600255893779,146.6425,130.35,122.8252512430867
19126,2026-06-20 01:00:00+02:00,40.52299880981445,76.13999938964844,40195.87,0.0,12628.99,0.314186258360825,132.5125,121.12,116.00805830623588
19127,2026-06-20 02:00:00+02:00,40.52299880981445,76.13999938964844,39141.96,0.0,11314.08,0.2890524643403006,124.8225,118.6,114.25796882169341
19128,2026-06-20 03:00:00+02:00,40.52299880981445,76.13999938964844,38674.44,0.0,10547.58,0.2727274136942312,120.46,116.7625,115.80517811930541
19129,2026-06-20 04:00:00+02:00,40.52299880981445,76.13999938964844,38734.45,7.52,9539.44,0.2462779256588701,118.4675,114.7975,115.6358395520561
19130,2026-06-20 05:00:00+02:00,40.52299880981445,76.13999938964844,39279.15,724.44,9625.11,0.245043744519664,120.595,114.4925,117.24872904084725
19131,2026-06-20 06:00:00+02:00,40.52299880981445,76.13999938964844,41490.11,4358.03,12780.7,0.3080420851359415,138.7175,109.7275,115.31371687272348
19132,2026-06-20 07:00:00+02:00,40.52299880981445,76.13999938964844,44367.62,11337.71,18965.68,0.4274666974637208,127.3725,101.6775,99.18821896768517
19133,2026-06-20 08:00:00+02:00,40.52299880981445,76.13999938964844,47362.66,20738.31,27096.83,0.5721137705162433,111.9575,89.9875,78.42418453354317
19134,2026-06-20 09:00:00+02:00,40.52299880981445,76.13999938964844,49564.58,30378.46,35330.98,0.7128271841075164,95.395,41.335,45.358410751200125
19135,2026-06-20 10:00:00+02:00,40.52299880981445,76.13999938964844,50454.72,38182.14,42514.34,0.8426236433692181,69.9075,4.125,12.37614777269692
19136,2026-06-20 11:00:00+02:00,40.52299880981445,76.13999938964844,50147.31,43562.92,47472.62,0.9466633402775416,32.09,-0.0025,-0.21364272747975832
19137,2026-06-20 12:00:00+02:00,40.52299880981445,76.13999938964844,49113.15,46423.5,50191.57,1.0219578664732445,15.0,-0.0125,-8.762142763680501
19138,2026-06-20 13:00:00+02:00,40.52299880981445,76.13999938964844,47893.21,46522.52,50488.99,1.0541993320025531,11.235,-0.0175,-20.332773146199152
19139,2026-06-20 14:00:00+02:00,40.52299880981445,76.13999938964844,46774.24,44335.46,48890.77,1.0452499065628325,16.305,-0.0125,-15.990064631882461
19140,2026-06-20 15:00:00+02:00,40.52299880981445,76.13999938964844,46090.29,40244.26,45494.47,0.9870727650038494,42.8525,0.25,-3.534894687979204
19141,2026-06-20 16:00:00+02:00,40.52299880981445,76.13999938964844,46258.4,34233.78,40212.02,0.8692911988159358,80.685,18.3075,16.44829041728379
19142,2026-06-20 17:00:00+02:00,40.52299880981445,76.13999938964844,46600.58,26176.75,32657.04,0.7007861274042541,108.3225,84.22,57.78669985058049
19143,2026-06-20 18:00:00+02:00,40.52299880981445,76.13999938964844,47484.25,16985.23,23447.2,0.4937889930884895,129.7025,119.7825,99.29631318840875
19144,2026-06-20 19:00:00+02:00,40.52299880981445,76.13999938964844,47804.01,8380.27,14525.43,0.303853797975556,170.785,147.3975,146.69280990392554
19145,2026-06-20 20:00:00+02:00,40.52299880981445,76.13999938964844,47091.46,2666.66,8463.19,0.1797181484329179,201.36,171.98749999999998,181.85830505384382
19146,2026-06-20 21:00:00+02:00,40.52299880981445,76.13999938964844,45525.84,245.13,5916.0,0.1299481788518458,185.5325,182.55,173.96541789498434
19147,2026-06-20 22:00:00+02:00,40.52299880981445,76.13999938964844,43894.88,1.14,5946.19,0.1354643183588919,157.8625,165.0675,157.5411672282645
19148,2026-06-20 23:00:00+02:00,40.52299880981445,76.13999938964844,41587.79,0.0,5828.08,0.1401392090947513,137.7825,146.8075,141.22647883595806
19149,2026-06-21 00:00:00+02:00,40.52299880981445,76.13999938964844,40074.93,0.0,4845.84,0.1209194875397363,130.35,137.915,135.86454415478232
19150,2026-06-21 01:00:00+02:00,40.52299880981445,76.13999938964844,38445.36,0.0,4648.04,0.1208998953005252,121.12,128.565,132.69664442148544
19151,2026-06-21 02:00:00+02:00,40.52299880981445,76.13999938964844,37505.69,0.0,4499.82,0.1199769954585618,118.6,126.415,128.42074074548157
19152,2026-06-21 03:00:00+02:00,40.52299880981445,76.13999938964844,36964.56,0.0,4267.14,0.115438679612191,116.7625,124.17,125.3580115148986
19153,2026-06-21 04:00:00+02:00,40.52299880981445,76.13999938964844,36929.22,7.36,4100.53,0.1110375469313899,114.7975,122.4325,123.80251243770013
19154,2026-06-21 05:00:00+02:00,40.52299880981445,76.13999938964844,36648.2,862.83,4814.84,0.1313799858843326,114.4925,119.5875,125.2531839604512
19155,2026-06-21 06:00:00+02:00,40.52299880981445,76.13999938964844,38342.19,4796.96,8302.06,0.2165254514109586,109.7275,112.1,113.11431898981488
19156,2026-06-21 07:00:00+02:00,40.52299880981445,76.13999938964844,40786.18,12460.2,15328.47,0.3758250955652563,101.6775,102.355,102.44481709989103
19157,2026-06-21 08:00:00+02:00,40.52299880981445,76.13999938964844,43558.73,22930.27,25344.63,0.5818496084293895,89.9875,70.815,51.67947613182926
19158,2026-06-21 09:00:00+02:00,40.52299880981445,76.13999938964844,45955.27,32853.56,34990.62,0.7614060366174749,41.335,25.9825,16.137982261035113
19159,2026-06-21 10:00:00+02:00,40.52299880981445,76.13999938964844,47155.03,40526.78,42455.85,0.9003461558819184,4.125,1.3624999999999998,-0.00416095507525327
19160,2026-06-21 11:00:00+02:00,40.52299880981445,76.13999938964844,47630.25,45220.81,47120.01,0.9892874799126,-0.0025,-0.0025,-8.089098640150798
19161,2026-06-21 12:00:00+02:00,40.52299880981445,76.13999938964844,47119.07,46744.4,48744.66,1.0344996195734553,-0.0125,-0.0075,-15.16951825507972
19162,2026-06-21 13:00:00+02:00,40.52299880981445,76.13999938964844,46167.44,45897.45,48326.42,1.0467641261792369,-0.0175,-0.01,-17.155837796382784
19163,2026-06-21 14:00:00+02:00,40.52299880981445,76.13999938964844,45479.56,43326.56,46330.99,1.0187211571486792,-0.0125,-0.005,-15.548021725615154
19164,2026-06-21 15:00:00+02:00,40.52299880981445,76.13999938964844,45042.39,39086.17,42642.24,0.9467135289786546,0.25,0.0075,-8.444029843637495
19165,2026-06-21 16:00:00+02:00,40.52299880981445,76.13999938964844,45173.54,33111.63,37425.75,0.8284883139934376,18.3075,12.7625,13.546144967475739
19166,2026-06-21 17:00:00+02:00,40.52299880981445,76.13999938964844,46214.28,25406.79,30517.04,0.6603378867613349,84.22,77.72,55.605135804137156
19167,2026-06-21 18:00:00+02:00,40.52299880981445,76.13999938964844,47715.51,16516.26,22216.67,0.4656068853784425,119.7825,115.615,103.1905307056284
19168,2026-06-21 19:00:00+02:00,40.52299880981445,76.13999938964844,48635.03,8187.05,14562.64,0.2994269767491812,147.3975,133.92000000000002,136.43277160194964
19169,2026-06-21 20:00:00+02:00,40.52299880981445,76.13999938964844,48001.82,2605.02,10028.33,0.2089156202392084,171.98749999999998,150.0025,158.3948114579445
19170,2026-06-21 21:00:00+02:00,40.52299880981445,76.13999938964844,46985.68,266.08,8842.24,0.1881901038384056,182.55,150.265,162.59815335862123
19171,2026-06-21 22:00:00+02:00,40.52299880981445,76.13999938964844,45461.68,4.27,9874.67,0.2172086468829993,165.0675,146.1,144.13341479199028
19172,2026-06-21 23:00:00+02:00,40.52299880981445,76.13999938964844,43042.26,0.0,10247.39,0.2380774150246577,146.8075,133.9925,129.50532994937635
19173,2026-06-22 00:00:00+02:00,40.52299880981445,76.13999938964844,41109.09,0.0,9960.84,0.2423026147642036,137.915,128.3775,123.88664926431996
19174,2026-06-22 01:00:00+02:00,40.52299880981445,76.13999938964844,40067.36,0.0,9360.58,0.2336210820394403,128.565,120.1225,123.00303060633584
19175,2026-06-22 02:00:00+02:00,40.52299880981445,76.13999938964844,39691.27,0.0,8823.74,0.2223093390001606,126.415,114.9625,119.10319383731374
19176,2026-06-22 03:00:00+02:00,40.52299880981445,76.13999938964844,40060.7,0.0,8223.29,0.2052707515831549,124.17,115.225,119.15467366636571
19177,2026-06-22 04:00:00+02:00,40.52299880981445,76.13999938964844,41158.45,8.6,7709.55,0.1873139051185567,122.4325,117.13,119.2825253028465
19178,2026-06-22 05:00:00+02:00,40.52299880981445,76.13999938964844,44922.76,794.34,7935.26,0.1766423077796995,119.5875,123.89,127.48549424278231
19179,2026-06-22 06:00:00+02:00,40.52299880981445,76.13999938964844,52201.64,4590.76,10827.68,0.207420303230431,112.1,140.3425,136.48376103027238
19180,2026-06-22 07:00:00+02:00,40.52299880981445,76.13999938964844,57089.38,12127.65,16813.38,0.2945097669138271,102.355,146.0375,139.06350553761166
19181,2026-06-22 08:00:00+02:00,40.52299880981445,76.13999938964844,60217.88,22737.0,25931.79,0.4306327289451849,70.815,128.8225,118.00332741781345
19182,2026-06-22 09:00:00+02:00,40.52299880981445,76.13999938964844,61164.1,33299.35,35887.9,0.5867477816910985,25.9825,107.1625,80.6086131428417
19183,2026-06-22 10:00:00+02:00,40.52299880981445,76.13999938964844,60729.29,41892.87,44186.73,0.7276016234130842,1.3624999999999998,84.64750000000001,39.71668132910848
19184,2026-06-22 11:00:00+02:00,40.52299880981445,76.13999938964844,60881.71,47531.25,49662.53,0.8157216673421752,-0.0025,57.3025,7.929414751484189
19185,2026-06-22 12:00:00+02:00,40.52299880981445,76.13999938964844,60562.25,50236.48,52381.74,0.8649239417516812,-0.0075,39.5175,2.13505941235049
19186,2026-06-22 13:00:00+02:00,40.52299880981445,76.13999938964844,59544.08,50168.64,52574.4,0.8829492367867722,-0.01,32.34,-0.44046180444086325
19187,2026-06-22 14:00:00+02:00,40.52299880981445,76.13999938964844,58775.8,47838.49,50863.89,0.8653883059243108,-0.005,41.805,2.503921553211603
19188,2026-06-22 15:00:00+02:00,40.52299880981445,76.13999938964844,58069.22,43210.54,46998.51,0.8093532165905873,0.0075,63.517500000000005,16.31936124971911
19189,2026-06-22 16:00:00+02:00,40.52299880981445,76.13999938964844,57505.42,36754.86,41468.56,0.7211243738901264,12.7625,90.8975,47.83199310813018
19190,2026-06-22 17:00:00+02:00,40.52299880981445,76.13999938964844,57613.56,28326.29,33921.71,0.5887799676692813,77.72,114.07,87.61258636575845
19191,2026-06-22 18:00:00+02:00,40.52299880981445,76.13999938964844,58617.73,18231.38,24663.1,0.4207447131745386,115.615,145.585,120.92649142088062
19192,2026-06-22 19:00:00+02:00,40.52299880981445,76.13999938964844,58728.64,8798.85,15985.41,0.2721910467751013,133.92000000000002,198.5075,147.4994065389052
19193,2026-06-22 20:00:00+02:00,40.52299880981445,76.13999938964844,57289.31,2809.64,10797.4,0.1884714617459223,150.0025,271.77750000000003,177.74345119372703
19194,2026-06-22 21:00:00+02:00,40.52299880981445,76.13999938964844,55365.5,271.75,8706.76,0.1572596652866388,150.265,250.455,188.4884163894314
19195,2026-06-22 22:00:00+02:00,40.52299880981445,76.13999938964844,52733.85,2.79,8672.08,0.1644499690114698,146.1,189.57,161.38664655494716
19196,2026-06-22 23:00:00+02:00,40.52299880981445,76.13999938964844,49581.38,0.0,8021.86,0.1617917855126679,133.9925,156.0025,141.8365887423041
19197,2026-06-23 00:00:00+02:00,41.887001037597656,76.99500274658203,46614.74,0.0,7204.04,0.1545442492751124,128.3775,146.06,137.5188097461085
19198,2026-06-23 01:00:00+02:00,41.887001037597656,76.99500274658203,44966.37,0.0,5934.83,0.1319837469353243,120.1225,139.125,133.9503637359129
19199,2026-06-23 02:00:00+02:00,41.887001037597656,76.99500274658203,44147.38,0.0,4882.34,0.110591840306131,114.9625,135.01,130.08702408675083
19200,2026-06-23 03:00:00+02:00,41.887001037597656,76.99500274658203,44115.4,0.0,3885.01,0.0880647120760404,115.225,135.8225,132.91832007173196
19201,2026-06-23 04:00:00+02:00,41.887001037597656,76.99500274658203,45034.8,10.08,3159.01,0.0701459759852056,117.13,138.06,139.60403126020213
19202,2026-06-23 05:00:00+02:00,41.887001037597656,76.99500274658203,47451.74,824.13,3493.19,0.0736156355755098,123.89,142.3,148.01336226355642
19203,2026-06-23 06:00:00+02:00,41.887001037597656,76.99500274658203,53072.77,4744.74,7034.19,0.1325385880306344,140.3425,164.22,155.77436843406838
19204,2026-06-23 07:00:00+02:00,41.887001037597656,76.99500274658203,57352.78,12395.7,14000.29,0.2441083064771911,146.0375,160.1325,145.91081503313785
19205,2026-06-23 08:00:00+02:00,41.887001037597656,76.99500274658203,60271.92,22957.8,23921.57,0.396894109164451,128.8225,133.7875,122.8667167627543
19206,2026-06-23 09:00:00+02:00,41.887001037597656,76.99500274658203,61231.59,33041.79,33734.89,0.5509393108114717,107.1625,112.1175,86.10402969433342
19207,2026-06-23 10:00:00+02:00,41.887001037597656,76.99500274658203,61355.69,40904.75,41532.68,0.676916517330843,84.64750000000001,96.3125,50.30356103151648
19208,2026-06-23 11:00:00+02:00,41.887001037597656,76.99500274658203,60916.38,46152.39,46777.61,0.767898716114139,57.3025,76.52,20.319349054743075
19209,2026-06-23 12:00:00+02:00,41.887001037597656,76.99500274658203,59869.26,48922.97,49573.33,0.828026436132996,39.5175,67.145,-3.4801577725816024
19210,2026-06-23 13:00:00+02:00,41.887001037597656,76.99500274658203,58889.41,49253.73,49945.87,0.8481299098007383,32.34,60.345,-3.0215515315240467
19211,2026-06-23 14:00:00+02:00,41.887001037597656,76.99500274658203,57919.88,47591.7,48379.24,0.8352786641071633,41.805,67.6525,-0.9800156273072069
19212,2026-06-23 15:00:00+02:00,41.887001037597656,76.99500274658203,57069.24,43858.26,44835.56,0.7856344327021642,63.517500000000005,81.35249999999999,9.551864789248917
19213,2026-06-23 16:00:00+02:00,41.887001037597656,76.99500274658203,56789.0,37937.53,39180.01,0.6899225200848892,90.8975,101.065,48.470312233187585
19214,2026-06-23 17:00:00+02:00,41.887001037597656,76.99500274658203,57208.12,29453.17,31002.93,0.5419323339865157,114.07,121.7075,88.66152453873538
19215,2026-06-23 18:00:00+02:00,41.887001037597656,76.99500274658203,58567.98,19103.69,21050.85,0.359425918332948,145.585,169.6825,131.5807627290951
19216,2026-06-23 19:00:00+02:00,41.887001037597656,76.99500274658203,58708.48,9191.06,11646.38,0.1983764525672651,198.5075,340.70500000000004,181.9424028229676
19217,2026-06-23 20:00:00+02:00,41.887001037597656,76.99500274658203,57297.49,2959.07,6139.84,0.1071572244949722,271.77750000000003,545.505,241.15154678808995
19218,2026-06-23 21:00:00+02:00,41.887001037597656,76.99500274658203,55241.8,301.38,4177.93,0.0756298672245238,250.455,528.7375,265.0345076832977
19219,2026-06-23 22:00:00+02:00,41.887001037597656,76.99500274658203,52380.34,2.95,4478.46,0.0854988722704933,189.57,335.1175,218.09168146871679
19220,2026-06-23 23:00:00+02:00,41.887001037597656,76.99500274658203,49155.5,0.0,4672.95,0.0950646417806624,156.0025,199.3975,169.88544587720133
19221,2026-06-24 00:00:00+02:00,42.01399993896485,76.56999969482422,45836.17,0.0,3066.08,0.0668921508784673,146.06,178.8025,167.01630854056913
19222,2026-06-24 01:00:00+02:00,42.01399993896485,76.56999969482422,44125.32,0.0,3112.87,0.0705461172699606,139.125,162.655,155.72124256653325
19223,2026-06-24 02:00:00+02:00,42.01399993896485,76.56999969482422,43137.82,0.0,3242.59,0.0751681470980294,135.01,148.005,153.095037872791
19224,2026-06-24 03:00:00+02:00,42.01399993896485,76.56999969482422,43069.57,0.0,3207.21,0.0744658003145919,135.8225,144.05,154.16279225489245
19225,2026-06-24 04:00:00+02:00,42.01399993896485,76.56999969482422,44237.06,10.14,3024.16,0.0683625900843404,138.06,144.46,156.65278316380596
19226,2026-06-24 05:00:00+02:00,42.01399993896485,76.56999969482422,46963.79,906.25,3512.6,0.0747937932447969,142.3,151.6175,165.4296476271619
19227,2026-06-24 06:00:00+02:00,42.01399993896485,76.56999969482422,52886.46,4977.87,7001.54,0.1323881386403272,164.22,178.1675,169.97140686304232
19228,2026-06-24 07:00:00+02:00,42.01399993896485,76.56999969482422,57528.07,13238.48,14566.42,0.2532054351461459,160.1325,172.61,158.69799652736157
19229,2026-06-24 08:00:00+02:00,42.01399993896485,76.56999969482422,60353.3,24931.43,25735.19,0.4264089949635878,133.7875,149.3475,131.85109527379646
19230,2026-06-24 09:00:00+02:00,42.01399993896485,76.56999969482422,61302.58,35827.82,36309.34,0.5922970940876717,112.1175,119.3125,79.87449203490185
19231,2026-06-24 10:00:00+02:00,42.01399993896485,76.56999969482422,61068.24,44368.36,44763.98,0.7330157213089791,96.3125,102.4125,44.30299827021905
19232,2026-06-24 11:00:00+02:00,42.01399993896485,76.56999969482422,60638.7,50212.11,50617.04,0.8347316151509298,76.52,84.52,9.6954259399155
19233,2026-06-24 12:00:00+02:00,42.01399993896485,76.56999969482422,59409.73,53329.29,53782.75,0.9052852115461076,67.145,73.51,-3.7500078443867473
19234,2026-06-24 13:00:00+02:00,42.01399993896485,76.56999969482422,58080.93,53735.05,54260.09,0.9342152405386388,60.345,70.9825,-11.873538022082215
19235,2026-06-24 14:00:00+02:00,42.01399993896485,76.56999969482422,57084.75,51580.67,52193.49,0.914315819739192,67.6525,74.515,-7.798280062992983
19236,2026-06-24 15:00:00+02:00,42.01399993896485,76.56999969482422,56198.53,46903.11,47626.67,0.8474718109446151,81.35249999999999,89.3475,4.0799831404738995
19237,2026-06-24 16:00:00+02:00,42.01399993896485,76.56999969482422,56069.42,40055.39,40923.17,0.7298661194052183,101.065,109.375,45.14370561638927
19238,2026-06-24 17:00:00+02:00,42.01399993896485,76.56999969482422,56529.6,30864.25,31903.38,0.5643659250084264,121.7075,129.66,86.39264805504801
19239,2026-06-24 18:00:00+02:00,42.01399993896485,76.56999969482422,57643.83,19765.99,21015.15,0.3645689399256487,169.6825,196.785,141.1643415413238
19240,2026-06-24 19:00:00+02:00,42.01399993896485,76.56999969482422,58257.41,9295.56,10843.68,0.1861339183828917,340.70500000000004,455.1375,205.7070094141057
19241,2026-06-24 20:00:00+02:00,42.01399993896485,76.56999969482422,57389.7,2993.66,4964.03,0.0864968800871067,545.505,665.8199999999999,255.787259468672
19242,2026-06-24 21:00:00+02:00,42.01399993896485,76.56999969482422,55145.49,290.08,2649.36,0.0480430947212468,528.7375,660.1575,256.3294984193901
19243,2026-06-24 22:00:00+02:00,42.01399993896485,76.56999969482422,52182.32,1.82,2715.57,0.0520400396049773,335.1175,463.2525,220.5293417330215
19244,2026-06-24 23:00:00+02:00,42.01399993896485,76.56999969482422,48747.17,0.0,2806.82,0.0575791374027294,199.3975,263.61,190.71612624703096
19245,2026-06-25 00:00:00+02:00,40.8759994506836,76.44999694824219,45134.11,0.0,2826.8,0.0626311230989973,178.8025,169.5675,170.6448365620626
19246,2026-06-25 01:00:00+02:00,40.8759994506836,76.44999694824219,43567.74,0.0,2752.97,0.0631882672676645,162.655,154.935,159.20905534772515
19247,2026-06-25 02:00:00+02:00,40.8759994506836,76.44999694824219,42613.15,0.0,2872.91,0.0674183907860793,148.005,145.385,149.78313282027324
19248,2026-06-25 03:00:00+02:00,40.8759994506836,76.44999694824219,42504.27,0.0,3020.78,0.0710700360055425,144.05,142.9725,149.7814473920123
19249,2026-06-25 04:00:00+02:00,40.8759994506836,76.44999694824219,43348.22,8.85,3230.57,0.0745260128156297,144.46,141.9075,150.40054772356342
19250,2026-06-25 05:00:00+02:00,40.8759994506836,76.44999694824219,45726.01,846.56,4225.64,0.092412174144997,151.6175,144.5725,154.51713871634718
19251,2026-06-25 06:00:00+02:00,40.8759994506836,76.44999694824219,51634.07,4820.83,8088.69,0.1566541238843549,178.1675,161.32999999999998,163.88325499242728
19252,2026-06-25 07:00:00+02:00,40.8759994506836,76.44999694824219,56577.51,12929.89,15690.45,0.2773266267325432,172.61,148.41750000000002,147.54104565462723
19253,2026-06-25 08:00:00+02:00,40.8759994506836,76.44999694824219,59642.16,24583.51,26824.82,0.4497627181091759,149.3475,119.0975,124.71833165073797
19254,2026-06-25 09:00:00+02:00,40.8759994506836,76.44999694824219,60277.02,35613.13,37609.25,0.6239401017794277,119.3125,105.0075,72.58321728013534
19255,2026-06-25 10:00:00+02:00,40.8759994506836,76.44999694824219,60422.48,44419.83,46516.31,0.7698510553075856,102.4125,84.745,41.76971935167643
19256,2026-06-25 11:00:00+02:00,40.8759994506836,76.44999694824219,60264.63,50395.47,52756.68,0.8754169732933866,84.52,67.0925,14.074916167956333
19257,2026-06-25 12:00:00+02:00,40.8759994506836,76.44999694824219,59153.93,53209.29,55967.83,0.9461388278097264,73.51,42.7,-3.3719262270020636
19258,2026-06-25 13:00:00+02:00,40.8759994506836,76.44999694824219,57777.17,53311.7,56555.37,0.9788532389213848,70.9825,33.96,-12.686261704741053
19259,2026-06-25 14:00:00+02:00,40.8759994506836,76.44999694824219,56337.89,51003.48,54886.28,0.974233859135613,74.515,37.265,-8.403461813458215
19260,2026-06-25 15:00:00+02:00,40.8759994506836,76.44999694824219,55846.89,46480.23,51007.07,0.9133376986769832,89.3475,67.8075,7.437095836111381
19261,2026-06-25 16:00:00+02:00,40.8759994506836,76.44999694824219,55339.72,39796.9,44856.56,0.8105671657155895,109.375,88.2925,30.330695187756795
19262,2026-06-25 17:00:00+02:00,40.8759994506836,76.44999694824219,56210.53,30725.45,36279.06,0.6454139463468118,129.66,106.6,76.63584650382319
19263,2026-06-25 18:00:00+02:00,40.8759994506836,76.44999694824219,57060.1,19722.35,25864.47,0.4532846944794551,196.785,135.23,133.17521842197232
19264,2026-06-25 19:00:00+02:00,40.8759994506836,76.44999694824219,57295.12,9267.31,16223.5,0.2831567504731368,455.1375,203.315,180.6667521600889
19265,2026-06-25 20:00:00+02:00,40.8759994506836,76.44999694824219,55788.45,2974.05,11336.82,0.2032108796349045,665.8199999999999,285.77250000000004,209.01022317466254
19266,2026-06-25 21:00:00+02:00,40.8759994506836,76.44999694824219,53435.49,296.76,10461.47,0.1957775627778883,660.1575,276.615,204.0036636585911
19267,2026-06-25 22:00:00+02:00,40.8759994506836,76.44999694824219,50638.29,3.14,11657.37,0.2302086029701618,463.2525,186.6375,189.68079978213848
19268,2026-06-25 23:00:00+02:00,40.8759994506836,76.44999694824219,47283.29,0.0,11757.64,0.2486637456385408,263.61,155.745,146.92348788930065
19269,2026-06-26 00:00:00+02:00,40.40499877929688,76.36000061035156,46020.25,0.0,10548.4,0.2292121402579924,169.5675,144.7,139.41022977791397
19270,2026-06-26 01:00:00+02:00,40.40499877929688,76.36000061035156,44420.01,0.0,9731.02,0.2190683882738728,154.935,130.725,132.68671062836816
19271,2026-06-26 02:00:00+02:00,40.40499877929688,76.36000061035156,43728.45,0.0,9254.18,0.2116283563191404,145.385,122.4825,131.41949298957843
19272,2026-06-26 03:00:00+02:00,40.40499877929688,76.36000061035156,43640.54,0.0,9110.03,0.2087515415233744,142.9725,120.9325,131.2282612165726
19273,2026-06-26 04:00:00+02:00,40.40499877929688,76.36000061035156,44439.88,9.37,9232.56,0.2077539362825115,141.9075,122.605,132.00384088154038
19274,2026-06-26 05:00:00+02:00,40.40499877929688,76.36000061035156,46918.69,857.33,10102.2,0.2153129168322233,144.5725,129.5475,137.61811437043593
19275,2026-06-26 06:00:00+02:00,40.40499877929688,76.36000061035156,52661.72,4803.77,13851.93,0.2630360344738007,161.32999999999998,146.03,142.35463079147394
19276,2026-06-26 07:00:00+02:00,40.40499877929688,76.36000061035156,57531.45,12978.56,21088.77,0.3665607245486493,148.41750000000002,137.97,130.4028841306941
19277,2026-06-26 08:00:00+02:00,40.40499877929688,76.36000061035156,60521.05,24696.92,31150.13,0.5146991004758346,119.0975,119.805,112.52159729666585
19278,2026-06-26 09:00:00+02:00,40.40499877929688,76.36000061035156,60981.29,35838.32,40772.87,0.6686127825979719,105.0075,108.2725,72.01809371740684
19279,2026-06-26 10:00:00+02:00,40.40499877929688,76.36000061035156,60762.17,44875.95,49193.17,0.809601928171821,84.745,93.2425,34.73007663853234
19280,2026-06-26 11:00:00+02:00,40.40499877929688,76.36000061035156,59809.46,51334.46,55440.56,0.9269530270082772,67.0925,67.705,6.485191558038994
19281,2026-06-26 12:00:00+02:00,40.40499877929688,76.36000061035156,58315.18,54805.63,58922.69,1.0104176989575582,42.7,49.49,-5.226905168252198
19282,2026-06-26 13:00:00+02:00,40.40499877929688,76.36000061035156,56546.71,55208.44,59414.77,1.0507201920234226,33.96,38.5,-13.696955839722179
19283,2026-06-26 14:00:00+02:00,40.40499877929688,76.36000061035156,55134.59,52718.29,56999.48,1.0338243195362795,37.265,40.0,-11.106959331732792
19284,2026-06-26 15:00:00+02:00,40.40499877929688,76.36000061035156,54495.58,47492.98,51691.18,0.9485389455532836,67.8075,68.9825,0.7007668624050396
19285,2026-06-26 16:00:00+02:00,40.40499877929688,76.36000061035156,53342.33,39903.17,44008.72,0.825024328553885,88.2925,93.12,17.5511278108176
19286,2026-06-26 17:00:00+02:00,40.40499877929688,76.36000061035156,53589.78,30235.26,34487.04,0.6435376296294671,106.6,110.9925,72.34139532340845
19287,2026-06-26 18:00:00+02:00,40.40499877929688,76.36000061035156,55161.11,19064.72,23636.03,0.4284908334098985,135.23,150.345,117.78262979533068
19288,2026-06-26 19:00:00+02:00,40.40499877929688,76.36000061035156,55381.41,8837.16,14079.54,0.2542286301027314,203.315,243.545,173.25937108377832
19289,2026-06-26 20:00:00+02:00,40.40499877929688,76.36000061035156,53937.34,2861.29,9688.75,0.1796297332831708,285.77250000000004,350.46000000000004,194.9006813759861
19290,2026-06-26 21:00:00+02:00,40.40499877929688,76.36000061035156,51732.42,268.72,9526.26,0.1841448746870637,276.615,295.77750000000003,187.08644243374863
19291,2026-06-26 22:00:00+02:00,40.40499877929688,76.36000061035156,49017.67,1.86,12504.36,0.2550990285227553,186.6375,202.655,158.40552576268658
19292,2026-06-26 23:00:00+02:00,40.40499877929688,76.36000061035156,45858.06,0.0,14797.96,0.3226904931602665,155.745,154.86,132.74537393060825
19293,2026-06-27 00:00:00+02:00,40.78200149536133,75.98999786376953,44031.94,0.0,15334.93,0.3482683251411888,144.7,132.045,123.4166443993014
19294,2026-06-27 01:00:00+02:00,40.78200149536133,75.98999786376953,42102.17,0.0,14745.84,0.350239429380899,130.725,124.5,118.56377451651258
19295,2026-06-27 02:00:00+02:00,40.78200149536133,75.98999786376953,40818.04,0.0,13939.67,0.3415075784281882,122.4825,117.995,113.22751954523805
19296,2026-06-27 03:00:00+02:00,40.78200149536133,75.98999786376953,40155.37,0.0,13060.03,0.3252374463676371,120.9325,115.83,113.21184052130782
19297,2026-06-27 04:00:00+02:00,40.78200149536133,75.98999786376953,39887.08,8.59,12110.81,0.3036273900461935,122.605,115.325,114.60610596775172
19298,2026-06-27 05:00:00+02:00,40.78200149536133,75.98999786376953,40215.58,813.99,11700.6,0.2909469413866598,129.5475,114.0,117.86442683736048
19299,2026-06-27 06:00:00+02:00,40.78200149536133,75.98999786376953,42461.58,4699.61,14078.97,0.3315696212125008,146.03,112.725,115.56423333821637
19300,2026-06-27 07:00:00+02:00,40.78200149536133,75.98999786376953,45094.06,12630.76,19702.21,0.4369136421877042,137.97,109.2725,106.89796877098647
19301,2026-06-27 08:00:00+02:00,40.78200149536133,75.98999786376953,47977.58,23763.37,28769.58,0.5996463346838989,119.805,102.8675,77.78804516955273
19302,2026-06-27 09:00:00+02:00,40.78200149536133,75.98999786376953,50132.46,34329.7,37809.02,0.7541824197826752,108.2725,73.5675,36.60733570150602
19303,2026-06-27 10:00:00+02:00,40.78200149536133,75.98999786376953,50847.5,42749.84,44935.49,0.8837305667173939,93.2425,36.025,16.619154821474226
19304,2026-06-27 11:00:00+02:00,40.78200149536133,75.98999786376953,50447.06,48664.69,50184.74,0.9948000932076516,67.705,9.6675,-2.788166802469508
19305,2026-06-27 12:00:00+02:00,40.78200149536133,75.98999786376953,49550.47,51759.96,53008.09,1.069779761711689,49.49,0.525,-12.415143450174778
19306,2026-06-27 13:00:00+02:00,40.78200149536133,75.98999786376953,48275.44,51780.85,52972.77,1.097302686190472,38.5,0.0275,-21.94950141713514
19307,2026-06-27 14:00:00+02:00,40.78200149536133,75.98999786376953,46936.85,48844.27,50089.65,1.0671711030742006,40.0,3.3925,-17.48080800529152
19308,2026-06-27 15:00:00+02:00,40.78200149536133,75.98999786376953,46341.39,43633.35,45063.57,0.9724259455807376,68.9825,12.7675,-3.138751716237227
19309,2026-06-27 16:00:00+02:00,40.78200149536133,75.98999786376953,47034.9,36619.84,38270.0,0.8136511397252568,93.12,51.0,20.31421522015337
19310,2026-06-27 17:00:00+02:00,40.78200149536133,75.98999786376953,47318.41,27629.31,29622.1,0.6260163854563124,110.9925,100.605,67.91016686452107
19311,2026-06-27 18:00:00+02:00,40.78200149536133,75.98999786376953,48394.86,17523.91,19878.55,0.4107574646541476,150.345,127.1325,126.90120263264048
19312,2026-06-27 19:00:00+02:00,40.78200149536133,75.98999786376953,49513.19,8388.81,11068.4,0.223544473659737,243.545,171.755,180.30203550655858
19313,2026-06-27 20:00:00+02:00,40.78200149536133,75.98999786376953,48707.91,2707.94,6165.85,0.1265882686966884,350.46000000000004,221.25,209.8759929876308
19314,2026-06-27 21:00:00+02:00,40.78200149536133,75.98999786376953,47151.37,245.99,4775.68,0.1012840135713375,295.77750000000003,214.3075,215.40081793757201
19315,2026-06-27 22:00:00+02:00,40.78200149536133,75.98999786376953,45519.57,2.46,5815.67,0.127761971361381,202.655,174.9975,187.2630362166351
19316,2026-06-27 23:00:00+02:00,40.78200149536133,75.98999786376953,43066.21,0.0,7098.95,0.1648380481670344,154.86,144.595,145.67062806227239
19317,2026-06-28 00:00:00+02:00,40.78200149536133,75.98999786376953,41557.25,0.0,8289.35,0.1994682034543988,132.045,136.46,135.06101037014355
19318,2026-06-28 01:00:00+02:00,40.78200149536133,75.98999786376953,39588.43,0.0,9127.07,0.2305489254737939,124.5,126.03,127.52991664642046
19319,2026-06-28 02:00:00+02:00,40.78200149536133,75.98999786376953,38368.51,0.0,10457.54,0.2725552802877788,117.995,119.6825,119.56643403415305
19320,2026-06-28 03:00:00+02:00,40.78200149536133,75.98999786376953,37897.58,0.0,11731.72,0.3095638295876507,115.83,115.6875,114.66569448437919
19321,2026-06-28 04:00:00+02:00,40.78200149536133,75.98999786376953,37903.75,5.14,11697.27,0.3086045575151259,115.325,114.735,113.6370396544114
19322,2026-06-28 05:00:00+02:00,40.78200149536133,75.98999786376953,38570.49,710.49,11931.62,0.3093458236311372,114.0,115.1225,112.73060990314984
19323,2026-06-28 06:00:00+02:00,40.78200149536133,75.98999786376953,40798.03,4416.8,15286.6,0.3746896601687166,112.725,112.0625,107.05763465000052
19324,2026-06-28 07:00:00+02:00,40.78200149536133,75.98999786376953,43375.9,12041.33,21430.76,0.4940706704658414,109.2725,104.43,94.96882425289195
19325,2026-06-28 08:00:00+02:00,40.78200149536133,75.98999786376953,45977.42,22627.35,29504.33,0.6417134757361954,102.8675,76.685,60.67281010264051
19326,2026-06-28 09:00:00+02:00,40.78200149536133,75.98999786376953,48077.19,32741.9,37837.07,0.7870066863751798,73.5675,32.8125,13.977707722345913
19327,2026-06-28 10:00:00+02:00,40.78200149536133,75.98999786376953,49439.47,40732.68,45099.54,0.9122173031158672,36.025,5.1525,1.3169204440825801
19328,2026-06-28 11:00:00+02:00,40.78200149536133,75.98999786376953,50214.9,45996.91,50400.05,1.0036871524181692,9.6675,0.12,-15.361928269611507
19329,2026-06-28 12:00:00+02:00,40.78200149536133,75.98999786376953,49719.33,48343.6,53011.09,1.0662068452921212,0.525,-0.0225,-20.260488816650536
19330,2026-06-28 13:00:00+02:00,40.78200149536133,75.98999786376953,48753.56,47699.19,52546.53,1.0777988312898998,0.0275,-0.905,-24.129561366086072
19331,2026-06-28 14:00:00+02:00,40.78200149536133,75.98999786376953,47493.64,44697.82,50279.14,1.0586499579609712,3.3925,-0.0275,-26.776691140716004
19332,2026-06-28 15:00:00+02:00,40.78200149536133,75.98999786376953,46637.71,39722.46,46311.54,0.9930063030554016,12.7675,1.62,-9.255337858495917
19333,2026-06-28 16:00:00+02:00,40.78200149536133,75.98999786376953,46705.67,32944.22,40130.19,0.8592145234488201,51.0,27.665,9.073931759388056
19334,2026-06-28 17:00:00+02:00,40.78200149536133,75.98999786376953,47997.6,24415.12,31957.17,0.6658076652445523,100.605,84.6425,55.65196659502437
19335,2026-06-28 18:00:00+02:00,40.78200149536133,75.98999786376953,50238.27,15310.38,23121.31,0.4602330055433372,127.1325,114.51,106.40355193271678
19336,2026-06-28 19:00:00+02:00,40.78200149536133,75.98999786376953,51513.75,7424.97,15379.84,0.2985579577688368,171.755,137.9875,142.8791472865364
19337,2026-06-28 20:00:00+02:00,40.78200149536133,75.98999786376953,51032.37,2334.39,10487.93,0.2055152444996155,221.25,153.1775,175.15961447800635
19338,2026-06-28 21:00:00+02:00,40.78200149536133,75.98999786376953,49578.55,208.47,8446.44,0.1703648049064837,214.3075,161.04,174.6586897172548
19339,2026-06-28 22:00:00+02:00,40.78200149536133,75.98999786376953,47835.12,2.59,8318.3,0.1738952468032074,174.9975,157.29500000000002,167.16240350434396
19340,2026-06-28 23:00:00+02:00,40.78200149536133,75.98999786376953,45614.12,0.0,8159.1,0.1788722439063008,144.595,144.115,145.7788469939302
19341,2026-06-29 00:00:00+02:00,40.78200149536133,75.98999786376953,43498.84,0.0,8000.62,0.1839272035337201,136.46,123.1175,129.91102590087084
19342,2026-06-29 01:00:00+02:00,40.78200149536133,75.98999786376953,42233.89,0.0,7023.46,0.1662991497666212,126.03,113.665,131.84903398688039
19343,2026-06-29 02:00:00+02:00,40.78200149536133,75.98999786376953,41622.97,0.0,6614.12,0.1589055273665224,119.6825,113.025,130.18599227373724
19344,2026-06-29 03:00:00+02:00,40.78200149536133,75.98999786376953,41900.4,0.0,6216.67,0.1483677959760842,115.6875,109.76,125.01287555469354
19345,2026-06-29 04:00:00+02:00,40.78200149536133,75.98999786376953,43067.75,3.7,5985.68,0.138982881590289,114.735,114.87,128.46744033217834
19346,2026-06-29 05:00:00+02:00,40.78200149536133,75.98999786376953,46526.26,474.22,6526.02,0.1402653039078865,115.1225,127.3425,134.7316731093216
19347,2026-06-29 06:00:00+02:00,40.78200149536133,75.98999786376953,53183.1,3192.98,9457.57,0.1778303633714788,112.0625,149.7375,147.48592631187023
19348,2026-06-29 07:00:00+02:00,40.78200149536133,75.98999786376953,58330.33,8352.99,14261.99,0.2445038455560762,104.43,152.1625,152.22735518911213
19349,2026-06-29 08:00:00+02:00,40.78200149536133,75.98999786376953,61436.55,14709.84,20266.63,0.3298790377503491,76.685,143.2925,137.8675448725454
19350,2026-06-29 09:00:00+02:00,40.78200149536133,75.98999786376953,62220.74,21270.32,26650.77,0.4283261497005136,32.8125,120.9475,112.4480883477255
19351,2026-06-29 10:00:00+02:00,40.78200149536133,75.98999786376953,61505.85,26858.43,32119.78,0.5222231705565855,5.1525,106.925,96.93380986150733
19352,2026-06-29 11:00:00+02:00,40.78200149536133,75.98999786376953,61591.74,31181.35,36437.02,0.5915893915983556,0.12,99.1,82.14915583709487
19353,2026-06-29 12:00:00+02:00,40.78200149536133,75.98999786376953,61376.23,33734.75,39038.65,0.6360548699983601,-0.0225,89.5075,77.026903719767
19354,2026-06-29 13:00:00+02:00,40.78200149536133,75.98999786376953,60581.02,34554.87,40045.35,0.6610213890982651,-0.905,82.0275,70.77303291654354
19355,2026-06-29 14:00:00+02:00,40.78200149536133,75.98999786376953,59535.59,33429.79,39568.53,0.6646197676608866,-0.0275,86.38499999999999,71.10362338917237
19356,2026-06-29 15:00:00+02:00,40.78200149536133,75.98999786376953,58401.02,30284.76,36994.83,0.6334620524378749,1.62,96.78,78.47441340089613
19357,2026-06-29 16:00:00+02:00,40.78200149536133,75.98999786376953,57929.64,25626.45,32671.92,0.563993147451979,27.665,103.7325,90.60116989709707
19358,2026-06-29 17:00:00+02:00,40.78200149536133,75.98999786376953,58422.71,19497.64,26521.57,0.4539599411848645,84.6425,115.075,105.66986702988882
19359,2026-06-29 18:00:00+02:00,40.78200149536133,75.98999786376953,59883.3,12757.52,19450.09,0.3247999024227455,114.51,134.91,132.51889302021192
19360,2026-06-29 19:00:00+02:00,40.78200149536133,75.98999786376953,60438.26,6503.74,12727.47,0.2105863073803603,137.9875,197.65,173.3902701834266
19361,2026-06-29 20:00:00+02:00,40.78200149536133,75.98999786376953,59136.28,2051.25,7820.41,0.1322438611065417,153.1775,284.3325,211.85860733605313
19362,2026-06-29 21:00:00+02:00,40.78200149536133,75.98999786376953,57087.39,222.88,5600.82,0.0981095825018257,161.04,301.365,236.82448247819218
19363,2026-06-29 22:00:00+02:00,40.78200149536133,75.98999786376953,54244.72,1.44,5361.5,0.0988391128023448,157.29500000000002,230.89,200.67357703783347
19364,2026-06-29 23:00:00+02:00,40.78200149536133,75.98999786376953,51091.18,0.0,5039.9,0.0986452064527291,144.115,170.0,164.53241321064144
19365,2026-07-01 02:00:00+02:00,43.44400024414063,75.86499786376953,44621.56,0.0,3801.5,0.0851942424054214,140.20499999999998,146.78,154.79587465975823
19366,2026-07-01 03:00:00+02:00,43.44400024414063,75.86499786376953,44488.46,0.0,3718.94,0.0835933632938534,140.7225,146.995,159.0829613168973
19367,2026-07-01 04:00:00+02:00,43.44400024414063,75.86499786376953,45619.34,3.95,3811.28,0.0835452682823676,141.3675,151.0375,161.68227297449607
19368,2026-07-01 05:00:00+02:00,43.44400024414063,75.86499786376953,48079.07,279.45,4180.55,0.0869515570731814,151.505,160.35500000000002,165.23549026669667
19369,2026-07-01 06:00:00+02:00,43.44400024414063,75.86499786376953,53786.62,2065.44,5977.5,0.1111335867338134,186.655,196.3275,197.3857262883136
19370,2026-07-01 07:00:00+02:00,43.44400024414063,75.86499786376953,58617.9,5766.62,9437.38,0.1609982615956903,189.31,203.2975,197.8474936147698
19371,2026-07-01 08:00:00+02:00,43.44400024414063,75.86499786376953,61182.23,10969.08,14405.61,0.2354541506193131,156.0175,180.2425,162.7694522299597
19372,2026-07-01 09:00:00+02:00,43.44400024414063,75.86499786376953,61866.4,16913.29,20409.08,0.3298895684361964,122.595,145.70000000000002,143.14181420833302
19373,2026-07-01 10:00:00+02:00,43.44400024414063,75.86499786376953,61568.28,22577.61,26241.21,0.4262131408533398,108.8675,125.41,116.7790891294489
19374,2026-07-01 11:00:00+02:00,43.44400024414063,75.86499786376953,61146.28,27259.84,31202.78,0.5102972739289622,101.795,119.4475,108.38889535577279
19375,2026-07-01 12:00:00+02:00,43.44400024414063,75.86499786376953,60325.86,30408.43,34762.01,0.5762372885233236,99.075,115.8575,84.33254832528564
19376,2026-07-01 13:00:00+02:00,43.44400024414063,75.86499786376953,59152.43,32240.83,37138.22,0.6278392957604887,99.42,110.3925,73.95406665584937
19377,2026-07-01 14:00:00+02:00,43.44400024414063,75.86499786376953,57845.63,32517.05,38250.84,0.6612572115367648,102.89,99.715,65.83918147447457
19378,2026-07-01 15:00:00+02:00,43.44400024414063,75.86499786376953,56672.87,31128.37,37576.73,0.663046180533464,116.105,97.275,76.44821862712368
19379,2026-07-01 16:00:00+02:00,43.44400024414063,75.86499786376953,57069.65,27657.03,34708.32,0.6081747477673027,127.4,99.39,96.40812433518491
19380,2026-07-01 17:00:00+02:00,43.44400024414063,75.86499786376953,57733.5,22149.21,29499.46,0.5109591484128003,151.23250000000002,101.41,128.49202521756442
19381,2026-07-01 18:00:00+02:00,43.44400024414063,75.86499786376953,58466.46,15213.21,22416.01,0.3833994737524044,245.4775,120.27,159.80053987813864
19382,2026-07-01 19:00:00+02:00,43.44400024414063,75.86499786376953,59141.75,7794.37,14185.55,0.2398567847180956,451.58,167.9975,205.33921033063484
19383,2026-07-01 20:00:00+02:00,43.44400024414063,75.86499786376953,58174.35,2494.44,7843.38,0.1348253998308833,504.7675,231.685,244.75562401531374
19384,2026-07-01 21:00:00+02:00,43.44400024414063,75.86499786376953,55864.36,249.96,4541.28,0.0812911845618044,395.7425,243.455,245.23380062373104
19385,2026-07-01 22:00:00+02:00,43.44400024414063,75.86499786376953,53203.92,0.74,3743.52,0.0703617327312796,273.5325,199.465,223.9923576712759
19386,2026-07-01 23:00:00+02:00,43.44400024414063,75.86499786376953,49718.63,0.0,3513.2,0.0706616413061539,182.48,156.66500000000002,177.84489507840266
19387,2026-07-02 00:00:00+02:00,42.77899932861328,75.3550033569336,45637.07,0.0,3192.36,0.0699510288303015,164.9,160.165,158.63552272287524
19388,2026-07-02 01:00:00+02:00,42.77899932861328,75.3550033569336,43831.57,0.0,3330.03,0.0759733224075767,150.3075,143.41,142.27195416072868
19389,2026-07-02 02:00:00+02:00,42.77899932861328,75.3550033569336,42896.94,0.0,4076.95,0.0950405786298415,146.78,130.3575,134.78995656522227
19390,2026-07-02 03:00:00+02:00,42.77899932861328,75.3550033569336,42599.55,0.0,5313.67,0.1247353551563959,146.995,120.3275,132.93549420850957
19391,2026-07-02 04:00:00+02:00,42.77899932861328,75.3550033569336,43464.91,2.8,7166.99,0.1648914031652449,151.0375,114.0925,124.59904419693912
19392,2026-07-02 05:00:00+02:00,42.77899932861328,75.3550033569336,45994.37,672.05,10062.55,0.2187778634170273,160.35500000000002,114.4525,124.81842394567076
19393,2026-07-02 06:00:00+02:00,42.77899932861328,75.3550033569336,51855.36,4402.3,15833.35,0.305336806010924,196.3275,121.065,130.33189673296542
19394,2026-07-02 07:00:00+02:00,42.77899932861328,75.3550033569336,56874.85,12275.37,24726.0,0.4347440036440106,203.2975,112.9275,118.7967459622951
19395,2026-07-02 08:00:00+02:00,42.77899932861328,75.3550033569336,60362.49,23534.85,36842.03,0.61034642530314,180.2425,91.315,93.82051259673106
19396,2026-07-02 09:00:00+02:00,42.77899932861328,75.3550033569336,61479.46,33829.89,49273.36,0.8014605201799982,145.70000000000002,45.0925,40.66319314316367
19397,2026-07-02 10:00:00+02:00,42.77899932861328,75.3550033569336,62035.58,40789.55,58459.1,0.9423479234106704,125.41,5.534999999999999,25.290502776459675
19398,2026-07-02 11:00:00+02:00,42.77899932861328,75.3550033569336,61740.39,44112.5,61148.05,0.99040595613497,119.4475,-0.0725,25.76995876376467
19399,2026-07-02 12:00:00+02:00,42.77899932861328,75.3550033569336,60808.24,44471.1,64071.04,1.0536572015480703,115.8575,-1.6475,17.196905796896345
19400,2026-07-02 13:00:00+02:00,42.77899932861328,75.3550033569336,59595.52,42726.12,64389.18,1.080436582971264,110.3925,-1.965,14.224405301412284
19401,2026-07-02 14:00:00+02:00,42.77899932861328,75.3550033569336,57886.47,39181.98,63487.91,1.0967659625648678,99.715,-3.0025,7.131915837645391
19402,2026-07-02 15:00:00+02:00,42.77899932861328,75.3550033569336,57086.76,34714.72,61345.69,1.0746045140634002,97.275,-1.9975,14.359115433881609
19403,2026-07-02 16:00:00+02:00,42.77899932861328,75.3550033569336,56298.61,28807.73,57633.66,1.0237137291624585,99.39,-0.505,10.370860750878066
19404,2026-07-02 17:00:00+02:00,42.77899932861328,75.3550033569336,56682.0,21900.71,55935.86,0.9868363852745428,101.41,2.895,22.227430993068808
19405,2026-07-02 18:00:00+02:00,42.77899932861328,75.3550033569336,57724.41,14256.87,50840.57,0.8807464639516026,120.27,46.8375,40.02825436577065
19406,2026-07-02 19:00:00+02:00,42.77899932861328,75.3550033569336,58318.31,7100.9,43867.43,0.7522068110766229,167.9975,90.46,79.17213202583133
19407,2026-07-02 20:00:00+02:00,42.77899932861328,75.3550033569336,56855.17,2200.03,38049.26,0.6692313116521802,231.685,107.2525,104.01900559244592
19408,2026-07-02 21:00:00+02:00,42.77899932861328,75.3550033569336,54629.81,177.03,35425.64,0.6484672012133179,243.455,117.9225,94.84114661593148
19409,2026-07-02 22:00:00+02:00,42.77899932861328,75.3550033569336,51811.27,0.64,33208.11,0.6409437559355438,199.465,126.9,89.65979115072324
19410,2026-07-02 23:00:00+02:00,42.77899932861328,75.3550033569336,48473.86,0.0,32485.5,0.670165321954933,156.66500000000002,117.6075,83.0980834537258
19411,2026-07-03 00:00:00+02:00,44.01499938964844,75.13999938964844,46651.91,0.0,32555.17,0.6978314498382098,160.165,91.2625,76.50691295540878
19412,2026-07-03 01:00:00+02:00,44.01499938964844,75.13999938964844,44920.74,0.0,32065.3,0.7138194961361234,143.41,86.995,69.51427612070606
19413,2026-07-03 02:00:00+02:00,44.01499938964844,75.13999938964844,44181.91,0.0,31429.31,0.7113615050342184,130.3575,82.6825,63.26257517937613
19414,2026-07-03 03:00:00+02:00,44.01499938964844,75.13999938964844,43885.38,0.0,31034.18,0.7071644359221306,120.3275,85.91,64.65030451457493
19415,2026-07-03 04:00:00+02:00,44.01499938964844,75.13999938964844,44968.52,2.35,30805.56,0.685047228442242,114.0925,84.4575,67.03999378963843
19416,2026-07-03 05:00:00+02:00,44.01499938964844,75.13999938964844,47290.26,632.05,31240.35,0.6606085480053168,114.4525,86.82,74.10368350312793
19417,2026-07-03 06:00:00+02:00,44.01499938964844,75.13999938964844,52714.44,4179.12,35419.11,0.6719052690928888,121.065,99.4925,79.88667405223487
19418,2026-07-03 07:00:00+02:00,44.01499938964844,75.13999938964844,57197.29,11784.45,42603.37,0.7448494499049082,112.9275,104.4675,78.24345383190507
19419,2026-07-03 08:00:00+02:00,44.01499938964844,75.13999938964844,60065.02,22245.81,53449.92,0.8898676799092271,91.315,63.0275,37.481178449450304
19420,2026-07-03 09:00:00+02:00,44.01499938964844,75.13999938964844,60620.39,31625.5,63895.39,1.0540247264898783,45.0925,9.565,19.528408922827502
19421,2026-07-03 10:00:00+02:00,44.01499938964844,75.13999938964844,61085.31,38047.25,67016.26,1.0970929015344124,5.534999999999999,-0.1,3.375698283804219
19422,2026-07-03 11:00:00+02:00,44.01499938964844,75.13999938964844,60101.16,41844.85,69291.89,1.1529210083211503,-0.0725,-1.055,-12.525351909579133
19423,2026-07-03 12:00:00+02:00,44.01499938964844,75.13999938964844,58702.37,44067.83,70966.23,1.2089159260164597,-1.6475,-1.885,-10.268942084176555
19424,2026-07-03 13:00:00+02:00,44.01499938964844,75.13999938964844,57123.68,45008.92,71754.05,1.2561174277889453,-1.965,-3.5025,-11.172181870234162
19425,2026-07-03 14:00:00+02:00,44.01499938964844,75.13999938964844,56096.41,44297.2,70972.77,1.2651927277939543,-3.0025,-4.9875,-11.85670173354584
19426,2026-07-03 15:00:00+02:00,44.01499938964844,75.13999938964844,55537.71,41371.54,68758.14,1.238044204336469,-1.9975,-4.055,-11.850291606636667
19427,2026-07-03 16:00:00+02:00,44.01499938964844,75.13999938964844,55574.69,36439.43,65624.35,1.1808315977685468,-0.505,-2.605,-0.6177995093690729
19428,2026-07-03 17:00:00+02:00,44.01499938964844,75.13999938964844,56171.16,28982.62,59985.21,1.067900502487771,2.895,-0.0474999999999999,13.074371815553956
19429,2026-07-03 18:00:00+02:00,44.01499938964844,75.13999938964844,56247.62,19188.39,53075.46,0.9436036580848036,46.8375,35.385,35.40203671651882
19430,2026-07-03 19:00:00+02:00,44.01499938964844,75.13999938964844,56193.53,9245.89,41616.9,0.7405994959311865,90.46,102.645,80.753105636726
19431,2026-07-03 20:00:00+02:00,44.01499938964844,75.13999938964844,54716.49,2864.61,32203.73,0.5885562102780064,107.2525,124.4425,122.06801028152823
19432,2026-07-03 21:00:00+02:00,44.01499938964844,75.13999938964844,52411.93,253.04,26475.18,0.5051365213024712,117.9225,130.0275,127.58216436612024
19433,2026-07-03 22:00:00+02:00,44.01499938964844,75.13999938964844,49830.53,0.5,23283.29,0.467249495346076,126.9,135.805,128.5418985724022
19434,2026-07-03 23:00:00+02:00,44.01499938964844,75.13999938964844,46867.78,0.0,21879.68,0.466838412131567,117.6075,124.275,120.86680970753206
19435,2026-07-04 00:00:00+02:00,44.01499938964844,76.31500244140625,43339.13,0.0,19254.09,0.4442657246593862,91.2625,125.0,117.33032645038233
19436,2026-07-04 01:00:00+02:00,44.01499938964844,76.31500244140625,41399.35,0.0,18440.18,0.445421969077915,86.995,120.0875,113.04602868205518
19437,2026-07-04 02:00:00+02:00,44.01499938964844,76.31500244140625,40092.35,0.0,18159.16,0.4529332901531256,82.6825,116.435,102.42528602416732
19438,2026-07-04 03:00:00+02:00,44.01499938964844,76.31500244140625,39504.05,0.0,17979.25,0.4551242213253769,85.91,113.8225,99.21029303318416
19439,2026-07-04 04:00:00+02:00,44.01499938964844,76.31500244140625,39450.66,1.8,17874.49,0.4530846884556342,84.4575,106.3375,97.33873248135166
19440,2026-07-04 05:00:00+02:00,44.01499938964844,76.31500244140625,40354.11,556.75,18013.01,0.4463736158605966,86.82,99.6725,98.13348435185674
19441,2026-07-04 06:00:00+02:00,44.01499938964844,76.31500244140625,42879.16,3991.32,20545.06,0.4791385837597707,99.4925,92.25,98.12152867473431
19442,2026-07-04 07:00:00+02:00,44.01499938964844,76.31500244140625,45540.61,10985.99,26184.54,0.5749712178701666,104.4675,72.6525,86.48034871853145
19443,2026-07-04 08:00:00+02:00,44.01499938964844,76.31500244140625,48421.06,20123.81,34850.7,0.7197426077166128,63.0275,28.93,51.05498330340956
19444,2026-07-04 09:00:00+02:00,44.01499938964844,76.31500244140625,50359.33,28538.77,42962.39,0.8531167907013224,9.565,0.9925,18.052224440489695
19445,2026-07-04 10:00:00+02:00,44.01499938964844,76.31500244140625,51048.45,34832.8,47989.05,0.9400686992572608,-0.1,-0.01,8.030016542866063
19446,2026-07-04 11:00:00+02:00,44.01499938964844,76.31500244140625,50821.82,39008.06,51418.63,1.011743184126081,-1.055,-0.8,-2.002194276125799
19447,2026-07-04 12:00:00+02:00,44.01499938964844,76.31500244140625,49870.67,41014.81,53240.83,1.0675779970336114,-1.885,-3.1025,-12.650492095994128
19448,2026-07-04 13:00:00+02:00,44.01499938964844,76.31500244140625,48844.13,40625.3,53453.26,1.0943640513006652,-3.5025,-8.25,-21.737528472807192
19449,2026-07-04 14:00:00+02:00,44.01499938964844,76.31500244140625,47346.63,38299.86,52420.83,1.107171302137624,-4.9875,-10.31,-22.757404262088826
19450,2026-07-04 15:00:00+02:00,44.01499938964844,76.31500244140625,46832.65,34719.33,50826.69,1.0852832369969918,-4.055,-4.265000000000001,-11.546023116284413
19451,2026-07-04 16:00:00+02:00,44.01499938964844,76.31500244140625,47429.57,29761.57,47777.12,1.0073277069542634,-2.605,-0.34,-1.0017662642358172
19452,2026-07-04 17:00:00+02:00,44.01499938964844,76.31500244140625,47740.42,22833.48,45228.16,0.9473766672041476,-0.0474999999999999,4.2925,17.010248938844782
19453,2026-07-04 18:00:00+02:00,44.01499938964844,76.31500244140625,49156.53,14797.19,38819.37,0.7897093222833855,35.385,57.7325,43.105856907036625
19454,2026-07-04 19:00:00+02:00,44.01499938964844,76.31500244140625,49706.24,7272.19,30957.83,0.6228157670701273,102.645,107.1925,89.39249739666116
19455,2026-07-04 20:00:00+02:00,44.01499938964844,76.31500244140625,48768.54,2197.28,24717.88,0.506840680383944,124.4425,125.64,118.21121857694881
19456,2026-07-04 21:00:00+02:00,44.01499938964844,76.31500244140625,46949.84,170.74,21599.06,0.4600454441463388,130.0275,131.03,125.2770310567352
19457,2026-07-04 22:00:00+02:00,44.01499938964844,76.31500244140625,45126.38,0.78,21079.7,0.4671258805897734,135.805,128.0275,117.47861831733766
19458,2026-07-04 23:00:00+02:00,44.01499938964844,76.31500244140625,42975.68,0.0,21712.17,0.5052199289213759,124.275,118.62,106.31988818222135
19459,2026-07-05 00:00:00+02:00,44.01499938964844,76.31500244140625,42826.59,0.0,21256.9,0.4963481798349231,125.0,122.8725,102.8727609371042
19460,2026-07-05 01:00:00+02:00,44.01499938964844,76.31500244140625,41163.14,0.0,22751.9,0.5527250835206631,120.0875,115.9225,88.907040016496
19461,2026-07-05 02:00:00+02:00,44.01499938964844,76.31500244140625,39862.78,0.0,23903.89,0.5996543641462903,116.435,110.4975,78.23579178026483
19462,2026-07-05 03:00:00+02:00,44.01499938964844,76.31500244140625,39431.94,0.0,24501.08,0.6213511177432935,113.8225,105.9525,75.16921188224288
19463,2026-07-05 04:00:00+02:00,44.01499938964844,76.31500244140625,39162.37,1.14,24777.5,0.6326864281623694,106.3375,101.41,71.00624615571881
19464,2026-07-05 05:00:00+02:00,44.01499938964844,76.31500244140625,39911.34,314.78,25040.39,0.6274003827916075,99.6725,97.09,71.855992698607
19465,2026-07-05 06:00:00+02:00,44.01499938964844,76.31500244140625,42096.98,2897.0,27674.59,0.6574008395240226,92.25,85.0025,71.28661216916741
19466,2026-07-05 07:00:00+02:00,44.01499938964844,76.31500244140625,44360.6,8275.7,32401.36,0.7304085155001491,72.6525,44.1625,52.21205302068881
19467,2026-07-05 08:00:00+02:00,44.01499938964844,76.31500244140625,46177.39,15352.21,39005.76,0.8446939073765984,28.93,14.795,20.710839420704293
19468,2026-07-05 09:00:00+02:00,44.01499938964844,76.31500244140625,47957.88,22497.43,46013.8,0.9594627617068432,0.9925,1.3825,8.084582126749112
19469,2026-07-05 10:00:00+02:00,44.01499938964844,76.31500244140625,48624.16,27283.57,49108.19,1.0099545162302126,-0.01,-0.0075,2.565170221129627
19470,2026-07-05 11:00:00+02:00,44.01499938964844,76.31500244140625,49701.78,30131.81,51075.13,1.0276318069438093,-0.8,-0.03,0.9708124472955522
19471,2026-07-05 12:00:00+02:00,44.01499938964844,76.31500244140625,49402.67,31932.2,52552.1,1.0637501979015,-3.1025,-0.105,-1.2330803701984276
19472,2026-07-05 13:00:00+02:00,44.01499938964844,76.31500244140625,48944.66,32384.73,52790.48,1.078574863717804,-8.25,-0.6174999999999999,-4.4341688174227265
19473,2026-07-05 14:00:00+02:00,44.01499938964844,76.31500244140625,48356.51,31519.73,52631.54,1.088406503883674,-10.31,-1.165,-8.854710977452203
19474,2026-07-05 15:00:00+02:00,44.01499938964844,76.31500244140625,47315.87,28989.31,50979.56,1.0774304686614806,-4.265000000000001,-1.0225,-2.7996675845924344
19475,2026-07-05 16:00:00+02:00,44.01499938964844,76.31500244140625,47585.75,25055.01,48408.47,1.0172892092659485,-0.34,-0.06,-0.10337592421757513
19476,2026-07-05 17:00:00+02:00,44.01499938964844,76.31500244140625,49036.78,19630.3,45609.77,0.9301134778975876,4.2925,4.9,19.993973510746095
19477,2026-07-05 18:00:00+02:00,44.01499938964844,76.31500244140625,51159.4,13048.72,39668.74,0.7753949419314152,57.7325,64.0,50.14102469013735
19478,2026-07-05 19:00:00+02:00,44.01499938964844,76.31500244140625,52369.33,6633.6,31917.71,0.609473330934447,107.1925,107.505,99.29953676803174
19479,2026-07-05 20:00:00+02:00,44.01499938964844,76.31500244140625,51682.86,2059.45,24770.62,0.4792811387606488,125.64,129.2975,117.92306350852978
19480,2026-07-05 21:00:00+02:00,44.01499938964844,76.31500244140625,50253.43,188.09,20156.44,0.4010958057189139,131.03,136.54,129.51287054900686
19481,2026-07-05 22:00:00+02:00,44.01499938964844,76.31500244140625,48515.44,0.6,17855.87,0.3680451006178558,128.0275,139.8925,132.91085861224258
19482,2026-07-05 23:00:00+02:00,44.01499938964844,76.31500244140625,46297.81,0.0,16728.94,0.3613332897687097,118.62,127.895,126.96523746103624
19483,2026-07-06 00:00:00+02:00,44.01499938964844,76.31500244140625,43194.6,0.0,13512.71,0.3128333170551797,122.8725,138.555,125.19110060342935
19484,2026-07-06 01:00:00+02:00,44.01499938964844,76.31500244140625,41732.13,0.0,13191.0,0.3160873887059952,115.9225,124.5375,119.49011714472996
19485,2026-07-06 02:00:00+02:00,44.01499938964844,76.31500244140625,40707.84,0.0,13348.11,0.3279002274923208,110.4975,119.7625,108.25105856803631
19486,2026-07-06 03:00:00+02:00,44.01499938964844,76.31500244140625,40522.7,0.0,13732.49,0.3388838847512915,105.9525,115.55,106.43764263482538
19487,2026-07-06 04:00:00+02:00,44.01499938964844,76.31500244140625,41731.11,1.49,14212.71,0.3405782879150402,101.41,115.925,102.28562942022538
19488,2026-07-06 05:00:00+02:00,44.01499938964844,76.31500244140625,44648.19,338.36,15222.21,0.3409367769799992,97.09,120.86,108.0037865021892
19489,2026-07-06 06:00:00+02:00,44.01499938964844,76.31500244140625,51335.02,2785.1,18442.27,0.3592531958964362,85.0025,136.0325,121.81346980389687
19490,2026-07-06 07:00:00+02:00,44.01499938964844,76.31500244140625,57081.13,7814.35,24204.34,0.4240340020556646,44.1625,139.56,129.757612253984
19491,2026-07-06 08:00:00+02:00,44.01499938964844,76.31500244140625,60441.65,14216.62,32086.59,0.5308688626913942,14.795,133.865,115.96616499962342
19492,2026-07-06 09:00:00+02:00,44.01499938964844,76.31500244140625,61972.4,20380.78,40068.86,0.6465597587560656,1.3825,110.615,86.24488105810832
19493,2026-07-06 10:00:00+02:00,44.01499938964844,76.31500244140625,62561.62,24854.8,46230.36,0.738957207192052,-0.0075,90.275,54.17364754916603
19494,2026-07-06 11:00:00+02:00,44.01499938964844,76.31500244140625,62921.21,27841.79,51168.54,0.8132160839225412,-0.03,72.065,33.78798140812238
19495,2026-07-06 12:00:00+02:00,44.01499938964844,76.31500244140625,62208.68,29458.77,54988.21,0.883931470514415,-0.105,43.015,22.04191941300632
19496,2026-07-06 13:00:00+02:00,44.01499938964844,76.31500244140625,61036.02,30172.14,57615.76,0.9439632530194526,-0.6174999999999999,20.445,13.80468549917112
19497,2026-07-06 14:00:00+02:00,44.01499938964844,76.31500244140625,59802.5,29835.09,59296.42,0.9915374773644016,-1.165,9.8075,11.876812486227752
19498,2026-07-06 15:00:00+02:00,44.01499938964844,76.31500244140625,58789.16,28002.04,58994.53,1.0034933309127918,-1.0225,5.0,13.826088002882745
19499,2026-07-06 16:00:00+02:00,44.01499938964844,76.31500244140625,58078.92,24407.14,56876.87,0.9793031618047816,-0.06,20.51,20.914972784459703
19500,2026-07-06 17:00:00+02:00,44.01499938964844,76.31500244140625,58466.84,19178.5,52749.02,0.902204052604484,4.9,66.5825,28.34246726983671
19501,2026-07-06 18:00:00+02:00,44.01499938964844,76.31500244140625,58831.14,12926.9,45940.11,0.7808808395042351,64.0,99.3375,61.07140291681429
19502,2026-07-06 19:00:00+02:00,44.01499938964844,76.31500244140625,58700.93,6572.44,37857.14,0.6449155063395221,107.505,117.865,99.32115864327658
19503,2026-07-06 20:00:00+02:00,44.01499938964844,76.31500244140625,57088.75,1985.31,31213.49,0.5467537823920205,129.2975,138.32999999999998,118.66269939504355
19504,2026-07-06 21:00:00+02:00,44.01499938964844,76.31500244140625,54849.98,144.93,27853.25,0.5078078423168416,136.54,151.2025,121.93397776551907
19505,2026-07-06 22:00:00+02:00,44.01499938964844,76.31500244140625,52132.04,0.15,25454.81,0.4882757320664459,139.8925,147.155,118.68554505475213
19506,2026-07-06 23:00:00+02:00,44.01499938964844,76.31500244140625,48878.69,0.0,24289.46,0.496933530645577,127.895,135.0,107.7090836863217
19507,2026-07-07 00:00:00+02:00,44.13100051879883,77.52999877929688,47174.07,0.0,25006.86,0.5300975725583784,138.555,120.98,101.99328114836277
19508,2026-07-07 01:00:00+02:00,44.13100051879883,77.52999877929688,45330.67,0.0,25424.06,0.5608578032133966,124.5375,114.6525,97.77309282372113
19509,2026-07-07 02:00:00+02:00,44.13100051879883,77.52999877929688,44236.53,0.0,26156.8,0.5912941180984823,119.7625,107.9875,88.49396001078944
19510,2026-07-07 03:00:00+02:00,44.13100051879883,77.52999877929688,43948.08,0.0,27027.09,0.6149777190232252,115.55,101.0025,85.36832992318263
19511,2026-07-07 04:00:00+02:00,44.13100051879883,77.52999877929688,44734.69,1.16,27669.41,0.6185224485475315,115.925,98.3825,85.17471276226011
19512,2026-07-07 05:00:00+02:00,44.13100051879883,77.52999877929688,46983.04,318.89,28702.04,0.6109021466872083,120.86,102.4075,85.04111783893117
19513,2026-07-07 06:00:00+02:00,44.13100051879883,77.52999877929688,52588.64,2912.16,32425.55,0.6165884874344366,136.0325,115.6,93.62438402858702
19514,2026-07-07 07:00:00+02:00,44.13100051879883,77.52999877929688,57434.61,8284.8,38012.75,0.6618439646997091,139.56,118.6425,97.85903357840105
19515,2026-07-07 08:00:00+02:00,44.13100051879883,77.52999877929688,60306.65,15404.48,44611.68,0.7397472748461824,133.865,114.89,73.07301041280473
19516,2026-07-07 09:00:00+02:00,44.13100051879883,77.52999877929688,61326.89,22688.94,52528.3,0.8565296559377902,110.615,94.6475,36.22089503033103
19517,2026-07-07 10:00:00+02:00,44.13100051879883,77.52999877929688,61710.29,29120.23,59938.88,0.9712947385320512,90.275,43.39,22.474721387051517
19518,2026-07-07 11:00:00+02:00,44.13100051879883,77.52999877929688,61199.14,33997.53,65706.4,1.073649073978221,72.065,4.922499999999999,12.43399829669762
19519,2026-07-07 12:00:00+02:00,44.13100051879883,77.52999877929688,60178.48,36480.45,69091.12,1.1481034414381843,43.015,-0.8300000000000001,-1.4674325329231568
19520,2026-07-07 13:00:00+02:00,44.13100051879883,77.52999877929688,59292.62,36579.57,70538.84,1.1896731834097272,20.445,-2.705,-5.047055227761458
19521,2026-07-07 14:00:00+02:00,44.13100051879883,77.52999877929688,57716.33,34792.96,70617.04,1.2235192360249654,9.8075,-2.835,-2.691955099735736
19522,2026-07-07 15:00:00+02:00,44.13100051879883,77.52999877929688,57154.81,30993.95,69198.87,1.2107269709739692,5.0,-1.485,-3.1035160493441083
19523,2026-07-07 16:00:00+02:00,44.13100051879883,77.52999877929688,57267.43,25366.44,66438.95,1.1601524634228997,20.51,-0.52,5.1067276569548135
19524,2026-07-07 17:00:00+02:00,44.13100051879883,77.52999877929688,58002.43,18690.22,61573.02,1.0615593172455775,66.5825,7.0175,21.336074870006463
19525,2026-07-07 18:00:00+02:00,44.13100051879883,77.52999877929688,58728.64,11913.91,56080.22,0.9549041147632732,99.3375,60.712500000000006,34.50059483330503
19526,2026-07-07 19:00:00+02:00,44.13100051879883,77.52999877929688,58766.53,5910.4,49948.5,0.8499480910562613,117.865,86.1825,44.91629810462776
19527,2026-07-07 20:00:00+02:00,44.13100051879883,77.52999877929688,57219.01,1733.45,44106.01,0.7708279117777767,138.32999999999998,107.9725,76.12535710679566
19528,2026-07-07 21:00:00+02:00,44.13100051879883,77.52999877929688,55174.92,157.13,40436.41,0.7328766401957852,151.2025,118.4025,82.97364801341315
19529,2026-07-07 22:00:00+02:00,44.13100051879883,77.52999877929688,52073.68,1.37,36713.0,0.7050202711417706,147.155,120.755,80.98310028606294
19530,2026-07-07 23:00:00+02:00,44.13100051879883,77.52999877929688,49031.17,0.0,34573.9,0.7051412396022487,135.0,117.0825,76.41167657555098
19531,2026-07-08 00:00:00+02:00,46.57600021362305,75.98500061035156,46071.89,0.0,31224.58,0.6777360336904485,120.98,114.9225,79.62526650837289
19532,2026-07-08 01:00:00+02:00,46.57600021362305,75.98500061035156,44527.75,0.0,29058.34,0.6525894524981412,114.6525,115.845,82.00907584263415
19533,2026-07-08 02:00:00+02:00,46.57600021362305,75.98500061035156,43438.83,0.0,27165.99,0.62538493771002,107.9875,111.7575,80.43178203859239
19534,2026-07-08 03:00:00+02:00,46.57600021362305,75.98500061035156,43217.3,0.0,25426.67,0.5883447136706029,101.0025,108.17,76.97280104999699
19535,2026-07-08 04:00:00+02:00,46.57600021362305,75.98500061035156,44098.17,2.23,23925.41,0.5425488176623772,98.3825,113.5825,85.78127600356133
19536,2026-07-08 05:00:00+02:00,46.57600021362305,75.98500061035156,46338.83,459.27,23080.41,0.4980792565332185,102.4075,119.705,104.40175237432224
19537,2026-07-08 06:00:00+02:00,46.57600021362305,75.98500061035156,51602.14,3185.08,24749.94,0.4796301082707751,115.6,130.75,113.52499889775036
19538,2026-07-08 07:00:00+02:00,46.57600021362305,75.98500061035156,56226.04,9111.48,29810.93,0.5301979295482666,118.6425,131.91,117.80391499590687
19539,2026-07-08 08:00:00+02:00,46.57600021362305,75.98500061035156,59564.54,17234.34,38056.12,0.6389056306589616,114.89,125.7925,110.49570914119555
19540,2026-07-08 09:00:00+02:00,46.57600021362305,75.98500061035156,60773.97,25132.82,45872.26,0.75480110962723,94.6475,100.4225,72.87161045476549
19541,2026-07-08 10:00:00+02:00,46.57600021362305,75.98500061035156,61068.55,31440.68,51661.42,0.8459578619688926,43.39,79.5825,27.955938021100245
19542,2026-07-08 11:00:00+02:00,46.57600021362305,75.98500061035156,60630.05,35972.41,55791.79,0.9202002965657788,4.922499999999999,71.075,22.28453093323592
19543,2026-07-08 12:00:00+02:00,46.57600021362305,75.98500061035156,59792.86,39051.19,58697.19,0.9816755711331292,-0.8300000000000001,49.0075,17.70837877952023
19544,2026-07-08 13:00:00+02:00,46.57600021362305,75.98500061035156,58173.69,40818.18,60857.0,1.0461258343684017,-2.705,17.245,7.998544174743629
19545,2026-07-08 14:00:00+02:00,46.57600021362305,75.98500061035156,56278.59,40570.47,61665.05,1.0957106421650382,-2.835,7.9025,0.8105803979209671
19546,2026-07-08 15:00:00+02:00,46.57600021362305,75.98500061035156,55179.25,38096.44,60213.77,1.091239369674064,-1.485,9.79,2.936492149418335
19547,2026-07-08 16:00:00+02:00,46.57600021362305,75.98500061035156,55358.07,33599.62,56864.32,1.0272092215232198,-0.52,35.02,10.795867814017232
19548,2026-07-08 17:00:00+02:00,46.57600021362305,75.98500061035156,55990.41,26697.33,50992.82,0.9107420358395764,7.0175,77.3075,29.041061699602487
19549,2026-07-08 18:00:00+02:00,46.57600021362305,75.98500061035156,56482.06,17508.33,42139.24,0.7460641483780753,60.712500000000006,104.43,73.07188688985687
19550,2026-07-08 19:00:00+02:00,46.57600021362305,75.98500061035156,56495.89,8522.55,31862.15,0.5639728835913599,86.1825,135.0475,115.76861779081236
19551,2026-07-08 20:00:00+02:00,46.57600021362305,75.98500061035156,55514.09,2675.67,23519.24,0.4236625331652446,107.9725,150.8475,142.60724665933833
19552,2026-07-08 21:00:00+02:00,46.57600021362305,75.98500061035156,53569.35,223.13,18594.19,0.3471050142764276,118.4025,160.62,156.3748291265161
19553,2026-07-08 22:00:00+02:00,46.57600021362305,75.98500061035156,50902.73,0.67,16646.17,0.3270191991024804,120.755,159.2,147.86642229876185
19554,2026-07-08 23:00:00+02:00,46.57600021362305,75.98500061035156,48017.91,0.0,15501.59,0.3228293359034515,117.0825,145.0475,139.25462599699182
19555,2026-07-09 00:00:00+02:00,49.02199935913086,74.78500366210938,44956.9,0.0,14887.96,0.331160733873741,114.9225,140.3275,130.0797352479537
19556,2026-07-09 01:00:00+02:00,49.02199935913086,74.78500366210938,43401.98,0.0,14254.14,0.3284214221728083,115.845,133.20749999999998,128.63464695616807
19557,2026-07-09 02:00:00+02:00,49.02199935913086,74.78500366210938,42397.38,0.0,13693.49,0.3229796274385399,111.7575,127.3225,127.01135691126278
19558,2026-07-09 03:00:00+02:00,49.02199935913086,74.78500366210938,42391.44,0.0,12823.36,0.3024988062914355,108.17,124.8475,125.74320397946096
19559,2026-07-09 04:00:00+02:00,49.02199935913086,74.78500366210938,43230.23,1.6,11702.04,0.2706911343588292,113.5825,125.4425,125.2427587073558
19560,2026-07-09 05:00:00+02:00,49.02199935913086,74.78500366210938,45867.72,432.41,10784.36,0.2351187283267799,119.705,133.955,136.19978034054034
19561,2026-07-09 06:00:00+02:00,49.02199935913086,74.78500366210938,51108.77,3624.33,12648.53,0.247482574859954,130.75,149.15,141.78785306233868
19562,2026-07-09 07:00:00+02:00,49.02199935913086,74.78500366210938,55506.89,10470.25,18422.44,0.33189465301841,131.91,147.66,142.2583676197109
19563,2026-07-09 08:00:00+02:00,49.02199935913086,74.78500366210938,58475.35,19342.73,26774.11,0.4578700254965776,125.7925,138.2975,129.6445045622198
19564,2026-07-09 09:00:00+02:00,49.02199935913086,74.78500366210938,59716.35,27704.03,34663.73,0.5804730194359714,100.4225,118.03,96.12187205616124
19565,2026-07-09 10:00:00+02:00,49.02199935913086,74.78500366210938,60226.45,34635.09,41193.76,0.683981207478777,79.5825,99.63,71.25985620113183
19566,2026-07-09 11:00:00+02:00,49.02199935913086,74.78500366210938,60700.67,40403.61,46621.62,0.7680577494831511,71.075,86.83,42.28994308173163
19567,2026-07-09 12:00:00+02:00,49.02199935913086,74.78500366210938,59882.75,44652.31,50663.03,0.8460371307520049,49.0075,66.69,17.91306948284339
19568,2026-07-09 13:00:00+02:00,49.02199935913086,74.78500366210938,58632.33,46797.2,52781.38,0.9002094917769411,17.245,43.625,11.824365774952515
19569,2026-07-09 14:00:00+02:00,49.02199935913086,74.78500366210938,57508.63,46621.71,52822.28,0.9185104912221852,7.9025,38.005,11.583539065108106
19570,2026-07-09 15:00:00+02:00,49.02199935913086,74.78500366210938,56538.76,43834.78,50339.42,0.8903523881863782,9.79,51.04,16.12933020057452
19571,2026-07-09 16:00:00+02:00,49.02199935913086,74.78500366210938,56470.39,38252.85,45024.78,0.7973166112723292,35.02,81.01,25.20241562729297
19572,2026-07-09 17:00:00+02:00,49.02199935913086,74.78500366210938,56172.52,29874.31,36793.22,0.6550039057078081,77.3075,108.4125,77.71090040168949
19573,2026-07-09 18:00:00+02:00,49.02199935913086,74.78500366210938,56822.46,19488.06,26293.95,0.4627386775470934,104.43,130.4075,118.35151995233245
19574,2026-07-09 19:00:00+02:00,49.02199935913086,74.78500366210938,56732.21,9339.92,15770.02,0.2779729539395745,135.0475,166.5,140.21775957534635
19575,2026-07-09 20:00:00+02:00,49.02199935913086,74.78500366210938,55143.13,2829.69,8973.66,0.1627339615718705,150.8475,210.7,165.27073522938736
19576,2026-07-09 21:00:00+02:00,49.02199935913086,74.78500366210938,52455.95,223.08,6533.58,0.1245536492762873,160.62,213.3125,171.79393408466353
19577,2026-07-09 22:00:00+02:00,49.02199935913086,74.78500366210938,49918.72,1.06,7111.29,0.1424573786863009,159.2,183.965,156.21578894678777
19578,2026-07-09 23:00:00+02:00,49.02199935913086,74.78500366210938,46886.06,0.0,7486.55,0.159675391756169,145.0475,162.745,146.44756262123713
19579,2026-07-10 00:00:00+02:00,50.10200119018555,74.7249984741211,45776.58,0.0,7041.85,0.1538308453462817,140.3275,153.5575,141.57112165235822
19580,2026-07-10 01:00:00+02:00,50.10200119018555,74.7249984741211,43970.27,0.0,6786.33,0.1543390567867017,133.20749999999998,143.4325,137.0950778177167
19581,2026-07-10 02:00:00+02:00,50.10200119018555,74.7249984741211,43016.96,0.0,6372.5,0.1481392455096456,127.3225,139.7,131.11295804430458
19582,2026-07-10 03:00:00+02:00,50.10200119018555,74.7249984741211,42872.48,0.0,5750.93,0.1341403622710558,124.8475,137.9275,133.2949305924927
19583,2026-07-10 04:00:00+02:00,50.10200119018555,74.7249984741211,44094.59,1.61,5212.05,0.1182015752684849,125.4425,138.27,130.89300314046574
19584,2026-07-10 05:00:00+02:00,50.10200119018555,74.7249984741211,46537.96,548.26,5252.29,0.1128603402227213,133.955,142.4525,138.0665985088529
19585,2026-07-10 06:00:00+02:00,50.10200119018555,74.7249984741211,51520.5,4068.73,8026.6,0.1557942954443776,149.15,151.14,146.4999624912479
19586,2026-07-10 07:00:00+02:00,50.10200119018555,74.7249984741211,55847.15,11868.75,14555.12,0.2606242216011695,147.66,147.6925,140.26167411773696
19587,2026-07-10 08:00:00+02:00,50.10200119018555,74.7249984741211,58988.21,23494.71,25208.22,0.4273433622706396,138.2975,134.9025,128.58777444754145
19588,2026-07-10 09:00:00+02:00,50.10200119018555,74.7249984741211,59941.24,34564.29,35976.59,0.6001976267757894,118.03,121.975,95.45638670561931
19589,2026-07-10 10:00:00+02:00,50.10200119018555,74.7249984741211,60494.18,43367.77,44862.36,0.7415979519448651,99.63,99.895,61.28384379091827
19590,2026-07-10 11:00:00+02:00,50.10200119018555,74.7249984741211,60166.33,49651.46,51363.03,0.8536839456796377,86.83,78.31,27.25451518119392
19591,2026-07-10 12:00:00+02:00,50.10200119018555,74.7249984741211,59051.2,53351.18,55391.59,0.9380264921054904,66.69,56.805,14.627175191674802
19592,2026-07-10 13:00:00+02:00,50.10200119018555,74.7249984741211,57627.91,54138.38,56554.54,0.981374129136147,43.625,37.36,8.405644668927113
19593,2026-07-10 14:00:00+02:00,50.10200119018555,74.7249984741211,56909.64,52166.64,55048.5,0.9672965773518692,38.005,40.95,7.227513050819383
19594,2026-07-10 15:00:00+02:00,50.10200119018555,74.7249984741211,56305.15,47562.58,51024.92,0.9062211891973964,51.04,62.1,10.962789037634026
19595,2026-07-10 16:00:00+02:00,50.10200119018555,74.7249984741211,56033.33,40660.72,44858.15,0.8005619154170273,81.01,88.4125,34.42979461483634
19596,2026-07-10 17:00:00+02:00,50.10200119018555,74.7249984741211,55547.12,31253.24,36196.56,0.6516370244484975,108.4125,113.82,81.75297733159117
19597,2026-07-10 18:00:00+02:00,50.10200119018555,74.7249984741211,55783.66,19925.82,25562.37,0.4582411766351936,130.4075,128.435,115.58098197456611
19598,2026-07-10 19:00:00+02:00,50.10200119018555,74.7249984741211,55537.99,9163.2,15397.39,0.2772406779076375,166.5,165.01999999999998,143.95724498813445
19599,2026-07-10 20:00:00+02:00,50.10200119018555,74.7249984741211,53438.7,2773.76,9670.96,0.1809729652515923,210.7,186.6775,169.43476310000904
19600,2026-07-10 21:00:00+02:00,50.10200119018555,74.7249984741211,51037.08,230.94,7966.19,0.156086319954808,213.3125,176.885,161.47934670178103
19601,2026-07-10 22:00:00+02:00,50.10200119018555,74.7249984741211,48400.12,1.04,8559.39,0.1768464623276044,183.965,168.0,150.0474874986287
19602,2026-07-10 23:00:00+02:00,50.10200119018555,74.7249984741211,45428.64,0.0,8487.35,0.1868281770735755,162.745,154.4625,140.78581744614877
19603,2026-07-11 00:00:00+02:00,48.65499877929688,75.05999755859375,42729.91,0.0,7762.95,0.1816748501970458,153.5575,150.4975,137.1058638213265
19604,2026-07-11 01:00:00+02:00,48.65499877929688,75.05999755859375,40836.52,0.0,6665.23,0.1632173847910602,143.4325,143.95,133.17352436126777
19605,2026-07-11 02:00:00+02:00,48.65499877929688,75.05999755859375,39627.09,0.0,5724.04,0.1444476492862716,139.7,141.10750000000002,133.02422055753698
19606,2026-07-11 03:00:00+02:00,48.65499877929688,75.05999755859375,39040.25,0.0,4778.1,0.1223890727845264,137.9275,140.6725,136.55911080936602
19607,2026-07-11 04:00:00+02:00,48.65499877929688,75.05999755859375,38966.36,1.32,4033.15,0.1035033808383684,138.27,140.4625,132.0053742731391
19608,2026-07-11 05:00:00+02:00,48.65499877929688,75.05999755859375,39255.7,533.12,4056.45,0.1033340380878868,142.4525,138.8625,132.6921151040288
19609,2026-07-11 06:00:00+02:00,48.65499877929688,75.05999755859375,41052.3,4078.61,7179.04,0.1748754636951217,151.14,136.335,124.53929901053105
19610,2026-07-11 07:00:00+02:00,48.65499877929688,75.05999755859375,43505.69,12205.21,14562.07,0.3347164473578705,147.6925,124.2825,110.02553638155611
19611,2026-07-11 08:00:00+02:00,48.65499877929688,75.05999755859375,46148.52,24492.43,25951.74,0.5623525953676624,134.9025,115.3525,71.47223620466359
19612,2026-07-11 09:00:00+02:00,48.65499877929688,75.05999755859375,47950.77,35993.76,37057.64,0.7728267969893232,121.975,73.86,39.264783586747214
19613,2026-07-11 10:00:00+02:00,48.65499877929688,75.05999755859375,48930.16,44360.5,45508.32,0.9300668542816808,99.895,16.0875,19.89259551233532
19614,2026-07-11 11:00:00+02:00,48.65499877929688,75.05999755859375,48684.06,49689.98,50987.37,1.0473113784989767,78.31,0.3275,4.503552236136082
19615,2026-07-11 12:00:00+02:00,48.65499877929688,75.05999755859375,47865.75,51975.8,53467.48,1.1170300264558626,56.805,-0.0075,-6.516826506510455
19616,2026-07-11 13:00:00+02:00,48.65499877929688,75.05999755859375,46807.87,51981.75,53665.3,1.1465016457389532,37.36,-0.6950000000000001,-19.68358327582174
19617,2026-07-11 14:00:00+02:00,48.65499877929688,75.05999755859375,45735.11,50112.02,52171.09,1.140722958545257,40.95,-0.975,-24.770301614950412
19618,2026-07-11 15:00:00+02:00,48.65499877929688,75.05999755859375,45158.7,46100.49,48885.73,1.082531826407197,62.1,-0.5025000000000001,-21.051071829626785
19619,2026-07-11 16:00:00+02:00,48.65499877929688,75.05999755859375,44872.72,39739.97,43721.29,0.9743400888169158,88.4125,6.1725,9.823032672388736
19620,2026-07-11 17:00:00+02:00,48.65499877929688,75.05999755859375,45711.48,30914.94,36369.84,0.7956390821746222,113.82,74.695,41.370060698299106
19621,2026-07-11 18:00:00+02:00,48.65499877929688,75.05999755859375,47405.8,20039.63,26880.49,0.5670295616639673,128.435,120.3525,90.15877765325416
19622,2026-07-11 19:00:00+02:00,48.65499877929688,75.05999755859375,47539.91,9285.28,17277.28,0.3634268553803683,165.01999999999998,141.0,130.89219380450135
19623,2026-07-11 20:00:00+02:00,48.65499877929688,75.05999755859375,46522.17,2818.76,11865.64,0.2550534508052712,186.6775,151.82,143.11535350350988
19624,2026-07-11 21:00:00+02:00,48.65499877929688,75.05999755859375,44805.01,235.14,10407.14,0.2322762565542834,176.885,156.375,146.9211640783427
19625,2026-07-11 22:00:00+02:00,48.65499877929688,75.05999755859375,43387.46,1.16,11093.32,0.2556803278514851,168.0,154.8875,136.79924713369962
19626,2026-07-11 23:00:00+02:00,48.65499877929688,75.05999755859375,41306.1,0.0,10909.37,0.2641103855691749,154.4625,145.58249999999998,125.21411365047854
19627,2026-07-12 00:00:00+02:00,48.65499877929688,75.05999755859375,40454.57,0.0,11476.25,0.2836824120776262,150.4975,137.4425,122.47255036971015
19628,2026-07-12 01:00:00+02:00,48.65499877929688,75.05999755859375,38849.86,0.0,11029.98,0.2839129921487714,143.95,131.885,122.82050145580894
19629,2026-07-12 02:00:00+02:00,48.65499877929688,75.05999755859375,37878.07,0.0,10748.75,0.2837723779791915,141.10750000000002,125.57,119.65647675412805
19630,2026-07-12 03:00:00+02:00,48.65499877929688,75.05999755859375,37385.88,0.0,10478.28,0.2802737289371619,140.6725,125.1,117.29578354256607
19631,2026-07-12 04:00:00+02:00,48.65499877929688,75.05999755859375,37395.72,0.16,10470.06,0.2799801687786783,140.4625,122.8825,116.6813374697871
19632,2026-07-12 05:00:00+02:00,48.65499877929688,75.05999755859375,37743.32,493.43,11130.27,0.2948937718529017,138.8625,119.915,116.33926310611022
19633,2026-07-12 06:00:00+02:00,48.65499877929688,75.05999755859375,39502.74,4031.55,14546.47,0.3682395194945364,136.335,111.6125,107.80950099163333
19634,2026-07-12 07:00:00+02:00,48.65499877929688,75.05999755859375,41851.02,12194.52,21253.94,0.5078475983362298,124.2825,99.775,87.5758113347999
19635,2026-07-12 08:00:00+02:00,48.65499877929688,75.05999755859375,44141.55,24482.82,31631.98,0.7166032908412587,115.3525,62.1175,49.51009384455064
19636,2026-07-12 09:00:00+02:00,48.65499877929688,75.05999755859375,45860.53,35795.71,42099.38,0.9179872101526112,73.86,5.385,19.16836846615126
19637,2026-07-12 10:00:00+02:00,48.65499877929688,75.05999755859375,46794.98,44091.98,48950.8,1.0460694713308842,16.0875,-0.045,-1.8745770881498984
19638,2026-07-12 11:00:00+02:00,48.65499877929688,75.05999755859375,47250.41,49231.92,53970.04,1.1422131572737224,0.3275,-2.165,-12.94622502097851
19639,2026-07-12 12:00:00+02:00,48.65499877929688,75.05999755859375,46413.72,51686.49,56352.81,1.214141206260963,-0.0075,-7.1575,-18.54698740282459
19640,2026-07-12 13:00:00+02:00,48.65499877929688,75.05999755859375,45764.33,51835.02,56654.32,1.237958033857819,-0.6950000000000001,-10.7125,-23.933058166575734
19641,2026-07-12 14:00:00+02:00,48.65499877929688,75.05999755859375,44961.15,49846.73,55264.05,1.2291511669009465,-0.975,-10.055,-25.183763350503376
19642,2026-07-12 15:00:00+02:00,48.65499877929688,75.05999755859375,44633.17,45743.91,52244.48,1.170530347458957,-0.5025000000000001,-5.9075,-27.602693855020803
19643,2026-07-12 16:00:00+02:00,48.65499877929688,75.05999755859375,45593.91,39394.67,47215.75,1.0355714170959296,6.1725,-2.6925,-2.6350199800250174
19644,2026-07-12 17:00:00+02:00,48.65499877929688,75.05999755859375,46669.58,30569.27,41319.29,0.8853580853126687,74.695,7.630000000000001,24.311571915570788
19645,2026-07-12 18:00:00+02:00,48.65499877929688,75.05999755859375,48423.51,19691.2,31442.65,0.649326122652132,120.3525,93.4325,78.92474479810403
19646,2026-07-12 19:00:00+02:00,48.65499877929688,75.05999755859375,49210.75,9152.73,21084.91,0.4284614641255291,141.0,131.8075,119.79367050381587
19647,2026-07-12 20:00:00+02:00,48.65499877929688,75.05999755859375,48516.56,2766.4,14733.4,0.3036777545020344,151.82,140.8975,141.41845864352408
19648,2026-07-12 21:00:00+02:00,48.65499877929688,75.05999755859375,47431.52,220.04,12501.8,0.2635757824620472,156.375,144.4875,144.32899247258842
19649,2026-07-12 22:00:00+02:00,48.65499877929688,75.05999755859375,46066.94,0.0,12512.33,0.2716119194651062,154.8875,144.93,137.09191663523342
19650,2026-07-12 23:00:00+02:00,48.65499877929688,75.05999755859375,43882.4,0.0,11964.78,0.2726555520498752,145.58249999999998,139.3175,131.63534302650515
19651,2026-07-13 00:00:00+02:00,48.65499877929688,75.05999755859375,41051.29,0.0,10736.01,0.2615267388036948,137.4425,129.73,119.5522889334069
19652,2026-07-13 01:00:00+02:00,48.65499877929688,75.05999755859375,40036.36,0.0,9419.18,0.2352656434712682,131.885,124.605,122.5904010398407
19653,2026-07-13 02:00:00+02:00,48.65499877929688,75.05999755859375,39433.4,0.0,8483.89,0.2151447756939181,125.57,120.5675,121.4209248386664
19654,2026-07-13 03:00:00+02:00,48.65499877929688,75.05999755859375,39409.0,0.0,7680.16,0.1948834022190658,125.1,121.475,124.86469104712788
19655,2026-07-13 04:00:00+02:00,48.65499877929688,75.05999755859375,40694.99,0.05,7002.94,0.172083590591352,122.8825,123.5425,129.08689580240508
19656,2026-07-13 05:00:00+02:00,48.65499877929688,75.05999755859375,44329.55,405.38,6857.47,0.1546929756438554,119.915,134.2425,137.46651874109506
19657,2026-07-13 06:00:00+02:00,48.65499877929688,75.05999755859375,51228.25,3711.41,9554.01,0.1864988555754883,111.6125,149.8425,147.14402030059227
19658,2026-07-13 07:00:00+02:00,48.65499877929688,75.05999755859375,56374.37,11216.0,15999.38,0.2838059209736967,99.775,159.43,145.9719244401055
19659,2026-07-13 08:00:00+02:00,48.65499877929688,75.05999755859375,59461.63,22570.9,26127.77,0.4394055459900097,62.1175,138.9875,119.26057711081016
19660,2026-07-13 09:00:00+02:00,48.65499877929688,75.05999755859375,60527.41,33777.53,36730.83,0.6068462204798047,5.385,122.6075,77.14559386260834
19661,2026-07-13 10:00:00+02:00,48.65499877929688,75.05999755859375,60368.36,42681.23,45769.17,0.7581648729966881,-0.045,100.0175,41.2491610911632
19662,2026-07-13 11:00:00+02:00,48.65499877929688,75.05999755859375,60322.97,48533.25,51892.34,0.8602417949812082,-2.165,74.1225,20.183739907680945
19663,2026-07-13 12:00:00+02:00,48.65499877929688,75.05999755859375,59412.15,51129.82,54807.36,0.9224941361451328,-7.1575,50.6225,11.881212941166165
19664,2026-07-13 13:00:00+02:00,48.65499877929688,75.05999755859375,58179.26,50848.78,54784.68,0.9416530906474828,-10.7125,32.900000000000006,10.162619398747438
19665,2026-07-13 14:00:00+02:00,48.65499877929688,75.05999755859375,57198.23,48100.27,52330.38,0.9148950936217964,-10.055,38.5375,5.851335775345545
19666,2026-07-13 15:00:00+02:00,48.65499877929688,75.05999755859375,56691.8,43092.38,47747.32,0.8422262124606686,-5.9075,63.97500000000001,20.63164074715973
19667,2026-07-13 16:00:00+02:00,48.65499877929688,75.05999755859375,56057.59,35890.47,41366.89,0.7379355764780584,-2.6925,90.95,60.652932528019996
19668,2026-07-13 17:00:00+02:00,48.65499877929688,75.05999755859375,55817.16,26711.56,33405.63,0.5984831545355436,7.630000000000001,121.5275,104.36063917517663
19669,2026-07-13 18:00:00+02:00,48.65499877929688,75.05999755859375,56772.7,16671.0,25048.66,0.4412095953792563,93.4325,140.0,133.78244651603393
19670,2026-07-13 19:00:00+02:00,48.65499877929688,75.05999755859375,57199.46,7812.89,18320.58,0.3202928838278731,131.8075,165.9625,153.2716541636911
19671,2026-07-13 20:00:00+02:00,48.65499877929688,75.05999755859375,55982.16,2296.48,15091.58,0.2695783799214645,140.8975,182.9975,163.36927867921213
19672,2026-07-13 21:00:00+02:00,48.65499877929688,75.05999755859375,53981.03,164.5,15629.26,0.2895324523652971,144.4875,168.8,162.52419793055736
19673,2026-07-13 22:00:00+02:00,48.65499877929688,75.05999755859375,51183.66,0.0,17621.41,0.344278037103193,144.93,159.0725,140.7594946727312
19674,2026-07-13 23:00:00+02:00,48.65499877929688,75.05999755859375,48138.84,0.0,18108.59,0.3761742076925463,139.3175,144.07,124.33806899028164
19675,2026-07-14 00:00:00+02:00,51.275001525878906,76.5999984741211,45993.76,0.0,17909.36,0.3893867341158046,129.73,139.64,124.72266480837456
19676,2026-07-14 01:00:00+02:00,51.275001525878906,76.5999984741211,44375.8,0.0,16524.7,0.3723808922042237,124.605,133.8875,119.51486054611102
19677,2026-07-14 02:00:00+02:00,51.275001525878906,76.5999984741211,43474.93,0.0,15200.13,0.3496297750566522,120.5675,127.35,119.97479049722492
19678,2026-07-14 03:00:00+02:00,51.275001525878906,76.5999984741211,43268.27,0.0,14203.42,0.3282641066240309,121.475,127.2175,124.50027001140019
19679,2026-07-14 04:00:00+02:00,51.275001525878906,76.5999984741211,44040.05,0.03,13671.87,0.3104417455678543,123.5425,127.65,124.20330589174233
19680,2026-07-14 05:00:00+02:00,51.275001525878906,76.5999984741211,46330.75,339.11,13573.06,0.2929600750488692,134.2425,135.02,135.92586217840187
19681,2026-07-14 06:00:00+02:00,51.275001525878906,76.5999984741211,51588.5,3117.95,15387.33,0.2982705447341421,149.8425,145.805,143.62380608471256
19682,2026-07-14 07:00:00+02:00,51.275001525878906,76.5999984741211,56201.97,9338.59,18852.81,0.3354474940406097,159.43,152.265,148.01537303460145
19683,2026-07-14 08:00:00+02:00,51.275001525878906,76.5999984741211,59044.11,18394.76,25453.02,0.4310848278632559,138.9875,135.67000000000002,137.76444309078283
19684,2026-07-14 09:00:00+02:00,51.275001525878906,76.5999984741211,59744.56,27784.36,33975.65,0.5686819016545303,122.6075,121.8925,110.73051666839442
19685,2026-07-14 10:00:00+02:00,51.275001525878906,76.5999984741211,60258.5,35725.12,41906.12,0.6954391495481237,100.0175,107.4775,72.34950693428216
19686,2026-07-14 11:00:00+02:00,51.275001525878906,76.5999984741211,60065.9,41603.38,48022.06,0.7994895604994697,74.1225,91.6875,34.79700469444004
19687,2026-07-14 12:00:00+02:00,51.275001525878906,76.5999984741211,58950.49,45078.84,51750.8,0.8778688691344434,50.6225,64.0425,20.710954231931026
19688,2026-07-14 13:00:00+02:00,51.275001525878906,76.5999984741211,58152.11,45905.58,52729.84,0.9067571235322746,32.900000000000006,51.825,16.90032558654382
19689,2026-07-14 14:00:00+02:00,51.275001525878906,76.5999984741211,56892.04,43982.81,51298.27,0.9016774577073212,38.5375,57.73,18.689168456450663
19690,2026-07-14 15:00:00+02:00,51.275001525878906,76.5999984741211,55813.37,39498.58,47861.67,0.8575305521136726,63.97500000000001,70.0,22.41216334948323
19691,2026-07-14 16:00:00+02:00,51.275001525878906,76.5999984741211,55291.71,32633.47,42610.11,0.7706419279181921,90.95,93.2575,50.862280253538934
19692,2026-07-14 17:00:00+02:00,51.275001525878906,76.5999984741211,55516.15,24196.42,35664.93,0.6424244115194543,121.5275,117.44,97.38380407995447
19693,2026-07-14 18:00:00+02:00,51.275001525878906,76.5999984741211,56799.28,15217.5,27503.32,0.4842195181903327,140.0,138.2975,129.20703984524937
19694,2026-07-14 19:00:00+02:00,51.275001525878906,76.5999984741211,57216.3,7187.69,19612.23,0.3427734753308456,165.9625,159.005,151.5735924223045
19695,2026-07-14 20:00:00+02:00,51.275001525878906,76.5999984741211,56360.18,2112.69,14347.34,0.2545651911944629,182.9975,182.48,162.75272081899448
19696,2026-07-14 21:00:00+02:00,51.275001525878906,76.5999984741211,54466.72,164.35,12640.32,0.2320741913168124,168.8,175.315,155.64624371185073
19697,2026-07-14 22:00:00+02:00,51.275001525878906,76.5999984741211,51498.52,0.0,12905.52,0.2505998230142148,159.0725,168.765,147.25952784479665
19698,2026-07-14 23:00:00+02:00,51.275001525878906,76.5999984741211,48411.2,0.0,12622.67,0.2607386306762198,144.07,151.51999999999998,138.90580628514098
19699,2026-07-15 00:00:00+02:00,52.95899963378906,77.02999877929688,45847.81,0.0,11250.65,0.2453912192871608,139.64,153.5175,138.63001739559817
19700,2026-07-15 01:00:00+02:00,52.95899963378906,77.02999877929688,44223.17,0.0,10318.82,0.2333351498245523,133.8875,144.4475,134.14308590680486
19701,2026-07-15 02:00:00+02:00,52.95899963378906,77.02999877929688,43188.42,0.0,9733.26,0.2253673553639222,127.35,139.0375,133.14971981178104
19702,2026-07-15 03:00:00+02:00,52.95899963378906,77.02999877929688,43030.1,0.0,9130.5,0.2121886771789541,127.2175,136.6175,134.4382898224593
19703,2026-07-15 04:00:00+02:00,52.95899963378906,77.02999877929688,44075.39,0.01,8590.68,0.1949087687721177,127.65,140.865,134.83851577083203
19704,2026-07-15 05:00:00+02:00,52.95899963378906,77.02999877929688,46721.68,359.1,8436.31,0.1805652108013741,135.02,150.2825,144.49612216518068
19705,2026-07-15 06:00:00+02:00,52.95899963378906,77.02999877929688,52575.55,3271.3,10514.81,0.199994293887559,145.805,166.6925,152.97170832721298
19706,2026-07-15 07:00:00+02:00,52.95899963378906,77.02999877929688,57315.44,9948.65,15209.79,0.2653698549177377,152.265,165.88,152.85382165291418
19707,2026-07-15 08:00:00+02:00,52.95899963378906,77.02999877929688,60155.44,19825.67,23139.83,0.3846672885470263,135.67000000000002,155.9325,138.04956666322494
19708,2026-07-15 09:00:00+02:00,52.95899963378906,77.02999877929688,60904.49,29669.81,32448.64,0.5327791102868148,121.8925,135.10250000000002,107.08036256565444
19709,2026-07-15 10:00:00+02:00,52.95899963378906,77.02999877929688,60947.28,37630.61,41011.05,0.6728938517563222,107.4775,111.4175,71.6994924309754
19710,2026-07-15 11:00:00+02:00,52.95899963378906,77.02999877929688,60833.15,43269.21,47607.07,0.7825843309474217,91.6875,96.2525,43.97987897110059
19711,2026-07-15 12:00:00+02:00,52.95899963378906,77.02999877929688,59834.1,46624.38,51726.82,0.8645040201382649,64.0425,74.345,15.960285413001195
19712,2026-07-15 13:00:00+02:00,52.95899963378906,77.02999877929688,58204.97,47238.33,52904.15,0.9089283954774088,51.825,63.5975,10.721073071970297
19713,2026-07-15 14:00:00+02:00,52.95899963378906,77.02999877929688,57429.64,45233.3,51593.04,0.8983695525693057,57.73,62.9175,11.195199769708713
19714,2026-07-15 15:00:00+02:00,52.95899963378906,77.02999877929688,56685.29,40917.6,48178.13,0.8499229692835789,70.0,73.075,20.48427550409056
19715,2026-07-15 16:00:00+02:00,52.95899963378906,77.02999877929688,56507.47,34381.93,42605.41,0.7539783676823651,93.2575,97.1475,60.63939373053276
19716,2026-07-15 17:00:00+02:00,52.95899963378906,77.02999877929688,56378.74,25520.59,34701.87,0.6155134008643128,117.44,118.1825,99.92889412879649
19717,2026-07-15 18:00:00+02:00,52.95899963378906,77.02999877929688,57285.75,15962.56,26127.46,0.4560900397644981,138.2975,145.5625,129.70459620325323
19718,2026-07-15 19:00:00+02:00,52.95899963378906,77.02999877929688,58107.81,7441.42,17952.26,0.3089474546865649,159.005,175.8875,151.68614457649284
19719,2026-07-15 20:00:00+02:00,52.95899963378906,77.02999877929688,57126.37,2129.57,12503.68,0.2188775516072739,182.48,205.975,172.66564601672064
19720,2026-07-15 21:00:00+02:00,52.95899963378906,77.02999877929688,54813.54,143.47,10357.57,0.1889600634826796,175.315,201.65,178.13863870160708
19721,2026-07-15 22:00:00+02:00,52.95899963378906,77.02999877929688,51788.52,0.0,10207.22,0.1970942594619243,168.765,188.38,157.96882071808233
19722,2026-07-15 23:00:00+02:00,52.95899963378906,77.02999877929688,48295.94,0.0,9601.91,0.1988140203506103,151.51999999999998,171.415,149.45068443847924
19723,2026-07-16 00:00:00+02:00,54.35300064086914,76.81500244140625,45792.93,0.0,8887.92,0.1940893495580891,153.5175,166.0325,147.16928441023651
19724,2026-07-16 01:00:00+02:00,54.35300064086914,76.81500244140625,43813.83,0.0,7612.46,0.173745595814439,144.4475,159.2,143.06107055574154
19725,2026-07-16 02:00:00+02:00,54.35300064086914,76.81500244140625,43027.23,0.0,6861.73,0.159474128323047,139.0375,152.9075,143.64522015818346
19726,2026-07-16 03:00:00+02:00,54.35300064086914,76.81500244140625,42907.14,0.0,5963.27,0.1389808315960978,136.6175,148.97750000000002,145.58099394709507
19727,2026-07-16 04:00:00+02:00,54.35300064086914,76.81500244140625,43559.18,0.0,5147.73,0.1181778444593819,140.865,152.1875,148.100986770409
19728,2026-07-16 05:00:00+02:00,54.35300064086914,76.81500244140625,46479.41,282.8,4823.93,0.1037863862506459,150.2825,159.945,151.97645739067065
19729,2026-07-16 06:00:00+02:00,54.35300064086914,76.81500244140625,52170.46,3111.8,7080.59,0.1357202907285616,166.6925,175.45,159.07061849092833
19730,2026-07-16 07:00:00+02:00,54.35300064086914,76.81500244140625,57031.62,9837.31,12769.81,0.2239075445824776,165.88,172.76,155.46679641806264
19731,2026-07-16 08:00:00+02:00,54.35300064086914,76.81500244140625,59570.98,19962.69,21875.07,0.3672101750941128,155.9325,158.5125,143.97389604632662
19732,2026-07-16 09:00:00+02:00,54.35300064086914,76.81500244140625,59961.21,30140.9,31425.69,0.5241003307764969,135.10250000000002,137.14249999999998,109.11599261083421
19733,2026-07-16 10:00:00+02:00,54.35300064086914,76.81500244140625,59755.22,38326.47,39420.31,0.6596965084122028,111.4175,118.3075,77.8338810190215
19734,2026-07-16 11:00:00+02:00,54.35300064086914,76.81500244140625,59628.51,44114.65,45148.93,0.757170185745515,96.2525,107.2325,48.542599192887096
19735,2026-07-16 12:00:00+02:00,54.35300064086914,76.81500244140625,58480.25,47007.31,48037.14,0.8214250108675278,74.345,94.69,22.25417104415474
19736,2026-07-16 13:00:00+02:00,54.35300064086914,76.81500244140625,56589.28,47316.16,48390.4,0.8551160218233708,63.5975,87.475,16.512549482073574
19737,2026-07-16 14:00:00+02:00,54.35300064086914,76.81500244140625,55790.08,45590.13,46835.79,0.8395003196196348,62.9175,96.46,17.04348827660499
19738,2026-07-16 15:00:00+02:00,54.35300064086914,76.81500244140625,55196.21,41549.8,43067.45,0.7802609996627918,73.075,109.6025,32.90955404029762
19739,2026-07-16 16:00:00+02:00,54.35300064086914,76.81500244140625,55694.43,35228.47,37057.49,0.6653715639669223,97.1475,119.6375,69.73979616553973
19740,2026-07-16 17:00:00+02:00,54.35300064086914,76.81500244140625,57076.13,26577.13,28795.51,0.5045105544989629,118.1825,139.935,113.80444472841494
19741,2026-07-16 18:00:00+02:00,54.35300064086914,76.81500244140625,58934.52,16587.17,19178.5,0.3254204835594791,145.5625,177.6975,146.86787232293773
19742,2026-07-16 19:00:00+02:00,54.35300064086914,76.81500244140625,59592.88,7595.48,10566.95,0.1773190018375821,175.8875,241.1025,204.162667162743
19743,2026-07-16 20:00:00+02:00,54.35300064086914,76.81500244140625,57545.47,2136.91,5808.21,0.1009325321174833,205.975,311.685,239.98133914329492
19744,2026-07-16 21:00:00+02:00,54.35300064086914,76.81500244140625,54927.09,117.5,4770.99,0.0868604180401946,201.65,262.6,223.77639269052708
19745,2026-07-16 22:00:00+02:00,54.35300064086914,76.81500244140625,51894.03,0.0,6048.42,0.1165532913677058,188.38,206.84,181.94402201707146
19746,2026-07-16 23:00:00+02:00,54.35300064086914,76.81500244140625,47981.83,0.0,6842.27,0.1426012721601903,171.415,180.3125,159.8953899851566
19747,2026-07-17 00:00:00+02:00,54.78499984741211,74.7750015258789,46934.05,0.0,6767.98,0.1442019173405657,166.0325,170.565,156.47786910180338
19748,2026-07-17 01:00:00+02:00,54.78499984741211,74.7750015258789,45261.05,0.0,6623.75,0.1463454780332437,159.2,161.45,150.0451660046458
19749,2026-07-17 02:00:00+02:00,54.78499984741211,74.7750015258789,44313.16,0.0,6449.89,0.1455524724155188,152.9075,151.975,147.57700244957766
19750,2026-07-17 03:00:00+02:00,54.78499984741211,74.7750015258789,44013.18,0.0,5944.55,0.1350629515669935,148.97750000000002,143.94,147.3915871646832
19751,2026-07-17 04:00:00+02:00,54.78499984741211,74.7750015258789,45191.32,0.0,5274.14,0.1167069251093557,152.1875,142.89999999999998,148.9417966204732
19752,2026-07-17 05:00:00+02:00,54.78499984741211,74.7750015258789,47822.53,263.14,4940.63,0.1033117653743305,159.945,153.4875,155.98395837953439
19753,2026-07-17 06:00:00+02:00,54.78499984741211,74.7750015258789,53477.34,2769.79,7104.53,0.1328512225677546,175.45,165.11,161.16161799786556
19754,2026-07-17 07:00:00+02:00,54.78499984741211,74.7750015258789,58410.14,8623.73,12408.18,0.2124319509913121,172.76,165.7525,163.10063281772517
19755,2026-07-17 08:00:00+02:00,54.78499984741211,74.7750015258789,60972.9,16937.12,19817.79,0.3250262001110286,158.5125,157.10500000000002,144.90512271193666
19756,2026-07-17 09:00:00+02:00,54.78499984741211,74.7750015258789,61131.29,25560.34,27639.16,0.4521278709393948,137.14249999999998,135.42000000000002,124.40554578927954
19757,2026-07-17 10:00:00+02:00,54.78499984741211,74.7750015258789,61462.09,32581.47,34523.1,0.5616974625233705,118.3075,127.4525,99.14029620767856
19758,2026-07-17 11:00:00+02:00,54.78499984741211,74.7750015258789,60518.48,37323.1,39422.89,0.6514190375152483,107.2325,113.7825,77.55202036563718
19759,2026-07-17 12:00:00+02:00,54.78499984741211,74.7750015258789,58885.73,39248.55,41719.15,0.708476399849594,94.69,103.8875,69.52155773409939
19760,2026-07-17 13:00:00+02:00,54.78499984741211,74.7750015258789,56996.33,38603.39,41957.59,0.7361454674825298,87.475,98.2,59.27003947028728
19761,2026-07-17 14:00:00+02:00,54.78499984741211,74.7750015258789,55747.84,36220.75,41261.86,0.7401517259251387,96.46,98.4275,65.05613812322096
19762,2026-07-17 15:00:00+02:00,54.78499984741211,74.7750015258789,54983.95,32661.8,39978.05,0.7270858130914412,109.6025,105.98,72.06653644235426
19763,2026-07-17 16:00:00+02:00,54.78499984741211,74.7750015258789,54836.1,27427.68,37164.01,0.677728904740175,119.6375,114.7,74.8602533399804
19764,2026-07-17 17:00:00+02:00,54.78499984741211,74.7750015258789,55233.22,20594.14,32363.35,0.585939946904066,139.935,127.425,104.43946227074821
19765,2026-07-17 18:00:00+02:00,54.78499984741211,74.7750015258789,56158.83,13171.39,25918.16,0.4615153128258698,177.6975,137.58,126.6659506575201
19766,2026-07-17 19:00:00+02:00,54.78499984741211,74.7750015258789,56398.31,6314.17,19323.4,0.3426237416790283,241.1025,151.0325,152.0065319453247
19767,2026-07-17 20:00:00+02:00,54.78499984741211,74.7750015258789,55088.72,1745.8,14549.88,0.264117227580507,311.685,159.065,163.24250079933103
19768,2026-07-17 21:00:00+02:00,54.78499984741211,74.7750015258789,53024.39,103.42,12374.54,0.2333744904498902,262.6,166.8625,166.13175373322224
19769,2026-07-17 22:00:00+02:00,54.78499984741211,74.7750015258789,50509.86,0.0,12673.52,0.250911802121227,206.84,164.675,158.31321069297746
19770,2026-07-17 23:00:00+02:00,54.78499984741211,74.7750015258789,47374.27,0.0,13572.69,0.2864991903228273,180.3125,158.3,147.58522226758976
19771,2026-07-18 00:00:00+02:00,57.39500045776367,75.25499725341797,44363.82,0.0,13564.09,0.3057466646682484,170.565,156.2,135.30636727361286
19772,2026-07-18 01:00:00+02:00,57.39500045776367,75.25499725341797,42649.75,0.0,14600.18,0.3423274461533004,161.45,145.38,129.99756620398477
19773,2026-07-18 02:00:00+02:00,57.39500045776367,75.25499725341797,41469.63,0.0,15429.44,0.3720660154498446,151.975,142.0,124.90120336100341
19774,2026-07-18 03:00:00+02:00,57.39500045776367,75.25499725341797,40852.76,0.0,15985.18,0.3912876387320494,143.94,135.3,119.24537002020853
19775,2026-07-18 04:00:00+02:00,57.39500045776367,75.25499725341797,40761.12,0.0,16593.75,0.4070974986930933,142.89999999999998,134.81,113.30924079395032
19776,2026-07-18 05:00:00+02:00,57.39500045776367,75.25499725341797,41469.69,229.32,17111.82,0.4126343841941826,153.4875,132.235,110.15761312259778
19777,2026-07-18 06:00:00+02:00,57.39500045776367,75.25499725341797,43221.96,2689.89,19569.98,0.4527786337193457,165.11,126.5075,113.83449213289742
19778,2026-07-18 07:00:00+02:00,57.39500045776367,75.25499725341797,45439.16,8574.44,25360.48,0.558119472156149,165.7525,119.3,101.87518339827743
19779,2026-07-18 08:00:00+02:00,57.39500045776367,75.25499725341797,48010.58,16991.72,34322.04,0.7148849272983402,157.10500000000002,97.5425,78.64376679244006
19780,2026-07-18 09:00:00+02:00,57.39500045776367,75.25499725341797,50114.76,25770.43,43546.17,0.8689290339075894,135.42000000000002,44.9275,44.77893601127576
19781,2026-07-18 10:00:00+02:00,57.39500045776367,75.25499725341797,50981.3,32922.32,50097.42,0.9826626623913742,127.4525,9.9675,39.74270089299375
19782,2026-07-18 11:00:00+02:00,57.39500045776367,75.25499725341797,50992.73,37912.11,52809.68,1.0356315496276367,113.7825,-0.005,33.901667306137995
19783,2026-07-18 12:00:00+02:00,57.39500045776367,75.25499725341797,50412.8,40559.81,55367.72,1.098286942780745,103.8875,-0.125,23.933930687851394
19784,2026-07-18 13:00:00+02:00,57.39500045776367,75.25499725341797,49466.93,41082.84,56108.09,1.134254541138038,98.2,-1.165,10.69560206420608
19785,2026-07-18 14:00:00+02:00,57.39500045776367,75.25499725341797,48250.23,39448.73,55373.81,1.1476382597248471,98.4275,-1.9925,9.316231520702031
19786,2026-07-18 15:00:00+02:00,57.39500045776367,75.25499725341797,47615.15,36013.81,53471.66,1.1229967770503722,105.98,-2.9475,17.005455312118794
19787,2026-07-18 16:00:00+02:00,57.39500045776367,75.25499725341797,47442.9,30932.46,50437.81,1.063126621462194,114.7,-1.76,29.91553932399364
19788,2026-07-18 17:00:00+02:00,57.39500045776367,75.25499725341797,47796.9,24059.64,48022.67,1.0047235278847113,127.425,0.4325,30.053627781938793
19789,2026-07-18 18:00:00+02:00,57.39500045776367,75.25499725341797,48928.68,15693.06,41121.5,0.840437550974104,137.58,55.9225,40.899481776141016
19790,2026-07-18 19:00:00+02:00,57.39500045776367,75.25499725341797,49771.59,7441.75,31803.25,0.6389840066112045,151.0325,110.2,96.4512528369893
19791,2026-07-18 20:00:00+02:00,57.39500045776367,75.25499725341797,49283.67,2050.96,24486.42,0.4968465212722902,159.065,132.17000000000002,114.28318536006987
19792,2026-07-18 21:00:00+02:00,57.39500045776367,75.25499725341797,47232.83,105.29,20851.97,0.4414719591348915,166.8625,145.95,125.41569522567698
19793,2026-07-18 22:00:00+02:00,57.39500045776367,75.25499725341797,45541.94,0.0,19206.1,0.4217233608358089,164.675,152.4625,128.38855648752428
19794,2026-07-18 23:00:00+02:00,57.39500045776367,75.25499725341797,43258.43,0.0,18272.69,0.4224076092400006,158.3,145.7625,121.1945994337933
19795,2026-07-19 00:00:00+02:00,57.39500045776367,75.25499725341797,41911.06,0.0,17046.02,0.4067188946290743,156.2,138.6975,124.31846707316228
19796,2026-07-19 01:00:00+02:00,57.39500045776367,75.25499725341797,40186.21,0.0,16444.44,0.4092060434638633,145.38,130.7425,123.77574216326838
19797,2026-07-19 02:00:00+02:00,57.39500045776367,75.25499725341797,39104.38,0.0,16484.12,0.4215415254195203,142.0,121.9,113.8160562356788
19798,2026-07-19 03:00:00+02:00,57.39500045776367,75.25499725341797,38578.79,0.0,16613.65,0.4306420703110071,135.3,118.8975,112.74726905633783
19799,2026-07-19 04:00:00+02:00,57.39500045776367,75.25499725341797,38723.11,0.0,16767.28,0.4330044770595634,134.81,115.275,110.12601148971791
19800,2026-07-19 05:00:00+02:00,57.39500045776367,75.25499725341797,39514.63,195.04,17050.02,0.4314862620676225,132.235,109.4175,107.53227749512173
19801,2026-07-19 06:00:00+02:00,57.39500045776367,75.25499725341797,41218.84,2365.22,19058.79,0.4623805520819168,126.5075,101.8475,102.6548679021832
19802,2026-07-19 07:00:00+02:00,57.39500045776367,75.25499725341797,43469.57,7543.48,23295.45,0.535902471421755,119.3,88.46000000000001,91.57564075194796
19803,2026-07-19 08:00:00+02:00,57.39500045776367,75.25499725341797,45434.06,14438.6,29796.29,0.6558139420831389,97.5425,43.1575,69.54995691515867
19804,2026-07-19 09:00:00+02:00,57.39500045776367,75.25499725341797,47113.82,21219.37,37150.08,0.7885176789340118,44.9275,4.165,28.962250571753692
19805,2026-07-19 10:00:00+02:00,57.39500045776367,75.25499725341797,48497.09,27281.64,43676.74,0.9006053763430742,9.9675,0.015,19.275519099537373
19806,2026-07-19 11:00:00+02:00,57.39500045776367,75.25499725341797,49225.45,32687.62,46758.28,0.94988019389363,-0.005,-0.045,18.713750737605906
19807,2026-07-19 12:00:00+02:00,57.39500045776367,75.25499725341797,48628.42,36711.26,50517.2,1.0388410725582198,-0.125,-0.7424999999999999,9.092117482415112
19808,2026-07-19 13:00:00+02:00,57.39500045776367,75.25499725341797,47541.69,39129.73,52730.95,1.1091517779218296,-1.165,-2.6775,-6.488766183528032
19809,2026-07-19 14:00:00+02:00,57.39500045776367,75.25499725341797,46748.91,39551.52,53937.33,1.1537665795515302,-1.9925,-4.9975000000000005,-13.940630962771795
19810,2026-07-19 15:00:00+02:00,57.39500045776367,75.25499725341797,46291.7,37520.48,53430.93,1.1542226789782568,-2.9475,-4.955,-7.563284477948745
19811,2026-07-19 16:00:00+02:00,57.39500045776367,75.25499725341797,46389.07,32868.49,51305.92,1.1059915619981189,-1.76,-2.4375,7.471323313565805
19812,2026-07-19 17:00:00+02:00,57.39500045776367,75.25499725341797,47185.14,25817.56,46815.56,0.9921674491180554,0.4325,-0.395,17.122465663889965
19813,2026-07-19 18:00:00+02:00,57.39500045776367,75.25499725341797,48640.93,16987.79,41040.13,0.8437365402257446,55.9225,47.8425,40.40803913479165
19814,2026-07-19 19:00:00+02:00,57.39500045776367,75.25499725341797,50764.79,8016.17,31050.82,0.6116605622496103,110.2,117.16,108.17827609008658
19815,2026-07-19 20:00:00+02:00,57.39500045776367,75.25499725341797,50777.7,2109.19,23507.67,0.4629526346283993,132.17000000000002,144.1225,130.29138953155444
19816,2026-07-19 21:00:00+02:00,57.39500045776367,75.25499725341797,49452.42,88.15,20458.7,0.4137047286232494,145.95,149.68,137.24053540131388
19817,2026-07-19 22:00:00+02:00,57.39500045776367,75.25499725341797,47960.17,0.0,20104.81,0.4191980552989703,152.4625,149.6575,134.38057505961535
19818,2026-07-19 23:00:00+02:00,57.39500045776367,75.25499725341797,45589.0,0.0,20595.91,0.4517736733747672,145.7625,138.2025,121.58645462601757
19819,2026-07-20 00:00:00+02:00,57.39500045776367,75.25499725341797,42354.77,0.0,19055.06,0.4498917122085915,138.6975,147.4525,119.80820686662838
19820,2026-07-20 01:00:00+02:00,57.39500045776367,75.25499725341797,41076.68,0.0,19662.46,0.4786769523538228,130.7425,138.48250000000002,113.07414671034299
19821,2026-07-20 02:00:00+02:00,57.39500045776367,75.25499725341797,40537.99,0.0,20131.08,0.4965978825056206,121.9,128.85500000000002,104.32501028082577
19822,2026-07-20 03:00:00+02:00,57.39500045776367,75.25499725341797,40668.68,0.0,20311.9,0.4994482239159352,118.8975,123.53,101.67211960277253
19823,2026-07-20 04:00:00+02:00,57.39500045776367,75.25499725341797,41952.4,0.0,20462.58,0.487757076952032,115.275,131.27,105.41524343023872
19824,2026-07-20 05:00:00+02:00,57.39500045776367,75.25499725341797,45379.77,194.23,20771.19,0.4577191553730397,109.4175,138.79,114.06070568340911
19825,2026-07-20 06:00:00+02:00,57.39500045776367,75.25499725341797,51722.53,2895.48,23646.65,0.4571827788669304,101.8475,149.31,128.61527328931052
19826,2026-07-20 07:00:00+02:00,57.39500045776367,75.25499725341797,57016.69,9708.79,29803.61,0.5227172954931762,88.46000000000001,150.5275,129.8054877336217
19827,2026-07-20 08:00:00+02:00,57.39500045776367,75.25499725341797,60361.38,19494.88,38950.91,0.6452952201150314,43.1575,130.9975,110.95064369196986
19828,2026-07-20 09:00:00+02:00,57.39500045776367,75.25499725341797,61541.81,28854.67,48016.17,0.7802203086356705,4.165,92.7175,62.91420652752385
19829,2026-07-20 10:00:00+02:00,57.39500045776367,75.25499725341797,61688.5,35579.63,54314.37,0.8804618363421931,0.015,60.2725,27.692569341823813
19830,2026-07-20 11:00:00+02:00,57.39500045776367,75.25499725341797,61726.57,39438.61,57590.76,0.932997896864673,-0.045,15.7875,22.023460619166173
19831,2026-07-20 12:00:00+02:00,57.39500045776367,75.25499725341797,60871.55,41121.17,58642.88,0.9633873293905958,-0.7424999999999999,7.6625,16.72447070566649
19832,2026-07-20 13:00:00+02:00,57.39500045776367,75.25499725341797,59933.26,41517.88,58789.5,0.980916105517885,-2.6775,0.015,16.357510968067416
19833,2026-07-20 14:00:00+02:00,57.39500045776367,75.25499725341797,58738.82,40655.37,58426.17,0.9946772848016564,-4.9975000000000005,0.0075,13.233391952269399
19834,2026-07-20 15:00:00+02:00,57.39500045776367,75.25499725341797,58016.13,37751.49,56096.21,0.9669071341078924,-4.955,0.9575,15.620166768295721
19835,2026-07-20 16:00:00+02:00,57.39500045776367,75.25499725341797,57865.54,32667.45,52005.54,0.8987307470216763,-2.4375,15.105,20.075207110804065
19836,2026-07-20 17:00:00+02:00,57.39500045776367,75.25499725341797,58147.06,25201.84,44896.05,0.7721121238507825,-0.395,74.7625,59.401743916768424
19837,2026-07-20 18:00:00+02:00,57.39500045776367,75.25499725341797,58323.6,16345.89,35417.81,0.6072637833386032,47.8425,118.4125,108.13355426840772
19838,2026-07-20 19:00:00+02:00,57.39500045776367,75.25499725341797,57954.95,7739.18,25269.52,0.4360200465299306,117.16,158.7625,138.53127206392872
19839,2026-07-20 20:00:00+02:00,57.39500045776367,75.25499725341797,56575.87,2039.16,17700.9,0.3128701334486115,144.1225,178.245,164.2400386624663
19840,2026-07-20 21:00:00+02:00,57.39500045776367,75.25499725341797,54531.48,102.58,14750.26,0.2704907330095404,149.68,179.73,164.08184131541793
19841,2026-07-20 22:00:00+02:00,57.39500045776367,75.25499725341797,51736.1,0.0,14623.5,0.2826556311197296,149.6575,174.815,156.44028817470746
19842,2026-07-20 23:00:00+02:00,57.39500045776367,75.25499725341797,48715.12,0.0,14521.07,0.2980813759058621,138.2025,159.4675,146.49492701128634
19843,2026-07-21 00:00:00+02:00,58.742000579833984,78.74500274658203,45422.41,0.0,13283.91,0.2924527782007927,147.4525,148.7775,136.69701709077515
19844,2026-07-21 01:00:00+02:00,58.742000579833984,78.74500274658203,43797.27,0.0,12657.8,0.2890088810811703,138.48250000000002,149.52,132.46843718667418
19845,2026-07-21 02:00:00+02:00,58.742000579833984,78.74500274658203,42989.34,0.0,12001.46,0.2791729297823198,128.85500000000002,143.39,131.62074679627327
19846,2026-07-21 03:00:00+02:00,58.742000579833984,78.74500274658203,42873.3,0.0,11248.07,0.2623560583714441,123.53,138.8675,130.60551482585527
19847,2026-07-21 04:00:00+02:00,58.742000579833984,78.74500274658203,43682.06,0.0,10562.24,0.2417981202713887,131.27,139.2525,133.4296591499583
19848,2026-07-21 05:00:00+02:00,58.742000579833984,78.74500274658203,46121.44,241.04,10167.56,0.2204519199269467,138.79,144.9125,141.25347312824903
19849,2026-07-21 06:00:00+02:00,58.742000579833984,78.74500274658203,51043.41,3182.16,12273.24,0.2404471017433107,149.31,157.65,148.52103097354853
19850,2026-07-21 07:00:00+02:00,58.742000579833984,78.74500274658203,55887.91,10623.51,17942.15,0.3210381278668252,150.5275,154.4275,144.87441919810783
19851,2026-07-21 08:00:00+02:00,58.742000579833984,78.74500274658203,58974.99,21958.19,27509.55,0.4664612913937821,130.9975,145.3775,127.43328485970612
19852,2026-07-21 09:00:00+02:00,58.742000579833984,78.74500274658203,60028.35,33110.71,38127.58,0.6351595536716969,92.7175,114.9525,92.61268488246728
19853,2026-07-21 10:00:00+02:00,58.742000579833984,78.74500274658203,60710.97,41102.93,46580.14,0.7672442063160505,60.2725,83.69,47.80863374066339
19854,2026-07-21 11:00:00+02:00,58.742000579833984,78.74500274658203,60488.17,45612.23,51784.81,0.8561146748436735,15.7875,43.6375,27.423444561026656
19855,2026-07-21 12:00:00+02:00,58.742000579833984,78.74500274658203,59112.92,47417.8,54165.81,0.9163108503324974,7.6625,7.052499999999999,13.041001049074668
19856,2026-07-21 13:00:00+02:00,58.742000579833984,78.74500274658203,58333.14,47258.3,54706.51,0.9378289937867516,0.015,1.01,10.750054613931887
19857,2026-07-21 14:00:00+02:00,58.742000579833984,78.74500274658203,57200.49,45319.25,53811.87,0.94075889892888,0.0075,1.0025,11.590765623444954
19858,2026-07-21 15:00:00+02:00,58.742000579833984,78.74500274658203,56487.06,41289.49,50890.03,0.900914828829662,0.9575,13.670000000000002,14.83511407759463
19859,2026-07-21 16:00:00+02:00,58.742000579833984,78.74500274658203,56464.91,35219.05,46168.38,0.8176472784924924,15.105,62.2325,31.618692213999253
19860,2026-07-21 17:00:00+02:00,58.742000579833984,78.74500274658203,56697.96,26858.38,38722.69,0.6829644310513174,74.7625,102.565,75.68430485100802
19861,2026-07-21 18:00:00+02:00,58.742000579833984,78.74500274658203,56892.39,17204.13,29516.59,0.5188143791254306,118.4125,135.365,117.70415971501224
19862,2026-07-21 19:00:00+02:00,58.742000579833984,78.74500274658203,56667.56,7984.71,20246.05,0.3572776028547413,158.7625,153.61,146.03632992198936
19863,2026-07-21 20:00:00+02:00,58.742000579833984,78.74500274658203,55651.51,2099.02,13874.73,0.2493145288871201,178.245,172.0,171.18506633123457
19864,2026-07-21 21:00:00+02:00,58.742000579833984,78.74500274658203,53750.62,95.64,11443.97,0.2129086138517269,179.73,174.5625,181.76630697545056
19865,2026-07-21 22:00:00+02:00,58.742000579833984,78.74500274658203,50787.51,0.0,11632.82,0.229048834993279,174.815,168.3175,166.0077642349109
19866,2026-07-21 23:00:00+02:00,58.742000579833984,78.74500274658203,47793.8,0.0,12017.77,0.2514503972792599,159.4675,155.1875,146.13957154107771
19867,2026-07-22 00:00:00+02:00,59.66299819946289,78.6050033569336,44593.28,0.0,11678.12,0.261880713806681,148.7775,152.19,136.03001681747267
19868,2026-07-22 01:00:00+02:00,59.66299819946289,78.6050033569336,43127.74,0.0,12022.19,0.2787577090107764,149.52,148.2875,131.32532607040065
19869,2026-07-22 02:00:00+02:00,59.66299819946289,78.6050033569336,42547.36,0.0,13019.04,0.3059893727117289,143.39,143.2325,124.57103258728932
19870,2026-07-22 03:00:00+02:00,59.66299819946289,78.6050033569336,42106.27,0.0,13957.72,0.3314879232163077,138.8675,134.91250000000002,118.88410879092156
19871,2026-07-22 04:00:00+02:00,59.66299819946289,78.6050033569336,43769.82,0.0,14908.72,0.3406164338028768,139.2525,130.66500000000002,116.9460340025833
19872,2026-07-22 05:00:00+02:00,59.66299819946289,78.6050033569336,46717.06,181.61,15688.39,0.3358171510930231,144.9125,135.9575,118.54183584596849
19873,2026-07-22 06:00:00+02:00,59.66299819946289,78.6050033569336,52540.86,2679.43,19023.17,0.3620643056923574,157.65,149.41,129.17684935101175
19874,2026-07-22 07:00:00+02:00,59.66299819946289,78.6050033569336,57559.27,9107.67,25798.62,0.4482096453884475,154.4275,145.345,129.04292809299733
19875,2026-07-22 08:00:00+02:00,59.66299819946289,78.6050033569336,60037.36,17805.62,35260.9,0.5873159644948885,145.3775,131.98250000000002,110.09801198354518
19876,2026-07-22 09:00:00+02:00,59.66299819946289,78.6050033569336,60918.76,25726.98,45719.21,0.7504947571568273,114.9525,90.9425,66.52365558670311
19877,2026-07-22 10:00:00+02:00,59.66299819946289,78.6050033569336,61268.15,30824.61,52912.5,0.8636216368759915,83.69,66.1525,27.599570309363784
19878,2026-07-22 11:00:00+02:00,59.66299819946289,78.6050033569336,60992.77,33338.67,56838.44,0.9318881564270834,43.6375,30.935,21.599082973820497
19879,2026-07-22 12:00:00+02:00,59.66299819946289,78.6050033569336,60149.45,34474.94,58659.17,0.9752237134379076,7.052499999999999,10.385,16.25446037974713
19880,2026-07-22 13:00:00+02:00,59.66299819946289,78.6050033569336,58916.97,34730.98,60121.27,1.0204406300900333,1.01,1.29,7.497951301892492
19881,2026-07-22 14:00:00+02:00,59.66299819946289,78.6050033569336,57847.61,33687.05,60600.74,1.0475928044308842,1.0025,0.0375,7.804011370367259
19882,2026-07-22 15:00:00+02:00,59.66299819946289,78.6050033569336,57005.91,31177.1,59727.16,1.047736278388024,13.670000000000002,0.4975,7.597046087373728
19883,2026-07-22 16:00:00+02:00,59.66299819946289,78.6050033569336,57412.65,27046.09,57641.2,1.0039808298338464,62.2325,9.15,20.03832521049017
19884,2026-07-22 17:00:00+02:00,59.66299819946289,78.6050033569336,57696.07,21031.97,53871.37,0.9337095228611396,102.565,63.21,27.589462569855794
19885,2026-07-22 18:00:00+02:00,59.66299819946289,78.6050033569336,58289.26,13835.14,47130.05,0.8085546118086668,135.365,108.1,54.58478149365758
19886,2026-07-22 19:00:00+02:00,59.66299819946289,78.6050033569336,58379.64,6623.64,38609.12,0.6613456333986737,153.61,137.8275,90.93189651762367
19887,2026-07-22 20:00:00+02:00,59.66299819946289,78.6050033569336,57110.35,1673.14,31944.4,0.5593451974012863,172.0,157.01,115.22637679913531
19888,2026-07-22 21:00:00+02:00,59.66299819946289,78.6050033569336,54689.0,81.9,28705.45,0.524885260194027,174.5625,161.76,121.95760457730213
19889,2026-07-22 22:00:00+02:00,59.66299819946289,78.6050033569336,51424.25,0.0,27028.79,0.5256039707870112,168.3175,157.61,118.99822327788429
19890,2026-07-22 23:00:00+02:00,59.66299819946289,78.6050033569336,47910.22,0.0,26576.22,0.5547087864437464,155.1875,143.5425,108.51318051347677
19891,2026-07-23 00:00:00+02:00,62.5369987487793,81.7699966430664,43542.07,0.0,26301.58,0.6040498302896372,152.19,142.755,93.05070007119767
19892,2026-07-23 01:00:00+02:00,62.5369987487793,81.7699966430664,41765.3,0.0,25491.6,0.6103535708805267,148.2875,137.345,89.85450252273903
19893,2026-07-23 02:00:00+02:00,62.5369987487793,81.7699966430664,40926.21,0.0,24395.06,0.5960742515380549,143.2325,133.66,89.13948210479433
19894,2026-07-23 03:00:00+02:00,62.5369987487793,81.7699966430664,40901.64,0.0,23154.01,0.5660900148341019,134.91250000000002,132.965,86.61880818278368
19895,2026-07-23 04:00:00+02:00,62.5369987487793,81.7699966430664,41993.71,0.0,21957.99,0.5228875942318773,130.66500000000002,136.24,95.98683961869843
19896,2026-07-23 05:00:00+02:00,62.5369987487793,81.7699966430664,44791.35,143.66,20927.88,0.4672303914779906,135.9575,143.045,113.26710846421562
19897,2026-07-23 06:00:00+02:00,62.5369987487793,81.7699966430664,50427.43,2322.06,21900.59,0.4342991501977595,149.41,159.18,127.21417566422552
19898,2026-07-23 07:00:00+02:00,62.5369987487793,81.7699966430664,55284.68,8247.13,26239.8,0.474630584734391,145.345,167.8725,128.80025461098592
19899,2026-07-23 08:00:00+02:00,62.5369987487793,81.7699966430664,58686.24,16624.5,33393.46,0.569016859732534,131.98250000000002,159.9525,116.47597421221504
19900,2026-07-23 09:00:00+02:00,62.5369987487793,81.7699966430664,59788.06,24960.54,41274.29,0.6903433560663544,90.9425,134.3275,74.90630301843791
19901,2026-07-23 10:00:00+02:00,62.5369987487793,81.7699966430664,59863.01,32319.89,47938.11,0.8007968525470408,66.1525,101.98,34.267639318760786
19902,2026-07-23 11:00:00+02:00,62.5369987487793,81.7699966430664,59428.87,38724.37,53620.43,0.9022623178091284,30.935,79.53999999999999,18.845718146681506
19903,2026-07-23 12:00:00+02:00,62.5369987487793,81.7699966430664,58350.95,43170.96,57253.98,0.9812004772876534,10.385,31.0925,13.859375123590901
19904,2026-07-23 13:00:00+02:00,62.5369987487793,81.7699966430664,57088.83,45343.59,59007.4,1.0336067491602812,1.29,4.3025,0.8936691086463124
19905,2026-07-23 14:00:00+02:00,62.5369987487793,81.7699966430664,55660.53,45246.3,59490.86,1.0688159093941765,0.0375,0.0,-1.657434977948089
19906,2026-07-23 15:00:00+02:00,62.5369987487793,81.7699966430664,54758.21,42297.82,57329.71,1.0469609943336422,0.4975,0.03,4.311255695359428
19907,2026-07-23 16:00:00+02:00,62.5369987487793,81.7699966430664,54724.65,36520.65,52655.67,0.9621929055805394,9.15,21.9975,17.63447667621604
19908,2026-07-23 17:00:00+02:00,62.5369987487793,81.7699966430664,54980.19,27989.12,44243.2,0.8047116605445138,63.21,96.705,33.50469215913915
19909,2026-07-23 18:00:00+02:00,62.5369987487793,81.7699966430664,56047.74,17853.25,33255.23,0.5933375724706585,108.1,142.64,107.04218005578956
19910,2026-07-23 19:00:00+02:00,62.5369987487793,81.7699966430664,56204.07,8178.02,22057.46,0.3924530731684639,137.8275,166.1,142.45052398200238
19911,2026-07-23 20:00:00+02:00,62.5369987487793,81.7699966430664,54731.64,2098.9,14378.32,0.2627058132621814,157.01,185.015,162.9949770325709
19912,2026-07-23 21:00:00+02:00,62.5369987487793,81.7699966430664,52466.59,91.4,11021.87,0.2100740680478617,161.76,190.0,172.63148042283916
19913,2026-07-23 22:00:00+02:00,62.5369987487793,81.7699966430664,49570.29,0.0,10543.01,0.2126880838880127,157.61,186.5425,160.5506993116365
19914,2026-07-23 23:00:00+02:00,62.5369987487793,81.7699966430664,46004.28,0.0,10138.13,0.2203736260581898,143.5425,170.42000000000002,151.7782736426551
19915,2026-07-24 00:00:00+02:00,61.89799880981445,79.61000061035156,44748.45,0.0,9640.94,0.2154474623779265,142.755,161.0025,148.08926151089906
19916,2026-07-24 01:00:00+02:00,61.89799880981445,79.61000061035156,43085.54,0.0,8633.52,0.2003809166136989,137.345,157.1375,144.2035455776662
19917,2026-07-24 02:00:00+02:00,61.89799880981445,79.61000061035156,42361.8,0.0,7905.41,0.1866164798977813,133.66,151.8125,140.81553744758915
19918,2026-07-24 03:00:00+02:00,61.89799880981445,79.61000061035156,42083.87,0.0,7287.13,0.173157316526936,132.965,153.3275,141.297108170404
19919,2026-07-24 04:00:00+02:00,61.89799880981445,79.61000061035156,42883.16,0.0,6725.68,0.1568373225861066,136.24,155.66,139.1743338210534
19920,2026-07-24 05:00:00+02:00,61.89799880981445,79.61000061035156,45261.93,184.43,6406.01,0.1415319673417523,143.045,161.1675,146.88973565255378
19921,2026-07-24 06:00:00+02:00,61.89799880981445,79.61000061035156,50523.0,2908.11,8450.49,0.167260257671306,159.18,172.54,154.21020326702535
19922,2026-07-24 07:00:00+02:00,61.89799880981445,79.61000061035156,55340.9,10008.73,14373.54,0.2597272541177091,167.8725,167.3875,146.95919428393557
19923,2026-07-24 08:00:00+02:00,61.89799880981445,79.61000061035156,58358.93,20770.88,24338.17,0.417042772988291,159.9525,159.9975,129.73021068616845
19924,2026-07-24 09:00:00+02:00,61.89799880981445,79.61000061035156,58948.86,31166.74,34846.86,0.591137131304806,134.3275,132.6025,96.86999335532772
19925,2026-07-24 10:00:00+02:00,61.89799880981445,79.61000061035156,59028.22,39115.18,43044.91,0.7292259531577903,101.98,102.315,58.41823606878689
19926,2026-07-24 11:00:00+02:00,61.89799880981445,79.61000061035156,58031.27,45407.48,49543.16,0.8537321342693807,79.53999999999999,75.6625,19.320344201555326
19927,2026-07-24 12:00:00+02:00,61.89799880981445,79.61000061035156,56330.62,50109.63,54338.21,0.9646300713600116,31.0925,44.7425,10.492289173442218
19928,2026-07-24 13:00:00+02:00,61.89799880981445,79.61000061035156,54618.83,52592.31,56903.0,1.0418201925889257,4.3025,21.025,-2.9989403829105896
19929,2026-07-24 14:00:00+02:00,61.89799880981445,79.61000061035156,53387.11,52135.44,56694.8,1.0619567155701148,0.0,6.485,-8.072715774543557
19930,2026-07-24 15:00:00+02:00,61.89799880981445,79.61000061035156,52388.3,48500.97,53275.15,1.0169283979405843,0.03,14.29,0.39391246174778516
19931,2026-07-24 16:00:00+02:00,61.89799880981445,79.61000061035156,51831.14,41832.72,46885.52,0.9045820715298596,21.9975,68.965,14.115250571718105
19932,2026-07-24 17:00:00+02:00,61.89799880981445,79.61000061035156,51986.75,31997.16,37152.29,0.7146492133640496,96.705,114.0175,50.367084990688916
19933,2026-07-24 18:00:00+02:00,61.89799880981445,79.61000061035156,52609.0,19719.79,24756.47,0.4705748065025804,142.64,154.66500000000002,110.08738354397039
19934,2026-07-24 19:00:00+02:00,61.89799880981445,79.61000061035156,52591.99,8374.97,13037.14,0.2478921219280935,166.1,180.135,148.37687443976273
19935,2026-07-24 20:00:00+02:00,61.89799880981445,79.61000061035156,51412.15,2102.17,6280.43,0.122158478079178,185.015,200.0425,172.86491378108485
19936,2026-07-24 21:00:00+02:00,61.89799880981445,79.61000061035156,49398.75,74.86,3742.99,0.075770945605755,190.0,203.1725,179.44431166276854
19937,2026-07-24 22:00:00+02:00,61.89799880981445,79.61000061035156,46590.48,0.0,3542.76,0.0760404271267348,186.5425,194.5175,163.36447016252458
19938,2026-07-24 23:00:00+02:00,61.89799880981445,79.61000061035156,43690.96,0.0,3487.24,0.0798160534628179,170.42000000000002,180.115,151.46088986599312
19939,2026-07-25 00:00:00+02:00,63.57500076293945,79.02999877929688,42136.9,0.0,3831.19,0.0909224456258238,161.0025,167.135,154.94620923581584
19940,2026-07-25 01:00:00+02:00,63.57500076293945,79.02999877929688,40118.8,0.0,3965.98,0.0988558979583497,157.1375,161.61,147.01144957955682
19941,2026-07-25 02:00:00+02:00,63.57500076293945,79.02999877929688,38811.24,0.0,4258.04,0.1097115165323984,151.8125,160.4275,137.57750400839413
19942,2026-07-25 03:00:00+02:00,63.57500076293945,79.02999877929688,38066.62,0.0,4478.36,0.1176453280807055,153.3275,159.8525,141.05205381152848
19943,2026-07-25 04:00:00+02:00,63.57500076293945,79.02999877929688,37967.19,0.0,4659.85,0.1227336023227598,155.66,152.0125,136.01169819949075
19944,2026-07-25 05:00:00+02:00,63.57500076293945,79.02999877929688,39004.16,201.82,5079.6,0.1302322623714413,161.1675,146.2525,142.78655437589418
19945,2026-07-25 06:00:00+02:00,63.57500076293945,79.02999877929688,41489.05,3098.52,8320.55,0.2005480963771047,172.54,135.38,130.1564157050311
19946,2026-07-25 07:00:00+02:00,63.57500076293945,79.02999877929688,44151.42,10719.21,16097.02,0.3645866881824895,167.3875,115.305,117.2873217765178
19947,2026-07-25 08:00:00+02:00,63.57500076293945,79.02999877929688,46981.77,22836.62,27885.78,0.593544687525918,159.9975,83.51,78.59362147319698
19948,2026-07-25 09:00:00+02:00,63.57500076293945,79.02999877929688,49258.55,35040.05,39834.2,0.8086758540783932,132.6025,11.1675,40.20113770815098
19949,2026-07-25 10:00:00+02:00,63.57500076293945,79.02999877929688,50650.49,44421.09,48682.98,0.9611551633634432,102.315,-0.1175,20.356507979124114
19950,2026-07-25 11:00:00+02:00,63.57500076293945,79.02999877929688,50565.45,50701.19,55672.25,1.100993860214634,75.6625,-2.6075,-8.296248251782512
19951,2026-07-25 12:00:00+02:00,63.57500076293945,79.02999877929688,49823.3,53717.67,59368.66,1.1915842585313328,44.7425,-5.955,-17.63386077809623
19952,2026-07-25 13:00:00+02:00,63.57500076293945,79.02999877929688,48829.05,53739.56,59951.69,1.2277873517449576,21.025,-9.9475,-25.031437728629975
19953,2026-07-25 14:00:00+02:00,63.57500076293945,79.02999877929688,47987.91,51031.3,58112.45,1.210981057268178,6.485,-12.28,-27.451096001587928
19954,2026-07-25 15:00:00+02:00,63.57500076293945,79.02999877929688,47164.15,45750.61,53930.95,1.1434733794325829,14.29,-3.3525,-24.745774254256148
19955,2026-07-25 16:00:00+02:00,63.57500076293945,79.02999877929688,47557.47,38414.21,47893.82,1.007072495444549,68.965,-0.32,8.496683541298896
19956,2026-07-25 17:00:00+02:00,63.57500076293945,79.02999877929688,48206.47,28802.28,41556.72,0.8620568979927264,114.0175,11.25,35.94947861603267
19957,2026-07-25 18:00:00+02:00,63.57500076293945,79.02999877929688,48756.86,17594.91,31144.51,0.6387718567933267,154.66500000000002,95.195,83.29341428822164
19958,2026-07-25 19:00:00+02:00,63.57500076293945,79.02999877929688,48802.62,7507.52,20788.87,0.425978564178321,180.135,157.42,132.06429859919763
19959,2026-07-25 20:00:00+02:00,63.57500076293945,79.02999877929688,47662.31,1840.31,14360.13,0.3012890058620135,200.0425,170.31,155.7129808156172
19960,2026-07-25 21:00:00+02:00,63.57500076293945,79.02999877929688,45696.22,60.1,11444.25,0.2504419402194663,203.1725,169.075,163.68750624031202
19961,2026-07-25 22:00:00+02:00,63.57500076293945,79.02999877929688,44138.78,0.0,10763.67,0.2438597078931815,194.5175,165.48250000000002,158.6600696660501
19962,2026-07-25 23:00:00+02:00,63.57500076293945,79.02999877929688,41857.0,0.0,10209.93,0.2439240747679183,180.115,160.0,148.84464955818976
19963,2026-07-26 00:00:00+02:00,63.57500076293945,79.02999877929688,40807.26,0.0,7739.05,0.1896488516529536,167.135,153.03,145.00358880787064
19964,2026-07-26 01:00:00+02:00,63.57500076293945,79.02999877929688,39064.22,0.0,6598.73,0.1689200500691118,161.61,146.45499999999998,144.61082631346102
19965,2026-07-26 02:00:00+02:00,63.57500076293945,79.02999877929688,38214.33,0.0,5984.26,0.1565972764257289,160.4275,148.025,143.25296476444947
19966,2026-07-26 03:00:00+02:00,63.57500076293945,79.02999877929688,37792.96,0.0,5966.39,0.1578704075685338,159.8525,153.5925,143.11364571225403
19967,2026-07-26 04:00:00+02:00,63.57500076293945,79.02999877929688,37778.36,0.0,6428.69,0.170168583239143,152.0125,147.07999999999998,134.94644432745466
19968,2026-07-26 05:00:00+02:00,63.57500076293945,79.02999877929688,38405.04,119.86,7232.53,0.1883224180502552,146.2525,137.9925,132.77027886300448
19969,2026-07-26 06:00:00+02:00,63.57500076293945,79.02999877929688,39965.09,2279.62,10139.38,0.2537059217798068,135.38,124.8625,123.53951838681405
19970,2026-07-26 07:00:00+02:00,63.57500076293945,79.02999877929688,42268.23,8153.45,16198.81,0.3832384274469883,115.305,110.1775,112.03692885232545
19971,2026-07-26 08:00:00+02:00,63.57500076293945,79.02999877929688,44572.08,16821.56,24295.61,0.5450858473409619,83.51,93.76,84.13861138481192
19972,2026-07-26 09:00:00+02:00,63.57500076293945,79.02999877929688,46689.66,25537.3,32913.7,0.7049462341972619,11.1675,55.1825,35.699162060481704
19973,2026-07-26 10:00:00+02:00,63.57500076293945,79.02999877929688,48014.36,32095.59,40991.97,0.8537439630865132,-0.1175,7.140000000000001,21.625438579660255
19974,2026-07-26 11:00:00+02:00,63.57500076293945,79.02999877929688,48427.22,35810.35,46501.1,0.9602265005176372,-2.6075,-0.005,13.377764951772635
19975,2026-07-26 12:00:00+02:00,63.57500076293945,79.02999877929688,47751.05,36952.55,49398.63,1.034503534260607,-5.955,-0.075,5.345389282840701
19976,2026-07-26 13:00:00+02:00,63.57500076293945,79.02999877929688,46731.31,36071.87,50115.9,1.0724266019778974,-9.9475,-0.2674999999999999,0.34095458379243127
19977,2026-07-26 14:00:00+02:00,63.57500076293945,79.02999877929688,45904.16,33593.75,49194.18,1.0716714996916026,-12.28,-0.67,0.7388568008844985
19978,2026-07-26 15:00:00+02:00,63.57500076293945,79.02999877929688,45547.25,29912.26,47232.39,1.0369976231195082,-3.3525,-0.86,7.77285400351188
19979,2026-07-26 16:00:00+02:00,63.57500076293945,79.02999877929688,45525.02,24861.01,43842.88,0.9630502082232912,-0.32,0.8624999999999999,17.76936328385759
19980,2026-07-26 17:00:00+02:00,63.57500076293945,79.02999877929688,46552.8,18607.24,38821.8,0.8339305045380878,11.25,51.8225,27.894109023980644
19981,2026-07-26 18:00:00+02:00,63.57500076293945,79.02999877929688,47761.97,11725.8,31500.79,0.6595370750704929,95.195,109.25,83.84738807441866
19982,2026-07-26 19:00:00+02:00,63.57500076293945,79.02999877929688,49205.89,5334.3,24026.33,0.4882815857027925,157.42,139.29,115.47951101462675
19983,2026-07-26 20:00:00+02:00,63.57500076293945,79.02999877929688,48608.07,1248.94,19264.8,0.3963292514192953,170.31,151.6825,137.1257681260226
19984,2026-07-26 21:00:00+02:00,63.57500076293945,79.02999877929688,47899.42,48.37,18415.55,0.3844629015582103,169.075,150.9425,140.8792821889444
19985,2026-07-26 22:00:00+02:00,63.57500076293945,79.02999877929688,46464.87,0.0,19575.12,0.4212885992317876,165.48250000000002,147.9975,132.5564457040224
19986,2026-07-26 23:00:00+02:00,63.57500076293945,79.02999877929688,44091.44,0.0,21623.52,0.490424445087204,160.0,136.795,117.65954090457559
19987,2026-07-27 00:00:00+02:00,63.57500076293945,79.02999877929688,41612.33,0.0,33351.18,0.8014735053765377,153.03,86.0425,56.76065962376722
19988,2026-07-27 01:00:00+02:00,63.57500076293945,79.02999877929688,40436.45,0.0,33865.98,0.8375112056479955,146.45499999999998,70.6575,47.62297491607958
19989,2026-07-27 02:00:00+02:00,63.57500076293945,79.02999877929688,39755.66,0.0,33144.32,0.8337006602748637,148.025,61.7,47.51105380373095
19990,2026-07-27 03:00:00+02:00,63.57500076293945,79.02999877929688,39762.74,0.0,32206.43,0.8099650575362852,153.5925,62.6375,46.915868759782484
19991,2026-07-27 04:00:00+02:00,63.57500076293945,79.02999877929688,41013.42,0.0,31375.5,0.7650056979483775,147.07999999999998,71.175,55.90710226091794
19992,2026-07-27 05:00:00+02:00,63.57500076293945,79.02999877929688,44961.97,80.71,30311.94,0.6741684137340582,137.9925,91.02,84.23584777937609
19993,2026-07-27 06:00:00+02:00,63.57500076293945,79.02999877929688,51708.12,1767.51,30410.67,0.5881217494296598,124.8625,117.5575,108.24489506073293
19994,2026-07-27 07:00:00+02:00,63.57500076293945,79.02999877929688,57217.23,6749.72,32773.75,0.5727951177341518,110.1775,128.975,119.86037958594007
19995,2026-07-27 08:00:00+02:00,63.57500076293945,79.02999877929688,60094.0,14462.55,38227.78,0.6361330581029498,93.76,118.975,113.52272814787183
19996,2026-07-27 09:00:00+02:00,63.57500076293945,79.02999877929688,60760.53,23248.6,46436.17,0.7642489292367514,55.1825,74.935,66.59300913044727
19997,2026-07-27 10:00:00+02:00,63.57500076293945,79.02999877929688,60399.5,30648.58,53542.33,0.8864697553975662,7.140000000000001,23.7875,22.699333144854123
19998,2026-07-27 11:00:00+02:00,63.57500076293945,79.02999877929688,60427.71,35792.14,58106.62,0.9615889794662764,-0.005,0.98,17.777783859007734
19999,2026-07-27 12:00:00+02:00,63.57500076293945,79.02999877929688,59442.59,38237.84,60251.28,1.0136045550818689,-0.075,-0.01,12.592586245338524
20000,2026-07-27 13:00:00+02:00,63.57500076293945,79.02999877929688,58318.83,38503.5,60578.44,1.0387458045645384,-0.2674999999999999,-0.1475,9.290089843659562
20001,2026-07-27 14:00:00+02:00,63.57500076293945,79.02999877929688,57770.57,37317.32,60318.9,1.0441112142317253,-0.67,-0.7050000000000001,6.976204901786281
20002,2026-07-27 15:00:00+02:00,63.57500076293945,79.02999877929688,56888.42,34520.36,58889.05,1.035167613894855,-0.86,-0.08,10.354350649631145
20003,2026-07-27 16:00:00+02:00,63.57500076293945,79.02999877929688,57344.09,29733.62,54984.1,0.9588451048819774,0.8624999999999999,-0.0125,17.437944545471723
20004,2026-07-27 17:00:00+02:00,63.57500076293945,79.02999877929688,58249.47,23252.62,48446.68,0.8317102282936291,51.8225,14.4025,36.95183897395236
20005,2026-07-27 18:00:00+02:00,63.57500076293945,79.02999877929688,58469.5,15103.34,38873.43,0.664849707853693,109.25,97.29,91.26918447897833
20006,2026-07-27 19:00:00+02:00,63.57500076293945,79.02999877929688,57981.79,6832.85,27819.28,0.4797933971200624,139.29,149.13,124.14912515596113
20007,2026-07-27 20:00:00+02:00,63.57500076293945,79.02999877929688,56259.05,1582.26,19465.39,0.3459957108507883,151.6825,173.7225,163.0359403191594
20008,2026-07-27 21:00:00+02:00,63.57500076293945,79.02999877929688,53806.83,45.51,15406.09,0.2863222010502528,150.9425,178.995,170.49431991358216
20009,2026-07-27 22:00:00+02:00,63.57500076293945,79.02999877929688,50593.96,0.0,14111.74,0.278921436416734,147.9975,171.1075,162.78203472731963
20010,2026-07-27 23:00:00+02:00,63.57500076293945,79.02999877929688,47466.28,0.0,13785.89,0.2904354416881973,136.795,157.9875,150.67757302307302
20011,2026-07-28 00:00:00+02:00,58.25299835205078,77.9800033569336,44670.82,0.0,13058.37,0.2923243852939515,86.0425,161.0025,135.0989827350482
20012,2026-07-28 01:00:00+02:00,58.25299835205078,77.9800033569336,43008.73,0.0,12789.65,0.297373347155944,70.6575,148.3075,124.81119740561324
20013,2026-07-28 02:00:00+02:00,58.25299835205078,77.9800033569336,42342.78,0.0,12441.98,0.2938394691388143,61.7,141.33,119.47414377008926
20014,2026-07-28 03:00:00+02:00,58.25299835205078,77.9800033569336,42378.17,0.0,11822.97,0.278987270974894,62.6375,135.87,125.12558705464197
20015,2026-07-28 04:00:00+02:00,58.25299835205078,77.9800033569336,43213.93,0.0,11069.62,0.2561586043536983,71.175,139.935,129.29765862070803
20016,2026-07-28 05:00:00+02:00,58.25299835205078,77.9800033569336,45832.99,125.65,10587.52,0.2310021667294666,91.02,149.7425,136.69853263183575
20017,2026-07-28 06:00:00+02:00,58.25299835205078,77.9800033569336,50924.14,2678.64,12576.99,0.2469750102314982,117.5575,167.555,148.73562958898373
20018,2026-07-28 07:00:00+02:00,58.25299835205078,77.9800033569336,55476.24,9987.21,18604.62,0.3353619494876794,128.975,162.27499999999998,142.41033734450184
20019,2026-07-28 08:00:00+02:00,58.25299835205078,77.9800033569336,58111.87,21624.0,28931.69,0.4978619685620403,118.975,144.16,119.70058322103698
20020,2026-07-28 09:00:00+02:00,58.25299835205078,77.9800033569336,58447.63,33337.9,40461.36,0.6922669061701446,74.935,109.0225,57.062922967575915
20021,2026-07-28 10:00:00+02:00,58.25299835205078,77.9800033569336,58334.09,42384.35,50040.42,0.8578246440704184,23.7875,36.7675,27.07657314220758
20022,2026-07-28 11:00:00+02:00,58.25299835205078,77.9800033569336,57891.25,48351.65,56376.44,0.9738335238962996,0.98,3.43,8.85686670759815
20023,2026-07-28 12:00:00+02:00,58.25299835205078,77.9800033569336,56972.8,51131.92,59438.04,1.0432704727443147,-0.01,-0.0125,-4.027257251438744
20024,2026-07-28 13:00:00+02:00,58.25299835205078,77.9800033569336,56295.35,51457.12,60101.6,1.0676121560541656,-0.1475,-0.0875,-10.383405088801695
20025,2026-07-28 14:00:00+02:00,58.25299835205078,77.9800033569336,55190.68,49746.27,58680.94,1.0632400251159724,-0.7050000000000001,-0.03,-5.808122194246135
20026,2026-07-28 15:00:00+02:00,58.25299835205078,77.9800033569336,54502.21,45701.22,54538.74,1.00067024786689,-0.08,3.4025,2.649957933613596
20027,2026-07-28 16:00:00+02:00,58.25299835205078,77.9800033569336,54887.48,39243.61,47594.22,0.8671234312693671,-0.0125,44.74,16.301172240389555
20028,2026-07-28 17:00:00+02:00,58.25299835205078,77.9800033569336,55492.67,29924.95,37325.11,0.6726133378205422,14.4025,107.6275,51.496378563334076
20029,2026-07-28 18:00:00+02:00,58.25299835205078,77.9800033569336,55792.02,18440.05,24738.46,0.4434049886626429,97.29,156.9725,123.7898303720684
20030,2026-07-28 19:00:00+02:00,58.25299835205078,77.9800033569336,55461.59,7771.29,12908.93,0.2327544161224453,149.13,198.8575,158.42371115156442
20031,2026-07-28 20:00:00+02:00,58.25299835205078,77.9800033569336,54413.03,1777.61,6226.88,0.1144372956046672,173.7225,216.755,214.89033642035184
20032,2026-07-28 21:00:00+02:00,58.25299835205078,77.9800033569336,52215.37,55.28,4487.95,0.0859507459037538,178.995,209.9275,194.20189196199703
20033,2026-07-28 22:00:00+02:00,58.25299835205078,77.9800033569336,48825.91,0.0,5087.28,0.1041922208712152,171.1075,193.9575,170.38522574196475
20034,2026-07-28 23:00:00+02:00,58.25299835205078,77.9800033569336,45784.76,0.0,6014.44,0.1313633619284313,157.9875,172.2625,159.5491389513238
20035,2026-07-29 00:00:00+02:00,57.73699951171875,77.98999786376953,43514.01,0.0,9020.71,0.2073058768412044,161.0025,156.7575,145.72292025729172
20036,2026-07-29 01:00:00+02:00,57.73699951171875,77.98999786376953,42048.29,0.0,10423.72,0.2478987848856876,148.3075,148.45,135.74143594650667
20037,2026-07-29 02:00:00+02:00,57.73699951171875,77.98999786376953,41365.49,0.0,11575.08,0.2798245590032114,141.33,137.2075,128.98419356107857
20038,2026-07-29 03:00:00+02:00,57.73699951171875,77.98999786376953,40946.88,0.0,11911.92,0.2909115419072438,135.87,135.0025,126.84637504331077
20039,2026-07-29 04:00:00+02:00,57.73699951171875,77.98999786376953,42554.08,0.0,11716.3,0.275327301101251,139.935,140.3275,127.63418121264444
20040,2026-07-29 05:00:00+02:00,57.73699951171875,77.98999786376953,45580.15,107.87,11372.89,0.2495140976391007,149.7425,148.51,141.91389633363917
20041,2026-07-29 06:00:00+02:00,57.73699951171875,77.98999786376953,51393.01,2590.14,13241.05,0.2576430140484779,167.555,168.5725,154.43380409430938
20042,2026-07-29 07:00:00+02:00,57.73699951171875,77.98999786376953,56845.67,9847.13,19131.12,0.3365448942133068,162.27499999999998,161.095,154.98306606775412
20043,2026-07-29 08:00:00+02:00,57.73699951171875,77.98999786376953,59280.45,21537.42,28627.67,0.4829192422657183,144.16,146.1725,127.48906081854643
20044,2026-07-29 09:00:00+02:00,57.73699951171875,77.98999786376953,59302.87,33686.73,38251.87,0.6450256116364983,109.0225,122.11,81.56519430300732
20045,2026-07-29 10:00:00+02:00,57.73699951171875,77.98999786376953,58871.53,43593.4,47067.96,0.7995029174883848,36.7675,85.2875,27.75878640883258
20046,2026-07-29 11:00:00+02:00,57.73699951171875,77.98999786376953,58402.42,50557.19,53822.64,0.921582358929376,3.43,29.035,10.368277097625265
20047,2026-07-29 12:00:00+02:00,57.73699951171875,77.98999786376953,57495.62,54470.85,57726.65,1.0040182189523277,-0.0125,1.2374999999999998,-4.433867472425877
20048,2026-07-29 13:00:00+02:00,57.73699951171875,77.98999786376953,55905.55,55561.03,58881.52,1.05323210288545,-0.0875,-0.0425,-12.543665337953836
20049,2026-07-29 14:00:00+02:00,57.73699951171875,77.98999786376953,54810.03,54230.02,57723.44,1.0531546870065287,-0.03,-0.0225,-14.7436421784633
20050,2026-07-29 15:00:00+02:00,57.73699951171875,77.98999786376953,53939.06,49711.6,53287.83,0.9879265599015024,3.4025,7.375,-6.176696677946875
20051,2026-07-29 16:00:00+02:00,57.73699951171875,77.98999786376953,54557.73,42167.16,45739.49,0.8383686416501622,44.74,76.35,16.009346432202452
20052,2026-07-29 17:00:00+02:00,57.73699951171875,77.98999786376953,55028.16,31566.71,35060.61,0.6371394208643102,107.6275,125.3425,87.08315241369462
20053,2026-07-29 18:00:00+02:00,57.73699951171875,77.98999786376953,55521.56,18958.55,22421.68,0.4038373560822431,156.9725,162.315,137.2683849756097
20054,2026-07-29 19:00:00+02:00,57.73699951171875,77.98999786376953,56026.43,7750.6,11334.48,0.2023059473533641,198.8575,244.395,176.57044886145422
20055,2026-07-29 20:00:00+02:00,57.73699951171875,77.98999786376953,55157.49,1771.24,6336.24,0.114875423063146,216.755,263.64750000000004,242.9045461471875
20056,2026-07-29 21:00:00+02:00,57.73699951171875,77.98999786376953,53335.53,44.94,6105.11,0.11446609790613,209.9275,224.705,224.4222420049437
20057,2026-07-29 22:00:00+02:00,57.73699951171875,77.98999786376953,49714.87,0.0,7946.79,0.1598473454401374,193.9575,192.925,181.1451901270354
20058,2026-07-29 23:00:00+02:00,57.73699951171875,77.98999786376953,45913.1,0.0,9349.69,0.2036388307032984,172.2625,167.3125,156.14951519252406
20059,2026-07-30 00:00:00+02:00,60.41999816894531,77.68000030517578,43984.07,0.0,9918.01,0.2254909561062696,156.7575,149.755,146.36529927424272
20060,2026-07-30 01:00:00+02:00,60.41999816894531,77.68000030517578,42237.91,0.0,9958.24,0.2357654533011302,148.45,142.385,141.73941164406583
20061,2026-07-30 02:00:00+02:00,60.41999816894531,77.68000030517578,41469.71,0.0,10478.84,0.2526865993871945,137.2075,139.9975,136.2462792467026
20062,2026-07-30 03:00:00+02:00,60.41999816894531,77.68000030517578,41149.3,0.0,11247.08,0.2733237259750897,135.0025,135.53,133.37858507634354
20063,2026-07-30 04:00:00+02:00,60.41999816894531,77.68000030517578,41598.19,0.0,12209.82,0.2935180592488475,140.3275,132.7225,131.21197548667163
20064,2026-07-30 05:00:00+02:00,60.41999816894531,77.68000030517578,44397.96,116.01,13326.43,0.3001586108235246,148.51,137.6075,132.84662600108592
20065,2026-07-30 06:00:00+02:00,60.41999816894531,77.68000030517578,50167.6,2676.35,16677.13,0.3324283002710059,168.5725,148.46,151.29037570849147
20066,2026-07-30 07:00:00+02:00,60.41999816894531,77.68000030517578,54978.02,10289.49,24159.19,0.4394336135714902,161.095,147.745,140.84715658425824
20067,2026-07-30 08:00:00+02:00,60.41999816894531,77.68000030517578,58179.19,22596.33,35222.79,0.605419050934635,146.1725,139.045,113.99200273992865
20068,2026-07-30 09:00:00+02:00,60.41999816894531,77.68000030517578,59501.3,34797.25,44971.48,0.75580667972703,122.11,118.115,66.88696526948337
20069,2026-07-30 10:00:00+02:00,60.41999816894531,77.68000030517578,60194.61,44394.26,53024.32,0.8808815272861006,85.2875,85.0,27.4217788465603
20070,2026-07-30 11:00:00+02:00,60.41999816894531,77.68000030517578,60242.2,51056.16,60094.95,0.997555699991442,29.035,34.6,15.373867453668355
20071,2026-07-30 12:00:00+02:00,60.41999816894531,77.68000030517578,59422.63,53925.21,64323.79,1.0824796881116707,1.2374999999999998,6.3525,-5.872708737066834
20072,2026-07-30 13:00:00+02:00,60.41999816894531,77.68000030517578,57928.26,52997.01,64789.86,1.1184499584281575,-0.0425,2.67,-13.52785936753541
20073,2026-07-30 14:00:00+02:00,60.41999816894531,77.68000030517578,57062.57,48337.02,61703.19,1.081325113628544,-0.0225,14.9225,1.6244645775909028
20074,2026-07-30 15:00:00+02:00,60.41999816894531,77.68000030517578,56347.06,40906.25,55881.79,0.9917427810800168,7.375,62.4325,16.41257750305272
20075,2026-07-30 16:00:00+02:00,60.41999816894531,77.68000030517578,55826.59,32005.04,47878.35,0.8576262671860082,76.35,98.1525,26.548309456988903
20076,2026-07-30 17:00:00+02:00,60.41999816894531,77.68000030517578,55553.42,22332.47,38326.68,0.689906759891667,125.3425,126.8025,86.48585579567478
20077,2026-07-30 18:00:00+02:00,60.41999816894531,77.68000030517578,56781.61,13102.91,27940.48,0.4920691751269347,162.315,149.2775,127.8673807787768
20078,2026-07-30 19:00:00+02:00,60.41999816894531,77.68000030517578,57009.06,5534.2,18843.13,0.3305286913465108,244.395,173.77,156.59974377048724
20079,2026-07-30 20:00:00+02:00,60.41999816894531,77.68000030517578,55422.15,1209.04,13242.75,0.2389432744419075,263.64750000000004,198.31,177.71882663571927
20080,2026-07-30 21:00:00+02:00,60.41999816894531,77.68000030517578,53402.25,24.8,10363.31,0.1940612988789683,224.705,207.03,180.71863212100845
20081,2026-07-30 22:00:00+02:00,60.41999816894531,77.68000030517578,50247.82,0.0,9291.86,0.1849206592077187,192.925,190.2975,165.90190179538018
20082,2026-07-30 23:00:00+02:00,60.41999816894531,77.68000030517578,46610.78,0.0,8180.83,0.1755136901430283,167.3125,170.82999999999998,164.9445717941678
20083,2026-07-31 00:00:00+02:00,58.180999755859375,77.25499725341797,45238.61,0.0,5587.86,0.1235197102378875,149.755,168.21,155.14651011083845
20084,2026-07-31 01:00:00+02:00,58.180999755859375,77.25499725341797,43428.32,0.0,4356.95,0.1003250873852994,142.385,162.9525,154.34722062810948
20085,2026-07-31 02:00:00+02:00,58.180999755859375,77.25499725341797,42601.69,0.0,3550.63,0.0833448156438524,139.9975,155.16,151.17930269283676
20086,2026-07-31 03:00:00+02:00,58.180999755859375,77.25499725341797,42169.04,0.0,2861.7,0.0678625835286118,135.53,154.1725,148.4139017379353
20087,2026-07-31 04:00:00+02:00,58.180999755859375,77.25499725341797,43461.5,0.0,2404.49,0.0553245976196577,132.7225,157.34,150.98820966490842
20088,2026-07-31 05:00:00+02:00,58.180999755859375,77.25499725341797,46538.14,88.41,2267.07,0.0487142373870734,137.6075,165.5125,163.18544081230948
20089,2026-07-31 06:00:00+02:00,58.180999755859375,77.25499725341797,52006.23,2171.12,4282.47,0.0823453266882938,148.46,179.08749999999998,165.17862349550427
20090,2026-07-31 07:00:00+02:00,58.180999755859375,77.25499725341797,56925.73,8525.62,10389.88,0.1825164121421865,147.745,172.5275,164.0482042324727
20091,2026-07-31 08:00:00+02:00,58.180999755859375,77.25499725341797,59728.16,18271.29,19883.56,0.3329009297569352,139.045,159.0775,150.06283326737184
20092,2026-07-31 09:00:00+02:00,58.180999755859375,77.25499725341797,60297.69,28555.21,29916.82,0.4961520083943261,118.115,139.3875,115.29916713937871
20093,2026-07-31 10:00:00+02:00,58.180999755859375,77.25499725341797,60617.08,37298.55,38619.58,0.6371072310581263,85.0,119.605,77.86045895888307
20094,2026-07-31 11:00:00+02:00,58.180999755859375,77.25499725341797,59714.13,43666.3,45278.6,0.7582560441292109,34.6,101.17,35.575995233564186
20095,2026-07-31 12:00:00+02:00,58.180999755859375,77.25499725341797,58633.45,46431.9,48588.75,0.8286865260651238,6.3525,94.1175,19.063474877105453
20096,2026-07-31 13:00:00+02:00,58.180999755859375,77.25499725341797,57106.0,45428.77,48421.38,0.8479210589346265,2.67,83.2675,14.178813657475736
20097,2026-07-31 14:00:00+02:00,58.180999755859375,77.25499725341797,55989.45,41779.98,45922.43,0.8201979121387694,14.9225,86.285,24.564393773902186
20098,2026-07-31 15:00:00+02:00,58.180999755859375,77.25499725341797,55123.8,36482.21,41746.29,0.7573187986391868,62.4325,103.135,43.67818833476156
20099,2026-07-31 16:00:00+02:00,58.180999755859375,77.25499725341797,54960.79,29144.02,35467.66,0.6453266045401955,98.1525,120.865,73.28780105214611
20100,2026-07-31 17:00:00+02:00,58.180999755859375,77.25499725341797,55024.35,20304.58,27692.27,0.5032730054051937,126.8025,147.4925,116.48987837596724
20101,2026-07-31 18:00:00+02:00,58.180999755859375,77.25499725341797,55694.9,11800.32,20014.96,0.3593679133350866,149.2775,162.3075,140.57706817952794
20102,2026-07-31 19:00:00+02:00,58.180999755859375,77.25499725341797,55507.19,4968.91,13533.74,0.243819584409908,173.77,184.885,163.75024637035511
20103,2026-07-31 20:00:00+02:00,58.180999755859375,77.25499725341797,53777.48,1016.26,9539.34,0.1773854036713164,198.31,192.74,184.87559898674522
20104,2026-07-31 21:00:00+02:00,58.180999755859375,77.25499725341797,51658.43,27.84,7757.21,0.1501634873243024,207.03,195.64,190.97675510392594
20105,2026-07-31 22:00:00+02:00,58.180999755859375,77.25499725341797,48888.45,0.0,7099.91,0.1452267355284884,190.2975,191.13,161.89884627218368
20106,2026-07-31 23:00:00+02:00,58.180999755859375,77.25499725341797,45769.84,0.0,6340.45,0.138528996356874,170.82999999999998,170.1475,157.3718471205649
20107,2026-08-01 00:00:00+02:00,59.07099914550781,77.01000213623047,42981.71,0.0,6144.32,0.1429519672104827,168.21,169.4375,153.76006780906692
20108,2026-08-01 01:00:00+02:00,59.07099914550781,77.01000213623047,41117.79,0.0,6037.23,0.1468276869581687,162.9525,162.6575,153.70070412794541
20109,2026-08-01 02:00:00+02:00,59.07099914550781,77.01000213623047,39867.11,0.0,6306.76,0.158194561843536,155.16,156.995,144.2600923837623
20110,2026-08-01 03:00:00+02:00,59.07099914550781,77.01000213623047,39279.64,0.0,6447.74,0.1641496713910438,154.1725,154.60750000000002,138.68088073589098
20111,2026-08-01 04:00:00+02:00,59.07099914550781,77.01000213623047,39269.27,0.0,6396.71,0.1628935296829063,157.34,154.5225,133.16504043396446
20112,2026-08-01 05:00:00+02:00,59.07099914550781,77.01000213623047,40014.64,58.58,6100.28,0.1524512028216544,165.5125,155.51749999999998,139.97454103537757
20113,2026-08-01 06:00:00+02:00,59.07099914550781,77.01000213623047,41749.38,1601.44,7105.41,0.1701919884390637,179.08749999999998,154.79000000000002,141.27610365494206
20114,2026-08-01 07:00:00+02:00,59.07099914550781,77.01000213623047,44119.02,6583.37,11161.26,0.2529806871836725,172.5275,146.4225,133.22231227925337
20115,2026-08-01 08:00:00+02:00,59.07099914550781,77.01000213623047,47054.53,14079.41,17880.46,0.379994444662396,159.0775,140.4075,126.84099967000603
20116,2026-08-01 09:00:00+02:00,59.07099914550781,77.01000213623047,49064.37,22503.93,25902.95,0.5279380942773874,139.3875,123.2725,102.04178939066028
20117,2026-08-01 10:00:00+02:00,59.07099914550781,77.01000213623047,50171.63,30436.46,33742.0,0.672531468347245,119.605,100.9225,66.72432403621153
20118,2026-08-01 11:00:00+02:00,59.07099914550781,77.01000213623047,49948.2,36988.44,40363.85,0.8081142061559546,101.17,57.1525,39.12624837967063
20119,2026-08-01 12:00:00+02:00,59.07099914550781,77.01000213623047,49022.83,41299.02,44927.93,0.9164695304378654,94.1175,16.715,21.917085638721616
20120,2026-08-01 13:00:00+02:00,59.07099914550781,77.01000213623047,48261.37,43353.89,47537.91,0.9850095426248758,83.2675,0.4075,9.288552249607308
20121,2026-08-01 14:00:00+02:00,59.07099914550781,77.01000213623047,47172.8,43024.49,47963.67,1.0167653815298718,86.285,0.0,-2.7069685234617182
20122,2026-08-01 15:00:00+02:00,59.07099914550781,77.01000213623047,46492.17,40417.61,45834.81,0.9858608447431338,103.135,3.0775,7.403037257841931
20123,2026-08-01 16:00:00+02:00,59.07099914550781,77.01000213623047,46770.26,35050.1,40808.32,0.8725271142660896,120.865,45.5175,30.15525345444566
20124,2026-08-01 17:00:00+02:00,59.07099914550781,77.01000213623047,47787.98,26898.63,32691.13,0.68408687693347,147.4925,107.565,66.54976253516614
20125,2026-08-01 18:00:00+02:00,59.07099914550781,77.01000213623047,48856.98,16746.65,22302.6,0.4564874864438023,162.3075,145.135,120.12269674525182
20126,2026-08-01 19:00:00+02:00,59.07099914550781,77.01000213623047,49070.43,6971.03,12140.48,0.2474092849303726,184.885,168.535,148.96641959070388
20127,2026-08-01 20:00:00+02:00,59.07099914550781,77.01000213623047,47908.8,1476.88,6560.31,0.1369332982381246,192.74,180.9625,169.06403759479787
20128,2026-08-01 21:00:00+02:00,59.07099914550781,77.01000213623047,46252.23,31.64,5231.7,0.1131123839622192,195.64,180.6775,171.8575930946978
20129,2026-08-01 22:00:00+02:00,59.07099914550781,77.01000213623047,44470.57,0.0,5544.8,0.1246847071839455,191.13,178.5475,161.51362613772142
20130,2026-08-01 23:00:00+02:00,59.07099914550781,77.01000213623047,42151.22,0.0,5693.86,0.1350817366294304,170.1475,170.0,154.51976989679343
20131,2026-08-02 00:00:00+02:00,59.07099914550781,77.01000213623047,40015.5,0.0,5411.07,0.1352243505303633,169.4375,169.625,144.09117820359
20132,2026-08-02 01:00:00+02:00,59.07099914550781,77.01000213623047,38279.24,0.0,5453.45,0.1424649496326298,162.6575,159.915,139.8705571835349
20133,2026-08-02 02:00:00+02:00,59.07099914550781,77.01000213623047,37388.85,0.0,5581.91,0.1492934390468566,156.995,156.8375,130.97182867437414
20134,2026-08-02 03:00:00+02:00,59.07099914550781,77.01000213623047,37051.01,0.0,5488.01,0.1481203885810075,154.60750000000002,154.4425,129.7185539112605
20135,2026-08-02 04:00:00+02:00,59.07099914550781,77.01000213623047,37132.57,0.0,5365.92,0.1445070997928484,154.5225,153.5925,129.784701991686
20136,2026-08-02 05:00:00+02:00,59.07099914550781,77.01000213623047,37867.62,62.35,5338.62,0.1409811337123956,155.51749999999998,159.3275,132.2736645879355
20137,2026-08-02 06:00:00+02:00,59.07099914550781,77.01000213623047,39238.2,2120.88,7276.98,0.1854565193649411,154.79000000000002,151.39749999999998,134.79935386644433
20138,2026-08-02 07:00:00+02:00,59.07099914550781,77.01000213623047,41460.45,8639.24,13262.7,0.319887989561163,146.4225,138.7,121.7009984627209
20139,2026-08-02 08:00:00+02:00,59.07099914550781,77.01000213623047,44407.8,19397.09,22925.41,0.5162473708411027,140.4075,122.18,94.6825743842365
20140,2026-08-02 09:00:00+02:00,59.07099914550781,77.01000213623047,46183.62,30884.48,33528.38,0.7259799035402638,123.2725,62.685,56.190277537325535
20141,2026-08-02 10:00:00+02:00,59.07099914550781,77.01000213623047,46844.84,40184.08,42753.46,0.9126610314150584,100.9225,3.155,28.120996062161694
20142,2026-08-02 11:00:00+02:00,59.07099914550781,77.01000213623047,47812.56,46506.9,49063.03,1.0261535878802237,57.1525,-0.26,2.179714139945604
20143,2026-08-02 12:00:00+02:00,59.07099914550781,77.01000213623047,47515.42,49912.4,52435.78,1.1035529095389345,16.715,-1.275,-9.93757199723084
20144,2026-08-02 13:00:00+02:00,59.07099914550781,77.01000213623047,46683.62,50750.14,53137.65,1.1382504182113018,0.4075,-3.73,-19.324894311434896
20145,2026-08-02 14:00:00+02:00,59.07099914550781,77.01000213623047,45963.93,49018.53,51244.79,1.1148913939441445,0.0,-1.785,-16.095613702015324
20146,2026-08-02 15:00:00+02:00,59.07099914550781,77.01000213623047,45440.32,44781.79,46904.02,1.0322114806779064,3.0775,-1.1775,-10.747122843646935
20147,2026-08-02 16:00:00+02:00,59.07099914550781,77.01000213623047,45510.49,38121.07,40317.51,0.8858948781070266,45.5175,2.915,9.30230845422166
20148,2026-08-02 17:00:00+02:00,59.07099914550781,77.01000213623047,46860.43,28740.5,31470.08,0.6715704485273459,107.565,95.4125,69.40776736669704
20149,2026-08-02 18:00:00+02:00,59.07099914550781,77.01000213623047,48458.35,17337.06,21065.32,0.4347098074047693,145.135,148.1575,125.05485509477755
20150,2026-08-02 19:00:00+02:00,59.07099914550781,77.01000213623047,48954.34,6944.23,12499.28,0.2553252683510134,168.535,176.8925,158.3024189289169
20151,2026-08-02 20:00:00+02:00,59.07099914550781,77.01000213623047,48236.94,1424.92,10102.93,0.2094438411289265,180.9625,185.6875,176.62093356806588
20152,2026-08-02 21:00:00+02:00,59.07099914550781,77.01000213623047,47019.51,26.06,12532.06,0.2665289365485669,180.6775,177.69,160.47370776055743
20153,2026-08-02 22:00:00+02:00,59.07099914550781,77.01000213623047,45147.13,0.0,15550.27,0.3444354047877605,178.5475,167.72750000000002,139.52453590667596
20154,2026-08-02 23:00:00+02:00,59.07099914550781,77.01000213623047,43135.67,0.0,17108.54,0.3966216357838834,170.0,152.8325,128.14982053808444
20155,2026-08-03 00:00:00+02:00,59.07099914550781,77.01000213623047,40328.01,0.0,18170.73,0.4505734350763715,169.625,139.7925,110.75580818692325
20156,2026-08-03 01:00:00+02:00,59.07099914550781,77.01000213623047,39170.12,0.0,17993.29,0.4593626467165883,159.915,135.11,109.00408874323237
20157,2026-08-03 02:00:00+02:00,59.07099914550781,77.01000213623047,38525.38,0.0,17470.55,0.4534815748855737,156.8375,131.94,104.14869508491583
20158,2026-08-03 03:00:00+02:00,59.07099914550781,77.01000213623047,38551.4,0.0,16884.74,0.4379799435460242,154.4425,129.7875,110.78332530171429
20159,2026-08-03 04:00:00+02:00,59.07099914550781,77.01000213623047,39686.29,0.0,16282.83,0.4102885403472361,153.5925,132.7375,114.6164488813264
20160,2026-08-03 05:00:00+02:00,59.07099914550781,77.01000213623047,43481.36,59.29,15922.5,0.3661913977929412,159.3275,144.29999999999998,123.41289677821085
20161,2026-08-03 06:00:00+02:00,59.07099914550781,77.01000213623047,50008.69,2202.44,17881.69,0.3575716539750247,151.39749999999998,169.225,137.68601483718422
20162,2026-08-03 07:00:00+02:00,59.07099914550781,77.01000213623047,55293.57,9144.77,23596.47,0.4267488967656186,138.7,164.49,136.65576096343347
20163,2026-08-03 08:00:00+02:00,59.07099914550781,77.01000213623047,58361.9,20668.05,32035.91,0.5489182153855652,122.18,150.0,118.9561801760077
20164,2026-08-03 09:00:00+02:00,59.07099914550781,77.01000213623047,59154.4,32667.18,40866.13,0.6908383821506364,62.685,135.1225,60.939099918837336
20165,2026-08-03 10:00:00+02:00,59.07099914550781,77.01000213623047,58886.71,42661.91,49942.67,0.8481144555625344,3.155,110.785,24.38310410483343
20166,2026-08-03 11:00:00+02:00,59.07099914550781,77.01000213623047,58557.46,49844.64,57311.0,0.9787138989671488,-0.26,69.6775,10.227892457901941
20167,2026-08-03 12:00:00+02:00,59.07099914550781,77.01000213623047,57165.72,53823.88,61399.24,1.0740569696184956,-1.275,26.03,-11.302346022596101
20168,2026-08-03 13:00:00+02:00,59.07099914550781,77.01000213623047,56174.26,54477.78,61931.54,1.1024896454172266,-3.73,16.3875,-22.66178823429827
20169,2026-08-03 14:00:00+02:00,59.07099914550781,77.01000213623047,55105.45,51709.55,59051.4,1.0716072546233435,-1.785,22.555,-13.043144316617987
20170,2026-08-03 15:00:00+02:00,59.07099914550781,77.01000213623047,54614.17,46011.54,53820.01,0.9854587186831808,-1.1775,60.8125,4.709735472509768
20171,2026-08-03 16:00:00+02:00,59.07099914550781,77.01000213623047,54205.39,37871.95,46426.69,0.856495820645051,2.915,102.8075,22.670353481906908
20172,2026-08-03 17:00:00+02:00,59.07099914550781,77.01000213623047,55301.93,27591.73,37410.31,0.6764738589274417,95.4125,139.8,78.67285313943385
20173,2026-08-03 18:00:00+02:00,59.07099914550781,77.01000213623047,56428.2,16063.22,27909.47,0.4946014580485287,148.1575,169.0275,132.21441217879817
20174,2026-08-03 19:00:00+02:00,59.07099914550781,77.01000213623047,56307.81,6236.04,20343.26,0.3612866491590977,176.8925,205.7675,156.5430678143715
20175,2026-08-03 20:00:00+02:00,59.07099914550781,77.01000213623047,55004.14,1176.67,18180.97,0.3305382103364332,185.6875,200.675,170.78146875464165
20176,2026-08-03 21:00:00+02:00,59.07099914550781,77.01000213623047,52939.39,12.36,19280.83,0.3642057454073034,177.69,185.8075,159.1852792598715
20177,2026-08-03 22:00:00+02:00,59.07099914550781,77.01000213623047,49443.27,0.0,20284.34,0.4102548232731664,167.72750000000002,174.43,134.31383047753468
20178,2026-08-03 23:00:00+02:00,59.07099914550781,77.01000213623047,46168.19,0.0,20189.31,0.4372991446194232,152.8325,157.1375,117.73123421581286
20179,2026-08-04 00:00:00+02:00,57.505001068115234,76.81999969482422,43945.43,0.0,19484.9,0.4433885388211269,139.7925,154.0,107.98143030291924
20180,2026-08-04 01:00:00+02:00,57.505001068115234,76.81999969482422,42290.85,0.0,18574.9,0.43921793947409,135.11,144.7175,107.95609828814389
20181,2026-08-04 02:00:00+02:00,57.505001068115234,76.81999969482422,41408.76,0.0,17606.08,0.4251776676178717,131.94,138.995,109.34905897915225
20182,2026-08-04 03:00:00+02:00,57.505001068115234,76.81999969482422,41328.08,0.0,16152.93,0.3908463687665029,129.7875,137.105,113.51631470753694
20183,2026-08-04 04:00:00+02:00,57.505001068115234,76.81999969482422,42076.78,0.0,14744.63,0.350422014148796,132.7375,143.165,119.34788383611921
20184,2026-08-04 05:00:00+02:00,57.505001068115234,76.81999969482422,44632.36,44.01,13506.6,0.3026189965525867,144.29999999999998,156.9525,126.65327424823529
20185,2026-08-04 06:00:00+02:00,57.505001068115234,76.81999969482422,49795.52,1824.71,14109.79,0.2833546069438868,169.225,170.9325,148.62602180965052
20186,2026-08-04 07:00:00+02:00,57.505001068115234,76.81999969482422,54447.62,7893.82,18583.34,0.3413067457601807,164.49,169.2825,150.173144771264
20187,2026-08-04 08:00:00+02:00,57.505001068115234,76.81999969482422,57336.95,17655.27,26225.91,0.4573998092927162,150.0,161.49,132.6554165287619
20188,2026-08-04 09:00:00+02:00,57.505001068115234,76.81999969482422,57796.16,28054.03,34584.29,0.5983838717661547,135.1225,146.5375,107.8905410443745
20189,2026-08-04 10:00:00+02:00,57.505001068115234,76.81999969482422,57566.04,36947.75,42135.33,0.7319476898650753,110.785,124.51,74.1243075040903
20190,2026-08-04 11:00:00+02:00,57.505001068115234,76.81999969482422,56957.33,43341.75,48021.74,0.843117821561664,69.6775,103.7375,25.112761545159465
20191,2026-08-04 12:00:00+02:00,57.505001068115234,76.81999969482422,55443.83,46714.89,51582.1,0.9303487870642504,26.03,87.3125,12.766010917438027
20192,2026-08-04 13:00:00+02:00,57.505001068115234,76.81999969482422,55244.6,47051.02,52421.92,0.9489057752343384,16.3875,76.465,10.925662613617224
20193,2026-08-04 14:00:00+02:00,57.505001068115234,76.81999969482422,54244.2,44432.31,50466.97,0.930366195661404,22.555,84.0625,14.973587068660075
20194,2026-08-04 15:00:00+02:00,57.505001068115234,76.81999969482422,53787.48,39318.12,45980.2,0.8548494926970271,60.8125,109.4575,21.151601284232164
20195,2026-08-04 16:00:00+02:00,57.505001068115234,76.81999969482422,53517.5,32199.74,39321.88,0.7347480729229227,102.8075,127.4375,68.3500058391854
20196,2026-08-04 17:00:00+02:00,57.505001068115234,76.81999969482422,54621.61,23511.63,30994.7,0.5674439108317305,139.8,154.9625,111.69394372422856
20197,2026-08-04 18:00:00+02:00,57.505001068115234,76.81999969482422,55814.42,13831.12,21488.9,0.3850062402538616,169.0275,175.5475,146.41468702864972
20198,2026-08-04 19:00:00+02:00,57.505001068115234,76.81999969482422,55804.2,5419.01,13507.13,0.2420450431612593,205.7675,228.0,192.0513767219257
20199,2026-08-04 20:00:00+02:00,57.505001068115234,76.81999969482422,54982.18,933.33,10121.32,0.1840836430668839,200.675,240.005,220.55560940652123
20200,2026-08-04 21:00:00+02:00,57.505001068115234,76.81999969482422,52863.28,9.95,10038.86,0.1899023291422888,185.8075,212.045,196.13095924982673
20201,2026-08-04 22:00:00+02:00,57.505001068115234,76.81999969482422,49537.43,0.0,11337.63,0.2288699675722236,174.43,185.1275,166.98122062080682
20202,2026-08-04 23:00:00+02:00,57.505001068115234,76.81999969482422,46446.2,0.0,12442.9,0.26789920375232,157.1375,163.065,150.9024026286868
20203,2026-08-05 00:00:00+02:00,55.92100143432617,77.11499786376953,42843.78,0.0,11086.28,0.2587605481452009,154.0,155.1925,138.6719224127736
20204,2026-08-05 01:00:00+02:00,55.92100143432617,77.11499786376953,41391.93,0.0,11273.03,0.2723484987840991,144.7175,149.3475,131.05798190484626
20205,2026-08-05 02:00:00+02:00,55.92100143432617,77.11499786376953,40776.53,0.0,11744.15,0.2880124914287673,138.995,148.05,127.52094662223854
20206,2026-08-05 03:00:00+02:00,55.92100143432617,77.11499786376953,39983.62,0.0,12145.85,0.3037706440027764,137.105,144.255,124.2376896429934
20207,2026-08-05 04:00:00+02:00,55.92100143432617,77.11499786376953,41543.66,0.0,12826.27,0.3087419355182615,143.165,139.345,124.6584011778023
20208,2026-08-05 05:00:00+02:00,55.92100143432617,77.11499786376953,44298.35,36.22,13915.13,0.3141229864511605,156.9525,144.2525,126.86659397709582
20209,2026-08-05 06:00:00+02:00,55.92100143432617,77.11499786376953,50150.16,1838.66,16606.42,0.3311339384897008,170.9325,157.18,140.28572311274272
20210,2026-08-05 07:00:00+02:00,55.92100143432617,77.11499786376953,55254.42,8224.13,22846.22,0.4134731664157414,169.2825,154.685,137.1368358091142
20211,2026-08-05 08:00:00+02:00,55.92100143432617,77.11499786376953,57711.79,19170.96,32743.77,0.5673670838198975,161.49,139.7975,111.2319932629096
20212,2026-08-05 09:00:00+02:00,55.92100143432617,77.11499786376953,58061.55,30935.35,43426.17,0.7479333568001657,146.5375,112.0375,61.8782225247367
20213,2026-08-05 10:00:00+02:00,55.92100143432617,77.11499786376953,57940.01,40405.43,53215.85,0.918464632484795,124.51,64.45,34.60285192834163
20214,2026-08-05 11:00:00+02:00,55.92100143432617,77.11499786376953,57504.23,46497.56,59951.79,1.0425631295223736,103.7375,8.3325,28.81330773575069
20215,2026-08-05 12:00:00+02:00,55.92100143432617,77.11499786376953,56357.0,49088.44,63328.85,1.1237086784030894,87.3125,-0.0375,0.6798482616931771
20216,2026-08-05 13:00:00+02:00,55.92100143432617,77.11499786376953,54643.31,48825.8,63874.14,1.168928821996887,76.465,-0.5425,-10.66320713593548
20217,2026-08-05 14:00:00+02:00,55.92100143432617,77.11499786376953,54146.67,46114.69,62525.46,1.154742479795204,84.0625,-0.14,-2.383631503503679
20218,2026-08-05 15:00:00+02:00,55.92100143432617,77.11499786376953,53787.16,41312.9,58480.11,1.0872503770254367,109.4575,-0.0174999999999999,19.71734980281997
20219,2026-08-05 16:00:00+02:00,55.92100143432617,77.11499786376953,54350.95,34176.82,51894.1,0.9547965581181568,127.4375,6.8275,30.22970944892815
20220,2026-08-05 17:00:00+02:00,55.92100143432617,77.11499786376953,55696.47,24894.58,42423.95,0.7616990806128827,154.9625,72.33500000000001,62.89323460643509
20221,2026-08-05 18:00:00+02:00,55.92100143432617,77.11499786376953,56665.22,14598.02,30161.58,0.5322767650893658,175.5475,135.07999999999998,126.9366099871155
20222,2026-08-05 19:00:00+02:00,55.92100143432617,77.11499786376953,56904.31,5746.48,18798.57,0.3303540627537081,228.0,173.8975,159.14295714794895
20223,2026-08-05 20:00:00+02:00,55.92100143432617,77.11499786376953,55432.61,1014.88,11717.58,0.2113842375072391,240.005,187.4625,186.32358648250232
20224,2026-08-05 21:00:00+02:00,55.92100143432617,77.11499786376953,53036.09,14.28,8791.63,0.1657669333908727,212.045,203.7375,182.55899751911215
20225,2026-08-05 22:00:00+02:00,55.92100143432617,77.11499786376953,49480.04,0.0,7928.99,0.1602462325898996,185.1275,190.8125,170.45563938663992
20226,2026-08-05 23:00:00+02:00,55.92100143432617,77.11499786376953,45930.32,0.0,7960.17,0.1733097003954447,163.065,166.105,158.11920203054518
20227,2026-08-06 00:00:00+02:00,52.40399932861328,77.0199966430664,42317.36,0.0,9274.22,0.2191587565436126,155.1925,162.5125,134.07728192508944
20228,2026-08-06 01:00:00+02:00,52.40399932861328,77.0199966430664,40876.09,0.0,10361.04,0.2534743415396447,149.3475,155.2025,127.84382615672367
20229,2026-08-06 02:00:00+02:00,52.40399932861328,77.0199966430664,40088.32,0.0,11711.91,0.2921526768165509,148.05,146.6975,124.67246534411213
20230,2026-08-06 03:00:00+02:00,52.40399932861328,77.0199966430664,39643.92,0.0,12580.99,0.3173497978208638,144.255,137.83,121.03285903319573
20231,2026-08-06 04:00:00+02:00,52.40399932861328,77.0199966430664,39964.86,0.0,13086.1,0.3274401560952696,139.345,134.06,117.71691659486085
20232,2026-08-06 05:00:00+02:00,52.40399932861328,77.0199966430664,42456.96,30.55,13741.54,0.3236581233504099,144.2525,135.7525,122.49839789939809
20233,2026-08-06 06:00:00+02:00,52.40399932861328,77.0199966430664,47879.65,1704.8,15978.25,0.3337169339513307,157.18,156.0475,134.59759615628582
20234,2026-08-06 07:00:00+02:00,52.40399932861328,77.0199966430664,52635.31,7905.37,21505.55,0.4085764859352825,154.685,149.32999999999998,128.40644800346013
20235,2026-08-06 08:00:00+02:00,52.40399932861328,77.0199966430664,56016.64,18304.75,31664.1,0.5652623933593192,139.7975,139.2225,107.28465928076814
20236,2026-08-06 09:00:00+02:00,52.40399932861328,77.0199966430664,57076.74,28995.84,43096.25,0.7550580147438242,112.0375,95.57,60.898761311724755
20237,2026-08-06 10:00:00+02:00,52.40399932861328,77.0199966430664,57658.24,37066.52,53624.93,0.9300479860415356,64.45,25.085,20.325817578453247
20238,2026-08-06 11:00:00+02:00,52.40399932861328,77.0199966430664,57701.63,42166.97,61028.45,1.057655563446361,8.3325,0.145,14.71290584840052
20239,2026-08-06 12:00:00+02:00,52.40399932861328,77.0199966430664,57409.26,44666.53,65338.16,1.138111865378841,-0.0375,-0.0849999999999999,2.735126593324198
20240,2026-08-06 13:00:00+02:00,52.40399932861328,77.0199966430664,55586.96,44997.23,67072.52,1.2066232797752166,-0.5425,-1.3575,1.0076678824489704
20241,2026-08-06 14:00:00+02:00,52.40399932861328,77.0199966430664,54575.06,43186.8,66138.12,1.2118744347304655,-0.14,-1.29,3.6408264280706977
20242,2026-08-06 15:00:00+02:00,52.40399932861328,77.0199966430664,54423.32,39221.23,63241.76,1.162034216001149,-0.0174999999999999,-0.335,3.472530060085294
20243,2026-08-06 16:00:00+02:00,52.40399932861328,77.0199966430664,54015.65,32857.34,57684.65,1.0679247586453324,6.8275,0.0075,17.444507559747613
20244,2026-08-06 17:00:00+02:00,52.40399932861328,77.0199966430664,54268.0,24297.75,50159.42,0.9242909263425424,72.33500000000001,38.425,32.080378102611135
20245,2026-08-06 18:00:00+02:00,52.40399932861328,77.0199966430664,55454.42,14514.54,40647.99,0.7329981991096475,135.07999999999998,114.48,82.80823668910084
20246,2026-08-06 19:00:00+02:00,52.40399932861328,77.0199966430664,56021.26,5704.89,30216.46,0.5393748729429907,173.8975,143.1775,130.03144785259897
20247,2026-08-06 20:00:00+02:00,52.40399932861328,77.0199966430664,53818.23,978.37,23467.71,0.4360550318291672,187.4625,162.6925,139.2219849382214
20248,2026-08-06 21:00:00+02:00,52.40399932861328,77.0199966430664,51565.39,13.69,20171.49,0.3911827292703143,203.7375,167.14,143.06735054023648
20249,2026-08-06 22:00:00+02:00,52.40399932861328,77.0199966430664,48590.01,0.0,18214.85,0.3748682084290848,190.8125,169.45499999999998,139.8752943761154
20250,2026-08-06 23:00:00+02:00,52.40399932861328,77.0199966430664,45125.0,0.0,16802.69,0.3723587810809177,166.105,158.4475,134.79159109635782
20251,2026-08-07 00:00:00+02:00,55.76900100708008,77.63500213623047,43089.82,0.0,15798.34,0.3666374098646414,162.5125,145.0725,131.60243533654173
20252,2026-08-07 01:00:00+02:00,55.76900100708008,77.63500213623047,41648.62,0.0,14969.15,0.35941526985542,155.2025,138.655,133.18766829873084
20253,2026-08-07 02:00:00+02:00,55.76900100708008,77.63500213623047,40878.32,0.0,14631.54,0.357929092888864,146.6975,131.12,128.8372317631251
20254,2026-08-07 03:00:00+02:00,55.76900100708008,77.63500213623047,40657.5,0.0,13951.05,0.3431359526918437,137.83,129.0675,128.94533346207632
20255,2026-08-07 04:00:00+02:00,55.76900100708008,77.63500213623047,41447.82,0.0,13253.59,0.3197656715552794,134.06,131.575,131.56312754771983
20256,2026-08-07 05:00:00+02:00,55.76900100708008,77.63500213623047,44126.17,29.9,12693.3,0.2876592280074025,135.7525,141.33249999999998,135.2613518496358
20257,2026-08-07 06:00:00+02:00,55.76900100708008,77.63500213623047,49047.57,1835.42,13695.32,0.279225250042107,156.0475,156.16750000000002,152.18453988842083
20258,2026-08-07 07:00:00+02:00,55.76900100708008,77.63500213623047,53293.99,8581.83,18420.14,0.3456325937792174,149.32999999999998,154.9725,150.61282652924626
20259,2026-08-07 08:00:00+02:00,55.76900100708008,77.63500213623047,56313.36,19925.65,28251.1,0.5016766890660268,139.2225,145.5775,127.1432928186823
20260,2026-08-07 09:00:00+02:00,55.76900100708008,77.63500213623047,57732.28,31332.27,39166.32,0.6784128392853335,95.57,126.1175,79.25023308813485
20261,2026-08-07 10:00:00+02:00,55.76900100708008,77.63500213623047,57952.83,39811.48,47252.76,0.8153658758657056,25.085,102.1625,39.231173392410454
20262,2026-08-07 11:00:00+02:00,55.76900100708008,77.63500213623047,57303.22,45071.01,52378.01,0.914050030536844,0.145,66.5125,17.92143352991818
20263,2026-08-07 12:00:00+02:00,55.76900100708008,77.63500213623047,56357.75,47403.89,54614.51,0.969068317849973,-0.0849999999999999,28.15,10.733303107194867
20264,2026-08-07 13:00:00+02:00,55.76900100708008,77.63500213623047,55160.22,47508.58,54557.17,0.9890673023078828,-1.3575,13.0175,12.077080364390902
20265,2026-08-07 14:00:00+02:00,55.76900100708008,77.63500213623047,53858.95,45535.07,52637.5,0.9773213178167562,-1.29,18.7275,9.343971673350694
20266,2026-08-07 15:00:00+02:00,55.76900100708008,77.63500213623047,53027.06,41319.9,48325.55,0.9113375320239634,-0.335,44.34,17.104182715904592
20267,2026-08-07 16:00:00+02:00,55.76900100708008,77.63500213623047,52656.08,34860.07,41712.44,0.7921675899929946,0.0075,87.34,33.25188800986962
20268,2026-08-07 17:00:00+02:00,55.76900100708008,77.63500213623047,53003.58,25968.35,32545.69,0.6140281466621634,38.425,118.6675,82.50846137138973
20269,2026-08-07 18:00:00+02:00,55.76900100708008,77.63500213623047,53292.5,15465.31,21685.42,0.4069131678178142,114.48,144.71,130.67322148835717
20270,2026-08-07 19:00:00+02:00,55.76900100708008,77.63500213623047,52884.92,5912.88,11788.06,0.2229002142344357,143.1775,172.6025,159.61978459090403
20271,2026-08-07 20:00:00+02:00,55.76900100708008,77.63500213623047,50942.44,965.14,6675.27,0.1310355373376235,162.6925,195.1225,182.00122711437086
20272,2026-08-07 21:00:00+02:00,55.76900100708008,77.63500213623047,48718.12,9.52,5507.09,0.1130398709734612,167.14,194.65,178.46973913139357
20273,2026-08-07 22:00:00+02:00,55.76900100708008,77.63500213623047,45880.26,0.0,5636.69,0.1228565400189849,169.45499999999998,178.0875,167.51591456993214
20274,2026-08-07 23:00:00+02:00,55.76900100708008,77.63500213623047,42959.85,0.0,5479.11,0.1275402497616867,158.4475,166.095,156.91884753678016
20275,2026-08-08 00:00:00+02:00,55.54399871826172,79.01000213623047,40736.26,0.0,5481.22,0.1345538348060048,145.0725,155.74,151.66311776721346
20276,2026-08-08 01:00:00+02:00,55.54399871826172,79.01000213623047,39070.35,0.0,5282.12,0.1351951031574595,138.655,149.0,149.88386205585158
20277,2026-08-08 02:00:00+02:00,55.54399871826172,79.01000213623047,38063.47,0.0,5203.61,0.1367087656126178,131.12,145.2375,139.83047609562976
20278,2026-08-08 03:00:00+02:00,55.54399871826172,79.01000213623047,37574.26,0.0,4912.01,0.1307280568850249,129.0675,145.92,138.01605562328191
20279,2026-08-08 04:00:00+02:00,55.54399871826172,79.01000213623047,37636.68,0.0,4574.65,0.1215476497604072,131.575,143.865,136.41451507033844
20280,2026-08-08 05:00:00+02:00,55.54399871826172,79.01000213623047,38152.93,27.72,4266.58,0.1118283706882201,141.33249999999998,145.695,144.6845242593252
20281,2026-08-08 06:00:00+02:00,55.54399871826172,79.01000213623047,39493.5,1959.97,5888.02,0.1490883309534256,156.16750000000002,146.2625,141.95746744109164
20282,2026-08-08 07:00:00+02:00,55.54399871826172,79.01000213623047,41927.6,9115.1,12545.87,0.2992270007586347,154.9725,137.6975,123.72468303699551
20283,2026-08-08 08:00:00+02:00,55.54399871826172,79.01000213623047,44795.99,21591.08,24120.77,0.5384582413429286,145.5775,115.0325,92.80601502581573
20284,2026-08-08 09:00:00+02:00,55.54399871826172,79.01000213623047,46976.97,34289.82,35908.92,0.7643941274278876,126.1175,62.545,39.396379665561454
20285,2026-08-08 10:00:00+02:00,55.54399871826172,79.01000213623047,47856.7,43860.42,45282.0,0.9461998004571563,102.1625,3.86,13.316440483495581
20286,2026-08-08 11:00:00+02:00,55.54399871826172,79.01000213623047,47831.55,49934.79,51117.75,1.0687036064964015,66.5125,-1.5174999999999998,-4.484014324738933
20287,2026-08-08 12:00:00+02:00,55.54399871826172,79.01000213623047,46772.7,52882.82,53927.45,1.1529685048857627,28.15,-5.9875,-17.997781255775664
20288,2026-08-08 13:00:00+02:00,55.54399871826172,79.01000213623047,45750.42,53571.57,54466.26,1.1905084147444966,13.0175,-10.9975,-22.73494087191994
20289,2026-08-08 14:00:00+02:00,55.54399871826172,79.01000213623047,44779.44,51790.73,52614.77,1.1749760601796322,18.7275,-12.1525,-23.9304980556943
20290,2026-08-08 15:00:00+02:00,55.54399871826172,79.01000213623047,44085.52,47496.33,48307.84,1.0957756648677897,44.34,-7.012499999999999,-16.78161585542529
20291,2026-08-08 16:00:00+02:00,55.54399871826172,79.01000213623047,44017.25,40743.33,41599.76,0.945078576934025,87.34,-0.5625,5.825338107398611
20292,2026-08-08 17:00:00+02:00,55.54399871826172,79.01000213623047,44303.03,30697.64,31756.81,0.7168089855892906,118.6675,68.16499999999999,44.25985522633206
20293,2026-08-08 18:00:00+02:00,55.54399871826172,79.01000213623047,45883.8,17934.69,19242.51,0.4193748119337598,144.71,140.0,121.37199261491236
20294,2026-08-08 19:00:00+02:00,55.54399871826172,79.01000213623047,46080.3,6509.18,8644.51,0.1875966518908087,172.6025,167.865,166.02874996994757
20295,2026-08-08 20:00:00+02:00,55.54399871826172,79.01000213623047,44787.52,1050.09,5133.21,0.1146125081016737,195.1225,184.6575,188.49316551080472
20296,2026-08-08 21:00:00+02:00,55.54399871826172,79.01000213623047,43250.47,9.09,6485.18,0.1499447288896641,194.65,179.4975,183.8073990711573
20297,2026-08-08 22:00:00+02:00,55.54399871826172,79.01000213623047,41479.56,0.0,9146.4,0.2205037854257605,178.0875,170.85,154.05594723514832
20298,2026-08-08 23:00:00+02:00,55.54399871826172,79.01000213623047,39216.25,0.0,11306.44,0.288310075469146,166.095,154.42000000000002,136.56053691018664
20299,2026-08-09 00:00:00+02:00,55.54399871826172,79.01000213623047,37478.97,0.0,12953.58,0.3456226250759765,155.74,145.27499999999998,123.57626360096562
20300,2026-08-09 01:00:00+02:00,55.54399871826172,79.01000213623047,35876.5,0.0,13838.03,0.3857129317559647,149.0,139.345,117.03031446874269
20301,2026-08-09 02:00:00+02:00,55.54399871826172,79.01000213623047,35060.58,0.0,14289.23,0.4075582889936337,145.2375,136.4425,112.60145044892131
20302,2026-08-09 03:00:00+02:00,55.54399871826172,79.01000213623047,34525.08,0.0,14311.01,0.4145105527881439,145.92,133.95,111.24217103889521
20303,2026-08-09 04:00:00+02:00,55.54399871826172,79.01000213623047,34631.29,0.0,14000.7,0.4042789048850681,143.865,134.0275,110.19643940484302
20304,2026-08-09 05:00:00+02:00,55.54399871826172,79.01000213623047,35613.24,19.99,13384.15,0.3758194984854454,145.695,135.0,112.44095149998266
20305,2026-08-09 06:00:00+02:00,55.54399871826172,79.01000213623047,37570.32,1812.23,14461.95,0.3849301788260174,146.2625,131.7975,114.53147081039845
20306,2026-08-09 07:00:00+02:00,55.54399871826172,79.01000213623047,40016.63,8803.97,19886.16,0.496947393996709,137.6975,118.1875,102.85947820804746
20307,2026-08-09 08:00:00+02:00,55.54399871826172,79.01000213623047,42512.13,20917.97,28923.71,0.6803636983890565,115.0325,91.6275,60.97552584156949
20308,2026-08-09 09:00:00+02:00,55.54399871826172,79.01000213623047,44366.18,33287.33,37969.82,0.8558280201595385,62.545,27.49,18.13888576679952
20309,2026-08-09 10:00:00+02:00,55.54399871826172,79.01000213623047,45046.61,42982.61,46115.82,1.0237356371492248,3.86,0.3025,-6.9864335691907264
20310,2026-08-09 11:00:00+02:00,55.54399871826172,79.01000213623047,46063.41,49362.08,52061.49,1.1302135466891805,-1.5174999999999998,-0.0475,-21.70338766011359
20311,2026-08-09 12:00:00+02:00,55.54399871826172,79.01000213623047,45664.11,52403.28,55106.56,1.2067805545302903,-5.9875,-2.6500000000000004,-27.807273808427738
20312,2026-08-09 13:00:00+02:00,55.54399871826172,79.01000213623047,45257.45,52372.03,55305.56,1.2220211255335816,-10.9975,-5.08,-37.08755145250381
20313,2026-08-09 14:00:00+02:00,55.54399871826172,79.01000213623047,44626.19,49100.01,52829.64,1.1838259100353792,-12.1525,-2.0625,-42.68048565567368
20314,2026-08-09 15:00:00+02:00,55.54399871826172,79.01000213623047,44165.71,43090.83,48056.82,1.0881025118608751,-7.012499999999999,-0.0325,-34.13145019233167
20315,2026-08-09 16:00:00+02:00,55.54399871826172,79.01000213623047,43940.8,34899.95,41044.79,0.9340929157106622,-0.5625,3.78,3.3172588440847797
20316,2026-08-09 17:00:00+02:00,55.54399871826172,79.01000213623047,44785.4,24734.67,31847.76,0.711119248524939,68.16499999999999,82.45,42.672792730718626
20317,2026-08-09 18:00:00+02:00,55.54399871826172,79.01000213623047,46148.55,13888.82,21003.81,0.4551347766170042,140.0,151.1875,110.44651708450976
20318,2026-08-09 19:00:00+02:00,55.54399871826172,79.01000213623047,47611.2,5077.18,11981.24,0.2516475114570421,167.865,169.0275,154.2894719137705
20319,2026-08-09 20:00:00+02:00,55.54399871826172,79.01000213623047,47260.3,733.9,7757.83,0.1641510950704605,184.6575,176.09,175.78086512583303
20320,2026-08-09 21:00:00+02:00,55.54399871826172,79.01000213623047,45988.1,4.78,7110.85,0.1546236960964633,179.4975,174.1325,167.4031484606689
20321,2026-08-09 22:00:00+02:00,55.54399871826172,79.01000213623047,44219.39,0.0,7246.68,0.1638801439450249,170.85,170.0,159.34901835752834
20322,2026-08-09 23:00:00+02:00,55.54399871826172,79.01000213623047,41715.08,0.0,7176.03,0.172024840855627,154.42000000000002,157.15,144.83534702484724
20323,2026-08-10 00:00:00+02:00,55.54399871826172,79.01000213623047,39951.93,0.0,9254.3,0.2316358683468768,145.27499999999998,146.4725,131.87052076721346
20324,2026-08-10 01:00:00+02:00,55.54399871826172,79.01000213623047,38829.24,0.0,8317.64,0.2142107339174779,139.345,138.015,132.58585479039203
20325,2026-08-10 02:00:00+02:00,55.54399871826172,79.01000213623047,38304.92,0.0,7732.96,0.2018790274978047,136.4425,131.495,133.84024233018386
20326,2026-08-10 03:00:00+02:00,55.54399871826172,79.01000213623047,38448.93,0.0,7527.17,0.195770597466361,133.95,126.925,131.7782165665169
20327,2026-08-10 04:00:00+02:00,55.54399871826172,79.01000213623047,39810.31,0.0,7790.17,0.1956822239777378,134.0275,127.475,135.40248469543303
20328,2026-08-10 05:00:00+02:00,55.54399871826172,79.01000213623047,44092.87,13.5,8536.62,0.1936054513590053,135.0,143.075,140.92549763372324
20329,2026-08-10 06:00:00+02:00,55.54399871826172,79.01000213623047,51122.43,1455.5,11001.5,0.215199081848183,131.7975,163.2425,160.31668701822912
20330,2026-08-10 07:00:00+02:00,55.54399871826172,79.01000213623047,56472.66,7619.69,17711.03,0.3136213168790665,118.1875,164.70749999999998,157.21017069174405
20331,2026-08-10 08:00:00+02:00,55.54399871826172,79.01000213623047,59595.78,18330.98,27802.46,0.4665172600364459,91.6275,160.885,130.22276161051246
20332,2026-08-10 09:00:00+02:00,55.54399871826172,79.01000213623047,60145.82,29495.7,38145.62,0.6342189697248755,27.49,138.8825,86.18297464385402
20333,2026-08-10 10:00:00+02:00,55.54399871826172,79.01000213623047,60078.17,38394.49,47855.94,0.7965612133664256,0.3025,111.6075,29.165237112903228
20334,2026-08-10 11:00:00+02:00,55.54399871826172,79.01000213623047,60212.32,44067.12,55568.55,0.9228767466653208,-0.0475,79.1375,13.441673734438671
20335,2026-08-10 12:00:00+02:00,55.54399871826172,79.01000213623047,59538.9,45991.13,60123.42,1.0098174469112096,-2.6500000000000004,36.785,5.37636522364568
20336,2026-08-10 13:00:00+02:00,55.54399871826172,79.01000213623047,58521.32,45174.54,61701.27,1.0543383161804385,-5.08,9.1425,-0.2319502589031881
20337,2026-08-10 14:00:00+02:00,55.54399871826172,79.01000213623047,57487.52,42490.4,61192.26,1.0644442478881602,-2.0625,4.3375,1.95761947293067
20338,2026-08-10 15:00:00+02:00,55.54399871826172,79.01000213623047,56577.6,38146.44,58793.9,1.039172746627787,-0.0325,10.0,6.407543813201141
20339,2026-08-10 16:00:00+02:00,55.54399871826172,79.01000213623047,56330.16,32223.03,54181.06,0.9618481465414178,3.78,48.9475,17.69429951655312
20340,2026-08-10 17:00:00+02:00,55.54399871826172,79.01000213623047,57096.17,24310.75,46936.38,0.8220582920321873,82.45,106.1575,33.506659748284804
20341,2026-08-10 18:00:00+02:00,55.54399871826172,79.01000213623047,58156.75,14548.76,37047.76,0.6370328464645921,151.1875,137.7,105.81687717790344
20342,2026-08-10 19:00:00+02:00,55.54399871826172,79.01000213623047,57510.4,5336.38,26977.11,0.4690822876437857,169.0275,165.70749999999998,134.88690285561273
20343,2026-08-10 20:00:00+02:00,55.54399871826172,79.01000213623047,55603.47,760.73,21196.15,0.3812019285161156,176.09,176.9525,158.0196177760123
20344,2026-08-10 21:00:00+02:00,55.54399871826172,79.01000213623047,53307.59,8.25,19458.54,0.3650238173654026,174.1325,181.5325,156.50085675489737
20345,2026-08-10 22:00:00+02:00,55.54399871826172,79.01000213623047,50255.44,0.0,18859.6,0.3752747960469005,170.0,169.185,138.62951624697018
20346,2026-08-10 23:00:00+02:00,55.54399871826172,79.01000213623047,47215.45,0.0,18357.56,0.3888040884098734,157.15,151.44,129.26482325023585
20347,2026-08-11 00:00:00+02:00,60.79800033569336,77.91000366210938,43983.73,0.0,20102.4,0.457041728735366,146.4725,139.1975,107.0276467346527
20348,2026-08-11 01:00:00+02:00,60.79800033569336,77.91000366210938,42479.23,0.0,19500.3,0.4590549309723704,138.015,140.9875,102.27483975475016
20349,2026-08-11 02:00:00+02:00,60.79800033569336,77.91000366210938,41568.74,0.0,19100.72,0.4594972086092825,131.495,136.1975,100.23176890695882
20350,2026-08-11 03:00:00+02:00,60.79800033569336,77.91000366210938,41489.06,0.0,18493.41,0.4457418412358,126.925,128.7325,103.1678808644119
20351,2026-08-11 04:00:00+02:00,60.79800033569336,77.91000366210938,42188.58,0.0,17894.7,0.4241598080750383,127.475,129.9225,106.57140493749844
20352,2026-08-11 05:00:00+02:00,60.79800033569336,77.91000366210938,44849.57,13.53,17137.91,0.3821198284884069,143.075,140.04,117.1954695226323
20353,2026-08-11 06:00:00+02:00,60.79800033569336,77.91000366210938,49650.92,1604.67,17742.17,0.3573381922515558,163.2425,156.7925,135.51448217982045
20354,2026-08-11 07:00:00+02:00,60.79800033569336,77.91000366210938,53995.8,8410.25,22628.64,0.4190814840378174,164.70749999999998,157.86,134.8889231478354
20355,2026-08-11 08:00:00+02:00,60.79800033569336,77.91000366210938,57009.78,20504.71,33268.09,0.5835505766583293,160.885,143.7875,115.0730817426175
20356,2026-08-11 09:00:00+02:00,60.79800033569336,77.91000366210938,57802.11,32912.12,45003.31,0.7785755570551705,138.8825,110.825,57.44780395200505
20357,2026-08-11 10:00:00+02:00,60.79800033569336,77.91000366210938,57647.69,42642.89,53839.56,0.9339413251538888,111.6075,57.8475,28.90643570466579
20358,2026-08-11 11:00:00+02:00,60.79800033569336,77.91000366210938,57216.86,49343.62,59163.85,1.0340282565254315,79.1375,9.5325,-6.013000708079044
20359,2026-08-11 12:00:00+02:00,60.79800033569336,77.91000366210938,56303.22,52988.65,61808.71,1.0977828619574896,36.785,0.0175,-20.505614504893934
20360,2026-08-11 13:00:00+02:00,60.79800033569336,77.91000366210938,55607.83,54078.69,62248.53,1.1194202325249123,9.1425,-0.1025,-26.1901015095411
20361,2026-08-11 14:00:00+02:00,60.79800033569336,77.91000366210938,54646.25,52562.28,60721.91,1.1111816453807568,4.3375,-0.09,-18.887073681021498
20362,2026-08-11 15:00:00+02:00,60.79800033569336,77.91000366210938,53533.27,48202.01,56561.14,1.056560527489436,10.0,3.1375,-6.684075742532077
20363,2026-08-11 16:00:00+02:00,60.79800033569336,77.91000366210938,53488.07,40754.62,49381.61,0.9232266183986024,48.9475,44.4825,16.314717246609668
20364,2026-08-11 17:00:00+02:00,60.79800033569336,77.91000366210938,54433.01,30063.95,38589.84,0.708941871722886,106.1575,109.875,66.06623344144023
20365,2026-08-11 18:00:00+02:00,60.79800033569336,77.91000366210938,55592.84,17162.7,25352.81,0.4560445193201059,137.7,146.4975,128.23684291955874
20366,2026-08-11 19:00:00+02:00,60.79800033569336,77.91000366210938,55281.49,5948.38,13787.68,0.2494086175590765,165.70749999999998,178.29000000000002,164.68319540255914
20367,2026-08-11 20:00:00+02:00,60.79800033569336,77.91000366210938,53934.75,813.67,8907.76,0.1651580845067126,176.9525,198.9775,199.44852104253664
20368,2026-08-11 21:00:00+02:00,60.79800033569336,77.91000366210938,51959.0,8.13,8631.15,0.1661146288100012,181.5325,189.34,185.7536078182717
20369,2026-08-11 22:00:00+02:00,60.79800033569336,77.91000366210938,48956.86,0.0,9237.43,0.1886850994551764,169.185,172.92000000000002,165.53250530895025
20370,2026-08-11 23:00:00+02:00,60.79800033569336,77.91000366210938,45781.7,0.0,9194.84,0.2008409473215627,151.44,154.1,157.12491287930135
20371,2026-08-12 00:00:00+02:00,58.73500061035156,78.20500183105469,42907.39,0.0,8249.28,0.1922577905129494,139.1975,155.2825,143.76145060653056
20372,2026-08-12 01:00:00+02:00,58.73500061035156,78.20500183105469,41441.87,0.0,7446.69,0.1796900091188717,140.9875,149.505,142.65829687966283
20373,2026-08-12 02:00:00+02:00,58.73500061035156,78.20500183105469,40732.12,0.0,6906.04,0.1695477671750088,136.1975,143.3,140.90573171376707
20374,2026-08-12 03:00:00+02:00,58.73500061035156,78.20500183105469,40568.93,0.0,6382.82,0.1573327173880768,128.7325,139.7525,139.40114913208438
20375,2026-08-12 04:00:00+02:00,58.73500061035156,78.20500183105469,42025.84,0.0,5976.31,0.1422056048987466,129.9225,139.9,141.67452174179004
20376,2026-08-12 05:00:00+02:00,58.73500061035156,78.20500183105469,44919.7,12.87,5686.33,0.1265887795050748,140.04,153.5,153.55315143572034
20377,2026-08-12 06:00:00+02:00,58.73500061035156,78.20500183105469,50375.41,1651.61,7151.28,0.1419597378677494,156.7925,172.575,175.9117867891989
20378,2026-08-12 07:00:00+02:00,58.73500061035156,78.20500183105469,54887.65,8741.98,13836.5,0.2520876735928596,157.86,167.5425,165.3931245024442
20379,2026-08-12 08:00:00+02:00,58.73500061035156,78.20500183105469,57818.55,21696.32,25461.25,0.4403647271610296,143.7875,155.2125,141.3159302940054
20380,2026-08-12 09:00:00+02:00,58.73500061035156,78.20500183105469,58459.61,35091.22,37208.01,0.6364737977833801,110.825,128.7275,83.14967837623962
20381,2026-08-12 10:00:00+02:00,58.73500061035156,78.20500183105469,58302.39,45569.99,47138.72,0.8085212285793908,57.8475,87.585,16.48359197397459
20382,2026-08-12 11:00:00+02:00,58.73500061035156,78.20500183105469,57976.12,52765.11,54177.23,0.9344749181327632,9.5325,40.3425,5.750521276343058
20383,2026-08-12 12:00:00+02:00,58.73500061035156,78.20500183105469,57342.39,56762.25,58103.19,1.0132676714358666,0.0175,14.75,0.4180952550773718
20384,2026-08-12 13:00:00+02:00,58.73500061035156,78.20500183105469,56136.82,57879.27,59147.59,1.0536327135998025,-0.1025,3.55,-11.799134629809537
20385,2026-08-12 14:00:00+02:00,58.73500061035156,78.20500183105469,55819.36,55901.65,57207.05,1.0248603708417905,-0.09,14.97,-4.854618629767842
20386,2026-08-12 15:00:00+02:00,58.73500061035156,78.20500183105469,54619.71,50834.65,52303.34,0.957590950051256,3.1375,40.7375,0.8313035427059123
20387,2026-08-12 16:00:00+02:00,58.73500061035156,78.20500183105469,54764.54,42767.63,44572.56,0.8138945381785558,44.4825,97.7075,20.109183624391218
20388,2026-08-12 17:00:00+02:00,58.73500061035156,78.20500183105469,55282.91,31401.27,33768.49,0.6108305440848119,109.875,140.5875,94.45592934645134
20389,2026-08-12 18:00:00+02:00,58.73500061035156,78.20500183105469,55666.06,17590.25,20778.7,0.3732741278306253,146.4975,183.5225,141.03289782219474
20390,2026-08-12 19:00:00+02:00,58.73500061035156,78.20500183105469,55668.68,5372.32,9936.14,0.1784870774413032,178.29000000000002,300.0,184.6835482367057
20391,2026-08-12 20:00:00+02:00,58.73500061035156,78.20500183105469,54087.55,351.42,7578.78,0.1401206007408136,198.9775,300.2075,200.41296855744787
20392,2026-08-12 21:00:00+02:00,58.73500061035156,78.20500183105469,51965.24,5.03,10409.04,0.2003077441381378,189.34,229.62,177.90722557076327
20393,2026-08-12 22:00:00+02:00,58.73500061035156,78.20500183105469,48764.19,0.0,12936.01,0.2652768352626636,172.92000000000002,190.6625,165.07765768105116
20394,2026-08-12 23:00:00+02:00,58.73500061035156,78.20500183105469,45402.08,0.0,14065.23,0.3097926349828482,154.1,172.1,141.99747916322207
20395,2026-08-13 00:00:00+02:00,61.02099990844727,77.63999938964844,42294.87,0.0,15078.01,0.356497371819207,155.2825,154.1025,131.3462154736485
20396,2026-08-13 01:00:00+02:00,61.02099990844727,77.63999938964844,40750.86,0.0,14547.6,0.3569887849343575,149.505,147.5925,129.62955324381602
20397,2026-08-13 02:00:00+02:00,61.02099990844727,77.63999938964844,40086.09,0.0,13852.66,0.3455727409818286,143.3,143.4225,131.19609340038102
20398,2026-08-13 03:00:00+02:00,61.02099990844727,77.63999938964844,39936.91,0.0,12807.07,0.3206825464662431,139.7525,142.7225,132.53022319311222
20399,2026-08-13 04:00:00+02:00,61.02099990844727,77.63999938964844,40663.83,0.0,11769.5,0.2894341235713816,139.9,144.92000000000002,137.1904967171634
20400,2026-08-13 05:00:00+02:00,61.02099990844727,77.63999938964844,43543.71,10.83,10919.78,0.2507774371428669,153.5,157.3975,144.64979887423624
20401,2026-08-13 06:00:00+02:00,61.02099990844727,77.63999938964844,49079.37,1563.35,12026.06,0.245032892589079,172.575,174.23250000000002,164.05174456706828
20402,2026-08-13 07:00:00+02:00,61.02099990844727,77.63999938964844,53584.45,8558.04,18318.58,0.3418637309253219,167.5425,171.0975,158.73812043666953
20403,2026-08-13 08:00:00+02:00,61.02099990844727,77.63999938964844,56545.35,21551.73,28747.06,0.5083894607587733,155.2125,156.8,130.44526388015856
20404,2026-08-13 09:00:00+02:00,61.02099990844727,77.63999938964844,57507.2,35098.36,39327.27,0.6838668895922828,128.7275,135.65,73.97654222566425
20405,2026-08-13 10:00:00+02:00,61.02099990844727,77.63999938964844,57989.58,45711.78,49125.16,0.8471377097666274,87.585,109.595,29.698568912402123
20406,2026-08-13 11:00:00+02:00,61.02099990844727,77.63999938964844,58144.47,52962.74,56649.7,0.974292138018578,40.3425,51.7275,3.8654765386217527
20407,2026-08-13 12:00:00+02:00,61.02099990844727,77.63999938964844,57486.45,56867.12,60724.07,1.0563197064601624,14.75,2.805,-9.00080540616851
20408,2026-08-13 13:00:00+02:00,61.02099990844727,77.63999938964844,56172.32,57895.89,61724.18,1.0988362237666458,3.55,0.0,-13.374942201268578
20409,2026-08-13 14:00:00+02:00,61.02099990844727,77.63999938964844,54964.66,55829.17,59625.62,1.084799214425269,14.97,2.52,-9.68648218661486
20410,2026-08-13 15:00:00+02:00,61.02099990844727,77.63999938964844,54374.03,50739.62,54532.83,1.0029205116849127,40.7375,44.44,-0.9541955209597166
20411,2026-08-13 16:00:00+02:00,61.02099990844727,77.63999938964844,53574.31,42562.47,46529.1,0.8684964863068705,97.7075,111.4775,32.28062455904346
20412,2026-08-13 17:00:00+02:00,61.02099990844727,77.63999938964844,53290.78,31107.79,35512.53,0.6663916346005084,140.5875,150.0075,87.98063440046572
20413,2026-08-13 18:00:00+02:00,61.02099990844727,77.63999938964844,54381.66,17352.46,22614.27,0.4158436869312478,183.5225,203.9975,145.38055056406495
20414,2026-08-13 19:00:00+02:00,61.02099990844727,77.63999938964844,54927.8,5736.78,12740.07,0.2319421130589715,300.0,326.6,193.65334306080422
20415,2026-08-13 20:00:00+02:00,61.02099990844727,77.63999938964844,53170.11,689.24,11202.03,0.2106828441373014,300.2075,338.8625,204.59424211496992
20416,2026-08-13 21:00:00+02:00,61.02099990844727,77.63999938964844,51136.84,2.46,14964.8,0.2926422515953973,229.62,270.01,186.76849688096775
20417,2026-08-13 22:00:00+02:00,61.02099990844727,77.63999938964844,48239.17,0.0,18407.85,0.3815954958633004,190.6625,213.4825,155.08602625953318
20418,2026-08-13 23:00:00+02:00,61.02099990844727,77.63999938964844,44925.68,0.0,20268.08,0.4511468718000157,172.1,176.1725,134.2767939931315
20419,2026-08-14 00:00:00+02:00,60.400001525878906,78.40499877929688,42964.21,0.0,21130.2,0.4918093453849589,154.1025,158.8675,128.0791224377987
20420,2026-08-14 01:00:00+02:00,60.400001525878906,78.40499877929688,41238.31,0.0,20709.24,0.5021844977395571,147.5925,151.86,122.88378032988655
20421,2026-08-14 02:00:00+02:00,60.400001525878906,78.40499877929688,40537.18,0.0,19814.23,0.4887915241048362,143.4225,145.73000000000002,122.55851727499304
20422,2026-08-14 03:00:00+02:00,60.400001525878906,78.40499877929688,40243.87,0.0,18571.77,0.4614807173213011,142.7225,142.05,125.66596914399064
20423,2026-08-14 04:00:00+02:00,60.400001525878906,78.40499877929688,41596.07,0.0,17274.84,0.4152998106755518,144.92000000000002,143.9075,127.19389935171621
20424,2026-08-14 05:00:00+02:00,60.400001525878906,78.40499877929688,44476.99,7.23,16131.08,0.3626837157004816,157.3975,154.6975,141.62819305500005
20425,2026-08-14 06:00:00+02:00,60.400001525878906,78.40499877929688,49582.92,1468.65,16786.34,0.3385508557506191,174.23250000000002,171.95999999999998,157.98666156431824
20426,2026-08-14 07:00:00+02:00,60.400001525878906,78.40499877929688,54060.6,8362.86,22010.23,0.4071399502767006,171.0975,170.0825,157.22175846436755
20427,2026-08-14 08:00:00+02:00,60.400001525878906,78.40499877929688,57201.14,21183.48,31132.7,0.5442671246509655,156.8,151.835,135.03307584001809
20428,2026-08-14 09:00:00+02:00,60.400001525878906,78.40499877929688,57636.9,34518.23,40411.91,0.7011464876318563,135.65,135.20000000000002,83.95385127509337
20429,2026-08-14 10:00:00+02:00,60.400001525878906,78.40499877929688,57500.21,45078.22,49051.9,0.8530734060183305,109.595,104.4625,36.04221069830926
20430,2026-08-14 11:00:00+02:00,60.400001525878906,78.40499877929688,56496.11,52409.9,55859.37,0.9887294893420574,51.7275,63.615,2.7482796218781065
20431,2026-08-14 12:00:00+02:00,60.400001525878906,78.40499877929688,55058.58,56402.05,59535.41,1.081310306026543,2.805,25.0,-7.180096184541664
20432,2026-08-14 13:00:00+02:00,60.400001525878906,78.40499877929688,53931.31,57341.89,60162.31,1.1155358545684249,0.0,8.0025,-14.919154321536329
20433,2026-08-14 14:00:00+02:00,60.400001525878906,78.40499877929688,52830.71,55259.32,57968.48,1.0972496865748635,2.52,17.305,-9.889480763856543
20434,2026-08-14 15:00:00+02:00,60.400001525878906,78.40499877929688,52312.15,50074.89,52757.33,1.0085100686917838,44.44,65.79,2.910279604128336
20435,2026-08-14 16:00:00+02:00,60.400001525878906,78.40499877929688,52094.41,41750.62,44513.97,0.854486498483333,111.4775,116.32,33.408047881641
20436,2026-08-14 17:00:00+02:00,60.400001525878906,78.40499877929688,52741.92,30290.21,33285.25,0.6310966683368567,150.0075,143.655,98.6812065007385
20437,2026-08-14 18:00:00+02:00,60.400001525878906,78.40499877929688,53238.06,16748.57,20133.83,0.37818489246637,203.9975,179.99,158.57792433079646
20438,2026-08-14 19:00:00+02:00,60.400001525878906,78.40499877929688,52871.72,5482.4,9896.14,0.187172651052931,326.6,246.81,202.56971405321138
20439,2026-08-14 20:00:00+02:00,60.400001525878906,78.40499877929688,51692.09,633.51,7022.15,0.1358457357526372,338.8625,263.725,208.88995037944574
20440,2026-08-14 21:00:00+02:00,60.400001525878906,78.40499877929688,49564.59,2.6,8344.63,0.1683587012081894,270.01,231.57,189.45685048651058
20441,2026-08-14 22:00:00+02:00,60.400001525878906,78.40499877929688,46590.92,0.0,10006.49,0.2147733935679369,213.4825,198.0,167.25185067228625
20442,2026-08-14 23:00:00+02:00,60.400001525878906,78.40499877929688,43691.24,0.0,10760.28,0.2462800322796331,176.1725,177.5175,147.7730812994049
20443,2026-08-15 00:00:00+02:00,61.42399978637695,77.81500244140625,40066.55,0.0,11521.16,0.2875505876379297,158.8675,169.4475,134.20900118192816
20444,2026-08-15 01:00:00+02:00,61.42399978637695,77.81500244140625,38409.2,0.0,11149.43,0.2902801932114492,151.86,162.3975,130.31232934308977
20445,2026-08-15 02:00:00+02:00,61.42399978637695,77.81500244140625,37287.44,0.0,10836.25,0.2906139439203619,145.73000000000002,156.9025,125.87312818698243
20446,2026-08-15 03:00:00+02:00,61.42399978637695,77.81500244140625,36685.6,0.0,10332.74,0.2816565627162547,142.05,156.9375,124.89889880173752
20447,2026-08-15 04:00:00+02:00,61.42399978637695,77.81500244140625,36684.36,0.0,9835.35,0.2681074440802272,143.9075,154.515,125.87756802908515
20448,2026-08-15 05:00:00+02:00,61.42399978637695,77.81500244140625,38255.12,5.76,9437.82,0.2467073687792098,154.6975,153.8425,125.23737097644374
20449,2026-08-15 06:00:00+02:00,61.42399978637695,77.81500244140625,41147.8,1331.38,10475.58,0.2545842061411341,171.95999999999998,156.9825,130.91540424499476
20450,2026-08-15 07:00:00+02:00,61.42399978637695,77.81500244140625,43803.12,7797.08,15994.31,0.3651408848581696,170.0825,151.935,120.61216157224044
20451,2026-08-15 08:00:00+02:00,61.42399978637695,77.81500244140625,47050.22,19410.75,25784.24,0.5480152907790834,151.835,137.2825,101.92163175723343
20452,2026-08-15 09:00:00+02:00,61.42399978637695,77.81500244140625,49310.9,31161.82,35754.19,0.7250768084287497,135.20000000000002,109.675,61.31233655672609
20453,2026-08-15 10:00:00+02:00,61.42399978637695,77.81500244140625,51023.56,40376.74,44154.59,0.8653765043314545,104.4625,60.995000000000005,32.745234965770806
20454,2026-08-15 11:00:00+02:00,61.42399978637695,77.81500244140625,51453.53,46806.54,50398.11,0.9794878988906128,63.615,21.215,5.537521699725897
20455,2026-08-15 12:00:00+02:00,61.42399978637695,77.81500244140625,50602.4,50215.32,53987.84,1.0669027553896844,25.0,4.3675,-7.514540069328415
20456,2026-08-15 13:00:00+02:00,61.42399978637695,77.81500244140625,49387.4,50400.11,54751.09,1.1086044211461616,8.0025,1.0074999999999998,-18.705394158213508
20457,2026-08-15 14:00:00+02:00,61.42399978637695,77.81500244140625,48028.51,47150.3,52680.5,1.0968589279374148,17.305,4.32,-20.92860454039331
20458,2026-08-15 15:00:00+02:00,61.42399978637695,77.81500244140625,47542.12,41444.88,48248.8,1.0148642927545375,65.79,15.0975,-2.172951755483634
20459,2026-08-15 16:00:00+02:00,61.42399978637695,77.81500244140625,47316.91,33562.18,41522.7,0.8775446239246084,116.32,68.5875,36.62819646505511
20460,2026-08-15 17:00:00+02:00,61.42399978637695,77.81500244140625,47600.5,23592.44,32725.2,0.687496979929308,143.655,130.4625,76.05885729046679
20461,2026-08-15 18:00:00+02:00,61.42399978637695,77.81500244140625,48918.36,12845.85,23147.04,0.4731769420575062,179.99,164.5125,129.0468040874274
20462,2026-08-15 19:00:00+02:00,61.42399978637695,77.81500244140625,49680.29,4186.48,15607.27,0.3141541644957881,246.81,179.965,162.94473323696764
20463,2026-08-15 20:00:00+02:00,61.42399978637695,77.81500244140625,48622.1,373.26,12506.38,0.2572159572998254,263.725,184.99,163.89175686452342
20464,2026-08-15 21:00:00+02:00,61.42399978637695,77.81500244140625,47360.29,0.27,11683.81,0.2467005585804688,231.57,183.3425,163.8418527109353
20465,2026-08-15 22:00:00+02:00,61.42399978637695,77.81500244140625,45455.47,0.0,11118.36,0.2445989448036509,198.0,179.5925,156.62540848428625
20466,2026-08-15 23:00:00+02:00,61.42399978637695,77.81500244140625,43204.25,0.0,10294.28,0.238270077541383,177.5175,173.99,145.3400481858733
20467,2026-08-16 00:00:00+02:00,61.42399978637695,77.81500244140625,41175.01,0.0,8969.41,0.217836255481702,169.4475,174.3125,140.52464933388305
20468,2026-08-16 01:00:00+02:00,61.42399978637695,77.81500244140625,39423.91,0.0,8119.82,0.2059618134766536,162.3975,168.58749999999998,140.79930397688298
20469,2026-08-16 02:00:00+02:00,61.42399978637695,77.81500244140625,38078.35,0.0,8045.13,0.2112783247668876,156.9025,165.32999999999998,132.7500586890257
20470,2026-08-16 03:00:00+02:00,61.42399978637695,77.81500244140625,37210.5,0.0,7879.27,0.2117485655361393,156.9375,157.535,133.11311188923096
20471,2026-08-16 04:00:00+02:00,61.42399978637695,77.81500244140625,37522.93,0.0,7534.26,0.2007908230511874,154.515,156.9,131.598603040696
20472,2026-08-16 05:00:00+02:00,61.42399978637695,77.81500244140625,37300.21,2.69,6982.32,0.1871925117346008,153.8425,156.945,132.85542147157196
20473,2026-08-16 06:00:00+02:00,61.42399978637695,77.81500244140625,37699.47,678.95,6998.81,0.185647437434625,156.9825,156.6,136.87027305842952
20474,2026-08-16 07:00:00+02:00,61.42399978637695,77.81500244140625,40156.41,4762.86,10170.69,0.2532768740399659,151.935,150.37,131.2017621366781
20475,2026-08-16 08:00:00+02:00,61.42399978637695,77.81500244140625,42749.19,12512.48,16888.26,0.3950545026946581,137.2825,145.83249999999998,123.95441805032893
20476,2026-08-16 09:00:00+02:00,61.42399978637695,77.81500244140625,44425.12,21976.42,25681.2,0.5780783483357887,109.675,124.365,84.05371767850541
20477,2026-08-16 10:00:00+02:00,61.42399978637695,77.81500244140625,45869.27,30764.99,34323.22,0.7482835456617724,60.995000000000005,96.9,30.71993455235381
20478,2026-08-16 11:00:00+02:00,61.42399978637695,77.81500244140625,46841.17,37250.34,40961.26,0.8744713249317916,21.215,61.23,17.481048892253607
20479,2026-08-16 12:00:00+02:00,61.42399978637695,77.81500244140625,46354.58,40823.14,44958.19,0.9698758998636432,4.3675,43.53,7.978326477996212
20480,2026-08-16 13:00:00+02:00,61.42399978637695,77.81500244140625,45566.66,41416.99,46214.78,1.0142235570888398,1.0074999999999998,27.3375,-0.20244017757064547
20481,2026-08-16 14:00:00+02:00,61.42399978637695,77.81500244140625,44595.45,39127.1,44882.32,1.006432718807315,4.32,36.5575,3.7528470657578463
20482,2026-08-16 15:00:00+02:00,61.42399978637695,77.81500244140625,44097.06,34049.94,40603.28,0.9207706815554664,15.0975,67.7025,15.23367753312237
20483,2026-08-16 16:00:00+02:00,61.42399978637695,77.81500244140625,44350.32,26704.19,33992.82,0.7664616623360413,68.5875,116.135,27.73710091045005
20484,2026-08-16 17:00:00+02:00,61.42399978637695,77.81500244140625,45329.72,18217.33,26184.21,0.5776389087385408,130.4625,145.325,91.0396823494236
20485,2026-08-16 18:00:00+02:00,61.42399978637695,77.81500244140625,47141.12,9892.39,18263.46,0.3874210030675085,164.5125,169.4375,129.11652121778303
20486,2026-08-16 19:00:00+02:00,61.42399978637695,77.81500244140625,47932.26,3238.63,11677.47,0.2436244399401103,179.965,187.97,159.0699008473606
20487,2026-08-16 20:00:00+02:00,61.42399978637695,77.81500244140625,47695.26,258.0,8130.49,0.1704674636073967,184.99,200.0175,173.31525206567557
20488,2026-08-16 21:00:00+02:00,61.42399978637695,77.81500244140625,46444.9,0.0,6470.86,0.1393233702431648,183.3425,205.675,172.481720070826
20489,2026-08-16 22:00:00+02:00,61.42399978637695,77.81500244140625,44920.42,0.0,5662.32,0.126052249706024,179.5925,206.535,169.29091817235752
20490,2026-08-16 23:00:00+02:00,61.42399978637695,77.81500244140625,42504.57,0.0,5331.66,0.1254373352970192,173.99,192.6475,158.71732969733165
20491,2026-08-17 00:00:00+02:00,61.42399978637695,77.81500244140625,41018.46,0.0,3200.99,0.0780377907707803,174.3125,192.1275,160.8539698061141
20492,2026-08-17 01:00:00+02:00,61.42399978637695,77.81500244140625,39909.31,0.0,3067.65,0.076865523338573,168.58749999999998,178.81,158.14400219601623
20493,2026-08-17 02:00:00+02:00,61.42399978637695,77.81500244140625,39327.87,0.0,3174.33,0.0807145161737173,165.32999999999998,163.9,154.08242473571784
20494,2026-08-17 03:00:00+02:00,61.42399978637695,77.81500244140625,39255.53,0.0,3112.15,0.0792792760461317,157.535,160.28,150.94453508806902
20495,2026-08-17 04:00:00+02:00,61.42399978637695,77.81500244140625,40333.14,0.0,3078.65,0.0763305311522161,156.9,159.07,152.30926055242924
20496,2026-08-17 05:00:00+02:00,61.42399978637695,77.81500244140625,44283.13,2.32,3239.0,0.0731429779075817,156.945,174.9675,156.02840559096938
20497,2026-08-17 06:00:00+02:00,61.42399978637695,77.81500244140625,51282.2,550.44,4127.18,0.0804797765929543,156.6,197.4,180.8860452956572
20498,2026-08-17 07:00:00+02:00,61.42399978637695,77.81500244140625,56652.23,3625.94,7441.02,0.1313455798418975,150.37,205.15,191.89720011485866
20499,2026-08-17 08:00:00+02:00,61.42399978637695,77.81500244140625,60112.47,8545.71,12449.84,0.2071091072772239,145.83249999999998,208.6125,173.78126044455917
20500,2026-08-17 09:00:00+02:00,61.42399978637695,77.81500244140625,60944.39,13659.06,17630.48,0.2892879885598513,124.365,198.79,149.69349388926605
20501,2026-08-17 10:00:00+02:00,61.42399978637695,77.81500244140625,60835.83,17894.46,22431.25,0.3687177440714266,96.9,175.4875,138.01239665160165
20502,2026-08-17 11:00:00+02:00,61.42399978637695,77.81500244140625,61108.31,20512.0,25750.67,0.421393915095771,61.23,166.9725,127.77109922674632
20503,2026-08-17 12:00:00+02:00,61.42399978637695,77.81500244140625,60703.15,21873.41,28251.15,0.4653984182920658,43.53,154.285,122.42818287961168
20504,2026-08-17 13:00:00+02:00,61.42399978637695,77.81500244140625,59769.35,22303.67,30318.82,0.507263672683865,27.3375,150.1925,109.84249373367417
20505,2026-08-17 14:00:00+02:00,61.42399978637695,77.81500244140625,58849.98,22154.06,32132.56,0.5460080019490222,36.5575,141.2975,103.94310690626985
20506,2026-08-17 15:00:00+02:00,61.42399978637695,77.81500244140625,57508.65,21055.79,32847.01,0.5711664244298612,67.7025,139.885,101.95040187722884
20507,2026-08-17 16:00:00+02:00,61.42399978637695,77.81500244140625,57768.04,18442.18,31682.49,0.5484432221435168,116.135,140.085,111.57183245790482
20508,2026-08-17 17:00:00+02:00,61.42399978637695,77.81500244140625,58470.63,14382.16,28532.13,0.4879737056898525,145.325,152.0225,129.0270837561421
20509,2026-08-17 18:00:00+02:00,61.42399978637695,77.81500244140625,58842.05,8751.92,23225.98,0.3947173831648085,169.4375,177.1,144.0260783906711
20510,2026-08-17 19:00:00+02:00,61.42399978637695,77.81500244140625,58443.36,2993.87,16993.71,0.2907722964095883,187.97,204.1025,167.23396045686184
20511,2026-08-17 20:00:00+02:00,61.42399978637695,77.81500244140625,56400.03,263.05,13185.6,0.233787109646256,200.0175,213.4,175.19386734245933
20512,2026-08-17 21:00:00+02:00,61.42399978637695,77.81500244140625,54173.56,0.0,11480.32,0.2119174002572625,205.675,210.0025,170.82940209240957
20513,2026-08-17 22:00:00+02:00,61.42399978637695,77.81500244140625,51052.11,0.0,10864.18,0.2128056998598479,206.535,197.705,158.5504013024199
20514,2026-08-17 23:00:00+02:00,61.42399978637695,77.81500244140625,47633.18,0.0,10563.74,0.2217727222449198,192.6475,179.92000000000002,153.229228841674
20515,2026-08-18 00:00:00+02:00,61.75699996948242,77.40499877929688,43425.4,0.0,8858.83,0.2040011145080986,192.1275,173.5675,145.58298412993514
20516,2026-08-18 01:00:00+02:00,61.75699996948242,77.40499877929688,41978.54,0.0,8615.22,0.2052291479872265,178.81,159.7875,142.08770253164028
20517,2026-08-18 02:00:00+02:00,61.75699996948242,77.40499877929688,41328.64,0.0,8512.15,0.2059624995630239,163.9,150.805,139.12612287009972
20518,2026-08-18 03:00:00+02:00,61.75699996948242,77.40499877929688,41319.16,0.0,8127.14,0.1966918010441906,160.28,148.39249999999998,138.69736471087865
20519,2026-08-18 04:00:00+02:00,61.75699996948242,77.40499877929688,41988.91,0.0,7532.81,0.1793999891448956,159.07,149.22,140.92468459181808
20520,2026-08-18 05:00:00+02:00,61.75699996948242,77.40499877929688,44544.22,0.8,7041.86,0.1580869526600562,174.9675,159.03,150.6460468335511
20521,2026-08-18 06:00:00+02:00,61.75699996948242,77.40499877929688,49570.07,546.59,7122.47,0.1436848888565852,197.4,187.78,171.24804133788814
20522,2026-08-18 07:00:00+02:00,61.75699996948242,77.40499877929688,53998.82,3544.35,9433.56,0.1746993730280218,205.15,192.5725,186.58722661104713
20523,2026-08-18 08:00:00+02:00,61.75699996948242,77.40499877929688,57407.79,8213.91,13697.16,0.2385941001667902,208.6125,185.22,172.69991539055047
20524,2026-08-18 09:00:00+02:00,61.75699996948242,77.40499877929688,58496.54,12691.11,18503.53,0.3163183668100167,198.79,161.43,158.21619158509037
20525,2026-08-18 10:00:00+02:00,61.75699996948242,77.40499877929688,58473.56,15882.35,22868.48,0.3910909477050668,175.4875,152.3825,139.18266710575
20526,2026-08-18 11:00:00+02:00,61.75699996948242,77.40499877929688,58442.64,17514.67,26072.13,0.4461148571580416,166.9725,145.64249999999998,132.23676185150995
20527,2026-08-18 12:00:00+02:00,61.75699996948242,77.40499877929688,57775.0,18369.43,28887.15,0.4999939419299015,154.285,136.575,116.27493778915455
20528,2026-08-18 13:00:00+02:00,61.75699996948242,77.40499877929688,57253.18,18234.88,30723.06,0.5366175292732006,150.1925,131.8525,109.29594373249425
20529,2026-08-18 14:00:00+02:00,61.75699996948242,77.40499877929688,55914.64,17444.03,31535.22,0.5639886082492905,141.2975,130.5375,98.44708349525875
20530,2026-08-18 15:00:00+02:00,61.75699996948242,77.40499877929688,54279.97,15928.09,31022.01,0.5715185545291349,139.885,132.4425,100.64985804790643
20531,2026-08-18 16:00:00+02:00,61.75699996948242,77.40499877929688,54415.56,13188.46,28806.73,0.529384058433032,140.085,138.9475,113.32209937166921
20532,2026-08-18 17:00:00+02:00,61.75699996948242,77.40499877929688,55002.84,9416.17,25146.61,0.4571874833268268,152.0225,154.1525,125.57638352902279
20533,2026-08-18 18:00:00+02:00,61.75699996948242,77.40499877929688,55524.57,5371.81,20803.43,0.3746707087736707,177.1,178.555,143.56791439314088
20534,2026-08-18 19:00:00+02:00,61.75699996948242,77.40499877929688,55447.13,1801.1,16882.28,0.3044752721548481,204.1025,197.6825,176.62920973666905
20535,2026-08-18 20:00:00+02:00,61.75699996948242,77.40499877929688,54008.85,156.89,15339.6,0.2840201188723663,213.4,200.395,180.30625355743462
20536,2026-08-18 21:00:00+02:00,61.75699996948242,77.40499877929688,51815.23,0.0,15623.87,0.3015304572996143,210.0025,198.795,168.14192835628592
20537,2026-08-18 22:00:00+02:00,61.75699996948242,77.40499877929688,48639.96,0.0,16052.23,0.3300214473182088,197.705,191.385,145.24504146823784
20538,2026-08-18 23:00:00+02:00,61.75699996948242,77.40499877929688,45634.61,0.0,16490.21,0.3613531483316383,179.92000000000002,177.1425,131.45723549473192
20539,2026-08-19 00:00:00+02:00,63.64599990844727,78.0,42866.87,0.0,13702.19,0.3196452177824867,173.5675,176.6,126.44190257277661
20540,2026-08-19 01:00:00+02:00,63.64599990844727,78.0,41402.58,0.0,14451.95,0.3490591648276365,159.7875,157.6,117.91993178756859
20541,2026-08-19 02:00:00+02:00,63.64599990844727,78.0,40546.9,0.0,15102.54,0.3724708916409217,150.805,151.4125,116.9411625816898
20542,2026-08-19 03:00:00+02:00,63.64599990844727,78.0,40607.28,0.0,15131.77,0.3726368768426161,148.39249999999998,147.3,119.25373020145804
20543,2026-08-19 04:00:00+02:00,63.64599990844727,78.0,41647.31,0.0,15105.93,0.3627108208518843,149.22,148.995,120.18740613558566
20544,2026-08-19 05:00:00+02:00,63.64599990844727,78.0,44595.82,0.21,15322.85,0.3435938614104205,159.03,161.665,124.4951653970335
20545,2026-08-19 06:00:00+02:00,63.64599990844727,78.0,49845.03,403.21,16445.83,0.3299392135324346,187.78,184.7375,143.61965795797937
20546,2026-08-19 07:00:00+02:00,63.64599990844727,78.0,54108.64,3231.97,19887.26,0.3675431501572497,192.5725,192.63,151.2671606005564
20547,2026-08-19 08:00:00+02:00,63.64599990844727,78.0,56900.74,8585.95,25849.59,0.454292685744633,185.22,190.865,136.0948893141716
20548,2026-08-19 09:00:00+02:00,63.64599990844727,78.0,57513.75,14964.17,33399.27,0.5807180021158908,161.43,169.675,112.41079911542711
20549,2026-08-19 10:00:00+02:00,63.64599990844727,78.0,57388.14,20487.41,40283.74,0.7019523544931143,152.3825,152.66750000000002,88.25016511542495
20550,2026-08-19 11:00:00+02:00,63.64599990844727,78.0,57426.45,24447.87,45262.4,0.788180359261598,145.64249999999998,142.96,57.829381376578496
20551,2026-08-19 12:00:00+02:00,63.64599990844727,78.0,56677.88,26785.13,48065.17,0.8480410698409959,136.575,136.08249999999998,46.68492592761012
20552,2026-08-19 13:00:00+02:00,63.64599990844727,78.0,55452.69,27670.79,49015.11,0.8839086073400751,131.8525,128.20499999999998,46.044476627932426
20553,2026-08-19 14:00:00+02:00,63.64599990844727,78.0,54306.03,27317.71,48697.96,0.8967320938583188,130.5375,127.7725,41.417941678486926
20554,2026-08-19 15:00:00+02:00,63.64599990844727,78.0,53158.55,25674.05,46568.06,0.8760220132272188,132.4425,131.0075,44.90891023088328
20555,2026-08-19 16:00:00+02:00,63.64599990844727,78.0,53463.61,22037.67,41779.31,0.7814532163500644,138.9475,138.3175,58.12245355959695
20556,2026-08-19 17:00:00+02:00,63.64599990844727,78.0,54030.61,16231.31,34397.69,0.63663338232964,154.1525,153.6425,97.18618311153608
20557,2026-08-19 18:00:00+02:00,63.64599990844727,78.0,54551.55,9121.33,25039.54,0.4590069392237237,178.555,183.735,130.80286696636344
20558,2026-08-19 19:00:00+02:00,63.64599990844727,78.0,54873.67,2789.68,15967.69,0.2909900139190635,197.6825,207.5525,165.66605680832362
20559,2026-08-19 20:00:00+02:00,63.64599990844727,78.0,53656.77,186.57,11170.29,0.2081804401926951,200.395,209.445,175.14118729183406
20560,2026-08-19 21:00:00+02:00,63.64599990844727,78.0,51537.4,0.0,9061.95,0.1758325021875701,198.795,206.1225,180.37312779873503
20561,2026-08-19 22:00:00+02:00,63.64599990844727,78.0,48314.77,0.0,8292.11,0.1716268130487578,191.385,199.0975,170.83385156337908
20562,2026-08-19 23:00:00+02:00,63.64599990844727,78.0,45105.31,0.0,7915.89,0.175497962396113,177.1425,186.5475,163.70933083794898
20563,2026-08-20 00:00:00+02:00,63.38100051879883,77.56500244140625,41978.8,0.0,8810.91,0.2098895156102867,176.6,172.7125,143.8069327863525
20564,2026-08-20 01:00:00+02:00,63.38100051879883,77.56500244140625,40402.53,0.0,8511.34,0.2106635400776477,157.6,162.35000000000002,142.8252337476966
20565,2026-08-20 02:00:00+02:00,63.38100051879883,77.56500244140625,39528.71,0.0,8597.65,0.2175039356919302,151.4125,153.73250000000002,137.45648100638527
20566,2026-08-20 03:00:00+02:00,63.38100051879883,77.56500244140625,39512.56,0.0,8632.14,0.2184657232488945,147.3,147.99,135.92262951266636
20567,2026-08-20 04:00:00+02:00,63.38100051879883,77.56500244140625,40651.73,0.0,8850.22,0.2177083237988374,148.995,148.4925,135.69361678414103
20568,2026-08-20 05:00:00+02:00,63.38100051879883,77.56500244140625,43878.61,0.16,9017.12,0.2055014960124075,161.665,159.55,146.65906966279942
20569,2026-08-20 06:00:00+02:00,63.38100051879883,77.56500244140625,49046.46,618.66,9751.54,0.1988225041728144,184.7375,182.8,163.23031457050894
20570,2026-08-20 07:00:00+02:00,63.38100051879883,77.56500244140625,53299.83,4888.8,13838.58,0.2596364753396705,192.63,186.4325,163.1790595751536
20571,2026-08-20 08:00:00+02:00,63.38100051879883,77.56500244140625,56185.16,12958.21,21852.8,0.3889425605642232,190.865,171.7475,148.70030346800405
20572,2026-08-20 09:00:00+02:00,63.38100051879883,77.56500244140625,57055.82,22146.9,31826.38,0.5578112801537491,169.675,154.505,112.31743249265374
20573,2026-08-20 10:00:00+02:00,63.38100051879883,77.56500244140625,57639.94,30217.65,41424.43,0.7186758000236162,152.66750000000002,135.74,71.69040471466194
20574,2026-08-20 11:00:00+02:00,63.38100051879883,77.56500244140625,57713.6,36025.97,49074.89,0.8503176026360654,142.96,109.455,47.04699362759322
20575,2026-08-20 12:00:00+02:00,63.38100051879883,77.56500244140625,56817.21,38853.34,54129.84,0.9527014788384184,136.08249999999998,83.63,42.62510425104511
20576,2026-08-20 13:00:00+02:00,63.38100051879883,77.56500244140625,55614.04,38763.73,56003.52,1.007003267339146,128.20499999999998,63.7075,38.017699139897914
20577,2026-08-20 14:00:00+02:00,63.38100051879883,77.56500244140625,54296.73,36463.73,55133.93,1.0154189762412176,127.7725,69.44,37.34559376901103
20578,2026-08-20 15:00:00+02:00,63.38100051879883,77.56500244140625,54158.17,32470.06,51698.3,0.9545798905401384,131.0075,91.2075,44.21634721957031
20579,2026-08-20 16:00:00+02:00,63.38100051879883,77.56500244140625,53784.6,26946.89,45559.35,0.8470705367619967,138.3175,106.005,37.129368266316426
20580,2026-08-20 17:00:00+02:00,63.38100051879883,77.56500244140625,53913.76,19384.2,36422.22,0.6755644568890086,153.6425,144.2,89.52256252659534
20581,2026-08-20 18:00:00+02:00,63.38100051879883,77.56500244140625,54588.76,10597.39,24904.15,0.4562138798433571,183.735,164.245,136.8184029411779
20582,2026-08-20 19:00:00+02:00,63.38100051879883,77.56500244140625,54493.08,3181.62,14487.13,0.2658526550039284,207.5525,192.2225,181.65516000733157
20583,2026-08-20 20:00:00+02:00,63.38100051879883,77.56500244140625,52964.0,216.52,10109.65,0.1908777659937169,209.445,200.6,198.9013930312401
20584,2026-08-20 21:00:00+02:00,63.38100051879883,77.56500244140625,50738.59,0.0,9369.12,0.1846547174084548,206.1225,195.6175,188.31587154379298
20585,2026-08-20 22:00:00+02:00,63.38100051879883,77.56500244140625,47935.14,0.0,10038.81,0.2094248602988486,199.0975,187.9275,172.96722390141696
20586,2026-08-20 23:00:00+02:00,63.38100051879883,77.56500244140625,44727.17,0.0,11048.02,0.2470091444982973,186.5475,173.015,150.7141285314284
20587,2026-08-21 00:00:00+02:00,65.29499816894531,78.08000183105469,41149.73,0.0,11118.04,0.2701850047934251,172.7125,170.35,133.80102865056244
20588,2026-08-21 01:00:00+02:00,65.29499816894531,78.08000183105469,39716.61,0.0,11713.32,0.2949224517664215,162.35000000000002,160.49,127.3784294507776
20589,2026-08-21 02:00:00+02:00,65.29499816894531,78.08000183105469,39214.86,0.0,12107.87,0.3087571904352694,153.73250000000002,152.4875,126.67600426103456
20590,2026-08-21 03:00:00+02:00,65.29499816894531,78.08000183105469,39203.1,0.0,11785.91,0.3006371944308901,147.99,151.47500000000002,124.23101161540251
20591,2026-08-21 04:00:00+02:00,65.29499816894531,78.08000183105469,40401.75,0.0,10957.45,0.2712122617779645,148.4925,153.21,127.63430482239944
20592,2026-08-21 05:00:00+02:00,65.29499816894531,78.08000183105469,43098.98,0.12,10021.65,0.232526384561183,159.55,165.875,135.98867360458965
20593,2026-08-21 06:00:00+02:00,65.29499816894531,78.08000183105469,48251.63,668.7,9846.81,0.2040720696473731,182.8,189.21,158.5031373457607
20594,2026-08-21 07:00:00+02:00,65.29499816894531,78.08000183105469,52158.38,5228.19,13240.61,0.2538539348319764,186.4325,193.89,152.16394881341915
20595,2026-08-21 08:00:00+02:00,65.29499816894531,78.08000183105469,55065.46,13613.12,19921.81,0.361784138303433,171.7475,192.585,139.99648646629757
20596,2026-08-21 09:00:00+02:00,65.29499816894531,78.08000183105469,56159.15,22253.73,27343.78,0.4868980387903132,154.505,167.82999999999998,123.17189074900497
20597,2026-08-21 10:00:00+02:00,65.29499816894531,78.08000183105469,56372.14,28436.22,33263.3,0.590066298602454,135.74,149.0,102.06018780943259
20598,2026-08-21 11:00:00+02:00,65.29499816894531,78.08000183105469,56164.04,31324.73,35853.36,0.6383686072728442,109.455,138.8825,99.0889285456124
20599,2026-08-21 12:00:00+02:00,65.29499816894531,78.08000183105469,55493.6,31000.22,35367.98,0.63733439520281,83.63,135.21,91.56167839232054
20600,2026-08-21 13:00:00+02:00,65.29499816894531,78.08000183105469,54011.72,27944.74,32480.06,0.6013520768082645,63.7075,140.495,91.64071188225091
20601,2026-08-21 14:00:00+02:00,65.29499816894531,78.08000183105469,52691.65,23538.29,28517.86,0.5412216166050556,69.44,141.1725,101.32298316976862
20602,2026-08-21 15:00:00+02:00,65.29499816894531,78.08000183105469,52143.36,18908.16,24212.59,0.4643465629249157,91.2075,149.7475,113.43172310927925
20603,2026-08-21 16:00:00+02:00,65.29499816894531,78.08000183105469,51760.65,14323.67,19844.74,0.3833943351979941,106.005,166.49,130.35535097741456
20604,2026-08-21 17:00:00+02:00,65.29499816894531,78.08000183105469,52165.78,9711.3,15336.72,0.2939996295859086,144.2,186.2075,142.06690493283742
20605,2026-08-21 18:00:00+02:00,65.29499816894531,78.08000183105469,52223.88,5396.71,10855.47,0.2078641035082295,164.245,196.99,154.59706017090372
20606,2026-08-21 19:00:00+02:00,65.29499816894531,78.08000183105469,51498.83,1766.96,7201.3,0.1398342447508352,192.2225,204.415,175.19962262141104
20607,2026-08-21 20:00:00+02:00,65.29499816894531,78.08000183105469,49703.73,144.48,5769.59,0.1160796181461472,200.6,203.905,177.80319452712547
20608,2026-08-21 21:00:00+02:00,65.29499816894531,78.08000183105469,47749.31,0.0,5331.9,0.1116644407821464,195.6175,198.715,173.0217542893197
20609,2026-08-21 22:00:00+02:00,65.29499816894531,78.08000183105469,44980.05,0.0,5417.02,0.1204316135441308,187.9275,187.3575,160.75310944086306
20610,2026-08-21 23:00:00+02:00,65.29499816894531,78.08000183105469,42157.2,0.0,5610.2,0.1330780981343452,173.015,173.5,153.46727389736543
20611,2026-08-22 00:00:00+02:00,65.86499786376953,78.5,39395.09,0.0,6722.09,0.1706326854004819,170.35,168.0075,143.8607232760317
20612,2026-08-22 01:00:00+02:00,65.86499786376953,78.5,37823.28,0.0,7441.62,0.1967470826970196,160.49,161.535,135.95747860546794
20613,2026-08-22 02:00:00+02:00,65.86499786376953,78.5,36843.58,0.0,8657.3,0.234974451387467,152.4875,158.7125,131.1670387318233
20614,2026-08-22 03:00:00+02:00,65.86499786376953,78.5,36489.87,0.0,9761.86,0.2675224657507624,151.47500000000002,154.39,127.90467694941754
20615,2026-08-22 04:00:00+02:00,65.86499786376953,78.5,36736.9,0.0,10982.91,0.2989612623005857,153.21,148.5,123.12341429535456
20616,2026-08-22 05:00:00+02:00,65.86499786376953,78.5,37466.44,0.0,12091.36,0.3227250840157951,165.875,145.5075,123.34649574311001
20617,2026-08-22 06:00:00+02:00,65.86499786376953,78.5,39259.17,435.36,13439.64,0.3423312310621108,189.21,153.89,125.43926904735062
20618,2026-08-22 07:00:00+02:00,65.86499786376953,78.5,41597.54,4063.13,17494.25,0.4205597253057369,193.89,144.005,117.84490894647095
20619,2026-08-22 08:00:00+02:00,65.86499786376953,78.5,44404.28,11081.27,24516.59,0.5521222277329748,192.585,128.13,100.1231906766734
20620,2026-08-22 09:00:00+02:00,65.86499786376953,78.5,46461.2,19260.2,32885.48,0.7078052222698069,167.82999999999998,90.2675,72.45198161296148
20621,2026-08-22 10:00:00+02:00,65.86499786376953,78.5,47454.19,26542.85,41238.9,0.8690254747011747,149.0,50.295,42.15744749928331
20622,2026-08-22 11:00:00+02:00,65.86499786376953,78.5,47826.79,31562.97,47815.67,0.9997674941178848,138.8825,19.8125,36.99325450982556
20623,2026-08-22 12:00:00+02:00,65.86499786376953,78.5,47399.6,34432.3,52263.29,1.1026103593484733,135.21,0.9975,25.469956244226424
20624,2026-08-22 13:00:00+02:00,65.86499786376953,78.5,46139.61,35574.03,55102.68,1.1942597691670431,140.495,-0.005,11.533630466555383
20625,2026-08-22 14:00:00+02:00,65.86499786376953,78.5,45204.88,35336.89,56570.24,1.2514188730837426,141.1725,-0.01,8.101528390927133
20626,2026-08-22 15:00:00+02:00,65.86499786376953,78.5,44951.48,33239.94,55808.73,1.2415326478145918,149.7475,-0.0975,14.534633406249336
20627,2026-08-22 16:00:00+02:00,65.86499786376953,78.5,45303.69,28539.86,52402.69,1.156698052375712,166.49,-0.0025,17.432604730343265
20628,2026-08-22 17:00:00+02:00,65.86499786376953,78.5,45746.14,21111.96,46017.5,1.0059318663813095,186.2075,28.39,22.93769095198068
20629,2026-08-22 18:00:00+02:00,65.86499786376953,78.5,46871.19,11608.58,36328.88,0.7750791049309651,196.99,105.0725,58.15764909250219
20630,2026-08-22 19:00:00+02:00,65.86499786376953,78.5,47010.63,3334.33,26932.96,0.572912126348251,204.415,149.15,101.78160650026614
20631,2026-08-22 20:00:00+02:00,65.86499786376953,78.5,45423.34,157.51,23138.78,0.5094028751497792,203.905,164.1625,114.37288290142281
20632,2026-08-22 21:00:00+02:00,65.86499786376953,78.5,43559.93,0.0,22671.88,0.5204755837485332,198.715,168.2025,106.1429138168043
20633,2026-08-22 22:00:00+02:00,65.86499786376953,78.5,41661.8,0.0,22166.52,0.5320586243196264,187.3575,155.70749999999998,103.98893559392009
20634,2026-08-22 23:00:00+02:00,65.86499786376953,78.5,39381.0,0.0,21982.67,0.5582049717990388,173.5,141.12,104.08330474467189
20635,2026-08-23 00:00:00+02:00,65.86499786376953,78.5,37979.62,0.0,21384.39,0.5630490772253516,168.0075,132.6725,96.00641964838215
20636,2026-08-23 01:00:00+02:00,65.86499786376953,78.5,36439.81,0.0,21309.08,0.5847747283575917,161.535,125.82,90.37695945930746
20637,2026-08-23 02:00:00+02:00,65.86499786376953,78.5,35736.22,0.0,21264.38,0.5950371917916788,158.7125,119.365,80.45544129201407
20638,2026-08-23 03:00:00+02:00,65.86499786376953,78.5,35361.65,0.0,21076.45,0.5960256377753793,154.39,116.21,77.28172674085826
20639,2026-08-23 04:00:00+02:00,65.86499786376953,78.5,35597.08,0.0,20818.21,0.584829148743428,148.5,114.7425,76.522056474218
20640,2026-08-23 05:00:00+02:00,65.86499786376953,78.5,36464.11,0.0,20631.04,0.5657903070811846,145.5075,116.735,73.90124041840247
20641,2026-08-23 06:00:00+02:00,65.86499786376953,78.5,38125.29,655.76,21298.59,0.5586472914544001,153.89,116.7075,83.51344533498302
20642,2026-08-23 07:00:00+02:00,65.86499786376953,78.5,40394.97,5895.31,25702.36,0.63627624908837,144.005,102.0925,73.61428029910925
20643,2026-08-23 08:00:00+02:00,65.86499786376953,78.5,42961.47,16391.21,35180.16,0.8188770075095482,128.13,49.83,40.74394388920287
20644,2026-08-23 09:00:00+02:00,65.86499786376953,78.5,45097.53,27377.95,45822.73,1.0160807030859382,90.2675,1.005,22.287877051714553
20645,2026-08-23 10:00:00+02:00,65.86499786376953,78.5,46187.05,35150.07,51187.52,1.108265628329095,50.295,-0.5700000000000001,9.728667939731189
20646,2026-08-23 11:00:00+02:00,65.86499786376953,78.5,46326.3,39467.94,53962.1,1.1648264590168376,19.8125,-1.83,-6.922802212654034
20647,2026-08-23 12:00:00+02:00,65.86499786376953,78.5,45213.65,41266.84,54080.92,1.1961193132613448,0.9975,-3.035,-17.12208054318637
20648,2026-08-23 13:00:00+02:00,65.86499786376953,78.5,44196.11,41197.1,53351.22,1.2071474160945053,-0.005,-4.9975000000000005,-21.38541766577616
20649,2026-08-23 14:00:00+02:00,65.86499786376953,78.5,43597.67,39326.91,51798.72,1.188107529327116,-0.01,-4.2325,-16.368478644601684
20650,2026-08-23 15:00:00+02:00,65.86499786376953,78.5,43251.13,35872.71,49337.8,1.1407285772323803,-0.0975,-1.4775,-8.409589545747792
20651,2026-08-23 16:00:00+02:00,65.86499786376953,78.5,43648.76,30323.13,45713.52,1.0473039781548652,-0.0025,-0.5325,13.621349036813234
20652,2026-08-23 17:00:00+02:00,65.86499786376953,78.5,44883.68,21990.72,40568.84,0.9038661711998957,28.39,48.375,23.915208025178494
20653,2026-08-23 18:00:00+02:00,65.86499786376953,78.5,46347.76,11838.94,29431.53,0.6350151548564558,105.0725,144.4225,86.9750524677103
20654,2026-08-23 19:00:00+02:00,65.86499786376953,78.5,47147.69,3295.84,18974.25,0.4024428343355861,149.15,180.2,133.42272839535468
20655,2026-08-23 20:00:00+02:00,65.86499786376953,78.5,46375.42,158.95,14397.34,0.310451959182159,164.1625,185.89,154.2081785141777
20656,2026-08-23 21:00:00+02:00,65.86499786376953,78.5,45002.19,0.0,13007.98,0.289052154953114,168.2025,178.05,158.1439908384245
20657,2026-08-23 22:00:00+02:00,65.86499786376953,78.5,43264.84,0.0,12564.11,0.2904000106575223,155.70749999999998,172.6775,149.6404674445975
20658,2026-08-23 23:00:00+02:00,65.86499786376953,78.5,40862.35,0.0,12034.04,0.294501906940129,141.12,165.45,141.42639482237286
20659,2026-08-24 00:00:00+02:00,65.86499786376953,78.5,38717.77,0.0,10907.73,0.2817241281505303,132.6725,160.93,135.73629385910613
20660,2026-08-24 01:00:00+02:00,65.86499786376953,78.5,37579.0,0.0,10011.6,0.2664147528496195,125.82,152.6225,131.6455621528243
20661,2026-08-24 02:00:00+02:00,65.86499786376953,78.5,37164.42,0.0,9490.77,0.2553724771554695,119.365,147.8825,130.83242993919828
20662,2026-08-24 03:00:00+02:00,65.86499786376953,78.5,37367.44,0.0,8679.42,0.2322722669167937,116.21,148.735,130.53212763397465
20663,2026-08-24 04:00:00+02:00,65.86499786376953,78.5,38428.68,0.0,7840.77,0.2040343305562318,114.7425,151.2975,137.25692585003253
20664,2026-08-24 05:00:00+02:00,65.86499786376953,78.5,42179.09,0.0,7116.09,0.1687113211383386,116.735,172.67000000000002,151.38871898452925
20665,2026-08-24 06:00:00+02:00,65.86499786376953,78.5,48649.58,678.22,7140.66,0.1467774233309357,116.7075,205.67,177.2532703593523
20666,2026-08-24 07:00:00+02:00,65.86499786376953,78.5,53728.85,6350.82,11794.5,0.2195189362475618,102.0925,206.4,181.83151827987928
20667,2026-08-24 08:00:00+02:00,65.86499786376953,78.5,56891.68,18119.07,22162.32,0.3895529187414481,49.83,176.78,154.82665201829911
20668,2026-08-24 09:00:00+02:00,65.86499786376953,78.5,58042.2,30666.38,33416.5,0.5757276601204421,1.005,141.345,106.66523777577899
20669,2026-08-24 10:00:00+02:00,65.86499786376953,78.5,58430.98,39963.49,42185.15,0.7219654709330623,-0.5700000000000001,112.5725,54.59787008911145
20670,2026-08-24 11:00:00+02:00,65.86499786376953,78.5,58947.04,45451.48,47524.95,0.8062313220805943,-1.83,80.26,41.7315747169671
20671,2026-08-24 12:00:00+02:00,65.86499786376953,78.5,58096.03,48300.6,50298.98,0.8657903128895743,-3.035,55.6325,22.589074366854156
20672,2026-08-24 13:00:00+02:00,65.86499786376953,78.5,57279.61,48547.14,50582.37,0.8830781143790821,-4.9975000000000005,34.145,16.077481901540995
20673,2026-08-24 14:00:00+02:00,65.86499786376953,78.5,56048.19,46476.24,48717.7,0.8692109413579258,-4.2325,35.6575,15.32930072929415
20674,2026-08-24 15:00:00+02:00,65.86499786376953,78.5,54710.6,41907.8,44461.33,0.812663907759618,-1.4775,72.4975,23.213699579898517
20675,2026-08-24 16:00:00+02:00,65.86499786376953,78.5,54852.11,34573.95,37643.17,0.6862665810510722,-0.5325,102.0875,49.0440664504906
20676,2026-08-24 17:00:00+02:00,65.86499786376953,78.5,55471.65,24376.92,28251.25,0.5092916831373698,48.375,143.46,114.28509525431073
20677,2026-08-24 18:00:00+02:00,65.86499786376953,78.5,55894.92,12613.96,17578.71,0.3144956643082241,144.4225,182.335,155.92109815572866
20678,2026-08-24 19:00:00+02:00,65.86499786376953,78.5,55491.83,3342.41,9824.78,0.1770491259385302,180.2,219.37,200.86249504210514
20679,2026-08-24 20:00:00+02:00,65.86499786376953,78.5,53699.32,147.41,8973.86,0.1671131030770756,185.89,219.5275,201.1869536492436
20680,2026-08-24 21:00:00+02:00,65.86499786376953,78.5,51595.64,0.0,11287.58,0.2187700355652589,178.05,188.0275,170.75196466775077
20681,2026-08-24 22:00:00+02:00,65.86499786376953,78.5,48638.41,0.0,12873.6,0.2646797047303397,172.6775,171.775,154.77260887261986
20682,2026-08-24 23:00:00+02:00,65.86499786376953,78.5,45336.18,0.0,13879.22,0.3061400408446101,165.45,154.725,137.7827308722249
20683,2026-08-25 00:00:00+02:00,68.31999969482422,79.55999755859375,41846.95,0.0,14561.95,0.3479811550547934,160.93,152.34,126.98235658718792
20684,2026-08-25 01:00:00+02:00,68.31999969482422,79.55999755859375,40494.07,0.0,15101.24,0.372924726911144,152.6225,146.825,119.3715531435372
20685,2026-08-25 02:00:00+02:00,68.31999969482422,79.55999755859375,40035.21,0.0,15247.15,0.3808435124029963,147.8825,142.415,114.46066885447215
20686,2026-08-25 03:00:00+02:00,68.31999969482422,79.55999755859375,40299.02,0.0,15191.68,0.3769739312824545,148.735,140.005,114.98948847419784
20687,2026-08-25 04:00:00+02:00,68.31999969482422,79.55999755859375,41155.36,0.0,15246.19,0.3704545409466823,151.2975,141.62,120.04938757781746
20688,2026-08-25 05:00:00+02:00,68.31999969482422,79.55999755859375,43832.32,0.0,15483.58,0.3532457327485185,172.67000000000002,149.57999999999998,130.3989282014174
20689,2026-08-25 06:00:00+02:00,68.31999969482422,79.55999755859375,48898.39,537.36,16730.93,0.3421570729952137,205.67,171.415,153.6250727319167
20690,2026-08-25 07:00:00+02:00,68.31999969482422,79.55999755859375,52942.26,4943.3,21402.38,0.4042589038691852,206.4,180.66,145.2497325432189
20691,2026-08-25 08:00:00+02:00,68.31999969482422,79.55999755859375,56601.74,13976.71,28400.31,0.501756836361964,176.78,171.405,132.88726925743202
20692,2026-08-25 09:00:00+02:00,68.31999969482422,79.55999755859375,57718.1,23704.18,35003.69,0.6064594987349793,141.345,145.4375,111.50644696272
20693,2026-08-25 10:00:00+02:00,68.31999969482422,79.55999755859375,57751.15,31621.97,43391.73,0.7513569858346791,112.5725,117.46,62.34884481951168
20694,2026-08-25 11:00:00+02:00,68.31999969482422,79.55999755859375,57845.91,37102.07,50348.67,0.8703929109473092,80.26,83.145,23.308394936407037
20695,2026-08-25 12:00:00+02:00,68.31999969482422,79.55999755859375,56796.99,39898.73,53861.2,0.9483108170083816,55.6325,67.1575,16.94305857033377
20696,2026-08-25 13:00:00+02:00,68.31999969482422,79.55999755859375,56076.48,40335.15,54593.9,0.9735614644546944,34.145,62.2075,14.442493276305232
20697,2026-08-25 14:00:00+02:00,68.31999969482422,79.55999755859375,55155.59,38362.68,53047.94,0.961787191296152,35.6575,68.4625,17.210865278934364
20698,2026-08-25 15:00:00+02:00,68.31999969482422,79.55999755859375,54475.0,33968.66,49106.83,0.9014562641759604,72.4975,84.9975,22.04140789162185
20699,2026-08-25 16:00:00+02:00,68.31999969482422,79.55999755859375,54655.02,27370.08,43222.63,0.7908263502985039,102.0875,114.4025,44.540395045528356
20700,2026-08-25 17:00:00+02:00,68.31999969482422,79.55999755859375,54961.6,18779.62,35758.79,0.6506140649743432,143.46,147.0525,101.2992567588512
20701,2026-08-25 18:00:00+02:00,68.31999969482422,79.55999755859375,55122.26,9364.67,27185.04,0.4931771664490575,182.335,178.7825,134.05407053566068
20702,2026-08-25 19:00:00+02:00,68.31999969482422,79.55999755859375,54657.95,2401.02,21089.2,0.3858395713000873,219.37,209.3075,156.23385335594003
20703,2026-08-25 20:00:00+02:00,68.31999969482422,79.55999755859375,53051.33,81.71,20957.48,0.39504155684786,219.5275,205.1425,151.88887795138015
20704,2026-08-25 21:00:00+02:00,68.31999969482422,79.55999755859375,50956.12,0.0,22909.56,0.4495938857884796,188.0275,182.4925,132.6868833633665
20705,2026-08-25 22:00:00+02:00,68.31999969482422,79.55999755859375,47883.5,0.0,23559.45,0.4920160388250616,171.775,172.26749999999998,116.39829084460263
20706,2026-08-25 23:00:00+02:00,68.31999969482422,79.55999755859375,44974.66,0.0,23622.04,0.5252299849459161,154.725,159.66,104.97937832205795
20707,2026-08-26 00:00:00+02:00,66.58799743652344,80.04000091552734,42868.64,0.0,19388.12,0.452268138095291,152.34,164.0275,113.5688582036686
20708,2026-08-26 01:00:00+02:00,66.58799743652344,80.04000091552734,41594.55,0.0,18599.29,0.4471568990535642,146.825,157.0575,111.81734465384092
20709,2026-08-26 02:00:00+02:00,66.58799743652344,80.04000091552734,41062.5,0.0,17932.07,0.436701856819068,142.415,151.64249999999998,110.85481568889399
20710,2026-08-26 03:00:00+02:00,66.58799743652344,80.04000091552734,40628.11,0.0,17327.09,0.4264803358003903,140.005,149.6,111.38995730380108
20711,2026-08-26 04:00:00+02:00,66.58799743652344,80.04000091552734,42025.34,0.0,16806.22,0.399906818029335,141.62,151.7575,114.41457376747118
20712,2026-08-26 05:00:00+02:00,66.58799743652344,80.04000091552734,44833.54,0.0,16492.06,0.3678509436533785,149.57999999999998,160.465,127.37019913890627
20713,2026-08-26 06:00:00+02:00,66.58799743652344,80.04000091552734,50660.76,384.4,16931.99,0.3342229764547111,171.415,185.13,148.43395280754936
20714,2026-08-26 07:00:00+02:00,66.58799743652344,80.04000091552734,55321.96,4206.01,19638.96,0.3549939300135074,180.66,195.5375,156.6788747654005
20715,2026-08-26 08:00:00+02:00,66.58799743652344,80.04000091552734,58467.04,12474.48,24620.25,0.4210962278197944,171.405,193.52,147.59764887525324
20716,2026-08-26 09:00:00+02:00,66.58799743652344,80.04000091552734,59049.99,22738.37,32781.42,0.5551469186438225,145.4375,166.6225,116.16523692490793
20717,2026-08-26 10:00:00+02:00,66.58799743652344,80.04000091552734,58831.5,31791.89,42276.13,0.7185968400060176,117.46,137.48,68.4858478060685
20718,2026-08-26 11:00:00+02:00,66.58799743652344,80.04000091552734,58696.3,37860.84,50092.06,0.8534108622087914,83.145,120.66,23.725897081128547
20719,2026-08-26 12:00:00+02:00,66.58799743652344,80.04000091552734,58056.84,40700.89,54564.81,0.93985153154394,67.1575,98.605,22.50207202554016
20720,2026-08-26 13:00:00+02:00,66.58799743652344,80.04000091552734,56512.1,40797.44,55386.33,0.9800791333218764,62.2075,89.54,19.162878943555555
20721,2026-08-26 14:00:00+02:00,66.58799743652344,80.04000091552734,55741.17,38616.48,53948.4,0.967837596346141,68.4625,91.97,21.358215592776716
20722,2026-08-26 15:00:00+02:00,66.58799743652344,80.04000091552734,54977.86,34551.24,50709.04,0.9223538346304576,84.9975,102.5525,22.21652774360701
20723,2026-08-26 16:00:00+02:00,66.58799743652344,80.04000091552734,55162.9,28438.35,45502.2,0.8248696133044364,114.4025,122.5075,42.844712158595556
20724,2026-08-26 17:00:00+02:00,66.58799743652344,80.04000091552734,55979.42,19859.73,37665.66,0.6728483430744998,147.0525,156.97,90.56945283828153
20725,2026-08-26 18:00:00+02:00,66.58799743652344,80.04000091552734,56333.98,10132.47,28392.26,0.5039988297464516,178.7825,185.625,130.97243556889902
20726,2026-08-26 19:00:00+02:00,66.58799743652344,80.04000091552734,55970.7,2572.86,21644.09,0.386703936097511,209.3075,211.245,159.22336713703288
20727,2026-08-26 20:00:00+02:00,66.58799743652344,80.04000091552734,54070.38,73.42,21262.49,0.3932372954669013,205.1425,201.7775,152.00976615554305
20728,2026-08-26 21:00:00+02:00,66.58799743652344,80.04000091552734,51692.76,0.0,23529.88,0.4551871479767791,182.4925,178.6925,128.90341092959287
20729,2026-08-26 22:00:00+02:00,66.58799743652344,80.04000091552734,48113.89,0.0,24791.05,0.515257652101034,172.26749999999998,163.58749999999998,109.55723236494572
20730,2026-08-26 23:00:00+02:00,66.58799743652344,80.04000091552734,44781.25,0.0,25562.21,0.5708239496282876,159.66,151.1125,97.57734349941744
20731,2026-08-27 00:00:00+02:00,65.6259994506836,78.6050033569336,42309.67,0.0,24834.36,0.5869665254805895,164.0275,148.555,92.14772102928515
20732,2026-08-27 01:00:00+02:00,65.6259994506836,78.6050033569336,40670.74,0.0,24464.28,0.6015204049393936,157.0575,142.175,86.57818196871614
20733,2026-08-27 02:00:00+02:00,65.6259994506836,78.6050033569336,39886.23,0.0,24090.75,0.6039866388465425,151.64249999999998,135.17000000000002,86.1773770307184
20734,2026-08-27 03:00:00+02:00,65.6259994506836,78.6050033569336,39647.99,0.0,24048.57,0.6065520596109533,149.6,134.4225,87.96637081326608
20735,2026-08-27 04:00:00+02:00,65.6259994506836,78.6050033569336,40334.08,0.0,24253.98,0.6013272149504023,151.7575,136.19,87.73404939426462
20736,2026-08-27 05:00:00+02:00,65.6259994506836,78.6050033569336,43212.15,0.0,24530.3,0.5676713608168833,160.465,146.56,96.54914264857119
20737,2026-08-27 06:00:00+02:00,65.6259994506836,78.6050033569336,48864.0,495.37,25540.39,0.5226831613206689,185.13,167.58249999999998,113.54188558099942
20738,2026-08-27 07:00:00+02:00,65.6259994506836,78.6050033569336,53682.64,5561.64,29735.98,0.5539217146261953,195.5375,174.14499999999998,118.2675183812449
20739,2026-08-27 08:00:00+02:00,65.6259994506836,78.6050033569336,56753.51,16412.93,37767.12,0.6654587530065614,193.52,160.3875,99.13278984717302
20740,2026-08-27 09:00:00+02:00,65.6259994506836,78.6050033569336,57974.11,28438.21,46594.23,0.8037075513873853,166.6225,124.6525,58.64205560553452
20741,2026-08-27 10:00:00+02:00,65.6259994506836,78.6050033569336,58364.51,38680.42,55942.3,0.9584985805657412,137.48,104.1025,38.44958544157929
20742,2026-08-27 11:00:00+02:00,65.6259994506836,78.6050033569336,58338.88,45934.01,63174.17,1.0828828045579753,120.66,57.5775,24.896891150685953
20743,2026-08-27 12:00:00+02:00,65.6259994506836,78.6050033569336,57587.35,49560.84,66882.68,1.161412705887419,98.605,21.6825,4.533433666680663
20744,2026-08-27 13:00:00+02:00,65.6259994506836,78.6050033569336,55784.42,49933.5,67560.91,1.2111071512061775,89.54,6.5725,-2.9359240623061957
20745,2026-08-27 14:00:00+02:00,65.6259994506836,78.6050033569336,54417.52,47301.76,65998.61,1.2128191433176634,91.97,14.1925,-5.402653773511176
20746,2026-08-27 15:00:00+02:00,65.6259994506836,78.6050033569336,53655.79,41375.34,61714.13,1.150185841798213,102.5525,45.3825,2.2748931952371176
20747,2026-08-27 16:00:00+02:00,65.6259994506836,78.6050033569336,52777.14,32281.5,54403.14,1.030808793157263,122.5075,96.15,25.007931146569064
20748,2026-08-27 17:00:00+02:00,65.6259994506836,78.6050033569336,53256.07,20839.06,44425.08,0.8341787141195025,156.97,141.7,41.93709135243962
20749,2026-08-27 18:00:00+02:00,65.6259994506836,78.6050033569336,54351.2,9692.69,34268.3,0.6304975785943093,185.625,173.8125,113.42815845390483
20750,2026-08-27 19:00:00+02:00,65.6259994506836,78.6050033569336,54744.94,2305.29,28293.37,0.5168216458878534,211.245,199.2625,138.2768053051835
20751,2026-08-27 20:00:00+02:00,65.6259994506836,78.6050033569336,53328.15,55.32,28493.91,0.5343127409193245,201.7775,191.4875,143.99168244630607
20752,2026-08-27 21:00:00+02:00,65.6259994506836,78.6050033569336,51017.97,0.0,30607.7,0.599939589795529,178.6925,175.92000000000002,119.56509401813028
20753,2026-08-27 22:00:00+02:00,65.6259994506836,78.6050033569336,47940.42,0.0,30867.74,0.6438771290189204,163.58749999999998,164.92000000000002,107.46286371953596
20754,2026-08-27 23:00:00+02:00,65.6259994506836,78.6050033569336,44655.88,0.0,30424.31,0.6813057987702167,151.1125,150.39,95.37408707530824
20755,2026-08-28 00:00:00+02:00,68.09500122070312,78.15499877929688,42154.77,0.0,28761.83,0.6822912328350289,148.555,139.52249999999998,94.24837204277696
20756,2026-08-28 01:00:00+02:00,68.09500122070312,78.15499877929688,40464.6,0.0,27611.08,0.6823514873043719,142.175,139.2875,91.45241860531526
20757,2026-08-28 02:00:00+02:00,68.09500122070312,78.15499877929688,39548.36,0.0,26319.0,0.6654890365452603,135.17000000000002,138.2425,88.44441273362162
20758,2026-08-28 03:00:00+02:00,68.09500122070312,78.15499877929688,39372.66,0.0,24793.73,0.6297194549137092,134.4225,138.8,92.22189870019882
20759,2026-08-28 04:00:00+02:00,68.09500122070312,78.15499877929688,40696.33,0.0,23562.77,0.5789900463803517,136.19,139.09,97.0242747631733
20760,2026-08-28 05:00:00+02:00,68.09500122070312,78.15499877929688,43781.66,0.0,22691.55,0.5182889363906509,146.56,146.76749999999998,106.40206206747516
20761,2026-08-28 06:00:00+02:00,68.09500122070312,78.15499877929688,49327.98,287.53,22816.74,0.4625516795006502,167.58249999999998,171.0075,128.76728919816227
20762,2026-08-28 07:00:00+02:00,68.09500122070312,78.15499877929688,53600.63,3306.11,24790.18,0.4624979220463457,174.14499999999998,177.98,141.8671233305506
20763,2026-08-28 08:00:00+02:00,68.09500122070312,78.15499877929688,56472.87,9488.49,29149.78,0.5161731641200149,160.3875,169.47,129.07077790460238
20764,2026-08-28 09:00:00+02:00,68.09500122070312,78.15499877929688,57497.62,16462.34,33961.51,0.5906594045821967,124.6525,155.1525,111.04652396378036
20765,2026-08-28 10:00:00+02:00,68.09500122070312,78.15499877929688,57846.04,22188.23,37941.64,0.6559073014063006,104.1025,137.64,97.23404740731289
20766,2026-08-28 11:00:00+02:00,68.09500122070312,78.15499877929688,57417.11,25806.13,40971.8,0.7135817179385062,57.5775,121.5825,72.58965091596104
20767,2026-08-28 12:00:00+02:00,68.09500122070312,78.15499877929688,56382.91,28030.82,43037.6,0.7633093075963426,21.6825,110.89,53.19276067715652
20768,2026-08-28 13:00:00+02:00,68.09500122070312,78.15499877929688,54752.39,28297.61,43391.33,0.7925011125920711,6.5725,96.2375,41.30583463270143
20769,2026-08-28 14:00:00+02:00,68.09500122070312,78.15499877929688,53512.47,26736.44,42369.92,0.7917765708083038,14.1925,104.0,45.157523835536196
20770,2026-08-28 15:00:00+02:00,68.09500122070312,78.15499877929688,53129.43,23407.28,39726.17,0.7477243778546608,45.3825,114.37,64.05172706040258
20771,2026-08-28 16:00:00+02:00,68.09500122070312,78.15499877929688,52721.24,18655.25,36010.71,0.6830398904344739,96.15,119.56,81.77847930491777
20772,2026-08-28 17:00:00+02:00,68.09500122070312,78.15499877929688,53356.05,12625.68,31086.25,0.5826190280984782,141.7,143.2025,105.93494762238754
20773,2026-08-28 18:00:00+02:00,68.09500122070312,78.15499877929688,53808.67,6306.27,25596.25,0.4756900699319106,173.8125,160.48,133.54600004084114
20774,2026-08-28 19:00:00+02:00,68.09500122070312,78.15499877929688,53565.36,1549.02,21311.56,0.3978608562701975,199.2625,172.54,157.0111445193961
20775,2026-08-28 20:00:00+02:00,68.09500122070312,78.15499877929688,52001.06,47.66,19930.66,0.3832741101078951,191.4875,176.76999999999998,155.24027692504268
20776,2026-08-28 21:00:00+02:00,68.09500122070312,78.15499877929688,49398.14,0.0,20776.78,0.4205984273050364,175.92000000000002,166.11,134.2801293781899
20777,2026-08-28 22:00:00+02:00,68.09500122070312,78.15499877929688,46382.87,0.0,21812.19,0.4702639141410903,164.92000000000002,161.445,117.72957203006602
20778,2026-08-28 23:00:00+02:00,68.09500122070312,78.15499877929688,43000.72,0.0,22621.06,0.5260623541824271,150.39,145.1325,103.90501871527147
20779,2026-08-29 00:00:00+02:00,66.97899627685547,78.62999725341797,40280.27,0.0,25623.8,0.6361377417191747,139.52249999999998,141.58,81.97204266201223
