Unnamed: 0.1,Unnamed: 0,Datetime_UTC,Gas_1d_lag,Carbon_1d_lag,Forecasted_Grid Load_(Forecasted_Total_Consumption)_MWh,Photovoltaics_MWh,PV_and_Wind_MWh,renewable_penetration_ratio,price_lag_24h,Price_EUR_MWh,ensemble_pred,response_received
6598,20563,2026-08-20 00:00:00+02:00,63.3810005187988,77.5650024414063,41978.8,0,8810.91,0.209889515610287,176.6,172.7125,143.806932786353,"Low renewable penetration leaves a relatively tight conventional margin, increasing upside risk if load or fuel costs strengthen. The ML forecast is invalidated by a >15% real-time wind forecast miss or an unexpected renewable recovery that materially widens the physical margin. For the day-ahead-to-curve view, favor a relative long in the tight-margin hour versus renewable-heavy hours, provided the curve has not already discounted the scarcity premium."
6599,20564,2026-08-20 01:00:00+02:00,63.3810005187988,77.5650024414063,40402.53,0,8511.34,0.210663540077648,157.6,162.35,142.825233747697,"Low renewable penetration leaves a relatively tight conventional margin, increasing upside risk if load or fuel costs strengthen. The ML forecast is invalidated by a >15% real-time wind forecast miss or an unexpected renewable recovery that materially widens the physical margin. For the day-ahead-to-curve view, favor a relative long in the tight-margin hour versus renewable-heavy hours, provided the curve has not already discounted the scarcity premium."
6600,20565,2026-08-20 02:00:00+02:00,63.3810005187988,77.5650024414063,39528.71,0,8597.65,0.21750393569193,151.4125,153.7325,137.456481006385,"Low renewable penetration leaves a relatively tight conventional margin, increasing upside risk if load or fuel costs strengthen. The ML forecast is invalidated by a >15% real-time wind forecast miss or an unexpected renewable recovery that materially widens the physical margin. For the day-ahead-to-curve view, favor a relative long in the tight-margin hour versus renewable-heavy hours, provided the curve has not already discounted the scarcity premium."
6601,20566,2026-08-20 03:00:00+02:00,63.3810005187988,77.5650024414063,39512.56,0,8632.14,0.218465723248895,147.3,147.99,135.922629512666,"Low renewable penetration leaves a relatively tight conventional margin, increasing upside risk if load or fuel costs strengthen. The ML forecast is invalidated by a >15% real-time wind forecast miss or an unexpected renewable recovery that materially widens the physical margin. For the day-ahead-to-curve view, favor a relative long in the tight-margin hour versus renewable-heavy hours, provided the curve has not already discounted the scarcity premium."
6602,20567,2026-08-20 04:00:00+02:00,63.3810005187988,77.5650024414063,40651.73,0,8850.22,0.217708323798837,148.995,148.4925,135.693616784141,"Low renewable penetration leaves a relatively tight conventional margin, increasing upside risk if load or fuel costs strengthen. The ML forecast is invalidated by a >15% real-time wind forecast miss or an unexpected renewable recovery that materially widens the physical margin. For the day-ahead-to-curve view, favor a relative long in the tight-margin hour versus renewable-heavy hours, provided the curve has not already discounted the scarcity premium."
6603,20568,2026-08-20 05:00:00+02:00,63.3810005187988,77.5650024414063,43878.61,0.16,9017.12,0.205501496012408,161.665,159.55,146.659069662799,"Low renewable penetration leaves a relatively tight conventional margin, increasing upside risk if load or fuel costs strengthen. The ML forecast is invalidated by a >15% real-time wind forecast miss or an unexpected renewable recovery that materially widens the physical margin. For the day-ahead-to-curve view, favor a relative long in the tight-margin hour versus renewable-heavy hours, provided the curve has not already discounted the scarcity premium."
6604,20569,2026-08-20 06:00:00+02:00,63.3810005187988,77.5650024414063,49046.46,618.66,9751.54,0.198822504172814,184.7375,182.8,163.230314570509,"Low renewable penetration leaves a relatively tight conventional margin, increasing upside risk if load or fuel costs strengthen. The ML forecast is invalidated by a >15% real-time wind forecast miss or an unexpected renewable recovery that materially widens the physical margin. For the day-ahead-to-curve view, favor a relative long in the tight-margin hour versus renewable-heavy hours, provided the curve has not already discounted the scarcity premium."
6605,20570,2026-08-20 07:00:00+02:00,63.3810005187988,77.5650024414063,53299.83,4888.8,13838.58,0.259636475339671,192.63,186.4325,163.179059575154,"The grid margin appears balanced rather than extreme, so price direction is sensitive to renewable forecast errors and the load trajectory. The ML forecast is invalidated by a >15% real-time wind/solar forecast miss that shifts residual load enough to change the marginal conventional unit. For the day-ahead-to-curve view, keep the spread bias modest and express it only where the day-ahead signal diverges materially from the forward curve after accounting for forecast error."
6606,20571,2026-08-20 08:00:00+02:00,63.3810005187988,77.5650024414063,56185.16,12958.21,21852.8,0.388942560564223,190.865,171.7475,148.700303468004,"The grid margin appears balanced rather than extreme, so price direction is sensitive to renewable forecast errors and the load trajectory. The ML forecast is invalidated by a >15% real-time wind/solar forecast miss that shifts residual load enough to change the marginal conventional unit. For the day-ahead-to-curve view, keep the spread bias modest and express it only where the day-ahead signal diverges materially from the forward curve after accounting for forecast error."
6607,20572,2026-08-20 09:00:00+02:00,63.3810005187988,77.5650024414063,57055.82,22146.9,31826.38,0.557811280153749,169.675,154.505,112.317432492654,"High renewable penetration leaves the residual-load margin vulnerable to downside price pressure, particularly around renewable-output peaks. The ML forecast is invalidated by a >15% real-time renewable forecast miss or sudden economic curtailment that materially changes the supply stack. For the day-ahead-to-curve view, lean toward selling/underweighting the renewable-heavy hours against buying the tighter residual-load hours, with position size limited by forecast uncertainty."
6608,20573,2026-08-20 10:00:00+02:00,63.3810005187988,77.5650024414063,57639.94,30217.65,41424.43,0.718675800023616,152.6675,135.74,71.6904047146619,"Severe midday negative-price risk is elevated as renewable supply occupies a large share of load, with solar creating a compressed residual-load margin. The ML forecast is invalidated by a >15% real-time wind/solar forecast miss or an abrupt solar curtailment event that materially changes residual load. For the day-ahead-to-curve view, favor a cautious short/underweight stance in the solar-heavy midday strip and look to own the later ramp only when the forward curve materially underprices the residual-load reversal."
6609,20574,2026-08-20 11:00:00+02:00,63.3810005187988,77.5650024414063,57713.6,36025.97,49074.89,0.850317602636065,142.96,109.455,47.0469936275932,"Severe midday negative-price risk is elevated as renewable supply occupies a large share of load, with solar creating a compressed residual-load margin. The ML forecast is invalidated by a >15% real-time wind/solar forecast miss or an abrupt solar curtailment event that materially changes residual load. For the day-ahead-to-curve view, favor a cautious short/underweight stance in the solar-heavy midday strip and look to own the later ramp only when the forward curve materially underprices the residual-load reversal."
6610,20575,2026-08-20 12:00:00+02:00,63.3810005187988,77.5650024414063,56817.21,38853.34,54129.84,0.952701478838418,136.0825,83.63,42.6251042510451,"Severe midday negative-price risk is elevated as renewable supply occupies a large share of load, with solar creating a compressed residual-load margin. The ML forecast is invalidated by a >15% real-time wind/solar forecast miss or an abrupt solar curtailment event that materially changes residual load. For the day-ahead-to-curve view, favor a cautious short/underweight stance in the solar-heavy midday strip and look to own the later ramp only when the forward curve materially underprices the residual-load reversal."
6611,20576,2026-08-20 13:00:00+02:00,63.3810005187988,77.5650024414063,55614.04,38763.73,56003.52,1.00700326733915,128.205,63.7075,38.0176991398979,"Severe midday negative-price risk is elevated as renewable supply occupies a large share of load, with solar creating a compressed residual-load margin. The ML forecast is invalidated by a >15% real-time wind/solar forecast miss or an abrupt solar curtailment event that materially changes residual load. For the day-ahead-to-curve view, favor a cautious short/underweight stance in the solar-heavy midday strip and look to own the later ramp only when the forward curve materially underprices the residual-load reversal."
6612,20577,2026-08-20 14:00:00+02:00,63.3810005187988,77.5650024414063,54296.73,36463.73,55133.93,1.01541897624122,127.7725,69.44,37.345593769011,"Severe midday negative-price risk is elevated as renewable supply occupies a large share of load, with solar creating a compressed residual-load margin. The ML forecast is invalidated by a >15% real-time wind/solar forecast miss or an abrupt solar curtailment event that materially changes residual load. For the day-ahead-to-curve view, favor a cautious short/underweight stance in the solar-heavy midday strip and look to own the later ramp only when the forward curve materially underprices the residual-load reversal."
6613,20578,2026-08-20 15:00:00+02:00,63.3810005187988,77.5650024414063,54158.17,32470.06,51698.3,0.954579890540138,131.0075,91.2075,44.2163472195703,"Severe midday negative-price risk is elevated as renewable supply occupies a large share of load, with solar creating a compressed residual-load margin. The ML forecast is invalidated by a >15% real-time wind/solar forecast miss or an abrupt solar curtailment event that materially changes residual load. For the day-ahead-to-curve view, favor a cautious short/underweight stance in the solar-heavy midday strip and look to own the later ramp only when the forward curve materially underprices the residual-load reversal."
6614,20579,2026-08-20 16:00:00+02:00,63.3810005187988,77.5650024414063,53784.6,26946.89,45559.35,0.847070536761997,138.3175,106.005,37.1293682663164,"Severe midday negative-price risk is elevated as renewable supply occupies a large share of load, with solar creating a compressed residual-load margin. The ML forecast is invalidated by a >15% real-time wind/solar forecast miss or an abrupt solar curtailment event that materially changes residual load. For the day-ahead-to-curve view, favor a cautious short/underweight stance in the solar-heavy midday strip and look to own the later ramp only when the forward curve materially underprices the residual-load reversal."
6615,20580,2026-08-20 17:00:00+02:00,63.3810005187988,77.5650024414063,53913.76,19384.2,36422.22,0.675564456889009,153.6425,144.2,89.5225625265953,"Severe midday negative-price risk is elevated as renewable supply occupies a large share of load, with solar creating a compressed residual-load margin. The ML forecast is invalidated by a >15% real-time wind/solar forecast miss or an abrupt solar curtailment event that materially changes residual load. For the day-ahead-to-curve view, favor a cautious short/underweight stance in the solar-heavy midday strip and look to own the later ramp only when the forward curve materially underprices the residual-load reversal."
6616,20581,2026-08-20 18:00:00+02:00,63.3810005187988,77.5650024414063,54588.76,10597.39,24904.15,0.456213879843357,183.735,164.245,136.818402941178,"The grid margin appears balanced rather than extreme, so price direction is sensitive to renewable forecast errors and the load trajectory. The ML forecast is invalidated by a >15% real-time wind/solar forecast miss that shifts residual load enough to change the marginal conventional unit. For the day-ahead-to-curve view, keep the spread bias modest and express it only where the day-ahead signal diverges materially from the forward curve after accounting for forecast error."
6617,20582,2026-08-20 19:00:00+02:00,63.3810005187988,77.5650024414063,54493.08,3181.62,14487.13,0.265852655003928,207.5525,192.2225,181.655160007332,"Steep evening conventional-ramp risk dominates as renewable penetration falls against load, tightening the residual-load margin and supporting upside price risk. The ML forecast is invalidated by a >15% real-time wind forecast miss, especially if wind drops during the evening ramp and forces additional thermal commitment. For the day-ahead-to-curve view, favor a relative long in the evening ramp versus the midday strip, while avoiding the spread if the forward curve already fully prices the residual-load squeeze."
6618,20583,2026-08-20 20:00:00+02:00,63.3810005187988,77.5650024414063,52964,216.52,10109.65,0.190877765993717,209.445,200.6,198.90139303124,"Steep evening conventional-ramp risk dominates as renewable penetration falls against load, tightening the residual-load margin and supporting upside price risk. The ML forecast is invalidated by a >15% real-time wind forecast miss, especially if wind drops during the evening ramp and forces additional thermal commitment. For the day-ahead-to-curve view, favor a relative long in the evening ramp versus the midday strip, while avoiding the spread if the forward curve already fully prices the residual-load squeeze."
6619,20584,2026-08-20 21:00:00+02:00,63.3810005187988,77.5650024414063,50738.59,0,9369.12,0.184654717408455,206.1225,195.6175,188.315871543793,"Steep evening conventional-ramp risk dominates as renewable penetration falls against load, tightening the residual-load margin and supporting upside price risk. The ML forecast is invalidated by a >15% real-time wind forecast miss, especially if wind drops during the evening ramp and forces additional thermal commitment. For the day-ahead-to-curve view, favor a relative long in the evening ramp versus the midday strip, while avoiding the spread if the forward curve already fully prices the residual-load squeeze."
6620,20585,2026-08-20 22:00:00+02:00,63.3810005187988,77.5650024414063,47935.14,0,10038.81,0.209424860298849,199.0975,187.9275,172.967223901417,"Low renewable penetration leaves a relatively tight conventional margin, increasing upside risk if load or fuel costs strengthen. The ML forecast is invalidated by a >15% real-time wind forecast miss or an unexpected renewable recovery that materially widens the physical margin. For the day-ahead-to-curve view, favor a relative long in the tight-margin hour versus renewable-heavy hours, provided the curve has not already discounted the scarcity premium."
6621,20586,2026-08-20 23:00:00+02:00,63.3810005187988,77.5650024414063,44727.17,0,11048.02,0.247009144498297,186.5475,173.015,150.714128531428,"Low renewable penetration leaves a relatively tight conventional margin, increasing upside risk if load or fuel costs strengthen. The ML forecast is invalidated by a >15% real-time wind forecast miss or an unexpected renewable recovery that materially widens the physical margin. For the day-ahead-to-curve view, favor a relative long in the tight-margin hour versus renewable-heavy hours, provided the curve has not already discounted the scarcity premium."
6622,20587,2026-08-21 00:00:00+02:00,65.2949981689453,78.0800018310547,41149.73,0,11118.04,0.270185004793425,172.7125,170.35,133.801028650562,"The grid margin appears balanced rather than extreme, so price direction is sensitive to renewable forecast errors and the load trajectory. The ML forecast is invalidated by a >15% real-time wind/solar forecast miss that shifts residual load enough to change the marginal conventional unit. For the day-ahead-to-curve view, keep the spread bias modest and express it only where the day-ahead signal diverges materially from the forward curve after accounting for forecast error."
6623,20588,2026-08-21 01:00:00+02:00,65.2949981689453,78.0800018310547,39716.61,0,11713.32,0.294922451766422,162.35,160.49,127.378429450778,"The grid margin appears balanced rather than extreme, so price direction is sensitive to renewable forecast errors and the load trajectory. The ML forecast is invalidated by a >15% real-time wind/solar forecast miss that shifts residual load enough to change the marginal conventional unit. For the day-ahead-to-curve view, keep the spread bias modest and express it only where the day-ahead signal diverges materially from the forward curve after accounting for forecast error."
6624,20589,2026-08-21 02:00:00+02:00,65.2949981689453,78.0800018310547,39214.86,0,12107.87,0.308757190435269,153.7325,152.4875,126.676004261035,"The grid margin appears balanced rather than extreme, so price direction is sensitive to renewable forecast errors and the load trajectory. The ML forecast is invalidated by a >15% real-time wind/solar forecast miss that shifts residual load enough to change the marginal conventional unit. For the day-ahead-to-curve view, keep the spread bias modest and express it only where the day-ahead signal diverges materially from the forward curve after accounting for forecast error."
6625,20590,2026-08-21 03:00:00+02:00,65.2949981689453,78.0800018310547,39203.1,0,11785.91,0.30063719443089,147.99,151.475,124.231011615403,"The grid margin appears balanced rather than extreme, so price direction is sensitive to renewable forecast errors and the load trajectory. The ML forecast is invalidated by a >15% real-time wind/solar forecast miss that shifts residual load enough to change the marginal conventional unit. For the day-ahead-to-curve view, keep the spread bias modest and express it only where the day-ahead signal diverges materially from the forward curve after accounting for forecast error."
6626,20591,2026-08-21 04:00:00+02:00,65.2949981689453,78.0800018310547,40401.75,0,10957.45,0.271212261777965,148.4925,153.21,127.634304822399,"The grid margin appears balanced rather than extreme, so price direction is sensitive to renewable forecast errors and the load trajectory. The ML forecast is invalidated by a >15% real-time wind/solar forecast miss that shifts residual load enough to change the marginal conventional unit. For the day-ahead-to-curve view, keep the spread bias modest and express it only where the day-ahead signal diverges materially from the forward curve after accounting for forecast error."
6627,20592,2026-08-21 05:00:00+02:00,65.2949981689453,78.0800018310547,43098.98,0.12,10021.65,0.232526384561183,159.55,165.875,135.98867360459,"Low renewable penetration leaves a relatively tight conventional margin, increasing upside risk if load or fuel costs strengthen. The ML forecast is invalidated by a >15% real-time wind forecast miss or an unexpected renewable recovery that materially widens the physical margin. For the day-ahead-to-curve view, favor a relative long in the tight-margin hour versus renewable-heavy hours, provided the curve has not already discounted the scarcity premium."
6628,20593,2026-08-21 06:00:00+02:00,65.2949981689453,78.0800018310547,48251.63,668.7,9846.81,0.204072069647373,182.8,189.21,158.503137345761,"Low renewable penetration leaves a relatively tight conventional margin, increasing upside risk if load or fuel costs strengthen. The ML forecast is invalidated by a >15% real-time wind forecast miss or an unexpected renewable recovery that materially widens the physical margin. For the day-ahead-to-curve view, favor a relative long in the tight-margin hour versus renewable-heavy hours, provided the curve has not already discounted the scarcity premium."
6629,20594,2026-08-21 07:00:00+02:00,65.2949981689453,78.0800018310547,52158.38,5228.19,13240.61,0.253853934831976,186.4325,193.89,152.163948813419,"The grid margin appears balanced rather than extreme, so price direction is sensitive to renewable forecast errors and the load trajectory. The ML forecast is invalidated by a >15% real-time wind/solar forecast miss that shifts residual load enough to change the marginal conventional unit. For the day-ahead-to-curve view, keep the spread bias modest and express it only where the day-ahead signal diverges materially from the forward curve after accounting for forecast error."
6630,20595,2026-08-21 08:00:00+02:00,65.2949981689453,78.0800018310547,55065.46,13613.12,19921.81,0.361784138303433,171.7475,192.585,139.996486466298,"The grid margin appears balanced rather than extreme, so price direction is sensitive to renewable forecast errors and the load trajectory. The ML forecast is invalidated by a >15% real-time wind/solar forecast miss that shifts residual load enough to change the marginal conventional unit. For the day-ahead-to-curve view, keep the spread bias modest and express it only where the day-ahead signal diverges materially from the forward curve after accounting for forecast error."
6631,20596,2026-08-21 09:00:00+02:00,65.2949981689453,78.0800018310547,56159.15,22253.73,27343.78,0.486898038790313,154.505,167.83,123.171890749005,"The grid margin appears balanced rather than extreme, so price direction is sensitive to renewable forecast errors and the load trajectory. The ML forecast is invalidated by a >15% real-time wind/solar forecast miss that shifts residual load enough to change the marginal conventional unit. For the day-ahead-to-curve view, keep the spread bias modest and express it only where the day-ahead signal diverges materially from the forward curve after accounting for forecast error."
6632,20597,2026-08-21 10:00:00+02:00,65.2949981689453,78.0800018310547,56372.14,28436.22,33263.3,0.590066298602454,135.74,149,102.060187809433,"High renewable penetration leaves the residual-load margin vulnerable to downside price pressure, particularly around renewable-output peaks. The ML forecast is invalidated by a >15% real-time renewable forecast miss or sudden economic curtailment that materially changes the supply stack. For the day-ahead-to-curve view, lean toward selling/underweighting the renewable-heavy hours against buying the tighter residual-load hours, with position size limited by forecast uncertainty."
6633,20598,2026-08-21 11:00:00+02:00,65.2949981689453,78.0800018310547,56164.04,31324.73,35853.36,0.638368607272844,109.455,138.8825,99.0889285456124,"High renewable penetration leaves the residual-load margin vulnerable to downside price pressure, particularly around renewable-output peaks. The ML forecast is invalidated by a >15% real-time renewable forecast miss or sudden economic curtailment that materially changes the supply stack. For the day-ahead-to-curve view, lean toward selling/underweighting the renewable-heavy hours against buying the tighter residual-load hours, with position size limited by forecast uncertainty."
6634,20599,2026-08-21 12:00:00+02:00,65.2949981689453,78.0800018310547,55493.6,31000.22,35367.98,0.63733439520281,83.63,135.21,91.5616783923205,"High renewable penetration leaves the residual-load margin vulnerable to downside price pressure, particularly around renewable-output peaks. The ML forecast is invalidated by a >15% real-time renewable forecast miss or sudden economic curtailment that materially changes the supply stack. For the day-ahead-to-curve view, lean toward selling/underweighting the renewable-heavy hours against buying the tighter residual-load hours, with position size limited by forecast uncertainty."
6635,20600,2026-08-21 13:00:00+02:00,65.2949981689453,78.0800018310547,54011.72,27944.74,32480.06,0.601352076808265,63.7075,140.495,91.6407118822509,"High renewable penetration leaves the residual-load margin vulnerable to downside price pressure, particularly around renewable-output peaks. The ML forecast is invalidated by a >15% real-time renewable forecast miss or sudden economic curtailment that materially changes the supply stack. For the day-ahead-to-curve view, lean toward selling/underweighting the renewable-heavy hours against buying the tighter residual-load hours, with position size limited by forecast uncertainty."
6636,20601,2026-08-21 14:00:00+02:00,65.2949981689453,78.0800018310547,52691.65,23538.29,28517.86,0.541221616605056,69.44,141.1725,101.322983169769,"The grid margin appears balanced rather than extreme, so price direction is sensitive to renewable forecast errors and the load trajectory. The ML forecast is invalidated by a >15% real-time wind/solar forecast miss that shifts residual load enough to change the marginal conventional unit. For the day-ahead-to-curve view, keep the spread bias modest and express it only where the day-ahead signal diverges materially from the forward curve after accounting for forecast error."
6637,20602,2026-08-21 15:00:00+02:00,65.2949981689453,78.0800018310547,52143.36,18908.16,24212.59,0.464346562924916,91.2075,149.7475,113.431723109279,"The grid margin appears balanced rather than extreme, so price direction is sensitive to renewable forecast errors and the load trajectory. The ML forecast is invalidated by a >15% real-time wind/solar forecast miss that shifts residual load enough to change the marginal conventional unit. For the day-ahead-to-curve view, keep the spread bias modest and express it only where the day-ahead signal diverges materially from the forward curve after accounting for forecast error."
6638,20603,2026-08-21 16:00:00+02:00,65.2949981689453,78.0800018310547,51760.65,14323.67,19844.74,0.383394335197994,106.005,166.49,130.355350977415,"The grid margin appears balanced rather than extreme, so price direction is sensitive to renewable forecast errors and the load trajectory. The ML forecast is invalidated by a >15% real-time wind/solar forecast miss that shifts residual load enough to change the marginal conventional unit. For the day-ahead-to-curve view, keep the spread bias modest and express it only where the day-ahead signal diverges materially from the forward curve after accounting for forecast error."
6639,20604,2026-08-21 17:00:00+02:00,65.2949981689453,78.0800018310547,52165.78,9711.3,15336.72,0.293999629585909,144.2,186.2075,142.066904932837,"Steep evening conventional-ramp risk dominates as renewable penetration falls against load, tightening the residual-load margin and supporting upside price risk. The ML forecast is invalidated by a >15% real-time wind forecast miss, especially if wind drops during the evening ramp and forces additional thermal commitment. For the day-ahead-to-curve view, favor a relative long in the evening ramp versus the midday strip, while avoiding the spread if the forward curve already fully prices the residual-load squeeze."
6640,20605,2026-08-21 18:00:00+02:00,65.2949981689453,78.0800018310547,52223.88,5396.71,10855.47,0.20786410350823,164.245,196.99,154.597060170904,"Steep evening conventional-ramp risk dominates as renewable penetration falls against load, tightening the residual-load margin and supporting upside price risk. The ML forecast is invalidated by a >15% real-time wind forecast miss, especially if wind drops during the evening ramp and forces additional thermal commitment. For the day-ahead-to-curve view, favor a relative long in the evening ramp versus the midday strip, while avoiding the spread if the forward curve already fully prices the residual-load squeeze."
6641,20606,2026-08-21 19:00:00+02:00,65.2949981689453,78.0800018310547,51498.83,1766.96,7201.3,0.139834244750835,192.2225,204.415,175.199622621411,"Steep evening conventional-ramp risk dominates as renewable penetration falls against load, tightening the residual-load margin and supporting upside price risk. The ML forecast is invalidated by a >15% real-time wind forecast miss, especially if wind drops during the evening ramp and forces additional thermal commitment. For the day-ahead-to-curve view, favor a relative long in the evening ramp versus the midday strip, while avoiding the spread if the forward curve already fully prices the residual-load squeeze."
6642,20607,2026-08-21 20:00:00+02:00,65.2949981689453,78.0800018310547,49703.73,144.48,5769.59,0.116079618146147,200.6,203.905,177.803194527126,"Steep evening conventional-ramp risk dominates as renewable penetration falls against load, tightening the residual-load margin and supporting upside price risk. The ML forecast is invalidated by a >15% real-time wind forecast miss, especially if wind drops during the evening ramp and forces additional thermal commitment. For the day-ahead-to-curve view, favor a relative long in the evening ramp versus the midday strip, while avoiding the spread if the forward curve already fully prices the residual-load squeeze."
6643,20608,2026-08-21 21:00:00+02:00,65.2949981689453,78.0800018310547,47749.31,0,5331.9,0.111664440782146,195.6175,198.715,173.02175428932,"Steep evening conventional-ramp risk dominates as renewable penetration falls against load, tightening the residual-load margin and supporting upside price risk. The ML forecast is invalidated by a >15% real-time wind forecast miss, especially if wind drops during the evening ramp and forces additional thermal commitment. For the day-ahead-to-curve view, favor a relative long in the evening ramp versus the midday strip, while avoiding the spread if the forward curve already fully prices the residual-load squeeze."
6644,20609,2026-08-21 22:00:00+02:00,65.2949981689453,78.0800018310547,44980.05,0,5417.02,0.120431613544131,187.9275,187.3575,160.753109440863,"Low renewable penetration leaves a relatively tight conventional margin, increasing upside risk if load or fuel costs strengthen. The ML forecast is invalidated by a >15% real-time wind forecast miss or an unexpected renewable recovery that materially widens the physical margin. For the day-ahead-to-curve view, favor a relative long in the tight-margin hour versus renewable-heavy hours, provided the curve has not already discounted the scarcity premium."
6645,20610,2026-08-21 23:00:00+02:00,65.2949981689453,78.0800018310547,42157.2,0,5610.2,0.133078098134345,173.015,173.5,153.467273897365,"Low renewable penetration leaves a relatively tight conventional margin, increasing upside risk if load or fuel costs strengthen. The ML forecast is invalidated by a >15% real-time wind forecast miss or an unexpected renewable recovery that materially widens the physical margin. For the day-ahead-to-curve view, favor a relative long in the tight-margin hour versus renewable-heavy hours, provided the curve has not already discounted the scarcity premium."
6646,20611,2026-08-22 00:00:00+02:00,65.8649978637695,78.5,39395.09,0,6722.09,0.170632685400482,170.35,168.0075,143.860723276032,"Low renewable penetration leaves a relatively tight conventional margin, increasing upside risk if load or fuel costs strengthen. The ML forecast is invalidated by a >15% real-time wind forecast miss or an unexpected renewable recovery that materially widens the physical margin. For the day-ahead-to-curve view, favor a relative long in the tight-margin hour versus renewable-heavy hours, provided the curve has not already discounted the scarcity premium."
6647,20612,2026-08-22 01:00:00+02:00,65.8649978637695,78.5,37823.28,0,7441.62,0.19674708269702,160.49,161.535,135.957478605468,"Low renewable penetration leaves a relatively tight conventional margin, increasing upside risk if load or fuel costs strengthen. The ML forecast is invalidated by a >15% real-time wind forecast miss or an unexpected renewable recovery that materially widens the physical margin. For the day-ahead-to-curve view, favor a relative long in the tight-margin hour versus renewable-heavy hours, provided the curve has not already discounted the scarcity premium."
6648,20613,2026-08-22 02:00:00+02:00,65.8649978637695,78.5,36843.58,0,8657.3,0.234974451387467,152.4875,158.7125,131.167038731823,"Low renewable penetration leaves a relatively tight conventional margin, increasing upside risk if load or fuel costs strengthen. The ML forecast is invalidated by a >15% real-time wind forecast miss or an unexpected renewable recovery that materially widens the physical margin. For the day-ahead-to-curve view, favor a relative long in the tight-margin hour versus renewable-heavy hours, provided the curve has not already discounted the scarcity premium."
6649,20614,2026-08-22 03:00:00+02:00,65.8649978637695,78.5,36489.87,0,9761.86,0.267522465750762,151.475,154.39,127.904676949418,"The grid margin appears balanced rather than extreme, so price direction is sensitive to renewable forecast errors and the load trajectory. The ML forecast is invalidated by a >15% real-time wind/solar forecast miss that shifts residual load enough to change the marginal conventional unit. For the day-ahead-to-curve view, keep the spread bias modest and express it only where the day-ahead signal diverges materially from the forward curve after accounting for forecast error."
6650,20615,2026-08-22 04:00:00+02:00,65.8649978637695,78.5,36736.9,0,10982.91,0.298961262300586,153.21,148.5,123.123414295355,"The grid margin appears balanced rather than extreme, so price direction is sensitive to renewable forecast errors and the load trajectory. The ML forecast is invalidated by a >15% real-time wind/solar forecast miss that shifts residual load enough to change the marginal conventional unit. For the day-ahead-to-curve view, keep the spread bias modest and express it only where the day-ahead signal diverges materially from the forward curve after accounting for forecast error."
6651,20616,2026-08-22 05:00:00+02:00,65.8649978637695,78.5,37466.44,0,12091.36,0.322725084015795,165.875,145.5075,123.34649574311,"The grid margin appears balanced rather than extreme, so price direction is sensitive to renewable forecast errors and the load trajectory. The ML forecast is invalidated by a >15% real-time wind/solar forecast miss that shifts residual load enough to change the marginal conventional unit. For the day-ahead-to-curve view, keep the spread bias modest and express it only where the day-ahead signal diverges materially from the forward curve after accounting for forecast error."
6652,20617,2026-08-22 06:00:00+02:00,65.8649978637695,78.5,39259.17,435.36,13439.64,0.342331231062111,189.21,153.89,125.439269047351,"The grid margin appears balanced rather than extreme, so price direction is sensitive to renewable forecast errors and the load trajectory. The ML forecast is invalidated by a >15% real-time wind/solar forecast miss that shifts residual load enough to change the marginal conventional unit. For the day-ahead-to-curve view, keep the spread bias modest and express it only where the day-ahead signal diverges materially from the forward curve after accounting for forecast error."
6653,20618,2026-08-22 07:00:00+02:00,65.8649978637695,78.5,41597.54,4063.13,17494.25,0.420559725305737,193.89,144.005,117.844908946471,"The grid margin appears balanced rather than extreme, so price direction is sensitive to renewable forecast errors and the load trajectory. The ML forecast is invalidated by a >15% real-time wind/solar forecast miss that shifts residual load enough to change the marginal conventional unit. For the day-ahead-to-curve view, keep the spread bias modest and express it only where the day-ahead signal diverges materially from the forward curve after accounting for forecast error."
6654,20619,2026-08-22 08:00:00+02:00,65.8649978637695,78.5,44404.28,11081.27,24516.59,0.552122227732975,192.585,128.13,100.123190676673,"High renewable penetration leaves the residual-load margin vulnerable to downside price pressure, particularly around renewable-output peaks. The ML forecast is invalidated by a >15% real-time renewable forecast miss or sudden economic curtailment that materially changes the supply stack. For the day-ahead-to-curve view, lean toward selling/underweighting the renewable-heavy hours against buying the tighter residual-load hours, with position size limited by forecast uncertainty."
6655,20620,2026-08-22 09:00:00+02:00,65.8649978637695,78.5,46461.2,19260.2,32885.48,0.707805222269807,167.83,90.2675,72.4519816129615,"Severe midday negative-price risk is elevated as renewable supply occupies a large share of load, with solar creating a compressed residual-load margin. The ML forecast is invalidated by a >15% real-time wind/solar forecast miss or an abrupt solar curtailment event that materially changes residual load. For the day-ahead-to-curve view, favor a cautious short/underweight stance in the solar-heavy midday strip and look to own the later ramp only when the forward curve materially underprices the residual-load reversal."
6656,20621,2026-08-22 10:00:00+02:00,65.8649978637695,78.5,47454.19,26542.85,41238.9,0.869025474701175,149,50.295,42.1574474992833,"Severe midday negative-price risk is elevated as renewable supply occupies a large share of load, with solar creating a compressed residual-load margin. The ML forecast is invalidated by a >15% real-time wind/solar forecast miss or an abrupt solar curtailment event that materially changes residual load. For the day-ahead-to-curve view, favor a cautious short/underweight stance in the solar-heavy midday strip and look to own the later ramp only when the forward curve materially underprices the residual-load reversal."
6657,20622,2026-08-22 11:00:00+02:00,65.8649978637695,78.5,47826.79,31562.97,47815.67,0.999767494117885,138.8825,19.8125,36.9932545098256,"Severe midday negative-price risk is elevated as renewable supply occupies a large share of load, with solar creating a compressed residual-load margin. The ML forecast is invalidated by a >15% real-time wind/solar forecast miss or an abrupt solar curtailment event that materially changes residual load. For the day-ahead-to-curve view, favor a cautious short/underweight stance in the solar-heavy midday strip and look to own the later ramp only when the forward curve materially underprices the residual-load reversal."
6658,20623,2026-08-22 12:00:00+02:00,65.8649978637695,78.5,47399.6,34432.3,52263.29,1.10261035934847,135.21,0.9975,25.4699562442264,"Severe midday negative-price risk is elevated as renewable supply occupies a large share of load, with solar creating a compressed residual-load margin. The ML forecast is invalidated by a >15% real-time wind/solar forecast miss or an abrupt solar curtailment event that materially changes residual load. For the day-ahead-to-curve view, favor a cautious short/underweight stance in the solar-heavy midday strip and look to own the later ramp only when the forward curve materially underprices the residual-load reversal."
6659,20624,2026-08-22 13:00:00+02:00,65.8649978637695,78.5,46139.61,35574.03,55102.68,1.19425976916704,140.495,-0.005,11.5336304665554,"Severe midday negative-price risk is elevated as renewable supply occupies a large share of load, with solar creating a compressed residual-load margin. The ML forecast is invalidated by a >15% real-time wind/solar forecast miss or an abrupt solar curtailment event that materially changes residual load. For the day-ahead-to-curve view, favor a cautious short/underweight stance in the solar-heavy midday strip and look to own the later ramp only when the forward curve materially underprices the residual-load reversal."
6660,20625,2026-08-22 14:00:00+02:00,65.8649978637695,78.5,45204.88,35336.89,56570.24,1.25141887308374,141.1725,-0.01,8.10152839092713,"Severe midday negative-price risk is elevated as renewable supply occupies a large share of load, with solar creating a compressed residual-load margin. The ML forecast is invalidated by a >15% real-time wind/solar forecast miss or an abrupt solar curtailment event that materially changes residual load. For the day-ahead-to-curve view, favor a cautious short/underweight stance in the solar-heavy midday strip and look to own the later ramp only when the forward curve materially underprices the residual-load reversal."
6661,20626,2026-08-22 15:00:00+02:00,65.8649978637695,78.5,44951.48,33239.94,55808.73,1.24153264781459,149.7475,-0.0975,14.5346334062493,"Severe midday negative-price risk is elevated as renewable supply occupies a large share of load, with solar creating a compressed residual-load margin. The ML forecast is invalidated by a >15% real-time wind/solar forecast miss or an abrupt solar curtailment event that materially changes residual load. For the day-ahead-to-curve view, favor a cautious short/underweight stance in the solar-heavy midday strip and look to own the later ramp only when the forward curve materially underprices the residual-load reversal."
6662,20627,2026-08-22 16:00:00+02:00,65.8649978637695,78.5,45303.69,28539.86,52402.69,1.15669805237571,166.49,-0.0025,17.4326047303433,"Severe midday negative-price risk is elevated as renewable supply occupies a large share of load, with solar creating a compressed residual-load margin. The ML forecast is invalidated by a >15% real-time wind/solar forecast miss or an abrupt solar curtailment event that materially changes residual load. For the day-ahead-to-curve view, favor a cautious short/underweight stance in the solar-heavy midday strip and look to own the later ramp only when the forward curve materially underprices the residual-load reversal."
6663,20628,2026-08-22 17:00:00+02:00,65.8649978637695,78.5,45746.14,21111.96,46017.5,1.00593186638131,186.2075,28.39,22.9376909519807,"Severe midday negative-price risk is elevated as renewable supply occupies a large share of load, with solar creating a compressed residual-load margin. The ML forecast is invalidated by a >15% real-time wind/solar forecast miss or an abrupt solar curtailment event that materially changes residual load. For the day-ahead-to-curve view, favor a cautious short/underweight stance in the solar-heavy midday strip and look to own the later ramp only when the forward curve materially underprices the residual-load reversal."
6664,20629,2026-08-22 18:00:00+02:00,65.8649978637695,78.5,46871.19,11608.58,36328.88,0.775079104930965,196.99,105.0725,58.1576490925022,"High renewable penetration leaves the residual-load margin vulnerable to downside price pressure, particularly around renewable-output peaks. The ML forecast is invalidated by a >15% real-time renewable forecast miss or sudden economic curtailment that materially changes the supply stack. For the day-ahead-to-curve view, lean toward selling/underweighting the renewable-heavy hours against buying the tighter residual-load hours, with position size limited by forecast uncertainty."
6665,20630,2026-08-22 19:00:00+02:00,65.8649978637695,78.5,47010.63,3334.33,26932.96,0.572912126348251,204.415,149.15,101.781606500266,"High renewable penetration leaves the residual-load margin vulnerable to downside price pressure, particularly around renewable-output peaks. The ML forecast is invalidated by a >15% real-time renewable forecast miss or sudden economic curtailment that materially changes the supply stack. For the day-ahead-to-curve view, lean toward selling/underweighting the renewable-heavy hours against buying the tighter residual-load hours, with position size limited by forecast uncertainty."
6666,20631,2026-08-22 20:00:00+02:00,65.8649978637695,78.5,45423.34,157.51,23138.78,0.509402875149779,203.905,164.1625,114.372882901423,"The grid margin appears balanced rather than extreme, so price direction is sensitive to renewable forecast errors and the load trajectory. The ML forecast is invalidated by a >15% real-time wind/solar forecast miss that shifts residual load enough to change the marginal conventional unit. For the day-ahead-to-curve view, keep the spread bias modest and express it only where the day-ahead signal diverges materially from the forward curve after accounting for forecast error."
6667,20632,2026-08-22 21:00:00+02:00,65.8649978637695,78.5,43559.93,0,22671.88,0.520475583748533,198.715,168.2025,106.142913816804,"The grid margin appears balanced rather than extreme, so price direction is sensitive to renewable forecast errors and the load trajectory. The ML forecast is invalidated by a >15% real-time wind/solar forecast miss that shifts residual load enough to change the marginal conventional unit. For the day-ahead-to-curve view, keep the spread bias modest and express it only where the day-ahead signal diverges materially from the forward curve after accounting for forecast error."
6668,20633,2026-08-22 22:00:00+02:00,65.8649978637695,78.5,41661.8,0,22166.52,0.532058624319626,187.3575,155.7075,103.98893559392,"The grid margin appears balanced rather than extreme, so price direction is sensitive to renewable forecast errors and the load trajectory. The ML forecast is invalidated by a >15% real-time wind/solar forecast miss that shifts residual load enough to change the marginal conventional unit. For the day-ahead-to-curve view, keep the spread bias modest and express it only where the day-ahead signal diverges materially from the forward curve after accounting for forecast error."
6669,20634,2026-08-22 23:00:00+02:00,65.8649978637695,78.5,39381,0,21982.67,0.558204971799039,173.5,141.12,104.083304744672,"High renewable penetration leaves the residual-load margin vulnerable to downside price pressure, particularly around renewable-output peaks. The ML forecast is invalidated by a >15% real-time renewable forecast miss or sudden economic curtailment that materially changes the supply stack. For the day-ahead-to-curve view, lean toward selling/underweighting the renewable-heavy hours against buying the tighter residual-load hours, with position size limited by forecast uncertainty."
6670,20635,2026-08-23 00:00:00+02:00,65.8649978637695,78.5,37979.62,0,21384.39,0.563049077225352,168.0075,132.6725,96.0064196483822,"High renewable penetration leaves the residual-load margin vulnerable to downside price pressure, particularly around renewable-output peaks. The ML forecast is invalidated by a >15% real-time renewable forecast miss or sudden economic curtailment that materially changes the supply stack. For the day-ahead-to-curve view, lean toward selling/underweighting the renewable-heavy hours against buying the tighter residual-load hours, with position size limited by forecast uncertainty."
6671,20636,2026-08-23 01:00:00+02:00,65.8649978637695,78.5,36439.81,0,21309.08,0.584774728357592,161.535,125.82,90.3769594593075,"High renewable penetration leaves the residual-load margin vulnerable to downside price pressure, particularly around renewable-output peaks. The ML forecast is invalidated by a >15% real-time renewable forecast miss or sudden economic curtailment that materially changes the supply stack. For the day-ahead-to-curve view, lean toward selling/underweighting the renewable-heavy hours against buying the tighter residual-load hours, with position size limited by forecast uncertainty."
6672,20637,2026-08-23 02:00:00+02:00,65.8649978637695,78.5,35736.22,0,21264.38,0.595037191791679,158.7125,119.365,80.4554412920141,"High renewable penetration leaves the residual-load margin vulnerable to downside price pressure, particularly around renewable-output peaks. The ML forecast is invalidated by a >15% real-time renewable forecast miss or sudden economic curtailment that materially changes the supply stack. For the day-ahead-to-curve view, lean toward selling/underweighting the renewable-heavy hours against buying the tighter residual-load hours, with position size limited by forecast uncertainty."
6673,20638,2026-08-23 03:00:00+02:00,65.8649978637695,78.5,35361.65,0,21076.45,0.596025637775379,154.39,116.21,77.2817267408583,"High renewable penetration leaves the residual-load margin vulnerable to downside price pressure, particularly around renewable-output peaks. The ML forecast is invalidated by a >15% real-time renewable forecast miss or sudden economic curtailment that materially changes the supply stack. For the day-ahead-to-curve view, lean toward selling/underweighting the renewable-heavy hours against buying the tighter residual-load hours, with position size limited by forecast uncertainty."
6674,20639,2026-08-23 04:00:00+02:00,65.8649978637695,78.5,35597.08,0,20818.21,0.584829148743428,148.5,114.7425,76.522056474218,"High renewable penetration leaves the residual-load margin vulnerable to downside price pressure, particularly around renewable-output peaks. The ML forecast is invalidated by a >15% real-time renewable forecast miss or sudden economic curtailment that materially changes the supply stack. For the day-ahead-to-curve view, lean toward selling/underweighting the renewable-heavy hours against buying the tighter residual-load hours, with position size limited by forecast uncertainty."
6675,20640,2026-08-23 05:00:00+02:00,65.8649978637695,78.5,36464.11,0,20631.04,0.565790307081185,145.5075,116.735,73.9012404184025,"High renewable penetration leaves the residual-load margin vulnerable to downside price pressure, particularly around renewable-output peaks. The ML forecast is invalidated by a >15% real-time renewable forecast miss or sudden economic curtailment that materially changes the supply stack. For the day-ahead-to-curve view, lean toward selling/underweighting the renewable-heavy hours against buying the tighter residual-load hours, with position size limited by forecast uncertainty."
6676,20641,2026-08-23 06:00:00+02:00,65.8649978637695,78.5,38125.29,655.76,21298.59,0.5586472914544,153.89,116.7075,83.513445334983,"High renewable penetration leaves the residual-load margin vulnerable to downside price pressure, particularly around renewable-output peaks. The ML forecast is invalidated by a >15% real-time renewable forecast miss or sudden economic curtailment that materially changes the supply stack. For the day-ahead-to-curve view, lean toward selling/underweighting the renewable-heavy hours against buying the tighter residual-load hours, with position size limited by forecast uncertainty."
6677,20642,2026-08-23 07:00:00+02:00,65.8649978637695,78.5,40394.97,5895.31,25702.36,0.63627624908837,144.005,102.0925,73.6142802991093,"High renewable penetration leaves the residual-load margin vulnerable to downside price pressure, particularly around renewable-output peaks. The ML forecast is invalidated by a >15% real-time renewable forecast miss or sudden economic curtailment that materially changes the supply stack. For the day-ahead-to-curve view, lean toward selling/underweighting the renewable-heavy hours against buying the tighter residual-load hours, with position size limited by forecast uncertainty."
6678,20643,2026-08-23 08:00:00+02:00,65.8649978637695,78.5,42961.47,16391.21,35180.16,0.818877007509548,128.13,49.83,40.7439438892029,"Severe midday negative-price risk is elevated as renewable supply occupies a large share of load, with solar creating a compressed residual-load margin. The ML forecast is invalidated by a >15% real-time wind/solar forecast miss or an abrupt solar curtailment event that materially changes residual load. For the day-ahead-to-curve view, favor a cautious short/underweight stance in the solar-heavy midday strip and look to own the later ramp only when the forward curve materially underprices the residual-load reversal."
6679,20644,2026-08-23 09:00:00+02:00,65.8649978637695,78.5,45097.53,27377.95,45822.73,1.01608070308594,90.2675,1.005,22.2878770517146,"Severe midday negative-price risk is elevated as renewable supply occupies a large share of load, with solar creating a compressed residual-load margin. The ML forecast is invalidated by a >15% real-time wind/solar forecast miss or an abrupt solar curtailment event that materially changes residual load. For the day-ahead-to-curve view, favor a cautious short/underweight stance in the solar-heavy midday strip and look to own the later ramp only when the forward curve materially underprices the residual-load reversal."
6680,20645,2026-08-23 10:00:00+02:00,65.8649978637695,78.5,46187.05,35150.07,51187.52,1.1082656283291,50.295,-0.57,9.72866793973119,"Severe midday negative-price risk is elevated as renewable supply occupies a large share of load, with solar creating a compressed residual-load margin. The ML forecast is invalidated by a >15% real-time wind/solar forecast miss or an abrupt solar curtailment event that materially changes residual load. For the day-ahead-to-curve view, favor a cautious short/underweight stance in the solar-heavy midday strip and look to own the later ramp only when the forward curve materially underprices the residual-load reversal."
6681,20646,2026-08-23 11:00:00+02:00,65.8649978637695,78.5,46326.3,39467.94,53962.1,1.16482645901684,19.8125,-1.83,-6.92280221265403,"Severe midday negative-price risk is elevated as renewable supply occupies a large share of load, with solar creating a compressed residual-load margin. The ML forecast is invalidated by a >15% real-time wind/solar forecast miss or an abrupt solar curtailment event that materially changes residual load. For the day-ahead-to-curve view, favor a cautious short/underweight stance in the solar-heavy midday strip and look to own the later ramp only when the forward curve materially underprices the residual-load reversal."
6682,20647,2026-08-23 12:00:00+02:00,65.8649978637695,78.5,45213.65,41266.84,54080.92,1.19611931326135,0.9975,-3.035,-17.1220805431864,"Severe midday negative-price risk is elevated as renewable supply occupies a large share of load, with solar creating a compressed residual-load margin. The ML forecast is invalidated by a >15% real-time wind/solar forecast miss or an abrupt solar curtailment event that materially changes residual load. For the day-ahead-to-curve view, favor a cautious short/underweight stance in the solar-heavy midday strip and look to own the later ramp only when the forward curve materially underprices the residual-load reversal."
6683,20648,2026-08-23 13:00:00+02:00,65.8649978637695,78.5,44196.11,41197.1,53351.22,1.20714741609451,-0.005,-4.9975,-21.3854176657762,"Severe midday negative-price risk is elevated as renewable supply occupies a large share of load, with solar creating a compressed residual-load margin. The ML forecast is invalidated by a >15% real-time wind/solar forecast miss or an abrupt solar curtailment event that materially changes residual load. For the day-ahead-to-curve view, favor a cautious short/underweight stance in the solar-heavy midday strip and look to own the later ramp only when the forward curve materially underprices the residual-load reversal."
6684,20649,2026-08-23 14:00:00+02:00,65.8649978637695,78.5,43597.67,39326.91,51798.72,1.18810752932712,-0.01,-4.2325,-16.3684786446017,"Severe midday negative-price risk is elevated as renewable supply occupies a large share of load, with solar creating a compressed residual-load margin. The ML forecast is invalidated by a >15% real-time wind/solar forecast miss or an abrupt solar curtailment event that materially changes residual load. For the day-ahead-to-curve view, favor a cautious short/underweight stance in the solar-heavy midday strip and look to own the later ramp only when the forward curve materially underprices the residual-load reversal."
6685,20650,2026-08-23 15:00:00+02:00,65.8649978637695,78.5,43251.13,35872.71,49337.8,1.14072857723238,-0.0975,-1.4775,-8.40958954574779,"Severe midday negative-price risk is elevated as renewable supply occupies a large share of load, with solar creating a compressed residual-load margin. The ML forecast is invalidated by a >15% real-time wind/solar forecast miss or an abrupt solar curtailment event that materially changes residual load. For the day-ahead-to-curve view, favor a cautious short/underweight stance in the solar-heavy midday strip and look to own the later ramp only when the forward curve materially underprices the residual-load reversal."
6686,20651,2026-08-23 16:00:00+02:00,65.8649978637695,78.5,43648.76,30323.13,45713.52,1.04730397815487,-0.0025,-0.5325,13.6213490368132,"Severe midday negative-price risk is elevated as renewable supply occupies a large share of load, with solar creating a compressed residual-load margin. The ML forecast is invalidated by a >15% real-time wind/solar forecast miss or an abrupt solar curtailment event that materially changes residual load. For the day-ahead-to-curve view, favor a cautious short/underweight stance in the solar-heavy midday strip and look to own the later ramp only when the forward curve materially underprices the residual-load reversal."
6687,20652,2026-08-23 17:00:00+02:00,65.8649978637695,78.5,44883.68,21990.72,40568.84,0.903866171199896,28.39,48.375,23.9152080251785,"Severe midday negative-price risk is elevated as renewable supply occupies a large share of load, with solar creating a compressed residual-load margin. The ML forecast is invalidated by a >15% real-time wind/solar forecast miss or an abrupt solar curtailment event that materially changes residual load. For the day-ahead-to-curve view, favor a cautious short/underweight stance in the solar-heavy midday strip and look to own the later ramp only when the forward curve materially underprices the residual-load reversal."
6688,20653,2026-08-23 18:00:00+02:00,65.8649978637695,78.5,46347.76,11838.94,29431.53,0.635015154856456,105.0725,144.4225,86.9750524677103,"High renewable penetration leaves the residual-load margin vulnerable to downside price pressure, particularly around renewable-output peaks. The ML forecast is invalidated by a >15% real-time renewable forecast miss or sudden economic curtailment that materially changes the supply stack. For the day-ahead-to-curve view, lean toward selling/underweighting the renewable-heavy hours against buying the tighter residual-load hours, with position size limited by forecast uncertainty."
6689,20654,2026-08-23 19:00:00+02:00,65.8649978637695,78.5,47147.69,3295.84,18974.25,0.402442834335586,149.15,180.2,133.422728395355,"The grid margin appears balanced rather than extreme, so price direction is sensitive to renewable forecast errors and the load trajectory. The ML forecast is invalidated by a >15% real-time wind/solar forecast miss that shifts residual load enough to change the marginal conventional unit. For the day-ahead-to-curve view, keep the spread bias modest and express it only where the day-ahead signal diverges materially from the forward curve after accounting for forecast error."
6690,20655,2026-08-23 20:00:00+02:00,65.8649978637695,78.5,46375.42,158.95,14397.34,0.310451959182159,164.1625,185.89,154.208178514178,"Steep evening conventional-ramp risk dominates as renewable penetration falls against load, tightening the residual-load margin and supporting upside price risk. The ML forecast is invalidated by a >15% real-time wind forecast miss, especially if wind drops during the evening ramp and forces additional thermal commitment. For the day-ahead-to-curve view, favor a relative long in the evening ramp versus the midday strip, while avoiding the spread if the forward curve already fully prices the residual-load squeeze."
6691,20656,2026-08-23 21:00:00+02:00,65.8649978637695,78.5,45002.19,0,13007.98,0.289052154953114,168.2025,178.05,158.143990838425,"Steep evening conventional-ramp risk dominates as renewable penetration falls against load, tightening the residual-load margin and supporting upside price risk. The ML forecast is invalidated by a >15% real-time wind forecast miss, especially if wind drops during the evening ramp and forces additional thermal commitment. For the day-ahead-to-curve view, favor a relative long in the evening ramp versus the midday strip, while avoiding the spread if the forward curve already fully prices the residual-load squeeze."
6692,20657,2026-08-23 22:00:00+02:00,65.8649978637695,78.5,43264.84,0,12564.11,0.290400010657522,155.7075,172.6775,149.640467444598,"The grid margin appears balanced rather than extreme, so price direction is sensitive to renewable forecast errors and the load trajectory. The ML forecast is invalidated by a >15% real-time wind/solar forecast miss that shifts residual load enough to change the marginal conventional unit. For the day-ahead-to-curve view, keep the spread bias modest and express it only where the day-ahead signal diverges materially from the forward curve after accounting for forecast error."
6693,20658,2026-08-23 23:00:00+02:00,65.8649978637695,78.5,40862.35,0,12034.04,0.294501906940129,141.12,165.45,141.426394822373,"The grid margin appears balanced rather than extreme, so price direction is sensitive to renewable forecast errors and the load trajectory. The ML forecast is invalidated by a >15% real-time wind/solar forecast miss that shifts residual load enough to change the marginal conventional unit. For the day-ahead-to-curve view, keep the spread bias modest and express it only where the day-ahead signal diverges materially from the forward curve after accounting for forecast error."
6694,20659,2026-08-24 00:00:00+02:00,65.8649978637695,78.5,38717.77,0,10907.73,0.28172412815053,132.6725,160.93,135.736293859106,"The grid margin appears balanced rather than extreme, so price direction is sensitive to renewable forecast errors and the load trajectory. The ML forecast is invalidated by a >15% real-time wind/solar forecast miss that shifts residual load enough to change the marginal conventional unit. For the day-ahead-to-curve view, keep the spread bias modest and express it only where the day-ahead signal diverges materially from the forward curve after accounting for forecast error."
6695,20660,2026-08-24 01:00:00+02:00,65.8649978637695,78.5,37579,0,10011.6,0.26641475284962,125.82,152.6225,131.645562152824,"The grid margin appears balanced rather than extreme, so price direction is sensitive to renewable forecast errors and the load trajectory. The ML forecast is invalidated by a >15% real-time wind/solar forecast miss that shifts residual load enough to change the marginal conventional unit. For the day-ahead-to-curve view, keep the spread bias modest and express it only where the day-ahead signal diverges materially from the forward curve after accounting for forecast error."
6696,20661,2026-08-24 02:00:00+02:00,65.8649978637695,78.5,37164.42,0,9490.77,0.25537247715547,119.365,147.8825,130.832429939198,"The grid margin appears balanced rather than extreme, so price direction is sensitive to renewable forecast errors and the load trajectory. The ML forecast is invalidated by a >15% real-time wind/solar forecast miss that shifts residual load enough to change the marginal conventional unit. For the day-ahead-to-curve view, keep the spread bias modest and express it only where the day-ahead signal diverges materially from the forward curve after accounting for forecast error."
6697,20662,2026-08-24 03:00:00+02:00,65.8649978637695,78.5,37367.44,0,8679.42,0.232272266916794,116.21,148.735,130.532127633975,"Low renewable penetration leaves a relatively tight conventional margin, increasing upside risk if load or fuel costs strengthen. The ML forecast is invalidated by a >15% real-time wind forecast miss or an unexpected renewable recovery that materially widens the physical margin. For the day-ahead-to-curve view, favor a relative long in the tight-margin hour versus renewable-heavy hours, provided the curve has not already discounted the scarcity premium."
6698,20663,2026-08-24 04:00:00+02:00,65.8649978637695,78.5,38428.68,0,7840.77,0.204034330556232,114.7425,151.2975,137.256925850033,"Low renewable penetration leaves a relatively tight conventional margin, increasing upside risk if load or fuel costs strengthen. The ML forecast is invalidated by a >15% real-time wind forecast miss or an unexpected renewable recovery that materially widens the physical margin. For the day-ahead-to-curve view, favor a relative long in the tight-margin hour versus renewable-heavy hours, provided the curve has not already discounted the scarcity premium."
6699,20664,2026-08-24 05:00:00+02:00,65.8649978637695,78.5,42179.09,0,7116.09,0.168711321138339,116.735,172.67,151.388718984529,"Low renewable penetration leaves a relatively tight conventional margin, increasing upside risk if load or fuel costs strengthen. The ML forecast is invalidated by a >15% real-time wind forecast miss or an unexpected renewable recovery that materially widens the physical margin. For the day-ahead-to-curve view, favor a relative long in the tight-margin hour versus renewable-heavy hours, provided the curve has not already discounted the scarcity premium."
6700,20665,2026-08-24 06:00:00+02:00,65.8649978637695,78.5,48649.58,678.22,7140.66,0.146777423330936,116.7075,205.67,177.253270359352,"Low renewable penetration leaves a relatively tight conventional margin, increasing upside risk if load or fuel costs strengthen. The ML forecast is invalidated by a >15% real-time wind forecast miss or an unexpected renewable recovery that materially widens the physical margin. For the day-ahead-to-curve view, favor a relative long in the tight-margin hour versus renewable-heavy hours, provided the curve has not already discounted the scarcity premium."
6701,20666,2026-08-24 07:00:00+02:00,65.8649978637695,78.5,53728.85,6350.82,11794.5,0.219518936247562,102.0925,206.4,181.831518279879,"Low renewable penetration leaves a relatively tight conventional margin, increasing upside risk if load or fuel costs strengthen. The ML forecast is invalidated by a >15% real-time wind forecast miss or an unexpected renewable recovery that materially widens the physical margin. For the day-ahead-to-curve view, favor a relative long in the tight-margin hour versus renewable-heavy hours, provided the curve has not already discounted the scarcity premium."
6702,20667,2026-08-24 08:00:00+02:00,65.8649978637695,78.5,56891.68,18119.07,22162.32,0.389552918741448,49.83,176.78,154.826652018299,"The grid margin appears balanced rather than extreme, so price direction is sensitive to renewable forecast errors and the load trajectory. The ML forecast is invalidated by a >15% real-time wind/solar forecast miss that shifts residual load enough to change the marginal conventional unit. For the day-ahead-to-curve view, keep the spread bias modest and express it only where the day-ahead signal diverges materially from the forward curve after accounting for forecast error."
6703,20668,2026-08-24 09:00:00+02:00,65.8649978637695,78.5,58042.2,30666.38,33416.5,0.575727660120442,1.005,141.345,106.665237775779,"High renewable penetration leaves the residual-load margin vulnerable to downside price pressure, particularly around renewable-output peaks. The ML forecast is invalidated by a >15% real-time renewable forecast miss or sudden economic curtailment that materially changes the supply stack. For the day-ahead-to-curve view, lean toward selling/underweighting the renewable-heavy hours against buying the tighter residual-load hours, with position size limited by forecast uncertainty."
6704,20669,2026-08-24 10:00:00+02:00,65.8649978637695,78.5,58430.98,39963.49,42185.15,0.721965470933062,-0.57,112.5725,54.5978700891115,"Severe midday negative-price risk is elevated as renewable supply occupies a large share of load, with solar creating a compressed residual-load margin. The ML forecast is invalidated by a >15% real-time wind/solar forecast miss or an abrupt solar curtailment event that materially changes residual load. For the day-ahead-to-curve view, favor a cautious short/underweight stance in the solar-heavy midday strip and look to own the later ramp only when the forward curve materially underprices the residual-load reversal."
6705,20670,2026-08-24 11:00:00+02:00,65.8649978637695,78.5,58947.04,45451.48,47524.95,0.806231322080594,-1.83,80.26,41.7315747169671,"Severe midday negative-price risk is elevated as renewable supply occupies a large share of load, with solar creating a compressed residual-load margin. The ML forecast is invalidated by a >15% real-time wind/solar forecast miss or an abrupt solar curtailment event that materially changes residual load. For the day-ahead-to-curve view, favor a cautious short/underweight stance in the solar-heavy midday strip and look to own the later ramp only when the forward curve materially underprices the residual-load reversal."
6706,20671,2026-08-24 12:00:00+02:00,65.8649978637695,78.5,58096.03,48300.6,50298.98,0.865790312889574,-3.035,55.6325,22.5890743668542,"Severe midday negative-price risk is elevated as renewable supply occupies a large share of load, with solar creating a compressed residual-load margin. The ML forecast is invalidated by a >15% real-time wind/solar forecast miss or an abrupt solar curtailment event that materially changes residual load. For the day-ahead-to-curve view, favor a cautious short/underweight stance in the solar-heavy midday strip and look to own the later ramp only when the forward curve materially underprices the residual-load reversal."
6707,20672,2026-08-24 13:00:00+02:00,65.8649978637695,78.5,57279.61,48547.14,50582.37,0.883078114379082,-4.9975,34.145,16.077481901541,"Severe midday negative-price risk is elevated as renewable supply occupies a large share of load, with solar creating a compressed residual-load margin. The ML forecast is invalidated by a >15% real-time wind/solar forecast miss or an abrupt solar curtailment event that materially changes residual load. For the day-ahead-to-curve view, favor a cautious short/underweight stance in the solar-heavy midday strip and look to own the later ramp only when the forward curve materially underprices the residual-load reversal."
6708,20673,2026-08-24 14:00:00+02:00,65.8649978637695,78.5,56048.19,46476.24,48717.7,0.869210941357926,-4.2325,35.6575,15.3293007292942,"Severe midday negative-price risk is elevated as renewable supply occupies a large share of load, with solar creating a compressed residual-load margin. The ML forecast is invalidated by a >15% real-time wind/solar forecast miss or an abrupt solar curtailment event that materially changes residual load. For the day-ahead-to-curve view, favor a cautious short/underweight stance in the solar-heavy midday strip and look to own the later ramp only when the forward curve materially underprices the residual-load reversal."
6709,20674,2026-08-24 15:00:00+02:00,65.8649978637695,78.5,54710.6,41907.8,44461.33,0.812663907759618,-1.4775,72.4975,23.2136995798985,"Severe midday negative-price risk is elevated as renewable supply occupies a large share of load, with solar creating a compressed residual-load margin. The ML forecast is invalidated by a >15% real-time wind/solar forecast miss or an abrupt solar curtailment event that materially changes residual load. For the day-ahead-to-curve view, favor a cautious short/underweight stance in the solar-heavy midday strip and look to own the later ramp only when the forward curve materially underprices the residual-load reversal."
6710,20675,2026-08-24 16:00:00+02:00,65.8649978637695,78.5,54852.11,34573.95,37643.17,0.686266581051072,-0.5325,102.0875,49.0440664504906,"Severe midday negative-price risk is elevated as renewable supply occupies a large share of load, with solar creating a compressed residual-load margin. The ML forecast is invalidated by a >15% real-time wind/solar forecast miss or an abrupt solar curtailment event that materially changes residual load. For the day-ahead-to-curve view, favor a cautious short/underweight stance in the solar-heavy midday strip and look to own the later ramp only when the forward curve materially underprices the residual-load reversal."
6711,20676,2026-08-24 17:00:00+02:00,65.8649978637695,78.5,55471.65,24376.92,28251.25,0.50929168313737,48.375,143.46,114.285095254311,"The grid margin appears balanced rather than extreme, so price direction is sensitive to renewable forecast errors and the load trajectory. The ML forecast is invalidated by a >15% real-time wind/solar forecast miss that shifts residual load enough to change the marginal conventional unit. For the day-ahead-to-curve view, keep the spread bias modest and express it only where the day-ahead signal diverges materially from the forward curve after accounting for forecast error."
6712,20677,2026-08-24 18:00:00+02:00,65.8649978637695,78.5,55894.92,12613.96,17578.71,0.314495664308224,144.4225,182.335,155.921098155729,"Steep evening conventional-ramp risk dominates as renewable penetration falls against load, tightening the residual-load margin and supporting upside price risk. The ML forecast is invalidated by a >15% real-time wind forecast miss, especially if wind drops during the evening ramp and forces additional thermal commitment. For the day-ahead-to-curve view, favor a relative long in the evening ramp versus the midday strip, while avoiding the spread if the forward curve already fully prices the residual-load squeeze."
6713,20678,2026-08-24 19:00:00+02:00,65.8649978637695,78.5,55491.83,3342.41,9824.78,0.17704912593853,180.2,219.37,200.862495042105,"Steep evening conventional-ramp risk dominates as renewable penetration falls against load, tightening the residual-load margin and supporting upside price risk. The ML forecast is invalidated by a >15% real-time wind forecast miss, especially if wind drops during the evening ramp and forces additional thermal commitment. For the day-ahead-to-curve view, favor a relative long in the evening ramp versus the midday strip, while avoiding the spread if the forward curve already fully prices the residual-load squeeze."
6714,20679,2026-08-24 20:00:00+02:00,65.8649978637695,78.5,53699.32,147.41,8973.86,0.167113103077076,185.89,219.5275,201.186953649244,"Steep evening conventional-ramp risk dominates as renewable penetration falls against load, tightening the residual-load margin and supporting upside price risk. The ML forecast is invalidated by a >15% real-time wind forecast miss, especially if wind drops during the evening ramp and forces additional thermal commitment. For the day-ahead-to-curve view, favor a relative long in the evening ramp versus the midday strip, while avoiding the spread if the forward curve already fully prices the residual-load squeeze."
6715,20680,2026-08-24 21:00:00+02:00,65.8649978637695,78.5,51595.64,0,11287.58,0.218770035565259,178.05,188.0275,170.751964667751,"Steep evening conventional-ramp risk dominates as renewable penetration falls against load, tightening the residual-load margin and supporting upside price risk. The ML forecast is invalidated by a >15% real-time wind forecast miss, especially if wind drops during the evening ramp and forces additional thermal commitment. For the day-ahead-to-curve view, favor a relative long in the evening ramp versus the midday strip, while avoiding the spread if the forward curve already fully prices the residual-load squeeze."
6716,20681,2026-08-24 22:00:00+02:00,65.8649978637695,78.5,48638.41,0,12873.6,0.26467970473034,172.6775,171.775,154.77260887262,"The grid margin appears balanced rather than extreme, so price direction is sensitive to renewable forecast errors and the load trajectory. The ML forecast is invalidated by a >15% real-time wind/solar forecast miss that shifts residual load enough to change the marginal conventional unit. For the day-ahead-to-curve view, keep the spread bias modest and express it only where the day-ahead signal diverges materially from the forward curve after accounting for forecast error."
6717,20682,2026-08-24 23:00:00+02:00,65.8649978637695,78.5,45336.18,0,13879.22,0.30614004084461,165.45,154.725,137.782730872225,"The grid margin appears balanced rather than extreme, so price direction is sensitive to renewable forecast errors and the load trajectory. The ML forecast is invalidated by a >15% real-time wind/solar forecast miss that shifts residual load enough to change the marginal conventional unit. For the day-ahead-to-curve view, keep the spread bias modest and express it only where the day-ahead signal diverges materially from the forward curve after accounting for forecast error."
6718,20683,2026-08-25 00:00:00+02:00,68.3199996948242,79.5599975585938,41846.95,0,14561.95,0.347981155054793,160.93,152.34,126.982356587188,"The grid margin appears balanced rather than extreme, so price direction is sensitive to renewable forecast errors and the load trajectory. The ML forecast is invalidated by a >15% real-time wind/solar forecast miss that shifts residual load enough to change the marginal conventional unit. For the day-ahead-to-curve view, keep the spread bias modest and express it only where the day-ahead signal diverges materially from the forward curve after accounting for forecast error."
6719,20684,2026-08-25 01:00:00+02:00,68.3199996948242,79.5599975585938,40494.07,0,15101.24,0.372924726911144,152.6225,146.825,119.371553143537,"The grid margin appears balanced rather than extreme, so price direction is sensitive to renewable forecast errors and the load trajectory. The ML forecast is invalidated by a >15% real-time wind/solar forecast miss that shifts residual load enough to change the marginal conventional unit. For the day-ahead-to-curve view, keep the spread bias modest and express it only where the day-ahead signal diverges materially from the forward curve after accounting for forecast error."
6720,20685,2026-08-25 02:00:00+02:00,68.3199996948242,79.5599975585938,40035.21,0,15247.15,0.380843512402996,147.8825,142.415,114.460668854472,"The grid margin appears balanced rather than extreme, so price direction is sensitive to renewable forecast errors and the load trajectory. The ML forecast is invalidated by a >15% real-time wind/solar forecast miss that shifts residual load enough to change the marginal conventional unit. For the day-ahead-to-curve view, keep the spread bias modest and express it only where the day-ahead signal diverges materially from the forward curve after accounting for forecast error."
6721,20686,2026-08-25 03:00:00+02:00,68.3199996948242,79.5599975585938,40299.02,0,15191.68,0.376973931282455,148.735,140.005,114.989488474198,"The grid margin appears balanced rather than extreme, so price direction is sensitive to renewable forecast errors and the load trajectory. The ML forecast is invalidated by a >15% real-time wind/solar forecast miss that shifts residual load enough to change the marginal conventional unit. For the day-ahead-to-curve view, keep the spread bias modest and express it only where the day-ahead signal diverges materially from the forward curve after accounting for forecast error."
6722,20687,2026-08-25 04:00:00+02:00,68.3199996948242,79.5599975585938,41155.36,0,15246.19,0.370454540946682,151.2975,141.62,120.049387577818,"The grid margin appears balanced rather than extreme, so price direction is sensitive to renewable forecast errors and the load trajectory. The ML forecast is invalidated by a >15% real-time wind/solar forecast miss that shifts residual load enough to change the marginal conventional unit. For the day-ahead-to-curve view, keep the spread bias modest and express it only where the day-ahead signal diverges materially from the forward curve after accounting for forecast error."
6723,20688,2026-08-25 05:00:00+02:00,68.3199996948242,79.5599975585938,43832.32,0,15483.58,0.353245732748519,172.67,149.58,130.398928201417,"The grid margin appears balanced rather than extreme, so price direction is sensitive to renewable forecast errors and the load trajectory. The ML forecast is invalidated by a >15% real-time wind/solar forecast miss that shifts residual load enough to change the marginal conventional unit. For the day-ahead-to-curve view, keep the spread bias modest and express it only where the day-ahead signal diverges materially from the forward curve after accounting for forecast error."
6724,20689,2026-08-25 06:00:00+02:00,68.3199996948242,79.5599975585938,48898.39,537.36,16730.93,0.342157072995214,205.67,171.415,153.625072731917,"The grid margin appears balanced rather than extreme, so price direction is sensitive to renewable forecast errors and the load trajectory. The ML forecast is invalidated by a >15% real-time wind/solar forecast miss that shifts residual load enough to change the marginal conventional unit. For the day-ahead-to-curve view, keep the spread bias modest and express it only where the day-ahead signal diverges materially from the forward curve after accounting for forecast error."
6725,20690,2026-08-25 07:00:00+02:00,68.3199996948242,79.5599975585938,52942.26,4943.3,21402.38,0.404258903869185,206.4,180.66,145.249732543219,"The grid margin appears balanced rather than extreme, so price direction is sensitive to renewable forecast errors and the load trajectory. The ML forecast is invalidated by a >15% real-time wind/solar forecast miss that shifts residual load enough to change the marginal conventional unit. For the day-ahead-to-curve view, keep the spread bias modest and express it only where the day-ahead signal diverges materially from the forward curve after accounting for forecast error."
6726,20691,2026-08-25 08:00:00+02:00,68.3199996948242,79.5599975585938,56601.74,13976.71,28400.31,0.501756836361964,176.78,171.405,132.887269257432,"The grid margin appears balanced rather than extreme, so price direction is sensitive to renewable forecast errors and the load trajectory. The ML forecast is invalidated by a >15% real-time wind/solar forecast miss that shifts residual load enough to change the marginal conventional unit. For the day-ahead-to-curve view, keep the spread bias modest and express it only where the day-ahead signal diverges materially from the forward curve after accounting for forecast error."
6727,20692,2026-08-25 09:00:00+02:00,68.3199996948242,79.5599975585938,57718.1,23704.18,35003.69,0.606459498734979,141.345,145.4375,111.50644696272,"High renewable penetration leaves the residual-load margin vulnerable to downside price pressure, particularly around renewable-output peaks. The ML forecast is invalidated by a >15% real-time renewable forecast miss or sudden economic curtailment that materially changes the supply stack. For the day-ahead-to-curve view, lean toward selling/underweighting the renewable-heavy hours against buying the tighter residual-load hours, with position size limited by forecast uncertainty."
6728,20693,2026-08-25 10:00:00+02:00,68.3199996948242,79.5599975585938,57751.15,31621.97,43391.73,0.751356985834679,112.5725,117.46,62.3488448195117,"Severe midday negative-price risk is elevated as renewable supply occupies a large share of load, with solar creating a compressed residual-load margin. The ML forecast is invalidated by a >15% real-time wind/solar forecast miss or an abrupt solar curtailment event that materially changes residual load. For the day-ahead-to-curve view, favor a cautious short/underweight stance in the solar-heavy midday strip and look to own the later ramp only when the forward curve materially underprices the residual-load reversal."
6729,20694,2026-08-25 11:00:00+02:00,68.3199996948242,79.5599975585938,57845.91,37102.07,50348.67,0.870392910947309,80.26,83.145,23.308394936407,"Severe midday negative-price risk is elevated as renewable supply occupies a large share of load, with solar creating a compressed residual-load margin. The ML forecast is invalidated by a >15% real-time wind/solar forecast miss or an abrupt solar curtailment event that materially changes residual load. For the day-ahead-to-curve view, favor a cautious short/underweight stance in the solar-heavy midday strip and look to own the later ramp only when the forward curve materially underprices the residual-load reversal."
6730,20695,2026-08-25 12:00:00+02:00,68.3199996948242,79.5599975585938,56796.99,39898.73,53861.2,0.948310817008382,55.6325,67.1575,16.9430585703338,"Severe midday negative-price risk is elevated as renewable supply occupies a large share of load, with solar creating a compressed residual-load margin. The ML forecast is invalidated by a >15% real-time wind/solar forecast miss or an abrupt solar curtailment event that materially changes residual load. For the day-ahead-to-curve view, favor a cautious short/underweight stance in the solar-heavy midday strip and look to own the later ramp only when the forward curve materially underprices the residual-load reversal."
6731,20696,2026-08-25 13:00:00+02:00,68.3199996948242,79.5599975585938,56076.48,40335.15,54593.9,0.973561464454694,34.145,62.2075,14.4424932763052,"Severe midday negative-price risk is elevated as renewable supply occupies a large share of load, with solar creating a compressed residual-load margin. The ML forecast is invalidated by a >15% real-time wind/solar forecast miss or an abrupt solar curtailment event that materially changes residual load. For the day-ahead-to-curve view, favor a cautious short/underweight stance in the solar-heavy midday strip and look to own the later ramp only when the forward curve materially underprices the residual-load reversal."
6732,20697,2026-08-25 14:00:00+02:00,68.3199996948242,79.5599975585938,55155.59,38362.68,53047.94,0.961787191296152,35.6575,68.4625,17.2108652789344,"Severe midday negative-price risk is elevated as renewable supply occupies a large share of load, with solar creating a compressed residual-load margin. The ML forecast is invalidated by a >15% real-time wind/solar forecast miss or an abrupt solar curtailment event that materially changes residual load. For the day-ahead-to-curve view, favor a cautious short/underweight stance in the solar-heavy midday strip and look to own the later ramp only when the forward curve materially underprices the residual-load reversal."
6733,20698,2026-08-25 15:00:00+02:00,68.3199996948242,79.5599975585938,54475,33968.66,49106.83,0.90145626417596,72.4975,84.9975,22.0414078916219,"Severe midday negative-price risk is elevated as renewable supply occupies a large share of load, with solar creating a compressed residual-load margin. The ML forecast is invalidated by a >15% real-time wind/solar forecast miss or an abrupt solar curtailment event that materially changes residual load. For the day-ahead-to-curve view, favor a cautious short/underweight stance in the solar-heavy midday strip and look to own the later ramp only when the forward curve materially underprices the residual-load reversal."
6734,20699,2026-08-25 16:00:00+02:00,68.3199996948242,79.5599975585938,54655.02,27370.08,43222.63,0.790826350298504,102.0875,114.4025,44.5403950455284,"Severe midday negative-price risk is elevated as renewable supply occupies a large share of load, with solar creating a compressed residual-load margin. The ML forecast is invalidated by a >15% real-time wind/solar forecast miss or an abrupt solar curtailment event that materially changes residual load. For the day-ahead-to-curve view, favor a cautious short/underweight stance in the solar-heavy midday strip and look to own the later ramp only when the forward curve materially underprices the residual-load reversal."
6735,20700,2026-08-25 17:00:00+02:00,68.3199996948242,79.5599975585938,54961.6,18779.62,35758.79,0.650614064974343,143.46,147.0525,101.299256758851,"Severe midday negative-price risk is elevated as renewable supply occupies a large share of load, with solar creating a compressed residual-load margin. The ML forecast is invalidated by a >15% real-time wind/solar forecast miss or an abrupt solar curtailment event that materially changes residual load. For the day-ahead-to-curve view, favor a cautious short/underweight stance in the solar-heavy midday strip and look to own the later ramp only when the forward curve materially underprices the residual-load reversal."
6736,20701,2026-08-25 18:00:00+02:00,68.3199996948242,79.5599975585938,55122.26,9364.67,27185.04,0.493177166449058,182.335,178.7825,134.054070535661,"The grid margin appears balanced rather than extreme, so price direction is sensitive to renewable forecast errors and the load trajectory. The ML forecast is invalidated by a >15% real-time wind/solar forecast miss that shifts residual load enough to change the marginal conventional unit. For the day-ahead-to-curve view, keep the spread bias modest and express it only where the day-ahead signal diverges materially from the forward curve after accounting for forecast error."
6737,20702,2026-08-25 19:00:00+02:00,68.3199996948242,79.5599975585938,54657.95,2401.02,21089.2,0.385839571300087,219.37,209.3075,156.23385335594,"The grid margin appears balanced rather than extreme, so price direction is sensitive to renewable forecast errors and the load trajectory. The ML forecast is invalidated by a >15% real-time wind/solar forecast miss that shifts residual load enough to change the marginal conventional unit. For the day-ahead-to-curve view, keep the spread bias modest and express it only where the day-ahead signal diverges materially from the forward curve after accounting for forecast error."
6738,20703,2026-08-25 20:00:00+02:00,68.3199996948242,79.5599975585938,53051.33,81.71,20957.48,0.39504155684786,219.5275,205.1425,151.88887795138,"The grid margin appears balanced rather than extreme, so price direction is sensitive to renewable forecast errors and the load trajectory. The ML forecast is invalidated by a >15% real-time wind/solar forecast miss that shifts residual load enough to change the marginal conventional unit. For the day-ahead-to-curve view, keep the spread bias modest and express it only where the day-ahead signal diverges materially from the forward curve after accounting for forecast error."
6739,20704,2026-08-25 21:00:00+02:00,68.3199996948242,79.5599975585938,50956.12,0,22909.56,0.44959388578848,188.0275,182.4925,132.686883363367,"The grid margin appears balanced rather than extreme, so price direction is sensitive to renewable forecast errors and the load trajectory. The ML forecast is invalidated by a >15% real-time wind/solar forecast miss that shifts residual load enough to change the marginal conventional unit. For the day-ahead-to-curve view, keep the spread bias modest and express it only where the day-ahead signal diverges materially from the forward curve after accounting for forecast error."
6740,20705,2026-08-25 22:00:00+02:00,68.3199996948242,79.5599975585938,47883.5,0,23559.45,0.492016038825062,171.775,172.2675,116.398290844603,"The grid margin appears balanced rather than extreme, so price direction is sensitive to renewable forecast errors and the load trajectory. The ML forecast is invalidated by a >15% real-time wind/solar forecast miss that shifts residual load enough to change the marginal conventional unit. For the day-ahead-to-curve view, keep the spread bias modest and express it only where the day-ahead signal diverges materially from the forward curve after accounting for forecast error."
6741,20706,2026-08-25 23:00:00+02:00,68.3199996948242,79.5599975585938,44974.66,0,23622.04,0.525229984945916,154.725,159.66,104.979378322058,"The grid margin appears balanced rather than extreme, so price direction is sensitive to renewable forecast errors and the load trajectory. The ML forecast is invalidated by a >15% real-time wind/solar forecast miss that shifts residual load enough to change the marginal conventional unit. For the day-ahead-to-curve view, keep the spread bias modest and express it only where the day-ahead signal diverges materially from the forward curve after accounting for forecast error."
6742,20707,2026-08-26 00:00:00+02:00,66.5879974365234,80.0400009155273,42868.64,0,19388.12,0.452268138095291,152.34,164.0275,113.568858203669,"The grid margin appears balanced rather than extreme, so price direction is sensitive to renewable forecast errors and the load trajectory. The ML forecast is invalidated by a >15% real-time wind/solar forecast miss that shifts residual load enough to change the marginal conventional unit. For the day-ahead-to-curve view, keep the spread bias modest and express it only where the day-ahead signal diverges materially from the forward curve after accounting for forecast error."
6743,20708,2026-08-26 01:00:00+02:00,66.5879974365234,80.0400009155273,41594.55,0,18599.29,0.447156899053564,146.825,157.0575,111.817344653841,"The grid margin appears balanced rather than extreme, so price direction is sensitive to renewable forecast errors and the load trajectory. The ML forecast is invalidated by a >15% real-time wind/solar forecast miss that shifts residual load enough to change the marginal conventional unit. For the day-ahead-to-curve view, keep the spread bias modest and express it only where the day-ahead signal diverges materially from the forward curve after accounting for forecast error."
6744,20709,2026-08-26 02:00:00+02:00,66.5879974365234,80.0400009155273,41062.5,0,17932.07,0.436701856819068,142.415,151.6425,110.854815688894,"The grid margin appears balanced rather than extreme, so price direction is sensitive to renewable forecast errors and the load trajectory. The ML forecast is invalidated by a >15% real-time wind/solar forecast miss that shifts residual load enough to change the marginal conventional unit. For the day-ahead-to-curve view, keep the spread bias modest and express it only where the day-ahead signal diverges materially from the forward curve after accounting for forecast error."
6745,20710,2026-08-26 03:00:00+02:00,66.5879974365234,80.0400009155273,40628.11,0,17327.09,0.42648033580039,140.005,149.6,111.389957303801,"The grid margin appears balanced rather than extreme, so price direction is sensitive to renewable forecast errors and the load trajectory. The ML forecast is invalidated by a >15% real-time wind/solar forecast miss that shifts residual load enough to change the marginal conventional unit. For the day-ahead-to-curve view, keep the spread bias modest and express it only where the day-ahead signal diverges materially from the forward curve after accounting for forecast error."
6746,20711,2026-08-26 04:00:00+02:00,66.5879974365234,80.0400009155273,42025.34,0,16806.22,0.399906818029335,141.62,151.7575,114.414573767471,"The grid margin appears balanced rather than extreme, so price direction is sensitive to renewable forecast errors and the load trajectory. The ML forecast is invalidated by a >15% real-time wind/solar forecast miss that shifts residual load enough to change the marginal conventional unit. For the day-ahead-to-curve view, keep the spread bias modest and express it only where the day-ahead signal diverges materially from the forward curve after accounting for forecast error."
6747,20712,2026-08-26 05:00:00+02:00,66.5879974365234,80.0400009155273,44833.54,0,16492.06,0.367850943653379,149.58,160.465,127.370199138906,"The grid margin appears balanced rather than extreme, so price direction is sensitive to renewable forecast errors and the load trajectory. The ML forecast is invalidated by a >15% real-time wind/solar forecast miss that shifts residual load enough to change the marginal conventional unit. For the day-ahead-to-curve view, keep the spread bias modest and express it only where the day-ahead signal diverges materially from the forward curve after accounting for forecast error."
6748,20713,2026-08-26 06:00:00+02:00,66.5879974365234,80.0400009155273,50660.76,384.4,16931.99,0.334222976454711,171.415,185.13,148.433952807549,"The grid margin appears balanced rather than extreme, so price direction is sensitive to renewable forecast errors and the load trajectory. The ML forecast is invalidated by a >15% real-time wind/solar forecast miss that shifts residual load enough to change the marginal conventional unit. For the day-ahead-to-curve view, keep the spread bias modest and express it only where the day-ahead signal diverges materially from the forward curve after accounting for forecast error."
6749,20714,2026-08-26 07:00:00+02:00,66.5879974365234,80.0400009155273,55321.96,4206.01,19638.96,0.354993930013507,180.66,195.5375,156.678874765401,"The grid margin appears balanced rather than extreme, so price direction is sensitive to renewable forecast errors and the load trajectory. The ML forecast is invalidated by a >15% real-time wind/solar forecast miss that shifts residual load enough to change the marginal conventional unit. For the day-ahead-to-curve view, keep the spread bias modest and express it only where the day-ahead signal diverges materially from the forward curve after accounting for forecast error."
6750,20715,2026-08-26 08:00:00+02:00,66.5879974365234,80.0400009155273,58467.04,12474.48,24620.25,0.421096227819794,171.405,193.52,147.597648875253,"The grid margin appears balanced rather than extreme, so price direction is sensitive to renewable forecast errors and the load trajectory. The ML forecast is invalidated by a >15% real-time wind/solar forecast miss that shifts residual load enough to change the marginal conventional unit. For the day-ahead-to-curve view, keep the spread bias modest and express it only where the day-ahead signal diverges materially from the forward curve after accounting for forecast error."
6751,20716,2026-08-26 09:00:00+02:00,66.5879974365234,80.0400009155273,59049.99,22738.37,32781.42,0.555146918643823,145.4375,166.6225,116.165236924908,"High renewable penetration leaves the residual-load margin vulnerable to downside price pressure, particularly around renewable-output peaks. The ML forecast is invalidated by a >15% real-time renewable forecast miss or sudden economic curtailment that materially changes the supply stack. For the day-ahead-to-curve view, lean toward selling/underweighting the renewable-heavy hours against buying the tighter residual-load hours, with position size limited by forecast uncertainty."
6752,20717,2026-08-26 10:00:00+02:00,66.5879974365234,80.0400009155273,58831.5,31791.89,42276.13,0.718596840006018,117.46,137.48,68.4858478060685,"Severe midday negative-price risk is elevated as renewable supply occupies a large share of load, with solar creating a compressed residual-load margin. The ML forecast is invalidated by a >15% real-time wind/solar forecast miss or an abrupt solar curtailment event that materially changes residual load. For the day-ahead-to-curve view, favor a cautious short/underweight stance in the solar-heavy midday strip and look to own the later ramp only when the forward curve materially underprices the residual-load reversal."
6753,20718,2026-08-26 11:00:00+02:00,66.5879974365234,80.0400009155273,58696.3,37860.84,50092.06,0.853410862208791,83.145,120.66,23.7258970811286,"Severe midday negative-price risk is elevated as renewable supply occupies a large share of load, with solar creating a compressed residual-load margin. The ML forecast is invalidated by a >15% real-time wind/solar forecast miss or an abrupt solar curtailment event that materially changes residual load. For the day-ahead-to-curve view, favor a cautious short/underweight stance in the solar-heavy midday strip and look to own the later ramp only when the forward curve materially underprices the residual-load reversal."
6754,20719,2026-08-26 12:00:00+02:00,66.5879974365234,80.0400009155273,58056.84,40700.89,54564.81,0.93985153154394,67.1575,98.605,22.5020720255402,"Severe midday negative-price risk is elevated as renewable supply occupies a large share of load, with solar creating a compressed residual-load margin. The ML forecast is invalidated by a >15% real-time wind/solar forecast miss or an abrupt solar curtailment event that materially changes residual load. For the day-ahead-to-curve view, favor a cautious short/underweight stance in the solar-heavy midday strip and look to own the later ramp only when the forward curve materially underprices the residual-load reversal."
6755,20720,2026-08-26 13:00:00+02:00,66.5879974365234,80.0400009155273,56512.1,40797.44,55386.33,0.980079133321876,62.2075,89.54,19.1628789435556,"Severe midday negative-price risk is elevated as renewable supply occupies a large share of load, with solar creating a compressed residual-load margin. The ML forecast is invalidated by a >15% real-time wind/solar forecast miss or an abrupt solar curtailment event that materially changes residual load. For the day-ahead-to-curve view, favor a cautious short/underweight stance in the solar-heavy midday strip and look to own the later ramp only when the forward curve materially underprices the residual-load reversal."
6756,20721,2026-08-26 14:00:00+02:00,66.5879974365234,80.0400009155273,55741.17,38616.48,53948.4,0.967837596346141,68.4625,91.97,21.3582155927767,"Severe midday negative-price risk is elevated as renewable supply occupies a large share of load, with solar creating a compressed residual-load margin. The ML forecast is invalidated by a >15% real-time wind/solar forecast miss or an abrupt solar curtailment event that materially changes residual load. For the day-ahead-to-curve view, favor a cautious short/underweight stance in the solar-heavy midday strip and look to own the later ramp only when the forward curve materially underprices the residual-load reversal."
6757,20722,2026-08-26 15:00:00+02:00,66.5879974365234,80.0400009155273,54977.86,34551.24,50709.04,0.922353834630458,84.9975,102.5525,22.216527743607,"Severe midday negative-price risk is elevated as renewable supply occupies a large share of load, with solar creating a compressed residual-load margin. The ML forecast is invalidated by a >15% real-time wind/solar forecast miss or an abrupt solar curtailment event that materially changes residual load. For the day-ahead-to-curve view, favor a cautious short/underweight stance in the solar-heavy midday strip and look to own the later ramp only when the forward curve materially underprices the residual-load reversal."
6758,20723,2026-08-26 16:00:00+02:00,66.5879974365234,80.0400009155273,55162.9,28438.35,45502.2,0.824869613304436,114.4025,122.5075,42.8447121585956,"Severe midday negative-price risk is elevated as renewable supply occupies a large share of load, with solar creating a compressed residual-load margin. The ML forecast is invalidated by a >15% real-time wind/solar forecast miss or an abrupt solar curtailment event that materially changes residual load. For the day-ahead-to-curve view, favor a cautious short/underweight stance in the solar-heavy midday strip and look to own the later ramp only when the forward curve materially underprices the residual-load reversal."
6759,20724,2026-08-26 17:00:00+02:00,66.5879974365234,80.0400009155273,55979.42,19859.73,37665.66,0.6728483430745,147.0525,156.97,90.5694528382815,"Severe midday negative-price risk is elevated as renewable supply occupies a large share of load, with solar creating a compressed residual-load margin. The ML forecast is invalidated by a >15% real-time wind/solar forecast miss or an abrupt solar curtailment event that materially changes residual load. For the day-ahead-to-curve view, favor a cautious short/underweight stance in the solar-heavy midday strip and look to own the later ramp only when the forward curve materially underprices the residual-load reversal."
6760,20725,2026-08-26 18:00:00+02:00,66.5879974365234,80.0400009155273,56333.98,10132.47,28392.26,0.503998829746452,178.7825,185.625,130.972435568899,"The grid margin appears balanced rather than extreme, so price direction is sensitive to renewable forecast errors and the load trajectory. The ML forecast is invalidated by a >15% real-time wind/solar forecast miss that shifts residual load enough to change the marginal conventional unit. For the day-ahead-to-curve view, keep the spread bias modest and express it only where the day-ahead signal diverges materially from the forward curve after accounting for forecast error."
6761,20726,2026-08-26 19:00:00+02:00,66.5879974365234,80.0400009155273,55970.7,2572.86,21644.09,0.386703936097511,209.3075,211.245,159.223367137033,"The grid margin appears balanced rather than extreme, so price direction is sensitive to renewable forecast errors and the load trajectory. The ML forecast is invalidated by a >15% real-time wind/solar forecast miss that shifts residual load enough to change the marginal conventional unit. For the day-ahead-to-curve view, keep the spread bias modest and express it only where the day-ahead signal diverges materially from the forward curve after accounting for forecast error."
6762,20727,2026-08-26 20:00:00+02:00,66.5879974365234,80.0400009155273,54070.38,73.42,21262.49,0.393237295466901,205.1425,201.7775,152.009766155543,"The grid margin appears balanced rather than extreme, so price direction is sensitive to renewable forecast errors and the load trajectory. The ML forecast is invalidated by a >15% real-time wind/solar forecast miss that shifts residual load enough to change the marginal conventional unit. For the day-ahead-to-curve view, keep the spread bias modest and express it only where the day-ahead signal diverges materially from the forward curve after accounting for forecast error."
6763,20728,2026-08-26 21:00:00+02:00,66.5879974365234,80.0400009155273,51692.76,0,23529.88,0.455187147976779,182.4925,178.6925,128.903410929593,"The grid margin appears balanced rather than extreme, so price direction is sensitive to renewable forecast errors and the load trajectory. The ML forecast is invalidated by a >15% real-time wind/solar forecast miss that shifts residual load enough to change the marginal conventional unit. For the day-ahead-to-curve view, keep the spread bias modest and express it only where the day-ahead signal diverges materially from the forward curve after accounting for forecast error."
6764,20729,2026-08-26 22:00:00+02:00,66.5879974365234,80.0400009155273,48113.89,0,24791.05,0.515257652101034,172.2675,163.5875,109.557232364946,"The grid margin appears balanced rather than extreme, so price direction is sensitive to renewable forecast errors and the load trajectory. The ML forecast is invalidated by a >15% real-time wind/solar forecast miss that shifts residual load enough to change the marginal conventional unit. For the day-ahead-to-curve view, keep the spread bias modest and express it only where the day-ahead signal diverges materially from the forward curve after accounting for forecast error."
6765,20730,2026-08-26 23:00:00+02:00,66.5879974365234,80.0400009155273,44781.25,0,25562.21,0.570823949628288,159.66,151.1125,97.5773434994174,"High renewable penetration leaves the residual-load margin vulnerable to downside price pressure, particularly around renewable-output peaks. The ML forecast is invalidated by a >15% real-time renewable forecast miss or sudden economic curtailment that materially changes the supply stack. For the day-ahead-to-curve view, lean toward selling/underweighting the renewable-heavy hours against buying the tighter residual-load hours, with position size limited by forecast uncertainty."
6766,20731,2026-08-27 00:00:00+02:00,65.6259994506836,78.6050033569336,42309.67,0,24834.36,0.58696652548059,164.0275,148.555,92.1477210292852,"High renewable penetration leaves the residual-load margin vulnerable to downside price pressure, particularly around renewable-output peaks. The ML forecast is invalidated by a >15% real-time renewable forecast miss or sudden economic curtailment that materially changes the supply stack. For the day-ahead-to-curve view, lean toward selling/underweighting the renewable-heavy hours against buying the tighter residual-load hours, with position size limited by forecast uncertainty."
6767,20732,2026-08-27 01:00:00+02:00,65.6259994506836,78.6050033569336,40670.74,0,24464.28,0.601520404939394,157.0575,142.175,86.5781819687161,"High renewable penetration leaves the residual-load margin vulnerable to downside price pressure, particularly around renewable-output peaks. The ML forecast is invalidated by a >15% real-time renewable forecast miss or sudden economic curtailment that materially changes the supply stack. For the day-ahead-to-curve view, lean toward selling/underweighting the renewable-heavy hours against buying the tighter residual-load hours, with position size limited by forecast uncertainty."
6768,20733,2026-08-27 02:00:00+02:00,65.6259994506836,78.6050033569336,39886.23,0,24090.75,0.603986638846543,151.6425,135.17,86.1773770307184,"High renewable penetration leaves the residual-load margin vulnerable to downside price pressure, particularly around renewable-output peaks. The ML forecast is invalidated by a >15% real-time renewable forecast miss or sudden economic curtailment that materially changes the supply stack. For the day-ahead-to-curve view, lean toward selling/underweighting the renewable-heavy hours against buying the tighter residual-load hours, with position size limited by forecast uncertainty."
6769,20734,2026-08-27 03:00:00+02:00,65.6259994506836,78.6050033569336,39647.99,0,24048.57,0.606552059610953,149.6,134.4225,87.9663708132661,"High renewable penetration leaves the residual-load margin vulnerable to downside price pressure, particularly around renewable-output peaks. The ML forecast is invalidated by a >15% real-time renewable forecast miss or sudden economic curtailment that materially changes the supply stack. For the day-ahead-to-curve view, lean toward selling/underweighting the renewable-heavy hours against buying the tighter residual-load hours, with position size limited by forecast uncertainty."
6770,20735,2026-08-27 04:00:00+02:00,65.6259994506836,78.6050033569336,40334.08,0,24253.98,0.601327214950402,151.7575,136.19,87.7340493942646,"High renewable penetration leaves the residual-load margin vulnerable to downside price pressure, particularly around renewable-output peaks. The ML forecast is invalidated by a >15% real-time renewable forecast miss or sudden economic curtailment that materially changes the supply stack. For the day-ahead-to-curve view, lean toward selling/underweighting the renewable-heavy hours against buying the tighter residual-load hours, with position size limited by forecast uncertainty."
6771,20736,2026-08-27 05:00:00+02:00,65.6259994506836,78.6050033569336,43212.15,0,24530.3,0.567671360816883,160.465,146.56,96.5491426485712,"High renewable penetration leaves the residual-load margin vulnerable to downside price pressure, particularly around renewable-output peaks. The ML forecast is invalidated by a >15% real-time renewable forecast miss or sudden economic curtailment that materially changes the supply stack. For the day-ahead-to-curve view, lean toward selling/underweighting the renewable-heavy hours against buying the tighter residual-load hours, with position size limited by forecast uncertainty."
6772,20737,2026-08-27 06:00:00+02:00,65.6259994506836,78.6050033569336,48864,495.37,25540.39,0.522683161320669,185.13,167.5825,113.541885580999,"The grid margin appears balanced rather than extreme, so price direction is sensitive to renewable forecast errors and the load trajectory. The ML forecast is invalidated by a >15% real-time wind/solar forecast miss that shifts residual load enough to change the marginal conventional unit. For the day-ahead-to-curve view, keep the spread bias modest and express it only where the day-ahead signal diverges materially from the forward curve after accounting for forecast error."
6773,20738,2026-08-27 07:00:00+02:00,65.6259994506836,78.6050033569336,53682.64,5561.64,29735.98,0.553921714626195,195.5375,174.145,118.267518381245,"High renewable penetration leaves the residual-load margin vulnerable to downside price pressure, particularly around renewable-output peaks. The ML forecast is invalidated by a >15% real-time renewable forecast miss or sudden economic curtailment that materially changes the supply stack. For the day-ahead-to-curve view, lean toward selling/underweighting the renewable-heavy hours against buying the tighter residual-load hours, with position size limited by forecast uncertainty."
6774,20739,2026-08-27 08:00:00+02:00,65.6259994506836,78.6050033569336,56753.51,16412.93,37767.12,0.665458753006561,193.52,160.3875,99.132789847173,"Severe midday negative-price risk is elevated as renewable supply occupies a large share of load, with solar creating a compressed residual-load margin. The ML forecast is invalidated by a >15% real-time wind/solar forecast miss or an abrupt solar curtailment event that materially changes residual load. For the day-ahead-to-curve view, favor a cautious short/underweight stance in the solar-heavy midday strip and look to own the later ramp only when the forward curve materially underprices the residual-load reversal."
6775,20740,2026-08-27 09:00:00+02:00,65.6259994506836,78.6050033569336,57974.11,28438.21,46594.23,0.803707551387385,166.6225,124.6525,58.6420556055345,"Severe midday negative-price risk is elevated as renewable supply occupies a large share of load, with solar creating a compressed residual-load margin. The ML forecast is invalidated by a >15% real-time wind/solar forecast miss or an abrupt solar curtailment event that materially changes residual load. For the day-ahead-to-curve view, favor a cautious short/underweight stance in the solar-heavy midday strip and look to own the later ramp only when the forward curve materially underprices the residual-load reversal."
6776,20741,2026-08-27 10:00:00+02:00,65.6259994506836,78.6050033569336,58364.51,38680.42,55942.3,0.958498580565741,137.48,104.1025,38.4495854415793,"Severe midday negative-price risk is elevated as renewable supply occupies a large share of load, with solar creating a compressed residual-load margin. The ML forecast is invalidated by a >15% real-time wind/solar forecast miss or an abrupt solar curtailment event that materially changes residual load. For the day-ahead-to-curve view, favor a cautious short/underweight stance in the solar-heavy midday strip and look to own the later ramp only when the forward curve materially underprices the residual-load reversal."
6777,20742,2026-08-27 11:00:00+02:00,65.6259994506836,78.6050033569336,58338.88,45934.01,63174.17,1.08288280455798,120.66,57.5775,24.896891150686,"Severe midday negative-price risk is elevated as renewable supply occupies a large share of load, with solar creating a compressed residual-load margin. The ML forecast is invalidated by a >15% real-time wind/solar forecast miss or an abrupt solar curtailment event that materially changes residual load. For the day-ahead-to-curve view, favor a cautious short/underweight stance in the solar-heavy midday strip and look to own the later ramp only when the forward curve materially underprices the residual-load reversal."
6778,20743,2026-08-27 12:00:00+02:00,65.6259994506836,78.6050033569336,57587.35,49560.84,66882.68,1.16141270588742,98.605,21.6825,4.53343366668066,"Severe midday negative-price risk is elevated as renewable supply occupies a large share of load, with solar creating a compressed residual-load margin. The ML forecast is invalidated by a >15% real-time wind/solar forecast miss or an abrupt solar curtailment event that materially changes residual load. For the day-ahead-to-curve view, favor a cautious short/underweight stance in the solar-heavy midday strip and look to own the later ramp only when the forward curve materially underprices the residual-load reversal."
6779,20744,2026-08-27 13:00:00+02:00,65.6259994506836,78.6050033569336,55784.42,49933.5,67560.91,1.21110715120618,89.54,6.5725,-2.9359240623062,"Severe midday negative-price risk is elevated as renewable supply occupies a large share of load, with solar creating a compressed residual-load margin. The ML forecast is invalidated by a >15% real-time wind/solar forecast miss or an abrupt solar curtailment event that materially changes residual load. For the day-ahead-to-curve view, favor a cautious short/underweight stance in the solar-heavy midday strip and look to own the later ramp only when the forward curve materially underprices the residual-load reversal."
6780,20745,2026-08-27 14:00:00+02:00,65.6259994506836,78.6050033569336,54417.52,47301.76,65998.61,1.21281914331766,91.97,14.1925,-5.40265377351118,"Severe midday negative-price risk is elevated as renewable supply occupies a large share of load, with solar creating a compressed residual-load margin. The ML forecast is invalidated by a >15% real-time wind/solar forecast miss or an abrupt solar curtailment event that materially changes residual load. For the day-ahead-to-curve view, favor a cautious short/underweight stance in the solar-heavy midday strip and look to own the later ramp only when the forward curve materially underprices the residual-load reversal."
6781,20746,2026-08-27 15:00:00+02:00,65.6259994506836,78.6050033569336,53655.79,41375.34,61714.13,1.15018584179821,102.5525,45.3825,2.27489319523712,"Severe midday negative-price risk is elevated as renewable supply occupies a large share of load, with solar creating a compressed residual-load margin. The ML forecast is invalidated by a >15% real-time wind/solar forecast miss or an abrupt solar curtailment event that materially changes residual load. For the day-ahead-to-curve view, favor a cautious short/underweight stance in the solar-heavy midday strip and look to own the later ramp only when the forward curve materially underprices the residual-load reversal."
6782,20747,2026-08-27 16:00:00+02:00,65.6259994506836,78.6050033569336,52777.14,32281.5,54403.14,1.03080879315726,122.5075,96.15,25.0079311465691,"Severe midday negative-price risk is elevated as renewable supply occupies a large share of load, with solar creating a compressed residual-load margin. The ML forecast is invalidated by a >15% real-time wind/solar forecast miss or an abrupt solar curtailment event that materially changes residual load. For the day-ahead-to-curve view, favor a cautious short/underweight stance in the solar-heavy midday strip and look to own the later ramp only when the forward curve materially underprices the residual-load reversal."
6783,20748,2026-08-27 17:00:00+02:00,65.6259994506836,78.6050033569336,53256.07,20839.06,44425.08,0.834178714119503,156.97,141.7,41.9370913524396,"Severe midday negative-price risk is elevated as renewable supply occupies a large share of load, with solar creating a compressed residual-load margin. The ML forecast is invalidated by a >15% real-time wind/solar forecast miss or an abrupt solar curtailment event that materially changes residual load. For the day-ahead-to-curve view, favor a cautious short/underweight stance in the solar-heavy midday strip and look to own the later ramp only when the forward curve materially underprices the residual-load reversal."
6784,20749,2026-08-27 18:00:00+02:00,65.6259994506836,78.6050033569336,54351.2,9692.69,34268.3,0.630497578594309,185.625,173.8125,113.428158453905,"High renewable penetration leaves the residual-load margin vulnerable to downside price pressure, particularly around renewable-output peaks. The ML forecast is invalidated by a >15% real-time renewable forecast miss or sudden economic curtailment that materially changes the supply stack. For the day-ahead-to-curve view, lean toward selling/underweighting the renewable-heavy hours against buying the tighter residual-load hours, with position size limited by forecast uncertainty."
6785,20750,2026-08-27 19:00:00+02:00,65.6259994506836,78.6050033569336,54744.94,2305.29,28293.37,0.516821645887853,211.245,199.2625,138.276805305184,"The grid margin appears balanced rather than extreme, so price direction is sensitive to renewable forecast errors and the load trajectory. The ML forecast is invalidated by a >15% real-time wind/solar forecast miss that shifts residual load enough to change the marginal conventional unit. For the day-ahead-to-curve view, keep the spread bias modest and express it only where the day-ahead signal diverges materially from the forward curve after accounting for forecast error."
6786,20751,2026-08-27 20:00:00+02:00,65.6259994506836,78.6050033569336,53328.15,55.32,28493.91,0.534312740919325,201.7775,191.4875,143.991682446306,"The grid margin appears balanced rather than extreme, so price direction is sensitive to renewable forecast errors and the load trajectory. The ML forecast is invalidated by a >15% real-time wind/solar forecast miss that shifts residual load enough to change the marginal conventional unit. For the day-ahead-to-curve view, keep the spread bias modest and express it only where the day-ahead signal diverges materially from the forward curve after accounting for forecast error."
6787,20752,2026-08-27 21:00:00+02:00,65.6259994506836,78.6050033569336,51017.97,0,30607.7,0.599939589795529,178.6925,175.92,119.56509401813,"High renewable penetration leaves the residual-load margin vulnerable to downside price pressure, particularly around renewable-output peaks. The ML forecast is invalidated by a >15% real-time renewable forecast miss or sudden economic curtailment that materially changes the supply stack. For the day-ahead-to-curve view, lean toward selling/underweighting the renewable-heavy hours against buying the tighter residual-load hours, with position size limited by forecast uncertainty."
6788,20753,2026-08-27 22:00:00+02:00,65.6259994506836,78.6050033569336,47940.42,0,30867.74,0.64387712901892,163.5875,164.92,107.462863719536,"High renewable penetration leaves the residual-load margin vulnerable to downside price pressure, particularly around renewable-output peaks. The ML forecast is invalidated by a >15% real-time renewable forecast miss or sudden economic curtailment that materially changes the supply stack. For the day-ahead-to-curve view, lean toward selling/underweighting the renewable-heavy hours against buying the tighter residual-load hours, with position size limited by forecast uncertainty."
6789,20754,2026-08-27 23:00:00+02:00,65.6259994506836,78.6050033569336,44655.88,0,30424.31,0.681305798770217,151.1125,150.39,95.3740870753082,"High renewable penetration leaves the residual-load margin vulnerable to downside price pressure, particularly around renewable-output peaks. The ML forecast is invalidated by a >15% real-time renewable forecast miss or sudden economic curtailment that materially changes the supply stack. For the day-ahead-to-curve view, lean toward selling/underweighting the renewable-heavy hours against buying the tighter residual-load hours, with position size limited by forecast uncertainty."
6790,20755,2026-08-28 00:00:00+02:00,68.0950012207031,78.1549987792969,42154.77,0,28761.83,0.682291232835029,148.555,139.5225,94.248372042777,"High renewable penetration leaves the residual-load margin vulnerable to downside price pressure, particularly around renewable-output peaks. The ML forecast is invalidated by a >15% real-time renewable forecast miss or sudden economic curtailment that materially changes the supply stack. For the day-ahead-to-curve view, lean toward selling/underweighting the renewable-heavy hours against buying the tighter residual-load hours, with position size limited by forecast uncertainty."
6791,20756,2026-08-28 01:00:00+02:00,68.0950012207031,78.1549987792969,40464.6,0,27611.08,0.682351487304372,142.175,139.2875,91.4524186053153,"High renewable penetration leaves the residual-load margin vulnerable to downside price pressure, particularly around renewable-output peaks. The ML forecast is invalidated by a >15% real-time renewable forecast miss or sudden economic curtailment that materially changes the supply stack. For the day-ahead-to-curve view, lean toward selling/underweighting the renewable-heavy hours against buying the tighter residual-load hours, with position size limited by forecast uncertainty."
6792,20757,2026-08-28 02:00:00+02:00,68.0950012207031,78.1549987792969,39548.36,0,26319,0.66548903654526,135.17,138.2425,88.4444127336216,"High renewable penetration leaves the residual-load margin vulnerable to downside price pressure, particularly around renewable-output peaks. The ML forecast is invalidated by a >15% real-time renewable forecast miss or sudden economic curtailment that materially changes the supply stack. For the day-ahead-to-curve view, lean toward selling/underweighting the renewable-heavy hours against buying the tighter residual-load hours, with position size limited by forecast uncertainty."
6793,20758,2026-08-28 03:00:00+02:00,68.0950012207031,78.1549987792969,39372.66,0,24793.73,0.629719454913709,134.4225,138.8,92.2218987001988,"High renewable penetration leaves the residual-load margin vulnerable to downside price pressure, particularly around renewable-output peaks. The ML forecast is invalidated by a >15% real-time renewable forecast miss or sudden economic curtailment that materially changes the supply stack. For the day-ahead-to-curve view, lean toward selling/underweighting the renewable-heavy hours against buying the tighter residual-load hours, with position size limited by forecast uncertainty."
6794,20759,2026-08-28 04:00:00+02:00,68.0950012207031,78.1549987792969,40696.33,0,23562.77,0.578990046380352,136.19,139.09,97.0242747631733,"High renewable penetration leaves the residual-load margin vulnerable to downside price pressure, particularly around renewable-output peaks. The ML forecast is invalidated by a >15% real-time renewable forecast miss or sudden economic curtailment that materially changes the supply stack. For the day-ahead-to-curve view, lean toward selling/underweighting the renewable-heavy hours against buying the tighter residual-load hours, with position size limited by forecast uncertainty."
6795,20760,2026-08-28 05:00:00+02:00,68.0950012207031,78.1549987792969,43781.66,0,22691.55,0.518288936390651,146.56,146.7675,106.402062067475,"The grid margin appears balanced rather than extreme, so price direction is sensitive to renewable forecast errors and the load trajectory. The ML forecast is invalidated by a >15% real-time wind/solar forecast miss that shifts residual load enough to change the marginal conventional unit. For the day-ahead-to-curve view, keep the spread bias modest and express it only where the day-ahead signal diverges materially from the forward curve after accounting for forecast error."
6796,20761,2026-08-28 06:00:00+02:00,68.0950012207031,78.1549987792969,49327.98,287.53,22816.74,0.46255167950065,167.5825,171.0075,128.767289198162,"The grid margin appears balanced rather than extreme, so price direction is sensitive to renewable forecast errors and the load trajectory. The ML forecast is invalidated by a >15% real-time wind/solar forecast miss that shifts residual load enough to change the marginal conventional unit. For the day-ahead-to-curve view, keep the spread bias modest and express it only where the day-ahead signal diverges materially from the forward curve after accounting for forecast error."
6797,20762,2026-08-28 07:00:00+02:00,68.0950012207031,78.1549987792969,53600.63,3306.11,24790.18,0.462497922046346,174.145,177.98,141.867123330551,"The grid margin appears balanced rather than extreme, so price direction is sensitive to renewable forecast errors and the load trajectory. The ML forecast is invalidated by a >15% real-time wind/solar forecast miss that shifts residual load enough to change the marginal conventional unit. For the day-ahead-to-curve view, keep the spread bias modest and express it only where the day-ahead signal diverges materially from the forward curve after accounting for forecast error."
6798,20763,2026-08-28 08:00:00+02:00,68.0950012207031,78.1549987792969,56472.87,9488.49,29149.78,0.516173164120015,160.3875,169.47,129.070777904602,"The grid margin appears balanced rather than extreme, so price direction is sensitive to renewable forecast errors and the load trajectory. The ML forecast is invalidated by a >15% real-time wind/solar forecast miss that shifts residual load enough to change the marginal conventional unit. For the day-ahead-to-curve view, keep the spread bias modest and express it only where the day-ahead signal diverges materially from the forward curve after accounting for forecast error."
6799,20764,2026-08-28 09:00:00+02:00,68.0950012207031,78.1549987792969,57497.62,16462.34,33961.51,0.590659404582197,124.6525,155.1525,111.04652396378,"High renewable penetration leaves the residual-load margin vulnerable to downside price pressure, particularly around renewable-output peaks. The ML forecast is invalidated by a >15% real-time renewable forecast miss or sudden economic curtailment that materially changes the supply stack. For the day-ahead-to-curve view, lean toward selling/underweighting the renewable-heavy hours against buying the tighter residual-load hours, with position size limited by forecast uncertainty."
6800,20765,2026-08-28 10:00:00+02:00,68.0950012207031,78.1549987792969,57846.04,22188.23,37941.64,0.655907301406301,104.1025,137.64,97.2340474073129,"Severe midday negative-price risk is elevated as renewable supply occupies a large share of load, with solar creating a compressed residual-load margin. The ML forecast is invalidated by a >15% real-time wind/solar forecast miss or an abrupt solar curtailment event that materially changes residual load. For the day-ahead-to-curve view, favor a cautious short/underweight stance in the solar-heavy midday strip and look to own the later ramp only when the forward curve materially underprices the residual-load reversal."
6801,20766,2026-08-28 11:00:00+02:00,68.0950012207031,78.1549987792969,57417.11,25806.13,40971.8,0.713581717938506,57.5775,121.5825,72.589650915961,"Severe midday negative-price risk is elevated as renewable supply occupies a large share of load, with solar creating a compressed residual-load margin. The ML forecast is invalidated by a >15% real-time wind/solar forecast miss or an abrupt solar curtailment event that materially changes residual load. For the day-ahead-to-curve view, favor a cautious short/underweight stance in the solar-heavy midday strip and look to own the later ramp only when the forward curve materially underprices the residual-load reversal."
6802,20767,2026-08-28 12:00:00+02:00,68.0950012207031,78.1549987792969,56382.91,28030.82,43037.6,0.763309307596343,21.6825,110.89,53.1927606771565,"Severe midday negative-price risk is elevated as renewable supply occupies a large share of load, with solar creating a compressed residual-load margin. The ML forecast is invalidated by a >15% real-time wind/solar forecast miss or an abrupt solar curtailment event that materially changes residual load. For the day-ahead-to-curve view, favor a cautious short/underweight stance in the solar-heavy midday strip and look to own the later ramp only when the forward curve materially underprices the residual-load reversal."
6803,20768,2026-08-28 13:00:00+02:00,68.0950012207031,78.1549987792969,54752.39,28297.61,43391.33,0.792501112592071,6.5725,96.2375,41.3058346327014,"Severe midday negative-price risk is elevated as renewable supply occupies a large share of load, with solar creating a compressed residual-load margin. The ML forecast is invalidated by a >15% real-time wind/solar forecast miss or an abrupt solar curtailment event that materially changes residual load. For the day-ahead-to-curve view, favor a cautious short/underweight stance in the solar-heavy midday strip and look to own the later ramp only when the forward curve materially underprices the residual-load reversal."
6804,20769,2026-08-28 14:00:00+02:00,68.0950012207031,78.1549987792969,53512.47,26736.44,42369.92,0.791776570808304,14.1925,104,45.1575238355362,"Severe midday negative-price risk is elevated as renewable supply occupies a large share of load, with solar creating a compressed residual-load margin. The ML forecast is invalidated by a >15% real-time wind/solar forecast miss or an abrupt solar curtailment event that materially changes residual load. For the day-ahead-to-curve view, favor a cautious short/underweight stance in the solar-heavy midday strip and look to own the later ramp only when the forward curve materially underprices the residual-load reversal."
6805,20770,2026-08-28 15:00:00+02:00,68.0950012207031,78.1549987792969,53129.43,23407.28,39726.17,0.747724377854661,45.3825,114.37,64.0517270604026,"Severe midday negative-price risk is elevated as renewable supply occupies a large share of load, with solar creating a compressed residual-load margin. The ML forecast is invalidated by a >15% real-time wind/solar forecast miss or an abrupt solar curtailment event that materially changes residual load. For the day-ahead-to-curve view, favor a cautious short/underweight stance in the solar-heavy midday strip and look to own the later ramp only when the forward curve materially underprices the residual-load reversal."
6806,20771,2026-08-28 16:00:00+02:00,68.0950012207031,78.1549987792969,52721.24,18655.25,36010.71,0.683039890434474,96.15,119.56,81.7784793049178,"Severe midday negative-price risk is elevated as renewable supply occupies a large share of load, with solar creating a compressed residual-load margin. The ML forecast is invalidated by a >15% real-time wind/solar forecast miss or an abrupt solar curtailment event that materially changes residual load. For the day-ahead-to-curve view, favor a cautious short/underweight stance in the solar-heavy midday strip and look to own the later ramp only when the forward curve materially underprices the residual-load reversal."
6807,20772,2026-08-28 17:00:00+02:00,68.0950012207031,78.1549987792969,53356.05,12625.68,31086.25,0.582619028098478,141.7,143.2025,105.934947622388,"High renewable penetration leaves the residual-load margin vulnerable to downside price pressure, particularly around renewable-output peaks. The ML forecast is invalidated by a >15% real-time renewable forecast miss or sudden economic curtailment that materially changes the supply stack. For the day-ahead-to-curve view, lean toward selling/underweighting the renewable-heavy hours against buying the tighter residual-load hours, with position size limited by forecast uncertainty."
6808,20773,2026-08-28 18:00:00+02:00,68.0950012207031,78.1549987792969,53808.67,6306.27,25596.25,0.475690069931911,173.8125,160.48,133.546000040841,"The grid margin appears balanced rather than extreme, so price direction is sensitive to renewable forecast errors and the load trajectory. The ML forecast is invalidated by a >15% real-time wind/solar forecast miss that shifts residual load enough to change the marginal conventional unit. For the day-ahead-to-curve view, keep the spread bias modest and express it only where the day-ahead signal diverges materially from the forward curve after accounting for forecast error."
6809,20774,2026-08-28 19:00:00+02:00,68.0950012207031,78.1549987792969,53565.36,1549.02,21311.56,0.397860856270198,199.2625,172.54,157.011144519396,"The grid margin appears balanced rather than extreme, so price direction is sensitive to renewable forecast errors and the load trajectory. The ML forecast is invalidated by a >15% real-time wind/solar forecast miss that shifts residual load enough to change the marginal conventional unit. For the day-ahead-to-curve view, keep the spread bias modest and express it only where the day-ahead signal diverges materially from the forward curve after accounting for forecast error."
6810,20775,2026-08-28 20:00:00+02:00,68.0950012207031,78.1549987792969,52001.06,47.66,19930.66,0.383274110107895,191.4875,176.77,155.240276925043,"The grid margin appears balanced rather than extreme, so price direction is sensitive to renewable forecast errors and the load trajectory. The ML forecast is invalidated by a >15% real-time wind/solar forecast miss that shifts residual load enough to change the marginal conventional unit. For the day-ahead-to-curve view, keep the spread bias modest and express it only where the day-ahead signal diverges materially from the forward curve after accounting for forecast error."
6811,20776,2026-08-28 21:00:00+02:00,68.0950012207031,78.1549987792969,49398.14,0,20776.78,0.420598427305036,175.92,166.11,134.28012937819,"The grid margin appears balanced rather than extreme, so price direction is sensitive to renewable forecast errors and the load trajectory. The ML forecast is invalidated by a >15% real-time wind/solar forecast miss that shifts residual load enough to change the marginal conventional unit. For the day-ahead-to-curve view, keep the spread bias modest and express it only where the day-ahead signal diverges materially from the forward curve after accounting for forecast error."
6812,20777,2026-08-28 22:00:00+02:00,68.0950012207031,78.1549987792969,46382.87,0,21812.19,0.47026391414109,164.92,161.445,117.729572030066,"The grid margin appears balanced rather than extreme, so price direction is sensitive to renewable forecast errors and the load trajectory. The ML forecast is invalidated by a >15% real-time wind/solar forecast miss that shifts residual load enough to change the marginal conventional unit. For the day-ahead-to-curve view, keep the spread bias modest and express it only where the day-ahead signal diverges materially from the forward curve after accounting for forecast error."
6813,20778,2026-08-28 23:00:00+02:00,68.0950012207031,78.1549987792969,43000.72,0,22621.06,0.526062354182427,150.39,145.1325,103.905018715272,"The grid margin appears balanced rather than extreme, so price direction is sensitive to renewable forecast errors and the load trajectory. The ML forecast is invalidated by a >15% real-time wind/solar forecast miss that shifts residual load enough to change the marginal conventional unit. For the day-ahead-to-curve view, keep the spread bias modest and express it only where the day-ahead signal diverges materially from the forward curve after accounting for forecast error."
6814,20779,2026-08-29 00:00:00+02:00,66.9789962768555,78.629997253418,40280.27,0,25623.8,0.636137741719175,139.5225,141.58,81.9720426620122,"High renewable penetration leaves the residual-load margin vulnerable to downside price pressure, particularly around renewable-output peaks. The ML forecast is invalidated by a >15% real-time renewable forecast miss or sudden economic curtailment that materially changes the supply stack. For the day-ahead-to-curve view, lean toward selling/underweighting the renewable-heavy hours against buying the tighter residual-load hours, with position size limited by forecast uncertainty."
