datetime,LightGBM_With_Lasso_pred,y_test
2025-09-30T22:00:00Z,93.76988878496074,91.565
2025-09-30T23:00:00Z,92.77487228018965,86.285
2025-10-01T00:00:00Z,92.81088696205991,84.8725
2025-10-01T01:00:00Z,93.01790186743557,88.325
2025-10-01T02:00:00Z,95.0744871061236,87.655
2025-10-01T03:00:00Z,104.37958236650067,95.3275
2025-10-01T04:00:00Z,135.15707274677916,124.96
2025-10-01T05:00:00Z,174.2830701124612,173.29999999999998
2025-10-01T06:00:00Z,151.5705162171954,139.0875
2025-10-01T07:00:00Z,114.13013668967425,105.25
2025-10-01T08:00:00Z,83.94365447931254,86.035
2025-10-01T09:00:00Z,66.70460035949877,70.5675
2025-10-01T10:00:00Z,58.48670852633106,66.025
2025-10-01T11:00:00Z,58.95250373818353,68.4
2025-10-01T12:00:00Z,69.13794187274354,72.6275
2025-10-01T13:00:00Z,79.51571661134517,81.7225
2025-10-01T14:00:00Z,98.4715307648743,92.87
2025-10-01T15:00:00Z,136.65839974249698,135.39999999999998
2025-10-01T16:00:00Z,218.08857216032806,253.2375
2025-10-01T17:00:00Z,231.25305896139486,339.9925
2025-10-01T18:00:00Z,149.97644946274326,152.0225
2025-10-01T19:00:00Z,121.18326719158047,113.035
2025-10-01T20:00:00Z,105.97029277671695,98.51
2025-10-01T21:00:00Z,99.30599665000173,90.6475
2025-10-01T22:00:00Z,93.45653467740757,90.805
2025-10-01T23:00:00Z,90.94877402866906,88.0
2025-10-02T00:00:00Z,89.1438035996931,86.52499999999999
2025-10-02T01:00:00Z,89.79139713306381,88.56
2025-10-02T02:00:00Z,90.87126025247711,90.8075
2025-10-02T03:00:00Z,96.66100402308234,95.9725
2025-10-02T04:00:00Z,119.28153411387763,128.72
2025-10-02T05:00:00Z,144.31557162508287,181.0875
2025-10-02T06:00:00Z,131.72755151841753,136.67749999999998
2025-10-02T07:00:00Z,97.45295652956611,100.505
2025-10-02T08:00:00Z,63.60017655952581,91.48
2025-10-02T09:00:00Z,33.92159341154304,78.285
2025-10-02T10:00:00Z,23.01591405877404,65.77
2025-10-02T11:00:00Z,26.609496695877983,60.5
2025-10-02T12:00:00Z,44.495171505988125,71.28999999999999
2025-10-02T13:00:00Z,59.063433592750016,80.6625
2025-10-02T14:00:00Z,82.83414081346754,91.445
2025-10-02T15:00:00Z,116.6119736444045,113.32
2025-10-02T16:00:00Z,201.30158733996484,167.925
2025-10-02T17:00:00Z,186.46624449261589,176.8375
2025-10-02T18:00:00Z,131.25370004943557,109.92
2025-10-02T19:00:00Z,108.56772867135935,90.855
2025-10-02T20:00:00Z,93.57367077560762,96.6575
2025-10-02T21:00:00Z,84.15089685341673,82.0925
2025-10-02T22:00:00Z,79.73329844458476,85.9325
2025-10-02T23:00:00Z,71.42096190613323,77.14
2025-10-03T00:00:00Z,64.8143188800226,71.75
2025-10-03T01:00:00Z,61.82700561557544,73.9075
2025-10-03T02:00:00Z,65.00560590003676,76.2875
2025-10-03T03:00:00Z,66.25292901215005,77.98
2025-10-03T04:00:00Z,75.52635998066062,93.78
2025-10-03T05:00:00Z,83.15952674279478,100.4175
2025-10-03T06:00:00Z,65.99811350851434,103.68
2025-10-03T07:00:00Z,48.0956239828862,83.9025
2025-10-03T08:00:00Z,14.868724531823942,59.9975
2025-10-03T09:00:00Z,5.951999866596627,40.5025
2025-10-03T10:00:00Z,-0.35697067092367835,26.3525
2025-10-03T11:00:00Z,-4.167470346712506,16.502499999999998
2025-10-03T12:00:00Z,0.8743878169166596,26.2025
2025-10-03T13:00:00Z,2.980201337699287,49.8825
2025-10-03T14:00:00Z,38.624855146785,63.3925
2025-10-03T15:00:00Z,61.68556814909905,89.9
2025-10-03T16:00:00Z,87.78198277929614,120.76
2025-10-03T17:00:00Z,77.60925204975798,109.01
2025-10-03T18:00:00Z,60.6455468440441,75.03999999999999
2025-10-03T19:00:00Z,49.627002865160904,43.4425
2025-10-03T20:00:00Z,33.721687038029636,25.4025
2025-10-03T21:00:00Z,16.07625710819063,11.1075
2025-10-03T22:00:00Z,5.368716051140123,0.7250000000000001
2025-10-03T23:00:00Z,4.876886988751824,-0.01
2025-10-04T00:00:00Z,3.826021010711008,-0.0425
2025-10-04T01:00:00Z,3.0108030431470594,-0.0975
2025-10-04T02:00:00Z,0.6587779387398459,-1.1275
2025-10-04T03:00:00Z,0.6685058916556111,-1.905
2025-10-04T04:00:00Z,-3.754389485655875,-1.915
2025-10-04T05:00:00Z,-1.4939211011982703,-0.775
2025-10-04T06:00:00Z,5.814151784472551,-0.3
2025-10-04T07:00:00Z,6.63238340268102,-0.1625
2025-10-04T08:00:00Z,6.635084379550848,-0.09
2025-10-04T09:00:00Z,2.8784761881742997,-0.0975
2025-10-04T10:00:00Z,0.19279180892488065,-0.08
2025-10-04T11:00:00Z,-5.088248322807207,-0.44
2025-10-04T12:00:00Z,-8.521235383503955,-2.045
2025-10-04T13:00:00Z,-5.35163371024071,-2.605
2025-10-04T14:00:00Z,2.314785217368617,-0.095
2025-10-04T15:00:00Z,6.634848036279092,-0.0925
2025-10-04T16:00:00Z,11.557701529534715,1.105
2025-10-04T17:00:00Z,12.805094905300926,3.23
2025-10-04T18:00:00Z,9.742270463392263,0.3225
2025-10-04T19:00:00Z,4.140098679978368,-0.0949999999999999
2025-10-04T20:00:00Z,0.17539303405494355,-0.0525
2025-10-04T21:00:00Z,-0.4301641637097538,-0.3425
2025-10-04T22:00:00Z,-1.1388220361127106,-0.7475
2025-10-04T23:00:00Z,-1.5635920636834937,-1.4025
2025-10-05T00:00:00Z,-3.624622115284796,-4.19
2025-10-05T01:00:00Z,-4.4678113654661775,-4.3775
2025-10-05T02:00:00Z,-3.6346777307074816,-4.98
2025-10-05T03:00:00Z,-4.088862403043937,-4.4575
2025-10-05T04:00:00Z,-1.8905154746131525,-3.76
2025-10-05T05:00:00Z,2.061645262708568,-1.505
2025-10-05T06:00:00Z,3.136188919788231,-0.0875
2025-10-05T07:00:00Z,2.6463219787296213,-1.3925
2025-10-05T08:00:00Z,0.13781461814228918,-3.33
2025-10-05T09:00:00Z,-2.074661255012121,-2.0175
2025-10-05T10:00:00Z,-14.075014913467466,-3.415
2025-10-05T11:00:00Z,-16.09786445659546,-3.3875
2025-10-05T12:00:00Z,-9.73719502559556,-2.9425
2025-10-05T13:00:00Z,-5.589734112312357,-2.3925
2025-10-05T14:00:00Z,3.404908309399789,-0.6875
2025-10-05T15:00:00Z,7.646467295616869,0.8525
2025-10-05T16:00:00Z,28.325216874853016,16.0825
2025-10-05T17:00:00Z,31.666332753964063,35.0475
2025-10-05T18:00:00Z,25.388799369201656,19.83
2025-10-05T19:00:00Z,12.469420554137173,5.4775
2025-10-05T20:00:00Z,9.25916736244727,5.202500000000001
2025-10-05T21:00:00Z,8.035090376172368,4.075
2025-10-05T22:00:00Z,4.779547336102201,20.845
2025-10-05T23:00:00Z,3.6321083023936187,10.0475
2025-10-06T00:00:00Z,1.6667782496183434,9.1025
2025-10-06T01:00:00Z,3.1822265283023947,10.7325
2025-10-06T02:00:00Z,2.7291472235606116,16.8
2025-10-06T03:00:00Z,19.265566861192344,22.6025
2025-10-06T04:00:00Z,65.01817073156185,68.585
2025-10-06T05:00:00Z,80.92839257856274,105.0525
2025-10-06T06:00:00Z,91.43364152520459,121.7675
2025-10-06T07:00:00Z,86.33264661613448,121.1175
2025-10-06T08:00:00Z,73.50135468621579,100.5275
2025-10-06T09:00:00Z,67.0880949023551,89.3025
2025-10-06T10:00:00Z,62.61386133037483,87.325
2025-10-06T11:00:00Z,64.14698940456283,84.5975
2025-10-06T12:00:00Z,68.38353881590632,92.3275
2025-10-06T13:00:00Z,76.51125049957976,94.5475
2025-10-06T14:00:00Z,88.37501459566965,104.7725
2025-10-06T15:00:00Z,127.96264296627606,120.29
2025-10-06T16:00:00Z,149.8829180920236,141.5875
2025-10-06T17:00:00Z,156.7181783844103,168.315
2025-10-06T18:00:00Z,145.46458502742152,133.6775
2025-10-06T19:00:00Z,116.86987751111761,120.2025
2025-10-06T20:00:00Z,108.5761761928135,118.665
2025-10-06T21:00:00Z,94.05344901819733,105.5
2025-10-06T22:00:00Z,99.98454356348503,100.2625
2025-10-06T23:00:00Z,97.15953901829823,93.9875
2025-10-07T00:00:00Z,92.98338223343194,89.8175
2025-10-07T01:00:00Z,88.72255521263355,89.55
2025-10-07T02:00:00Z,95.56558388187722,92.975
2025-10-07T03:00:00Z,107.61748236947328,96.74
2025-10-07T04:00:00Z,145.674538243224,134.885
2025-10-07T05:00:00Z,179.15279622308478,228.555
2025-10-07T06:00:00Z,175.15314066659968,287.67
2025-10-07T07:00:00Z,163.97846023929952,212.1825
2025-10-07T08:00:00Z,148.95783603317355,154.66
2025-10-07T09:00:00Z,139.18380750166548,129.9075
2025-10-07T10:00:00Z,127.43733298620378,110.94
2025-10-07T11:00:00Z,116.4834158247572,106.1825
2025-10-07T12:00:00Z,110.98343455036772,105.3525
2025-10-07T13:00:00Z,112.6177936204231,113.16
2025-10-07T14:00:00Z,130.03033851046843,122.105
2025-10-07T15:00:00Z,155.09300225193869,151.84
2025-10-07T16:00:00Z,174.960845894932,202.4175
2025-10-07T17:00:00Z,179.48265220699548,213.28
2025-10-07T18:00:00Z,154.29524977087124,146.34
2025-10-07T19:00:00Z,132.58211209939827,123.2425
2025-10-07T20:00:00Z,120.55656392132235,107.4225
2025-10-07T21:00:00Z,109.40909681237362,97.4825
2025-10-07T22:00:00Z,101.30203465986745,93.4525
2025-10-07T23:00:00Z,99.26602992441332,88.4375
2025-10-08T00:00:00Z,96.9556320588965,87.56
2025-10-08T01:00:00Z,96.80801841000661,86.975
2025-10-08T02:00:00Z,99.02502280430792,89.6725
2025-10-08T03:00:00Z,102.51603184834465,97.395
2025-10-08T04:00:00Z,131.52201625912585,117.1075
2025-10-08T05:00:00Z,187.1625926108713,155.58
2025-10-08T06:00:00Z,243.07732179226704,166.395
2025-10-08T07:00:00Z,185.54371951561365,135.17499999999998
2025-10-08T08:00:00Z,142.64175782085786,118.445
2025-10-08T09:00:00Z,123.14835304482408,103.325
2025-10-08T10:00:00Z,107.59691300507872,90.8225
2025-10-08T11:00:00Z,102.76260353855768,89.33500000000001
2025-10-08T12:00:00Z,102.15482943809307,90.4425
2025-10-08T13:00:00Z,109.46735903394222,99.4275
2025-10-08T14:00:00Z,122.9225377055384,117.465
2025-10-08T15:00:00Z,159.40981225522088,149.48000000000002
2025-10-08T16:00:00Z,204.97140212564537,183.8075
2025-10-08T17:00:00Z,192.93817637910684,199.0025
2025-10-08T18:00:00Z,162.9413713871154,141.695
2025-10-08T19:00:00Z,139.84536095572665,114.74
2025-10-08T20:00:00Z,116.18586953604775,108.24
2025-10-08T21:00:00Z,106.24562909632458,97.8325
2025-10-08T22:00:00Z,102.72947319105309,97.215
2025-10-08T23:00:00Z,97.7166280698215,92.5825
2025-10-09T00:00:00Z,92.32340029689209,93.2625
2025-10-09T01:00:00Z,91.24171481801665,90.8175
2025-10-09T02:00:00Z,95.52064890178043,92.7
2025-10-09T03:00:00Z,99.52266998677482,101.1525
2025-10-09T04:00:00Z,124.08709285111868,125.58
2025-10-09T05:00:00Z,153.71014905024057,145.0
2025-10-09T06:00:00Z,153.1868373456599,149.9
2025-10-09T07:00:00Z,131.53124979532242,132.4875
2025-10-09T08:00:00Z,111.75234349030112,109.6875
2025-10-09T09:00:00Z,93.25819683562574,96.9625
2025-10-09T10:00:00Z,85.09107591788272,91.0225
2025-10-09T11:00:00Z,79.20193748479356,83.3525
2025-10-09T12:00:00Z,76.92475426627502,83.2
2025-10-09T13:00:00Z,82.04407882266163,88.8275
2025-10-09T14:00:00Z,93.38875582573334,92.075
2025-10-09T15:00:00Z,115.67605643324258,110.01
2025-10-09T16:00:00Z,139.9920553369544,122.9075
2025-10-09T17:00:00Z,137.4660034065441,123.1125
2025-10-09T18:00:00Z,114.50669900073194,112.3625
2025-10-09T19:00:00Z,96.63264121057063,98.0925
2025-10-09T20:00:00Z,90.90791298760293,96.8325
2025-10-09T21:00:00Z,84.22751438800952,88.7
2025-10-09T22:00:00Z,78.87043575852825,88.01
2025-10-09T23:00:00Z,76.02062302437727,84.9675
2025-10-10T00:00:00Z,68.86693564704935,80.0875
2025-10-10T01:00:00Z,71.17666656948178,78.285
2025-10-10T02:00:00Z,72.83571857963848,79.21000000000001
2025-10-10T03:00:00Z,81.4654150102074,86.0725
2025-10-10T04:00:00Z,103.11303309108551,102.6375
2025-10-10T05:00:00Z,120.73843186753388,119.325
2025-10-10T06:00:00Z,119.90099902429698,122.6125
2025-10-10T07:00:00Z,104.13904065182643,107.765
2025-10-10T08:00:00Z,88.06361564440061,93.0075
2025-10-10T09:00:00Z,79.25797700779489,82.1175
2025-10-10T10:00:00Z,69.22827998803565,77.5325
2025-10-10T11:00:00Z,66.4489844084922,75.69
2025-10-10T12:00:00Z,69.54799466759356,77.2575
2025-10-10T13:00:00Z,78.60332926268721,88.89500000000001
2025-10-10T14:00:00Z,86.95060750556033,97.8575
2025-10-10T15:00:00Z,103.99404691783033,118.2
2025-10-10T16:00:00Z,124.37906356643406,120.605
2025-10-10T17:00:00Z,120.89706843292325,123.29
2025-10-10T18:00:00Z,110.58795868387465,115.39
2025-10-10T19:00:00Z,96.47007354030694,103.915
2025-10-10T20:00:00Z,93.8263785169611,97.7375
2025-10-10T21:00:00Z,87.26053055209569,93.35
2025-10-10T22:00:00Z,79.53827018057576,92.9675
2025-10-10T23:00:00Z,75.00440284768673,88.83500000000001
2025-10-11T00:00:00Z,69.86655727757748,87.3875
2025-10-11T01:00:00Z,70.2590647128562,84.175
2025-10-11T02:00:00Z,76.88972520473803,82.0275
2025-10-11T03:00:00Z,76.9495644423813,84.755
2025-10-11T04:00:00Z,84.48306904909747,90.265
2025-10-11T05:00:00Z,93.62642375817842,96.7525
2025-10-11T06:00:00Z,92.59510004704785,100.4
2025-10-11T07:00:00Z,84.77148824435947,92.96
2025-10-11T08:00:00Z,77.87084873583727,82.4325
2025-10-11T09:00:00Z,61.374492312134905,74.02
2025-10-11T10:00:00Z,43.64246038211663,55.4175
2025-10-11T11:00:00Z,35.70474482641394,46.7725
2025-10-11T12:00:00Z,36.832316650330334,51.03
2025-10-11T13:00:00Z,53.85983950735809,76.9425
2025-10-11T14:00:00Z,79.89709791838652,83.65
2025-10-11T15:00:00Z,101.07254297860129,114.005
2025-10-11T16:00:00Z,116.40334690844283,126.4375
2025-10-11T17:00:00Z,117.44002604217141,130.1725
2025-10-11T18:00:00Z,113.64005328038492,120.635
2025-10-11T19:00:00Z,100.07505899998719,112.545
2025-10-11T20:00:00Z,95.14844371780642,106.9075
2025-10-11T21:00:00Z,93.13113661982602,95.0975
2025-10-11T22:00:00Z,91.53427052588262,96.1775
2025-10-11T23:00:00Z,85.17954602254238,92.1675
2025-10-12T00:00:00Z,80.2743102734341,88.86
2025-10-12T01:00:00Z,78.24038649116446,85.13
2025-10-12T02:00:00Z,76.31724452862575,86.4125
2025-10-12T03:00:00Z,74.79781115777257,86.6575
2025-10-12T04:00:00Z,79.58092025084785,88.3
2025-10-12T05:00:00Z,82.52809209060057,89.1725
2025-10-12T06:00:00Z,84.97167134658861,88.66
2025-10-12T07:00:00Z,77.3419170320992,83.0625
2025-10-12T08:00:00Z,69.09145757436286,76.205
2025-10-12T09:00:00Z,59.28475440977521,71.9
2025-10-12T10:00:00Z,54.32945182337447,66.8875
2025-10-12T11:00:00Z,47.34510881722097,52.16
2025-10-12T12:00:00Z,51.28852384308473,62.475
2025-10-12T13:00:00Z,63.43641027647054,79.985
2025-10-12T14:00:00Z,77.1144732902424,88.0025
2025-10-12T15:00:00Z,100.3326638221941,105.55
2025-10-12T16:00:00Z,118.07750372617312,108.9
2025-10-12T17:00:00Z,122.20159267685744,116.64
2025-10-12T18:00:00Z,118.45748531029807,115.5275
2025-10-12T19:00:00Z,110.90386068022626,110.4475
2025-10-12T20:00:00Z,106.68119516525422,107.79
2025-10-12T21:00:00Z,101.20935993731848,93.445
2025-10-12T22:00:00Z,95.84244174797702,93.4525
2025-10-12T23:00:00Z,96.03617131116641,90.26
2025-10-13T00:00:00Z,90.24826569928797,90.8325
2025-10-13T01:00:00Z,88.8053980830618,89.1225
2025-10-13T02:00:00Z,92.30838094109664,93.4525
2025-10-13T03:00:00Z,95.93396384159696,98.095
2025-10-13T04:00:00Z,130.0156310239661,131.41
2025-10-13T05:00:00Z,152.541767495651,218.6375
2025-10-13T06:00:00Z,164.99318643073917,199.5575
2025-10-13T07:00:00Z,151.85186448750426,150.185
2025-10-13T08:00:00Z,128.82490595203342,125.0975
2025-10-13T09:00:00Z,111.64799576950084,110.0
2025-10-13T10:00:00Z,97.1356294816675,95.1
2025-10-13T11:00:00Z,93.20280652778457,89.8575
2025-10-13T12:00:00Z,94.36742931677065,92.0975
2025-10-13T13:00:00Z,97.89231511554803,101.8425
2025-10-13T14:00:00Z,116.47311116284975,117.9025
2025-10-13T15:00:00Z,145.87257960580126,180.6
2025-10-13T16:00:00Z,197.9027216253218,305.74
2025-10-13T17:00:00Z,197.33755636978105,306.575
2025-10-13T18:00:00Z,171.80838207268698,186.9525
2025-10-13T19:00:00Z,142.53201233683484,137.175
2025-10-13T20:00:00Z,129.85684507741553,121.9875
2025-10-13T21:00:00Z,112.33506280556412,111.275
2025-10-13T22:00:00Z,100.5856238763028,109.1825
2025-10-13T23:00:00Z,97.62357467337647,103.015
2025-10-14T00:00:00Z,90.97706384164016,99.52
2025-10-14T01:00:00Z,90.26412957764052,98.8675
2025-10-14T02:00:00Z,92.9009622466182,100.0475
2025-10-14T03:00:00Z,96.77492860158384,101.4475
2025-10-14T04:00:00Z,127.33178923525583,123.2925
2025-10-14T05:00:00Z,168.33039398749452,160.195
2025-10-14T06:00:00Z,164.6240283582592,190.82
2025-10-14T07:00:00Z,138.50437707090842,156.445
2025-10-14T08:00:00Z,124.66151769187545,134.725
2025-10-14T09:00:00Z,111.18843017190552,119.845
2025-10-14T10:00:00Z,99.31141201384591,107.6475
2025-10-14T11:00:00Z,95.10763688391785,102.9975
2025-10-14T12:00:00Z,97.27412316206211,105.265
2025-10-14T13:00:00Z,104.87156149274222,122.275
2025-10-14T14:00:00Z,119.92425516026684,146.6
2025-10-14T15:00:00Z,159.18574360117802,219.195
2025-10-14T16:00:00Z,233.67286423276917,404.9575
2025-10-14T17:00:00Z,238.2499648866426,407.205
2025-10-14T18:00:00Z,197.22455927384408,225.48
2025-10-14T19:00:00Z,163.30192143405395,163.04
2025-10-14T20:00:00Z,132.13170414914964,129.85750000000002
2025-10-14T21:00:00Z,116.95241404138947,115.36
2025-10-14T22:00:00Z,119.41720509437894,115.4625
2025-10-14T23:00:00Z,110.13482372985207,111.865
2025-10-15T00:00:00Z,100.20186874472985,107.68
2025-10-15T01:00:00Z,99.37356811693314,103.6175
2025-10-15T02:00:00Z,100.04616141125136,106.48
2025-10-15T03:00:00Z,110.24482998935615,114.3975
2025-10-15T04:00:00Z,147.24358140849577,151.96
2025-10-15T05:00:00Z,178.06165864418804,278.74
2025-10-15T06:00:00Z,214.5987037942689,276.1975
2025-10-15T07:00:00Z,157.546901742888,181.0525
2025-10-15T08:00:00Z,134.75082234687017,142.3575
2025-10-15T09:00:00Z,119.35324992933295,126.105
2025-10-15T10:00:00Z,109.46823831959482,119.425
2025-10-15T11:00:00Z,100.57154594664513,112.8775
2025-10-15T12:00:00Z,100.94975089488983,115.3925
2025-10-15T13:00:00Z,114.22594410350196,122.6425
2025-10-15T14:00:00Z,130.13587063314458,135.6925
2025-10-15T15:00:00Z,171.3825707252978,170.0
2025-10-15T16:00:00Z,240.89146074089797,221.8775
2025-10-15T17:00:00Z,215.6980202430228,220.0
2025-10-15T18:00:00Z,151.89548018563647,152.845
2025-10-15T19:00:00Z,134.71647937046723,124.3425
2025-10-15T20:00:00Z,116.51284732745208,98.21
2025-10-15T21:00:00Z,107.76136960855924,88.17
2025-10-15T22:00:00Z,102.19550837986033,88.16499999999999
2025-10-15T23:00:00Z,97.44327985070768,85.8075
2025-10-16T00:00:00Z,87.50858988768928,88.0
2025-10-16T01:00:00Z,84.31137916085476,86.655
2025-10-16T02:00:00Z,87.07986066988859,88.335
2025-10-16T03:00:00Z,100.2580814913939,85.045
2025-10-16T04:00:00Z,116.07484208085724,96.1925
2025-10-16T05:00:00Z,151.68237496439718,116.1225
2025-10-16T06:00:00Z,164.90211942381927,132.76749999999998
2025-10-16T07:00:00Z,134.59184245109097,119.93
2025-10-16T08:00:00Z,113.65015374038687,92.2375
2025-10-16T09:00:00Z,102.67766811996661,88.3075
2025-10-16T10:00:00Z,94.92448811431144,83.4025
2025-10-16T11:00:00Z,90.41987063954114,81.47500000000001
2025-10-16T12:00:00Z,83.061947045088,82.98
2025-10-16T13:00:00Z,93.0749961416691,83.0275
2025-10-16T14:00:00Z,104.76747541600365,89.0275
2025-10-16T15:00:00Z,125.31583673461004,120.915
2025-10-16T16:00:00Z,138.8808685196681,130.0
2025-10-16T17:00:00Z,138.9768690441595,140.59
2025-10-16T18:00:00Z,125.63399314669455,125.595
2025-10-16T19:00:00Z,114.04375204220032,102.2325
2025-10-16T20:00:00Z,95.14600972639201,99.855
2025-10-16T21:00:00Z,90.31553852172958,93.3625
2025-10-16T22:00:00Z,90.03604046379655,88.14750000000001
2025-10-16T23:00:00Z,88.85203705918458,88.3125
2025-10-17T00:00:00Z,83.99033954364945,89.0575
2025-10-17T01:00:00Z,84.82155879469087,88.4575
2025-10-17T02:00:00Z,85.76883674149198,90.5875
2025-10-17T03:00:00Z,87.63751234487103,94.51
2025-10-17T04:00:00Z,101.77852468273679,107.91
2025-10-17T05:00:00Z,124.97744748758933,129.485
2025-10-17T06:00:00Z,137.21811429701475,144.835
2025-10-17T07:00:00Z,121.22381938027155,129.02
2025-10-17T08:00:00Z,97.69312562038563,117.18
2025-10-17T09:00:00Z,88.0604376033133,99.0375
2025-10-17T10:00:00Z,85.11269167698084,88.14
2025-10-17T11:00:00Z,77.08358906216633,86.7175
2025-10-17T12:00:00Z,78.76322227710794,87.805
2025-10-17T13:00:00Z,83.00179191032237,88.6425
2025-10-17T14:00:00Z,92.54915808578484,95.0
2025-10-17T15:00:00Z,119.82934356896799,117.1675
2025-10-17T16:00:00Z,125.77308278205285,129.31
2025-10-17T17:00:00Z,131.85559780927824,130.69
2025-10-17T18:00:00Z,124.02994600495614,116.9875
2025-10-17T19:00:00Z,106.0211484058795,104.055
2025-10-17T20:00:00Z,101.38217600575375,102.1825
2025-10-17T21:00:00Z,97.14629602738722,92.4975
2025-10-17T22:00:00Z,86.12595623667762,94.615
2025-10-17T23:00:00Z,84.22270074404081,89.86
2025-10-18T00:00:00Z,80.33823833269315,89.8125
2025-10-18T01:00:00Z,83.39920422748885,88.33500000000001
2025-10-18T02:00:00Z,83.75875115512558,88.35
2025-10-18T03:00:00Z,87.94029795595885,88.315
2025-10-18T04:00:00Z,93.6680722130813,91.955
2025-10-18T05:00:00Z,113.98731740675727,109.4725
2025-10-18T06:00:00Z,115.92839060599218,114.545
2025-10-18T07:00:00Z,101.74984193615943,102.2425
2025-10-18T08:00:00Z,73.50480884307213,91.4675
2025-10-18T09:00:00Z,58.63223516898916,80.7875
2025-10-18T10:00:00Z,42.99536469285998,73.94
2025-10-18T11:00:00Z,28.59147722548822,67.5325
2025-10-18T12:00:00Z,42.96981930494433,72.2975
2025-10-18T13:00:00Z,58.97384274567549,83.5
2025-10-18T14:00:00Z,88.54526132576058,96.55
2025-10-18T15:00:00Z,118.03355228928514,120.64
2025-10-18T16:00:00Z,147.423318094296,133.235
2025-10-18T17:00:00Z,140.23167382060228,124.8225
2025-10-18T18:00:00Z,123.65713693034728,112.995
2025-10-18T19:00:00Z,102.91037937529345,92.5525
2025-10-18T20:00:00Z,97.43609203664789,95.5775
2025-10-18T21:00:00Z,82.73682655020387,94.355
2025-10-18T22:00:00Z,77.4748348813803,92.3425
2025-10-18T23:00:00Z,72.24050974097135,87.58500000000001
2025-10-19T00:00:00Z,71.37842868490657,82.2925
2025-10-19T01:00:00Z,68.93921070984729,82.14
2025-10-19T02:00:00Z,65.57019340953897,83.2125
2025-10-19T03:00:00Z,65.06161290350269,83.4975
2025-10-19T04:00:00Z,72.04858570016316,85.25
2025-10-19T05:00:00Z,74.13016126443847,85.255
2025-10-19T06:00:00Z,71.10353592529128,87.1575
2025-10-19T07:00:00Z,56.67048981741217,78.4325
2025-10-19T08:00:00Z,53.85573210173328,69.6375
2025-10-19T09:00:00Z,37.07839998757887,60.3
2025-10-19T10:00:00Z,29.980319034854478,34.567499999999995
2025-10-19T11:00:00Z,18.229062674372795,20.295
2025-10-19T12:00:00Z,17.48150905714481,36.2175
2025-10-19T13:00:00Z,42.30977461953387,66.77250000000001
2025-10-19T14:00:00Z,55.927486654226094,89.93
2025-10-19T15:00:00Z,80.06066698443186,106.0725
2025-10-19T16:00:00Z,86.50610658996958,107.6875
2025-10-19T17:00:00Z,76.04796231456493,85.62
2025-10-19T18:00:00Z,64.25914909297063,75.5025
2025-10-19T19:00:00Z,57.871730400688655,73.15
2025-10-19T20:00:00Z,59.68937510768585,74.74249999999999
2025-10-19T21:00:00Z,56.64236196121277,60.855
2025-10-19T22:00:00Z,49.660461056928604,70.03750000000001
2025-10-19T23:00:00Z,41.47702421265346,63.975
2025-10-20T00:00:00Z,42.19977798486194,60.98
2025-10-20T01:00:00Z,41.10188282505009,60.0025
2025-10-20T02:00:00Z,39.75139040084796,60.6025
2025-10-20T03:00:00Z,50.72215189994077,74.81
2025-10-20T04:00:00Z,64.12903207543678,76.2525
2025-10-20T05:00:00Z,74.24249641140939,91.8675
2025-10-20T06:00:00Z,75.70283000877409,125.0975
2025-10-20T07:00:00Z,64.08893971939936,92.185
2025-10-20T08:00:00Z,56.431561995663415,73.15
2025-10-20T09:00:00Z,51.30526751469658,69.935
2025-10-20T10:00:00Z,48.36101157839966,60.2875
2025-10-20T11:00:00Z,47.96699772769832,65.27250000000001
2025-10-20T12:00:00Z,54.463726707139834,76.08500000000001
2025-10-20T13:00:00Z,66.49295601310071,97.14
2025-10-20T14:00:00Z,81.73612495205586,119.51
2025-10-20T15:00:00Z,100.45092685187328,131.1225
2025-10-20T16:00:00Z,104.88320866757823,125.09
2025-10-20T17:00:00Z,92.27049273594129,103.0
2025-10-20T18:00:00Z,75.45694181578412,82.29
2025-10-20T19:00:00Z,60.804089773411675,76.2525
2025-10-20T20:00:00Z,61.897543894335,68.3775
2025-10-20T21:00:00Z,37.2207743590272,51.0
2025-11-03T23:00:00Z,51.4019929771759,16.53
2025-11-04T00:00:00Z,50.51996814082826,7.2575
2025-11-04T01:00:00Z,47.47442509810098,4.925
2025-11-04T02:00:00Z,46.46287636912208,6.3125
2025-11-04T03:00:00Z,55.34267341788228,21.1975
2025-11-04T04:00:00Z,60.40184559029719,58.4325
2025-11-04T05:00:00Z,77.74778206248868,81.0375
2025-11-04T06:00:00Z,91.64247258167306,114.3075
2025-11-04T07:00:00Z,85.7476975793365,110.0
2025-11-04T08:00:00Z,71.26932114579412,80.8475
2025-11-04T09:00:00Z,57.05620507831918,60.6475
2025-11-04T10:00:00Z,44.54292787157461,52.87
2025-11-04T11:00:00Z,41.58050054521569,50.1525
2025-11-04T12:00:00Z,56.11566542597097,66.9375
2025-11-04T13:00:00Z,76.94894439512163,81.05
2025-11-04T14:00:00Z,90.19571102356328,116.265
2025-11-04T15:00:00Z,103.81141942270379,127.475
2025-11-04T16:00:00Z,109.2170771593471,129.1
2025-11-04T17:00:00Z,113.90287868382634,122.7625
2025-11-04T18:00:00Z,110.45195843166869,106.6975
2025-11-04T19:00:00Z,92.72064660391969,96.7525
2025-11-04T20:00:00Z,85.06256497754616,91.365
2025-11-04T21:00:00Z,80.47662501243315,86.2375
2025-11-04T22:00:00Z,66.44259844763036,76.1225
2025-11-04T23:00:00Z,54.08793983311913,77.33
2025-11-05T00:00:00Z,54.36106442667536,75.8225
2025-11-05T01:00:00Z,43.24951448461674,74.35499999999999
2025-11-05T02:00:00Z,41.49527748035577,74.6825
2025-11-05T03:00:00Z,55.46750187601358,78.885
2025-11-05T04:00:00Z,68.90102356007093,85.0
2025-11-05T05:00:00Z,85.7592974528018,91.3625
2025-11-05T06:00:00Z,107.26545616040718,115.9
2025-11-05T07:00:00Z,94.14440431381196,107.115
2025-11-05T08:00:00Z,74.03064655212829,74.54
2025-11-05T09:00:00Z,56.78651104689762,62.8825
2025-11-05T10:00:00Z,57.42825176669951,62.0075
2025-11-05T11:00:00Z,57.8119629903997,62.07
2025-11-05T12:00:00Z,70.36638887113799,77.3325
2025-11-05T13:00:00Z,85.1701505888917,96.1925
2025-11-05T14:00:00Z,113.2971428309879,115.395
2025-11-05T15:00:00Z,133.52976995069383,141.3825
2025-11-05T16:00:00Z,140.3564265698491,147.4175
2025-11-05T17:00:00Z,134.03208183451102,127.58
2025-11-05T18:00:00Z,122.1884570093474,114.755
2025-11-05T19:00:00Z,105.1433647149425,104.79
2025-11-05T20:00:00Z,98.24194112996831,98.9175
2025-11-05T21:00:00Z,93.97159836100795,88.8475
2025-11-05T22:00:00Z,89.75028090177696,87.7
2025-11-05T23:00:00Z,90.42607211012954,93.3725
2025-11-06T00:00:00Z,86.6441496586086,90.83
2025-11-06T01:00:00Z,86.47551316274081,91.3975
2025-11-06T02:00:00Z,86.59425074634926,90.505
2025-11-06T03:00:00Z,87.75681050077873,91.9
2025-11-06T04:00:00Z,94.04032522066547,92.17
2025-11-06T05:00:00Z,106.35793533689483,118.35
2025-11-06T06:00:00Z,128.04705462601322,130.2325
2025-11-06T07:00:00Z,115.60830336323849,119.68
2025-11-06T08:00:00Z,92.2145753578084,93.2125
2025-11-06T09:00:00Z,87.07173344693045,85.1575
2025-11-06T10:00:00Z,85.01398478843873,83.7
2025-11-06T11:00:00Z,83.93004944428029,83.9925
2025-11-06T12:00:00Z,86.55977514697169,87.17999999999999
2025-11-06T13:00:00Z,95.01942085691996,99.485
2025-11-06T14:00:00Z,118.76889273459749,128.24
2025-11-06T15:00:00Z,161.555056023726,147.495
2025-11-06T16:00:00Z,164.04651659436624,154.255
2025-11-06T17:00:00Z,152.26082565398374,137.4475
2025-11-06T18:00:00Z,138.991217888558,126.4625
2025-11-06T19:00:00Z,116.18332577585264,114.97
2025-11-06T20:00:00Z,106.5429840367834,100.98
2025-11-06T21:00:00Z,101.2249491436822,97.485
2025-11-06T22:00:00Z,96.7843186798481,90.5525
2025-11-06T23:00:00Z,98.32350075895826,90.1775
2025-11-07T00:00:00Z,95.74478774686159,88.8225
2025-11-07T01:00:00Z,95.30995498068862,89.6
2025-11-07T02:00:00Z,95.52872016183676,89.61250000000001
2025-11-07T03:00:00Z,96.19905582941796,90.41
2025-11-07T04:00:00Z,104.46481451092163,94.21
2025-11-07T05:00:00Z,136.66813387964814,112.265
2025-11-07T06:00:00Z,157.4611791738718,133.8825
2025-11-07T07:00:00Z,149.25430469407897,128.0475
2025-11-07T08:00:00Z,124.79820809621393,108.105
2025-11-07T09:00:00Z,103.67194145391215,93.38
2025-11-07T10:00:00Z,95.4147882920445,89.9875
2025-11-07T11:00:00Z,94.69691934470187,88.80250000000001
2025-11-07T12:00:00Z,95.53601360046956,92.0525
2025-11-07T13:00:00Z,112.24255377680667,103.1
2025-11-07T14:00:00Z,145.8344491004217,129.6225
2025-11-07T15:00:00Z,182.8110526629925,165.1225
2025-11-07T16:00:00Z,178.5322045980572,178.5375
2025-11-07T17:00:00Z,179.86631322128676,145.6825
2025-11-07T18:00:00Z,167.47121496522684,131.4825
2025-11-07T19:00:00Z,143.52758820263256,119.4275
2025-11-07T20:00:00Z,132.52499361416727,106.6525
2025-11-07T21:00:00Z,120.25000350651406,98.275
2025-11-07T22:00:00Z,107.6266674695281,92.0525
2025-11-07T23:00:00Z,103.3162083940994,96.53
2025-11-08T00:00:00Z,98.47122951947772,96.325
2025-11-08T01:00:00Z,96.78065096656299,93.9975
2025-11-08T02:00:00Z,96.4969942658785,93.9725
2025-11-08T03:00:00Z,96.29620187981503,95.0375
2025-11-08T04:00:00Z,100.96199370783884,94.195
2025-11-08T05:00:00Z,110.2452500426772,95.2775
2025-11-08T06:00:00Z,128.13684028057935,103.8425
2025-11-08T07:00:00Z,129.23583297527506,105.5
2025-11-08T08:00:00Z,114.59594630055282,103.62
2025-11-08T09:00:00Z,106.49897556245044,102.1775
2025-11-08T10:00:00Z,105.66813855529796,96.9475
2025-11-08T11:00:00Z,116.37408202357778,95.16
2025-11-08T12:00:00Z,115.82460059262635,95.9125
2025-11-08T13:00:00Z,118.20672343140552,101.5425
2025-11-08T14:00:00Z,127.72935648273777,117.6175
2025-11-08T15:00:00Z,165.95699491521964,124.635
2025-11-08T16:00:00Z,176.55503858254806,134.915
2025-11-08T17:00:00Z,169.68441419650637,136.5325
2025-11-08T18:00:00Z,161.49686938223573,131.98000000000002
2025-11-08T19:00:00Z,146.1488490073388,122.9675
2025-11-08T20:00:00Z,126.19601682263432,113.305
2025-11-08T21:00:00Z,112.06537425992742,106.26
2025-11-08T22:00:00Z,104.03836238131146,96.905
2025-11-08T23:00:00Z,101.23809963889732,96.345
2025-11-09T00:00:00Z,98.79615261687486,94.555
2025-11-09T01:00:00Z,97.66872116131748,92.8325
2025-11-09T02:00:00Z,97.34064819120796,91.1325
2025-11-09T03:00:00Z,97.13925820793209,91.6475
2025-11-09T04:00:00Z,98.19078614850426,91.685
2025-11-09T05:00:00Z,99.2856535430695,89.9375
2025-11-09T06:00:00Z,105.5497062438667,88.615
2025-11-09T07:00:00Z,107.7876351892469,97.2725
2025-11-09T08:00:00Z,108.77088496412028,97.6175
2025-11-09T09:00:00Z,112.2469011528998,97.0325
2025-11-09T10:00:00Z,111.51221913358009,97.305
2025-11-09T11:00:00Z,105.87082880947293,97.8375
2025-11-09T12:00:00Z,106.14342132367788,96.4025
2025-11-09T13:00:00Z,107.03858440457329,97.315
2025-11-09T14:00:00Z,127.7003863269398,97.795
2025-11-09T15:00:00Z,146.08253292125573,109.8475
2025-11-09T16:00:00Z,155.6394616710146,125.1
2025-11-09T17:00:00Z,155.06049194367503,126.1
2025-11-09T18:00:00Z,151.959980957651,117.955
2025-11-09T19:00:00Z,132.81341948296958,106.0
2025-11-09T20:00:00Z,121.35432123306835,93.5375
2025-11-09T21:00:00Z,111.77264973869218,92.315
2025-11-09T22:00:00Z,102.57917029132591,89.93
2025-11-09T23:00:00Z,99.55492693781355,88.98
2025-11-10T00:00:00Z,97.01195826471731,87.63499999999999
2025-11-10T01:00:00Z,94.66419775647223,88.9025
2025-11-10T02:00:00Z,94.3662524603923,87.5225
2025-11-10T03:00:00Z,95.25063091797445,87.1775
2025-11-10T04:00:00Z,112.93652673224152,92.3125
2025-11-10T05:00:00Z,143.3245761547029,113.4525
2025-11-10T06:00:00Z,158.2430736531399,142.995
2025-11-10T07:00:00Z,159.0929380109088,157.875
2025-11-10T08:00:00Z,144.8697211210144,144.2975
2025-11-10T09:00:00Z,137.02271195061675,126.2725
2025-11-10T10:00:00Z,135.51054080070705,115.245
2025-11-10T11:00:00Z,128.3330904812432,105.9225
2025-11-10T12:00:00Z,128.18597842063969,108.41
2025-11-10T13:00:00Z,134.95149363351717,115.565
2025-11-10T14:00:00Z,144.56968627278258,126.2525
2025-11-10T15:00:00Z,149.08324156658688,133.35500000000002
2025-11-10T16:00:00Z,157.57933849053018,139.4025
2025-11-10T17:00:00Z,155.18303904467652,120.725
2025-11-10T18:00:00Z,145.09569998415614,103.6625
2025-11-10T19:00:00Z,119.86783892957345,90.11
2025-11-10T20:00:00Z,104.67584003587298,88.9875
2025-11-10T21:00:00Z,98.26022856518044,88.39250000000001
2025-11-10T22:00:00Z,90.67346764438659,83.87
2025-11-10T23:00:00Z,81.28256096106179,83.19
2025-11-11T00:00:00Z,72.47992045635131,79.9825
2025-11-11T01:00:00Z,73.24412355848814,75.80250000000001
2025-11-11T02:00:00Z,69.82878555771768,74.87
2025-11-11T03:00:00Z,70.63034115266169,75.495
2025-11-11T04:00:00Z,77.38712819424457,77.07249999999999
2025-11-11T05:00:00Z,96.88380772177798,86.7875
2025-11-11T06:00:00Z,121.8661502956143,105.21
2025-11-11T07:00:00Z,119.38790234932556,113.7975
2025-11-11T08:00:00Z,114.04161065846775,103.115
2025-11-11T09:00:00Z,100.7039527984619,91.4725
2025-11-11T10:00:00Z,93.98790985461065,87.9225
2025-11-11T11:00:00Z,91.89779383042169,86.66
2025-11-11T12:00:00Z,95.62169184792245,89.93
2025-11-11T13:00:00Z,105.3349389608827,101.235
2025-11-11T14:00:00Z,127.36973987622486,124.275
2025-11-11T15:00:00Z,147.69538114460687,143.0725
2025-11-11T16:00:00Z,152.13690919982142,143.2575
2025-11-11T17:00:00Z,141.47560111836313,114.9975
2025-11-11T18:00:00Z,124.47285108690451,105.0325
2025-11-11T19:00:00Z,101.58308192048653,98.175
2025-11-11T20:00:00Z,98.80540554341675,96.3825
2025-11-11T21:00:00Z,91.01255880821888,92.06
2025-11-11T22:00:00Z,86.71376643991952,75.5
2025-11-11T23:00:00Z,71.98190976375317,74.9775
2025-11-12T00:00:00Z,68.9251508666832,68.315
2025-11-12T01:00:00Z,58.6734348574101,64.41
2025-11-12T02:00:00Z,57.51085406813912,62.4
2025-11-12T03:00:00Z,57.56999442338286,62.3
2025-11-12T04:00:00Z,70.56424079635049,69.30000000000001
2025-11-12T05:00:00Z,81.3537558782573,76.9975
2025-11-12T06:00:00Z,102.30222283205647,107.26
2025-11-12T07:00:00Z,97.93936572008516,100.7225
2025-11-12T08:00:00Z,73.65608022196186,78.1125
2025-11-12T09:00:00Z,58.839718823877185,71.5275
2025-11-12T10:00:00Z,55.004054904286505,60.005
2025-11-12T11:00:00Z,58.70856283160914,59.135
2025-11-12T12:00:00Z,62.32103919080325,73.7675
2025-11-12T13:00:00Z,76.28739640698448,80.425
2025-11-12T14:00:00Z,87.68257496834305,104.97
2025-11-12T15:00:00Z,110.5248218457935,113.625
2025-11-12T16:00:00Z,111.3087602761192,115.395
2025-11-12T17:00:00Z,101.53091544233042,104.8675
2025-11-12T18:00:00Z,88.31087302101375,88.9275
2025-11-12T19:00:00Z,81.69089875509425,80.945
2025-11-12T20:00:00Z,68.63707298159214,76.905
2025-11-12T21:00:00Z,67.9095473345943,75.545
2025-11-12T22:00:00Z,56.43738732454666,56.935
2025-11-12T23:00:00Z,45.046001248413496,32.917500000000004
2025-11-13T00:00:00Z,29.629635098312008,18.9725
2025-11-13T01:00:00Z,27.211866036616655,11.1875
2025-11-13T02:00:00Z,26.189991171202525,7.78
2025-11-13T03:00:00Z,32.0258112006878,6.0
2025-11-13T04:00:00Z,47.874278525752324,25.9725
2025-11-13T05:00:00Z,65.43458285738815,50.885000000000005
2025-11-13T06:00:00Z,76.00130790631334,76.845
2025-11-13T07:00:00Z,72.67488501146296,66.0825
2025-11-13T08:00:00Z,53.03349071950853,53.61
2025-11-13T09:00:00Z,20.169283659423886,50.3225
2025-11-13T10:00:00Z,8.994606389135605,42.96
2025-11-13T11:00:00Z,12.988497673422428,48.09
2025-11-13T12:00:00Z,37.44736848832844,60.5725
2025-11-13T13:00:00Z,60.401861557456435,77.33500000000001
2025-11-13T14:00:00Z,77.28923616098695,101.665
2025-11-13T15:00:00Z,109.48765654841957,111.5125
2025-11-13T16:00:00Z,126.78539428234302,130.1
2025-11-13T17:00:00Z,128.6529814771105,131.8025
2025-11-13T18:00:00Z,127.04429642950703,129.8875
2025-11-13T19:00:00Z,111.56133739926685,111.845
2025-11-13T20:00:00Z,100.68515380539691,116.6075
2025-11-13T21:00:00Z,96.07235430129107,110.585
2025-11-13T22:00:00Z,90.73229758909972,102.7725
2025-11-13T23:00:00Z,88.69244575125313,98.4425
2025-11-14T00:00:00Z,85.36711479989708,95.8025
2025-11-14T01:00:00Z,84.75050465558718,94.9325
2025-11-14T02:00:00Z,84.93918633946423,91.53
2025-11-14T03:00:00Z,88.3684614999735,92.13
2025-11-14T04:00:00Z,94.24310146769189,91.6025
2025-11-14T05:00:00Z,115.34235807308738,112.7775
2025-11-14T06:00:00Z,143.67990812047816,138.3475
2025-11-14T07:00:00Z,134.90630286943406,136.385
2025-11-14T08:00:00Z,110.46900573775788,120.9025
2025-11-14T09:00:00Z,94.6926932039315,112.0275
2025-11-14T10:00:00Z,92.05068501791825,106.035
2025-11-14T11:00:00Z,89.20193528442815,101.225
2025-11-14T12:00:00Z,90.27922502451858,105.4225
2025-11-14T13:00:00Z,97.31112464414507,107.0625
2025-11-14T14:00:00Z,117.95065706563207,115.3925
2025-11-14T15:00:00Z,143.43113865827712,115.965
2025-11-14T16:00:00Z,150.10769710869053,131.57
2025-11-14T17:00:00Z,143.32286803872583,119.81
2025-11-14T18:00:00Z,130.68039828990527,106.49
2025-11-14T19:00:00Z,111.16612286993877,98.915
2025-11-14T20:00:00Z,104.85886398919966,93.1625
2025-11-14T21:00:00Z,94.49652894929606,97.015
2025-11-14T22:00:00Z,80.3827937290719,78.65
2025-11-14T23:00:00Z,72.42058197693942,77.3775
2025-11-15T00:00:00Z,62.967267285638506,77.95
2025-11-15T01:00:00Z,53.49566640593451,74.7175
2025-11-15T02:00:00Z,50.703544133063176,73.03
2025-11-15T03:00:00Z,52.913714039009776,72.2
2025-11-15T04:00:00Z,53.46217093079596,70.615
2025-11-15T05:00:00Z,62.57114510424486,68.1575
2025-11-15T06:00:00Z,69.53443327609611,77.055
2025-11-15T07:00:00Z,79.08984784541042,80.065
2025-11-15T08:00:00Z,82.78217417845705,85.235
2025-11-15T09:00:00Z,81.68692090375139,85.6125
2025-11-15T10:00:00Z,80.26893231066528,85.4225
2025-11-15T11:00:00Z,80.67911493830438,84.1925
2025-11-15T12:00:00Z,80.92025218559064,90.6675
2025-11-15T13:00:00Z,80.29281524469536,94.6525
2025-11-15T14:00:00Z,92.82830699165486,101.1925
2025-11-15T15:00:00Z,107.287966018059,109.7925
2025-11-15T16:00:00Z,117.55758168820643,121.8
2025-11-15T17:00:00Z,117.85036171635947,121.5225
2025-11-15T18:00:00Z,114.00322230010173,114.065
2025-11-15T19:00:00Z,103.58738462816,109.125
2025-11-15T20:00:00Z,100.67642588293508,102.885
2025-11-15T21:00:00Z,98.17067446919907,101.7175
2025-11-15T22:00:00Z,89.0592428916221,97.8675
2025-11-15T23:00:00Z,85.5991365130586,93.7475
2025-11-16T00:00:00Z,83.51652384970437,95.0
2025-11-16T01:00:00Z,83.08925110821248,93.35
2025-11-16T02:00:00Z,81.71814749419411,91.45
2025-11-16T03:00:00Z,80.69639002724051,88.215
2025-11-16T04:00:00Z,81.88206009351057,91.13
2025-11-16T05:00:00Z,86.934106779398,85.6725
2025-11-16T06:00:00Z,89.91027387879846,92.4875
2025-11-16T07:00:00Z,94.46440829247926,98.49
2025-11-16T08:00:00Z,94.13680945575139,101.185
2025-11-16T09:00:00Z,94.85292541529778,99.2775
2025-11-16T10:00:00Z,94.76979276460878,102.5675
2025-11-16T11:00:00Z,95.99025516382392,102.4675
2025-11-16T12:00:00Z,96.43027459324135,103.9975
2025-11-16T13:00:00Z,99.47298456016198,109.265
2025-11-16T14:00:00Z,105.66791895167346,116.72
2025-11-16T15:00:00Z,121.46028119550334,124.495
2025-11-16T16:00:00Z,140.44668190651757,129.3725
2025-11-16T17:00:00Z,139.3089731260793,125.21
2025-11-16T18:00:00Z,123.80325505851523,115.33
2025-11-16T19:00:00Z,109.89506812079289,102.7175
2025-11-16T20:00:00Z,100.70129050136956,91.41
2025-11-16T21:00:00Z,98.5955486624803,94.385
2025-11-16T22:00:00Z,86.37779065497074,86.5275
2025-11-16T23:00:00Z,81.41307406849432,88.29
2025-11-17T00:00:00Z,69.1134017975295,80.5575
2025-11-17T01:00:00Z,64.45659197992053,74.0875
2025-11-17T02:00:00Z,64.68834253799137,71.32249999999999
2025-11-17T03:00:00Z,64.87034566840961,74.095
2025-11-17T04:00:00Z,77.46981962298402,83.6
2025-11-17T05:00:00Z,108.67042763252933,89.59
2025-11-17T06:00:00Z,137.2232286338052,114.8675
2025-11-17T07:00:00Z,139.77722312601296,126.9925
2025-11-17T08:00:00Z,128.89371733629005,121.6875
2025-11-17T09:00:00Z,108.86133897241714,105.215
2025-11-17T10:00:00Z,97.76203999952925,84.3925
2025-11-17T11:00:00Z,84.09281101431232,77.805
2025-11-17T12:00:00Z,84.95966263827412,77.785
2025-11-17T13:00:00Z,90.71605698301926,87.035
2025-11-17T14:00:00Z,107.5283555065831,97.52
2025-11-17T15:00:00Z,119.1996012702113,107.32
2025-11-17T16:00:00Z,129.55264043885933,117.355
2025-11-17T17:00:00Z,126.16766123030138,116.4925
2025-11-17T18:00:00Z,114.90675966658685,110.7025
2025-11-17T19:00:00Z,101.14246182029885,102.89
2025-11-17T20:00:00Z,90.85337223611445,92.6975
2025-11-17T21:00:00Z,90.34005168342631,89.7075
2025-11-17T22:00:00Z,79.50847093335035,81.14
2025-11-17T23:00:00Z,80.88339285257986,84.88499999999999
2025-11-18T00:00:00Z,68.15959713542766,82.83
2025-11-18T01:00:00Z,61.124100809005924,79.0375
2025-11-18T02:00:00Z,63.01413942492586,77.7175
2025-11-18T03:00:00Z,65.83799659011498,80.5125
2025-11-18T04:00:00Z,77.90520018779176,83.4725
2025-11-18T05:00:00Z,92.03027399816,91.0475
2025-11-18T06:00:00Z,115.58747052131983,104.735
2025-11-18T07:00:00Z,122.08815371821262,119.84
2025-11-18T08:00:00Z,107.48212402879454,107.45
2025-11-18T09:00:00Z,96.57496807365739,92.1275
2025-11-18T10:00:00Z,89.40365846085938,88.7975
2025-11-18T11:00:00Z,88.1560670744905,89.2
2025-11-18T12:00:00Z,86.65327612392262,90.6
2025-11-18T13:00:00Z,93.00662099024105,96.575
2025-11-18T14:00:00Z,121.26825084393657,120.595
2025-11-18T15:00:00Z,144.5954450739631,141.9125
2025-11-18T16:00:00Z,151.10680887876697,151.66
2025-11-18T17:00:00Z,138.27422201921564,143.8025
2025-11-18T18:00:00Z,119.70738740888164,131.15
2025-11-18T19:00:00Z,104.48130753126485,107.13
2025-11-18T20:00:00Z,99.39495778811656,94.6425
2025-11-18T21:00:00Z,94.37337879925212,97.4825
2025-11-18T22:00:00Z,87.80030474103914,89.9625
2025-11-18T23:00:00Z,82.0326812997658,87.3775
2025-11-19T00:00:00Z,76.45894254176739,86.225
2025-11-19T01:00:00Z,75.6006483077266,84.1675
2025-11-19T02:00:00Z,76.01367781974,83.185
2025-11-19T03:00:00Z,80.82791225208425,84.3925
2025-11-19T04:00:00Z,86.29142478639137,87.0025
2025-11-19T05:00:00Z,92.85823649765705,99.03
2025-11-19T06:00:00Z,107.49896357908563,127.03
2025-11-19T07:00:00Z,113.9679888004216,136.67000000000002
2025-11-19T08:00:00Z,99.53246190015501,115.1625
2025-11-19T09:00:00Z,90.82637565082427,97.5225
2025-11-19T10:00:00Z,87.69522187695951,91.62
2025-11-19T11:00:00Z,86.85247458460364,89.59
2025-11-19T12:00:00Z,90.50960660320115,93.5975
2025-11-19T13:00:00Z,92.11041439531905,104.62
2025-11-19T14:00:00Z,112.22310942910526,113.05
2025-11-19T15:00:00Z,125.27075049879738,117.8075
2025-11-19T16:00:00Z,131.2339727368559,127.5675
2025-11-19T17:00:00Z,130.0935015439663,119.19
2025-11-19T18:00:00Z,122.52577939112811,119.05
2025-11-19T19:00:00Z,106.03101185885853,105.6875
2025-11-19T20:00:00Z,98.82688819382136,100.225
2025-11-19T21:00:00Z,94.94752884067587,99.17
2025-11-19T22:00:00Z,92.9944580025858,91.885
2025-11-19T23:00:00Z,81.74889921469453,90.6275
2025-11-20T00:00:00Z,77.08611799606838,88.0925
2025-11-20T01:00:00Z,76.88300058969975,87.0325
2025-11-20T02:00:00Z,76.6144284203511,86.795
2025-11-20T03:00:00Z,81.33517565737401,87.125
2025-11-20T04:00:00Z,89.26871433861794,90.5025
2025-11-20T05:00:00Z,109.12040392185065,103.6825
2025-11-20T06:00:00Z,135.70372312446247,144.4075
2025-11-20T07:00:00Z,141.6114811102585,155.715
2025-11-20T08:00:00Z,124.52738963891302,153.655
2025-11-20T09:00:00Z,112.87228664227453,141.27
2025-11-20T10:00:00Z,106.1608127543167,129.3025
2025-11-20T11:00:00Z,102.95535906815978,125.055
2025-11-20T12:00:00Z,102.89392934428092,126.1
2025-11-20T13:00:00Z,112.64814292090847,134.2025
2025-11-20T14:00:00Z,129.33822628801832,149.685
2025-11-20T15:00:00Z,143.76381392252054,175.82999999999998
2025-11-20T16:00:00Z,157.77047249488533,175.4725
2025-11-20T17:00:00Z,163.71078590693807,163.25
2025-11-20T18:00:00Z,158.69158129697138,156.01749999999998
2025-11-20T19:00:00Z,137.4495952261134,137.1025
2025-11-20T20:00:00Z,128.26412942091562,120.7525
2025-11-20T21:00:00Z,119.45325274094623,108.235
2025-11-20T22:00:00Z,107.23449711904775,93.7625
2025-11-20T23:00:00Z,106.18609759761961,101.5525
2025-11-21T00:00:00Z,99.00630249437398,94.14
2025-11-21T01:00:00Z,98.47258021984186,90.2825
2025-11-21T02:00:00Z,98.05417120523661,90.185
2025-11-21T03:00:00Z,101.94238435803746,93.625
2025-11-21T04:00:00Z,118.236842629817,101.865
2025-11-21T05:00:00Z,134.05379867823936,133.525
2025-11-21T06:00:00Z,170.84207679452615,180.42
2025-11-21T07:00:00Z,172.1026503727902,205.3825
2025-11-21T08:00:00Z,150.461353849768,181.83
2025-11-21T09:00:00Z,139.06240540457944,151.015
2025-11-21T10:00:00Z,119.85164855970967,137.72
2025-11-21T11:00:00Z,119.28692118753928,130.3425
2025-11-21T12:00:00Z,123.66647742405333,135.57500000000002
2025-11-21T13:00:00Z,131.2810157192378,153.7525
2025-11-21T14:00:00Z,146.7996635378991,196.8375
2025-11-21T15:00:00Z,176.2735242169696,251.87
2025-11-21T16:00:00Z,177.53957204350567,250.0075
2025-11-21T17:00:00Z,173.20215890412092,205.0875
2025-11-21T18:00:00Z,161.8271143132539,171.3675
2025-11-21T19:00:00Z,147.80801924611228,141.95
2025-11-21T20:00:00Z,129.53998902053067,117.3075
2025-11-21T21:00:00Z,117.63928255705603,104.9
2025-11-21T22:00:00Z,103.40640162832734,95.0325
2025-11-21T23:00:00Z,101.56461594287931,102.2475
2025-11-22T00:00:00Z,95.4692259614312,94.6
2025-11-22T01:00:00Z,91.91081620414108,88.44
2025-11-22T02:00:00Z,89.23067169041359,85.2775
2025-11-22T03:00:00Z,87.89776516351874,86.0975
2025-11-22T04:00:00Z,90.2777515517427,85.2775
2025-11-22T05:00:00Z,106.17170270423473,90.5225
2025-11-22T06:00:00Z,111.91748098005885,106.7475
2025-11-22T07:00:00Z,111.94960417570537,104.21
2025-11-22T08:00:00Z,89.50227353573725,89.1175
2025-11-22T09:00:00Z,66.26007519207968,82.00999999999999
2025-11-22T10:00:00Z,58.768906464035354,78.58
2025-11-22T11:00:00Z,54.70635701154662,76.2825
2025-11-22T12:00:00Z,61.70489102936476,75.3675
2025-11-22T13:00:00Z,77.37047009638314,81.645
2025-11-22T14:00:00Z,102.78661674521297,88.965
2025-11-22T15:00:00Z,120.66401856813204,105.0
2025-11-22T16:00:00Z,120.798494881278,114.455
2025-11-22T17:00:00Z,119.1504078897926,109.2525
2025-11-22T18:00:00Z,110.82853531041884,98.33
2025-11-22T19:00:00Z,89.40888751686444,86.61
2025-11-22T20:00:00Z,78.59663756785879,89.2475
2025-11-22T21:00:00Z,76.73564550343502,89.4275
2025-11-22T22:00:00Z,64.36919675671801,82.23
2025-11-22T23:00:00Z,63.890326790835694,81.5275
2025-11-23T00:00:00Z,59.869006178673935,74.35249999999999
2025-11-23T01:00:00Z,58.704115265515746,70.44
2025-11-23T02:00:00Z,56.75386100751602,63.23
2025-11-23T03:00:00Z,53.60601149211487,60.885
2025-11-23T04:00:00Z,56.02893818585644,64.21
2025-11-23T05:00:00Z,61.891246623783324,62.03
2025-11-23T06:00:00Z,64.89522223128233,67.9825
2025-11-23T07:00:00Z,64.23830042486367,67.8325
2025-11-23T08:00:00Z,57.82014489416535,65.96
2025-11-23T09:00:00Z,39.86357127045461,65.985
2025-11-23T10:00:00Z,36.5780181819218,66.69
2025-11-23T11:00:00Z,41.83016306714897,67.8625
2025-11-23T12:00:00Z,55.27442258005472,65.45750000000001
2025-11-23T13:00:00Z,68.33064699883536,69.42750000000001
2025-11-23T14:00:00Z,71.65413293674699,77.28999999999999
2025-11-23T15:00:00Z,73.60791596448229,77.8875
2025-11-23T16:00:00Z,73.09290828315747,80.84
2025-11-23T17:00:00Z,73.6584227633949,82.54249999999999
2025-11-23T18:00:00Z,76.64794337737004,83.7975
2025-11-23T19:00:00Z,73.66182359179871,77.4125
2025-11-23T20:00:00Z,68.56579374411257,74.16
2025-11-23T21:00:00Z,67.48779785586161,75.1675
2025-11-23T22:00:00Z,66.53666980576294,71.2625
2025-11-23T23:00:00Z,65.17778719652753,72.4575
2025-11-24T00:00:00Z,73.25192307353531,70.0625
2025-11-24T01:00:00Z,71.66630568853503,72.255
2025-11-24T02:00:00Z,69.50312903619793,73.275
2025-11-24T03:00:00Z,71.63349796794823,73.755
2025-11-24T04:00:00Z,77.83344198725482,80.065
2025-11-24T05:00:00Z,95.75483925019152,90.3075
2025-11-24T06:00:00Z,123.5041691802205,104.3925
2025-11-24T07:00:00Z,129.7414100401708,107.785
2025-11-24T08:00:00Z,124.79863553486769,110.26
2025-11-24T09:00:00Z,114.71250803249075,117.4475
2025-11-24T10:00:00Z,122.35310084774513,128.0375
2025-11-24T11:00:00Z,124.89606633849354,134.235
2025-11-24T12:00:00Z,133.32742323525233,149.9925
2025-11-24T13:00:00Z,134.99671378177447,173.5375
2025-11-24T14:00:00Z,144.48093067969458,195.8125
2025-11-24T15:00:00Z,151.48162051020128,225.775
2025-11-24T16:00:00Z,155.82162316103123,263.4825
2025-11-24T17:00:00Z,161.9274675436017,230.5875
2025-11-24T18:00:00Z,150.05574410207814,188.305
2025-11-24T19:00:00Z,139.80745386561986,151.185
2025-11-24T20:00:00Z,132.80635741897265,135.235
2025-11-24T21:00:00Z,126.60633109375729,123.035
2025-11-24T22:00:00Z,110.1129425105771,105.405
2025-11-24T23:00:00Z,103.86279960835678,100.9
2025-11-25T00:00:00Z,100.00532852541045,99.1525
2025-11-25T01:00:00Z,99.16047720284998,97.5875
2025-11-25T02:00:00Z,98.79201335569992,96.0975
2025-11-25T03:00:00Z,105.7385412006111,99.51
2025-11-25T04:00:00Z,126.05984162714223,106.73
2025-11-25T05:00:00Z,126.94870956333634,122.4075
2025-11-25T06:00:00Z,203.83233599579532,291.02
2025-11-25T07:00:00Z,249.9090250242971,333.275
2025-11-25T08:00:00Z,245.9181693841683,292.65
2025-11-25T09:00:00Z,244.60810246790749,273.085
2025-11-25T10:00:00Z,253.06911809754317,326.6275
2025-11-25T11:00:00Z,252.1423206237035,351.0
2025-11-25T12:00:00Z,258.5272099262337,317.65250000000003
2025-11-25T13:00:00Z,265.1529992626149,300.0
2025-11-25T14:00:00Z,275.64501385126664,309.995
2025-11-25T15:00:00Z,282.1753239943329,325.0825
2025-11-25T16:00:00Z,320.43480208218193,373.3125
2025-11-25T17:00:00Z,242.82998229555798,297.905
2025-11-25T18:00:00Z,244.20818007110051,249.3725
2025-11-25T19:00:00Z,160.84995137591974,172.835
2025-11-25T20:00:00Z,137.36529579174692,135.02
2025-11-25T21:00:00Z,134.45477516885256,119.155
2025-11-25T22:00:00Z,123.41061951582168,102.035
2025-11-25T23:00:00Z,110.06211375377028,92.855
2025-11-26T00:00:00Z,105.47943371064706,89.94999999999999
2025-11-26T01:00:00Z,103.56494141346778,88.325
2025-11-26T02:00:00Z,103.04141450259047,89.435
2025-11-26T03:00:00Z,109.65895564449315,89.80250000000001
2025-11-26T04:00:00Z,130.71159548264467,97.25
2025-11-26T05:00:00Z,144.22912185382827,129.8225
2025-11-26T06:00:00Z,324.20239111258735,191.17
2025-11-26T07:00:00Z,330.93695752734374,237.2225
2025-11-26T08:00:00Z,327.4175995539725,211.8475
2025-11-26T09:00:00Z,257.6301936517499,197.1375
2025-11-26T10:00:00Z,256.9945378394859,170.4975
2025-11-26T11:00:00Z,256.65846339087994,164.6825
2025-11-26T12:00:00Z,256.98401983460644,168.2375
2025-11-26T13:00:00Z,256.0797391519828,184.49
2025-11-26T14:00:00Z,329.5560935520439,223.7225
2025-11-26T15:00:00Z,324.93030897066177,294.3775
2025-11-26T16:00:00Z,323.33831046008004,294.61
2025-11-26T17:00:00Z,317.582482360931,228.93
2025-11-26T18:00:00Z,255.02321463028946,183.675
2025-11-26T19:00:00Z,150.9949667091542,141.26
2025-11-26T20:00:00Z,136.22542964453066,114.9475
2025-11-26T21:00:00Z,128.07664037492987,101.9925
2025-11-26T22:00:00Z,105.8936412075853,90.1875
2025-11-26T23:00:00Z,96.79096364292813,89.945
2025-11-27T00:00:00Z,91.04884099170013,84.275
2025-11-27T01:00:00Z,88.37427842029629,79.9475
2025-11-27T02:00:00Z,86.03445711109948,77.3425
2025-11-27T03:00:00Z,85.67063848983409,79.94749999999999
2025-11-27T04:00:00Z,92.2818712753215,82.0775
2025-11-27T05:00:00Z,116.24727375259043,112.22
2025-11-27T06:00:00Z,143.7996791049675,122.0
2025-11-27T07:00:00Z,144.3937255304052,123.105
2025-11-27T08:00:00Z,134.33028948943613,106.9525
2025-11-27T09:00:00Z,120.619084147845,90.9475
2025-11-27T10:00:00Z,110.96656146111869,88.66499999999999
2025-11-27T11:00:00Z,103.74998889685847,87.0625
2025-11-27T12:00:00Z,102.88880364562516,85.75999999999999
2025-11-27T13:00:00Z,109.8129063662082,89.2475
2025-11-27T14:00:00Z,122.97104988591437,90.6
2025-11-27T15:00:00Z,130.30723792816298,90.43
2025-11-27T16:00:00Z,130.999898497152,97.5075
2025-11-27T17:00:00Z,121.36861727124314,101.3925
2025-11-27T18:00:00Z,109.06770937165558,88.27
2025-11-27T19:00:00Z,89.85520118040817,85.39750000000001
2025-11-27T20:00:00Z,83.256376366497,80.625
2025-11-27T21:00:00Z,75.20606895313466,85.105
2025-11-27T22:00:00Z,66.45114054435062,69.45750000000001
2025-11-27T23:00:00Z,63.44951859039089,60.84
2025-11-28T00:00:00Z,60.76406190159745,55.0
2025-11-28T01:00:00Z,58.19810133894983,52.93
2025-11-28T02:00:00Z,63.772411485550094,47.8825
2025-11-28T03:00:00Z,65.93148890321365,58.375
2025-11-28T04:00:00Z,70.82935712745115,61.04
2025-11-28T05:00:00Z,90.49640825401143,82.8625
2025-11-28T06:00:00Z,122.64354692824458,87.82
2025-11-28T07:00:00Z,128.9867686280836,100.475
2025-11-28T08:00:00Z,124.83910155370666,103.4
2025-11-28T09:00:00Z,116.41057502275478,97.845
2025-11-28T10:00:00Z,114.23017045306621,102.82
2025-11-28T11:00:00Z,112.27899206480365,98.7125
2025-11-28T12:00:00Z,113.74837185489253,99.45
2025-11-28T13:00:00Z,117.73517206084921,98.79
2025-11-28T14:00:00Z,128.68821165433175,104.67
2025-11-28T15:00:00Z,133.8225294291057,103.4
2025-11-28T16:00:00Z,135.37153525947818,96.1575
2025-11-28T17:00:00Z,131.37200198864073,98.125
2025-11-28T18:00:00Z,120.21986653997294,93.32
2025-11-28T19:00:00Z,102.56095928154724,88.45750000000001
2025-11-28T20:00:00Z,86.61332346983414,85.41
2025-11-28T21:00:00Z,77.50456891158993,85.545
2025-11-28T22:00:00Z,65.0920212198439,77.83
2025-11-28T23:00:00Z,66.98669222553752,81.72999999999999
2025-11-29T00:00:00Z,61.90737600223244,80.89750000000001
2025-11-29T01:00:00Z,56.75649217890985,81.33500000000001
2025-11-29T02:00:00Z,52.63894824480729,82.5575
2025-11-29T03:00:00Z,60.47959101853248,85.6975
2025-11-29T04:00:00Z,69.76068655629295,89.9975
2025-11-29T05:00:00Z,82.39564395802027,90.8875
2025-11-29T06:00:00Z,96.45042904859595,96.175
2025-11-29T07:00:00Z,95.32865982328687,89.15
2025-11-29T08:00:00Z,94.82109401162106,101.5825
2025-11-29T09:00:00Z,92.08706586208177,101.44
2025-11-29T10:00:00Z,90.92829548228725,95.2625
2025-11-29T11:00:00Z,88.1363440931137,86.0975
2025-11-29T12:00:00Z,87.2817216142981,87.9575
2025-11-29T13:00:00Z,90.02935039728408,91.7275
2025-11-29T14:00:00Z,93.11928231225737,102.7225
2025-11-29T15:00:00Z,98.88852260877064,102.645
2025-11-29T16:00:00Z,105.18186196977014,107.085
2025-11-29T17:00:00Z,104.14301058184712,98.13
2025-11-29T18:00:00Z,92.91538810026957,88.43
2025-11-29T19:00:00Z,82.42089206152663,81.1125
2025-11-29T20:00:00Z,78.75427331046758,80.8
2025-11-29T21:00:00Z,76.21482829124729,83.49000000000001
2025-11-29T22:00:00Z,68.23413505527463,77.72749999999999
2025-11-29T23:00:00Z,60.4644492538447,75.9725
2025-11-30T00:00:00Z,55.68967096523643,69.7825
2025-11-30T01:00:00Z,52.84139258469765,67.4375
2025-11-30T02:00:00Z,46.42156627064785,65.355
2025-11-30T03:00:00Z,49.41636608165779,67.0
2025-11-30T04:00:00Z,50.15514327479033,74.2925
2025-11-30T05:00:00Z,53.908383643964925,75.5775
2025-11-30T06:00:00Z,68.21591562770347,75.975
2025-11-30T07:00:00Z,70.7506123737138,79.84
2025-11-30T08:00:00Z,71.35640734067637,80.65
2025-11-30T09:00:00Z,71.00127756963695,84.4225
2025-11-30T10:00:00Z,71.13203552505448,81.5425
2025-11-30T11:00:00Z,74.19024147619359,80.695
2025-11-30T12:00:00Z,77.21732148533742,82.5175
2025-11-30T13:00:00Z,79.52327141483367,87.5475
2025-11-30T14:00:00Z,87.45973930001185,93.5775
2025-11-30T15:00:00Z,91.21063167614665,92.81
2025-11-30T16:00:00Z,96.2888471805803,104.0475
2025-11-30T17:00:00Z,95.20744387042014,106.2125
2025-11-30T18:00:00Z,91.49386607075968,104.1275
2025-11-30T19:00:00Z,85.84904246138018,97.525
2025-11-30T20:00:00Z,84.00804449779939,92.93
2025-11-30T21:00:00Z,83.38292595498778,92.5975
2025-11-30T22:00:00Z,76.56548522346228,87.1275
2025-11-30T23:00:00Z,73.2262318971471,87.995
2025-12-01T00:00:00Z,71.0009402539983,86.02250000000001
2025-12-01T01:00:00Z,71.42450656639762,81.34
2025-12-01T02:00:00Z,70.33472422965865,85.14
2025-12-01T03:00:00Z,71.58921840651978,80.2575
2025-12-01T04:00:00Z,82.8483553846123,88.745
2025-12-01T05:00:00Z,103.51834277864045,88.625
2025-12-01T06:00:00Z,116.68044776077099,127.86
2025-12-01T07:00:00Z,118.31269059706757,139.3325
2025-12-01T08:00:00Z,104.080618649413,105.095
2025-12-01T09:00:00Z,101.13855902638626,93.7325
2025-12-01T10:00:00Z,104.34668130160685,85.96
2025-12-01T11:00:00Z,103.65320539714413,85.01750000000001
2025-12-01T12:00:00Z,110.05723269600573,90.07
2025-12-01T13:00:00Z,114.31929199908194,107.2175
2025-12-01T14:00:00Z,121.6449711981505,120.3225
2025-12-01T15:00:00Z,129.4802379327281,112.965
2025-12-01T16:00:00Z,124.30393118184038,94.4125
2025-12-01T17:00:00Z,124.37935842996134,88.9925
2025-12-01T18:00:00Z,111.7153404475733,86.7675
2025-12-01T19:00:00Z,88.56212690342984,82.3
2025-12-01T20:00:00Z,81.64515157575435,75.95
2025-12-01T21:00:00Z,69.56903742664265,76.43
2025-12-01T22:00:00Z,65.29875367024242,71.80250000000001
2025-12-08T23:00:00Z,64.70645585150515,73.69749999999999
2025-12-09T00:00:00Z,62.536443598071095,72.785
2025-12-09T01:00:00Z,60.067284676823135,73.7125
2025-12-09T02:00:00Z,58.399214896518345,74.845
2025-12-09T03:00:00Z,60.678306976110825,73.72
2025-12-09T04:00:00Z,71.6202930921385,80.205
2025-12-09T05:00:00Z,88.49894371222271,98.8475
2025-12-09T06:00:00Z,100.58509745113233,105.79
2025-12-09T07:00:00Z,105.94180354499694,129.75
2025-12-09T08:00:00Z,93.40400220733775,111.335
2025-12-09T09:00:00Z,88.15928652972977,103.06
2025-12-09T10:00:00Z,85.64013406741381,103.34
2025-12-09T11:00:00Z,85.09810385731431,97.83
2025-12-09T12:00:00Z,87.26459149633106,101.1
2025-12-09T13:00:00Z,95.71737006351955,100.22
2025-12-09T14:00:00Z,118.33067081277797,110.885
2025-12-09T15:00:00Z,115.41909903098603,108.3
2025-12-09T16:00:00Z,120.26289773782442,104.5675
2025-12-09T17:00:00Z,118.5216602382637,96.91
2025-12-09T18:00:00Z,105.30505319623451,85.1025
2025-12-09T19:00:00Z,86.90564934259888,83.67
2025-12-09T20:00:00Z,68.48704381790702,79.35499999999999
2025-12-09T21:00:00Z,61.63896103202836,73.3325
2025-12-09T22:00:00Z,56.39342994735576,55.42
2025-12-09T23:00:00Z,57.35056215529171,43.9
2025-12-10T00:00:00Z,51.13104348783192,36.48
2025-12-10T01:00:00Z,50.21649501319592,31.0
2025-12-10T02:00:00Z,51.68332936870671,35.1125
2025-12-10T03:00:00Z,60.34741494330524,48.09
2025-12-10T04:00:00Z,63.83630439969669,69.65
2025-12-10T05:00:00Z,86.51579139299683,79.12
2025-12-10T06:00:00Z,118.2157069624682,87.505
2025-12-10T07:00:00Z,131.3466328542877,94.3325
2025-12-10T08:00:00Z,124.96698501799828,94.225
2025-12-10T09:00:00Z,110.6822765248078,87.72749999999999
2025-12-10T10:00:00Z,108.49216727354683,80.9975
2025-12-10T11:00:00Z,108.05564791528671,79.5
2025-12-10T12:00:00Z,110.66339659918734,81.4425
2025-12-10T13:00:00Z,119.25522770721908,90.2225
2025-12-10T14:00:00Z,130.3348137647073,100.665
2025-12-10T15:00:00Z,135.6642217153553,104.0025
2025-12-10T16:00:00Z,136.1779247631874,105.6725
2025-12-10T17:00:00Z,127.90606301304967,104.695
2025-12-10T18:00:00Z,120.94289354550133,96.7725
2025-12-10T19:00:00Z,102.77533595246724,87.75
2025-12-10T20:00:00Z,93.47442769719459,86.31
2025-12-10T21:00:00Z,82.92026078821229,82.485
2025-12-10T22:00:00Z,74.41381429635874,76.425
2025-12-10T23:00:00Z,65.28257690742669,73.975
2025-12-11T00:00:00Z,60.22795253858935,73.41749999999999
2025-12-11T01:00:00Z,60.338053508910704,72.515
2025-12-11T02:00:00Z,61.352188477930504,75.2075
2025-12-11T03:00:00Z,63.63257486349594,76.9125
2025-12-11T04:00:00Z,76.19615225242671,80.5925
2025-12-11T05:00:00Z,102.2860924442675,90.09
2025-12-11T06:00:00Z,115.08740221635885,98.11
2025-12-11T07:00:00Z,130.6753763888863,110.3575
2025-12-11T08:00:00Z,124.96076269544912,106.1675
2025-12-11T09:00:00Z,110.10116537968463,93.18
2025-12-11T10:00:00Z,106.70365960455457,91.9175
2025-12-11T11:00:00Z,106.92462686337055,89.4
2025-12-11T12:00:00Z,107.63101746908697,90.22
2025-12-11T13:00:00Z,112.81389844294097,97.7875
2025-12-11T14:00:00Z,125.02643229498959,111.265
2025-12-11T15:00:00Z,122.7799121674228,114.7
2025-12-11T16:00:00Z,127.48963825387425,115.405
2025-12-11T17:00:00Z,127.0894991819478,112.5675
2025-12-11T18:00:00Z,121.5409579998145,107.79
2025-12-11T19:00:00Z,113.31647919762997,103.6425
2025-12-11T20:00:00Z,96.47157910417661,94.3925
2025-12-11T21:00:00Z,102.10863389807788,93.585
2025-12-11T22:00:00Z,91.36965615934695,93.735
2025-12-11T23:00:00Z,86.16986883694032,83.78
2025-12-12T00:00:00Z,86.11163543602996,86.22
2025-12-12T01:00:00Z,85.8222511899603,87.9
2025-12-12T02:00:00Z,85.72384825560135,90.1825
2025-12-12T03:00:00Z,88.62766474446997,90.7075
2025-12-12T04:00:00Z,99.7752518382302,92.2125
2025-12-12T05:00:00Z,131.625023160083,101.2275
2025-12-12T06:00:00Z,147.985937890427,121.325
2025-12-12T07:00:00Z,152.98795736774042,130.8525
2025-12-12T08:00:00Z,151.73204100292955,126.9025
2025-12-12T09:00:00Z,144.11730312456157,121.955
2025-12-12T10:00:00Z,141.99458830233684,118.305
2025-12-12T11:00:00Z,143.77285013752507,113.0675
2025-12-12T12:00:00Z,138.94873743370286,118.26
2025-12-12T13:00:00Z,148.54711364545574,126.8225
2025-12-12T14:00:00Z,159.83654826049172,131.9475
2025-12-12T15:00:00Z,166.29469014204574,145.4875
2025-12-12T16:00:00Z,157.62645665170052,146.825
2025-12-12T17:00:00Z,158.1442312751948,133.1
2025-12-12T18:00:00Z,147.89399307443387,128.0575
2025-12-12T19:00:00Z,131.00446780532212,117.0025
2025-12-12T20:00:00Z,124.14972843713824,114.93
2025-12-12T21:00:00Z,105.85549169072522,103.82
2025-12-12T22:00:00Z,100.21648260102862,91.7525
2025-12-12T23:00:00Z,89.89776693997008,92.2825
2025-12-13T00:00:00Z,88.11865596171033,90.5025
2025-12-13T01:00:00Z,85.28136794484607,87.39
2025-12-13T02:00:00Z,82.76995533661858,87.0425
2025-12-13T03:00:00Z,81.22735130054299,85.0
2025-12-13T04:00:00Z,87.51721379100812,84.66749999999999
2025-12-13T05:00:00Z,91.06854701241106,79.1425
2025-12-13T06:00:00Z,108.64019566357908,81.135
2025-12-13T07:00:00Z,114.00954352348235,95.9525
2025-12-13T08:00:00Z,116.18704841812944,106.77
2025-12-13T09:00:00Z,111.70038111946339,102.585
2025-12-13T10:00:00Z,108.58245552849019,98.0925
2025-12-13T11:00:00Z,105.61114882649065,93.7575
2025-12-13T12:00:00Z,108.40980544391284,92.935
2025-12-13T13:00:00Z,114.38261890695463,95.7575
2025-12-13T14:00:00Z,115.94940773738557,114.6575
2025-12-13T15:00:00Z,128.91626787277627,119.7075
2025-12-13T16:00:00Z,131.5427677446678,118.4475
2025-12-13T17:00:00Z,123.22204617405794,112.255
2025-12-13T18:00:00Z,120.52200535708802,103.63
2025-12-13T19:00:00Z,107.679000404943,91.7075
2025-12-13T20:00:00Z,102.18961151207235,90.5575
2025-12-13T21:00:00Z,92.56032884092929,93.685
2025-12-13T22:00:00Z,83.7126527846579,84.3875
2025-12-13T23:00:00Z,80.15479159653694,91.195
2025-12-14T00:00:00Z,75.66215199675105,90.5225
2025-12-14T01:00:00Z,72.89151661359952,81.9
2025-12-14T02:00:00Z,69.94407469026775,79.95
2025-12-14T03:00:00Z,68.81848403709303,77.305
2025-12-14T04:00:00Z,65.60260644864852,78.7625
2025-12-14T05:00:00Z,67.27000149900914,77.175
2025-12-14T06:00:00Z,71.71917063089619,77.4725
2025-12-14T07:00:00Z,76.7335624496904,81.76
2025-12-14T08:00:00Z,81.59773820170156,82.345
2025-12-14T09:00:00Z,78.03374619060301,80.005
2025-12-14T10:00:00Z,77.16890265826294,84.0775
2025-12-14T11:00:00Z,79.81512831242839,87.27250000000001
2025-12-14T12:00:00Z,79.73289797165866,86.95750000000001
2025-12-14T13:00:00Z,83.49853185135046,88.65
2025-12-14T14:00:00Z,93.533985042075,92.0975
2025-12-14T15:00:00Z,101.07592763613583,99.2825
2025-12-14T16:00:00Z,104.63637677057247,102.785
2025-12-14T17:00:00Z,96.39847936761798,103.2925
2025-12-14T18:00:00Z,92.23680414339405,92.99
2025-12-14T19:00:00Z,82.44762868142377,90.3975
2025-12-14T20:00:00Z,77.73616131861286,84.4025
2025-12-14T21:00:00Z,74.67272994077184,82.65
2025-12-14T22:00:00Z,63.40619887793867,75.75
2025-12-14T23:00:00Z,59.17908392925598,72.5
2025-12-15T00:00:00Z,50.88907995828653,71.8775
2025-12-15T01:00:00Z,47.02263052859217,71.0375
2025-12-15T02:00:00Z,45.86459030675297,70.6675
2025-12-15T03:00:00Z,53.39711750032256,75.28
2025-12-15T04:00:00Z,66.79817111240503,76.8025
2025-12-15T05:00:00Z,87.89589664396043,86.525
2025-12-15T06:00:00Z,96.98298994253923,98.79
2025-12-15T07:00:00Z,103.95597500942816,101.1275
2025-12-15T08:00:00Z,93.58809547888305,96.65
2025-12-15T09:00:00Z,85.11219840111416,89.61500000000001
2025-12-15T10:00:00Z,81.85423732527013,79.7225
2025-12-15T11:00:00Z,82.83037155073191,79.77
2025-12-15T12:00:00Z,85.46770789809776,88.26
2025-12-15T13:00:00Z,89.31339000949264,95.4375
2025-12-15T14:00:00Z,100.5639592280382,107.3
2025-12-15T15:00:00Z,104.31997370249009,108.655
2025-12-15T16:00:00Z,110.17865078516537,104.2125
2025-12-15T17:00:00Z,104.97130527189898,98.1575
2025-12-15T18:00:00Z,97.41135859044705,90.4175
2025-12-15T19:00:00Z,89.82073480509165,84.25
2025-12-15T20:00:00Z,82.23702463558053,85.17
2025-12-15T21:00:00Z,81.49025630647405,84.9775
2025-12-15T22:00:00Z,77.39153138649137,80.4625
2025-12-15T23:00:00Z,76.45784731512667,80.67
2025-12-16T00:00:00Z,71.916119017775,79.05250000000001
2025-12-16T01:00:00Z,71.11571342371975,77.0975
2025-12-16T02:00:00Z,71.02085869054643,79.0525
2025-12-16T03:00:00Z,75.27867338608498,80.3875
2025-12-16T04:00:00Z,80.96725048498818,82.3125
2025-12-16T05:00:00Z,93.85956447545111,88.4
2025-12-16T06:00:00Z,113.50122639750664,91.385
2025-12-16T07:00:00Z,129.47931740490338,100.4675
2025-12-16T08:00:00Z,113.3762406939592,101.265
2025-12-16T09:00:00Z,97.77402028355844,92.345
2025-12-16T10:00:00Z,92.48040406855355,90.6075
2025-12-16T11:00:00Z,92.4467434649848,91.5125
2025-12-16T12:00:00Z,105.92499641968207,99.885
2025-12-16T13:00:00Z,125.69798985198709,124.3975
2025-12-16T14:00:00Z,136.3521142626378,139.3775
2025-12-16T15:00:00Z,135.88740785092548,155.3125
2025-12-16T16:00:00Z,137.6540413567197,162.20499999999998
2025-12-16T17:00:00Z,136.82339503199714,142.25
2025-12-16T18:00:00Z,133.74664784523267,137.0975
2025-12-16T19:00:00Z,124.60791203522537,128.85
2025-12-16T20:00:00Z,121.21593163514297,118.9425
2025-12-16T21:00:00Z,115.24313767598079,115.575
2025-12-16T22:00:00Z,99.90852721912763,103.42
2025-12-16T23:00:00Z,87.55684998782526,89.0025
2025-12-17T00:00:00Z,86.28233950857258,89.79
2025-12-17T01:00:00Z,85.64130006352616,86.4925
2025-12-17T02:00:00Z,85.03273897316747,85.025
2025-12-17T03:00:00Z,86.55174284061998,88.0775
2025-12-17T04:00:00Z,88.87268519620012,90.4975
2025-12-17T05:00:00Z,110.62574258800603,95.4875
2025-12-17T06:00:00Z,125.71993831861272,108.825
2025-12-17T07:00:00Z,131.0296709113307,133.46
2025-12-17T08:00:00Z,125.7460796320504,126.295
2025-12-17T09:00:00Z,106.76843072549369,124.535
2025-12-17T10:00:00Z,104.6594052838245,118.15
2025-12-17T11:00:00Z,103.78305532342745,111.895
2025-12-17T12:00:00Z,114.79746528411073,122.6575
2025-12-17T13:00:00Z,130.49914129516844,129.97
2025-12-17T14:00:00Z,145.5254266106573,127.5025
2025-12-17T15:00:00Z,147.52501940280916,126.4975
2025-12-17T16:00:00Z,147.71736127487216,122.825
2025-12-17T17:00:00Z,143.26658670155578,111.4
2025-12-17T18:00:00Z,140.63936547992833,97.505
2025-12-17T19:00:00Z,116.17788358152106,94.71
2025-12-17T20:00:00Z,106.56828781038628,94.7025
2025-12-17T21:00:00Z,95.49600006549672,93.2175
2025-12-17T22:00:00Z,79.56055426679956,85.0
2025-12-17T23:00:00Z,72.73703647096899,77.755
2025-12-18T00:00:00Z,60.32876590949033,69.065
2025-12-18T01:00:00Z,52.17373380752953,60.1275
2025-12-18T02:00:00Z,52.168494175583504,48.89
2025-12-18T03:00:00Z,52.152041426930964,44.8175
2025-12-18T04:00:00Z,53.19454096799292,50.8275
2025-12-18T05:00:00Z,65.65687822117665,63.24250000000001
2025-12-18T06:00:00Z,77.32384622089846,81.525
2025-12-18T07:00:00Z,87.60453229003743,90.7425
2025-12-18T08:00:00Z,74.08460261883069,88.5575
2025-12-18T09:00:00Z,63.64975894329159,78.2825
2025-12-18T10:00:00Z,65.65542003472837,78.2875
2025-12-18T11:00:00Z,64.70034126781653,77.4225
2025-12-18T12:00:00Z,71.70169692012306,79.47749999999999
2025-12-18T13:00:00Z,82.2606513211338,103.755
2025-12-18T14:00:00Z,99.0072233904098,114.4925
2025-12-18T15:00:00Z,102.6567846957705,110.8825
2025-12-18T16:00:00Z,99.8573576311281,103.4175
2025-12-18T17:00:00Z,87.73246147547934,88.255
2025-12-18T18:00:00Z,79.62680155513621,80.14
2025-12-18T19:00:00Z,61.889591908518106,67.6825
2025-12-18T20:00:00Z,51.57477054871975,53.255
2025-12-18T21:00:00Z,45.362745830838115,51.8
2025-12-18T22:00:00Z,34.203966564550164,18.6525
2025-12-18T23:00:00Z,21.991250500929166,9.84
2025-12-19T00:00:00Z,17.29192450328589,5.8575
2025-12-19T01:00:00Z,14.412488472420227,4.33
2025-12-19T02:00:00Z,9.310615984626686,3.515
2025-12-19T03:00:00Z,20.039362437696614,4.115
2025-12-19T04:00:00Z,35.9465794094888,10.775
2025-12-19T05:00:00Z,62.19422595333887,40.28
2025-12-19T06:00:00Z,80.3879920903627,76.7125
2025-12-19T07:00:00Z,95.56710020462998,89.5425
2025-12-19T08:00:00Z,91.04598537626215,89.38499999999999
2025-12-19T09:00:00Z,86.12222923937165,89.23
2025-12-19T10:00:00Z,87.67372929025085,87.49000000000001
2025-12-19T11:00:00Z,92.67181589839792,84.57249999999999
2025-12-19T12:00:00Z,96.0652963474792,87.625
2025-12-19T13:00:00Z,106.01249193006485,93.3475
2025-12-19T14:00:00Z,115.61936808460887,97.4025
2025-12-19T15:00:00Z,127.99060206586961,100.3325
2025-12-19T16:00:00Z,127.44367124859326,106.905
2025-12-19T17:00:00Z,121.72099189527464,107.48
2025-12-19T18:00:00Z,115.72022273727536,105.1225
2025-12-19T19:00:00Z,101.83037428683608,102.91
2025-12-19T20:00:00Z,99.31322917201165,98.4625
2025-12-19T21:00:00Z,91.05929124241794,96.2775
2025-12-19T22:00:00Z,81.97923203557144,90.18
2025-12-19T23:00:00Z,84.25601271956958,84.8125
2025-12-20T00:00:00Z,79.80497283400592,83.4
2025-12-20T01:00:00Z,80.29833497354055,85.0025
2025-12-20T02:00:00Z,81.23262377097895,87.4875
2025-12-20T03:00:00Z,81.16901725111352,88.46000000000001
2025-12-20T04:00:00Z,84.46202907043251,89.915
2025-12-20T05:00:00Z,90.69312387435163,95.975
2025-12-20T06:00:00Z,98.21946276981627,104.0
2025-12-20T07:00:00Z,107.92855569217659,113.2075
2025-12-20T08:00:00Z,110.5196964279519,114.8
2025-12-20T09:00:00Z,103.69748202347448,112.6675
2025-12-20T10:00:00Z,101.80429014863671,110.9875
2025-12-20T11:00:00Z,98.87533382493974,110.2675
2025-12-20T12:00:00Z,97.37751155517982,114.9825
2025-12-20T13:00:00Z,100.79004805734779,119.4825
2025-12-20T14:00:00Z,121.86434253012527,120.6375
2025-12-20T15:00:00Z,130.6154356113574,120.205
2025-12-20T16:00:00Z,130.82354225014174,122.3925
2025-12-20T17:00:00Z,122.61671795800831,118.265
2025-12-20T18:00:00Z,107.89758377294346,104.11
2025-12-20T19:00:00Z,97.0124988014512,96.3825
2025-12-20T20:00:00Z,93.14618161980158,93.01
2025-12-20T21:00:00Z,92.20402127336183,92.245
2025-12-20T22:00:00Z,84.12855080573726,90.6725
2025-12-20T23:00:00Z,87.13553679496049,95.7
2025-12-21T00:00:00Z,81.51491476718434,90.045
2025-12-21T01:00:00Z,79.76492756612991,86.485
2025-12-21T02:00:00Z,79.1913737250273,85.39500000000001
2025-12-21T03:00:00Z,80.0885725156859,85.6275
2025-12-21T04:00:00Z,81.93446530079427,86.825
2025-12-21T05:00:00Z,86.18939230189906,88.14
2025-12-21T06:00:00Z,90.9084545094576,92.8525
2025-12-21T07:00:00Z,95.15597322188955,102.1475
2025-12-21T08:00:00Z,94.83031265833807,107.01
2025-12-21T09:00:00Z,93.49641351522355,102.5825
2025-12-21T10:00:00Z,89.29306737558989,101.3
2025-12-21T11:00:00Z,87.58475531272259,98.4825
2025-12-21T12:00:00Z,90.03850065724266,94.8675
2025-12-21T13:00:00Z,95.47667737676613,98.8925
2025-12-21T14:00:00Z,99.95263265809021,100.87
2025-12-21T15:00:00Z,101.59495228738669,97.515
2025-12-21T16:00:00Z,102.07782573830039,97.0675
2025-12-21T17:00:00Z,98.24530928853265,90.795
2025-12-21T18:00:00Z,86.11225432562011,86.14
2025-12-21T19:00:00Z,83.95180561860188,81.655
2025-12-21T20:00:00Z,74.1254061035728,78.8625
2025-12-21T21:00:00Z,69.89657711989243,77.495
2025-12-21T22:00:00Z,64.55292727314604,70.905
2025-12-21T23:00:00Z,62.2393398267393,70.22749999999999
2025-12-22T00:00:00Z,61.12301233242123,68.8275
2025-12-22T01:00:00Z,59.06272316834452,67.785
2025-12-22T02:00:00Z,63.12104045762709,66.31
2025-12-22T03:00:00Z,64.2381405628999,71.5175
2025-12-22T04:00:00Z,69.09046276402813,74.1125
2025-12-22T05:00:00Z,87.5979006651645,78.1875
2025-12-22T06:00:00Z,97.54530042123962,90.4475
2025-12-22T07:00:00Z,104.01616664838882,93.3425
2025-12-22T08:00:00Z,99.54496317114973,90.7925
2025-12-22T09:00:00Z,92.88613809417164,89.2475
2025-12-22T10:00:00Z,92.3656151167342,85.0
2025-12-22T11:00:00Z,90.38715128242708,86.34
2025-12-22T12:00:00Z,91.97448754771145,88.615
2025-12-22T13:00:00Z,92.93896670275893,92.1225
2025-12-22T14:00:00Z,99.84032704516574,99.5375
2025-12-22T15:00:00Z,103.22894804944502,101.18
2025-12-22T16:00:00Z,99.24414801675793,107.8925
2025-12-22T17:00:00Z,97.02851404431667,100.9
2025-12-22T18:00:00Z,95.03989132906261,93.79
2025-12-22T19:00:00Z,88.63411781161578,89.47749999999999
2025-12-22T20:00:00Z,85.82381339898764,84.86
2025-12-22T21:00:00Z,82.29777779562521,84.8225
2025-12-22T22:00:00Z,81.10222221118151,77.9675
2025-12-22T23:00:00Z,67.55381682781162,72.2325
2025-12-23T00:00:00Z,71.88083179675233,65.0325
2025-12-23T01:00:00Z,66.37488590550485,62.005
2025-12-23T02:00:00Z,64.6655302565038,59.06
2025-12-23T03:00:00Z,66.59640933412946,58.1125
2025-12-23T04:00:00Z,69.84868024296989,59.0225
2025-12-23T05:00:00Z,79.06538116714405,67.8475
2025-12-23T06:00:00Z,83.41107917195231,78.0175
2025-12-23T07:00:00Z,90.124145808176,83.875
2025-12-23T08:00:00Z,85.86105911477858,85.465
2025-12-23T09:00:00Z,82.81085160558771,83.8375
2025-12-23T10:00:00Z,80.77794794287476,81.86749999999999
2025-12-23T11:00:00Z,78.85081140137834,80.485
2025-12-23T12:00:00Z,82.17592470413713,79.2125
2025-12-23T13:00:00Z,83.53388152680664,79.215
2025-12-23T14:00:00Z,87.0869499936994,81.8275
2025-12-23T15:00:00Z,89.64629159148365,83.6875
2025-12-23T16:00:00Z,89.97550858783248,82.4675
2025-12-23T17:00:00Z,88.8381367812724,83.945
2025-12-23T18:00:00Z,86.5940720930669,82.465
2025-12-23T19:00:00Z,76.78646642323662,78.005
2025-12-23T20:00:00Z,72.07981829639277,69.93
2025-12-23T21:00:00Z,75.14633756698024,71.83500000000001
2025-12-23T22:00:00Z,69.80834186730175,64.0925
2025-12-23T23:00:00Z,54.65686683815777,60.2475
2025-12-24T00:00:00Z,53.41743940617951,55.8625
2025-12-24T01:00:00Z,52.585051718962966,56.8
2025-12-24T02:00:00Z,51.34202744909878,55.84
2025-12-24T03:00:00Z,51.362733204529064,55.8475
2025-12-24T04:00:00Z,54.25331495351233,55.85
2025-12-24T05:00:00Z,62.05525352048365,57.215
2025-12-24T06:00:00Z,74.04632269443418,67.44500000000001
2025-12-24T07:00:00Z,73.49710378657348,81.0
2025-12-24T08:00:00Z,74.21038546416486,82.47
2025-12-24T09:00:00Z,75.56060694019533,76.02250000000001
2025-12-24T10:00:00Z,74.56112510507924,69.2875
2025-12-24T11:00:00Z,72.56469427070708,68.5125
2025-12-24T12:00:00Z,68.84112445160441,67.9875
2025-12-24T13:00:00Z,71.3696031782446,73.7575
2025-12-24T14:00:00Z,75.40357397084522,83.0525
2025-12-24T15:00:00Z,72.38600580002331,87.9
2025-12-24T16:00:00Z,73.89164444798318,89.1325
2025-12-24T17:00:00Z,74.06756116845138,78.9075
2025-12-24T18:00:00Z,76.10571428688597,71.77250000000001
2025-12-24T19:00:00Z,70.96386818887713,68.1575
2025-12-24T20:00:00Z,70.77558796779198,67.9875
2025-12-24T21:00:00Z,64.43389517928017,69.0075
2025-12-24T22:00:00Z,63.921894914198376,65.1625
2025-12-24T23:00:00Z,46.300174921492356,63.22
2025-12-25T00:00:00Z,41.81858993126193,58.4425
2025-12-25T01:00:00Z,41.07169554842372,56.8575
2025-12-25T02:00:00Z,41.40855906734238,55.845
2025-12-25T03:00:00Z,43.05057679205426,54.53
2025-12-25T04:00:00Z,43.93533943799922,52.605
2025-12-25T05:00:00Z,46.99803814502091,49.165
2025-12-25T06:00:00Z,53.85562257730715,54.0275
2025-12-25T07:00:00Z,64.12772321129032,64.205
2025-12-25T08:00:00Z,62.487896299907014,64.7075
2025-12-25T09:00:00Z,51.104878183342706,53.765
2025-12-25T10:00:00Z,43.22776427132481,48.9825
2025-12-25T11:00:00Z,40.01872813066823,48.4875
2025-12-25T12:00:00Z,56.810948135766125,47.865
2025-12-25T13:00:00Z,64.9115403728668,68.5475
2025-12-25T14:00:00Z,73.2091882919414,89.41499999999999
2025-12-25T15:00:00Z,83.7078157882624,92.235
2025-12-25T16:00:00Z,86.57199403391459,94.005
2025-12-25T17:00:00Z,82.08316309476928,94.055
2025-12-25T18:00:00Z,83.1848894249576,91.715
2025-12-25T19:00:00Z,81.86752287564076,91.0325
2025-12-25T20:00:00Z,79.00965749548863,92.7
2025-12-25T21:00:00Z,78.75251841518036,96.1525
2025-12-25T22:00:00Z,78.87753029143644,91.47
2025-12-25T23:00:00Z,78.62155604894554,97.1
2025-12-26T00:00:00Z,76.0897784648199,91.0525
2025-12-26T01:00:00Z,75.2999497999832,85.8175
2025-12-26T02:00:00Z,75.23400711945618,83.05250000000001
2025-12-26T03:00:00Z,75.14778878228427,82.3925
2025-12-26T04:00:00Z,76.00372067395904,82.83500000000001
2025-12-26T05:00:00Z,79.08796961820418,85.02
2025-12-26T06:00:00Z,81.54753723572144,93.115
2025-12-26T07:00:00Z,85.18986609797462,98.9
2025-12-26T08:00:00Z,82.08618520312349,96.73
2025-12-26T09:00:00Z,73.44261173457107,89.25
2025-12-26T10:00:00Z,72.59036375133886,84.9925
2025-12-26T11:00:00Z,74.00949965226356,82.3125
2025-12-26T12:00:00Z,75.18979976947074,83.0975
2025-12-26T13:00:00Z,84.33167663237737,92.7
2025-12-26T14:00:00Z,93.74273803211177,109.1425
2025-12-26T15:00:00Z,100.1068059382576,116.7725
2025-12-26T16:00:00Z,110.59559125455046,120.47
2025-12-26T17:00:00Z,112.65286795914211,116.9725
2025-12-26T18:00:00Z,108.56087425097553,116.2625
2025-12-26T19:00:00Z,103.01511461200406,113.725
2025-12-26T20:00:00Z,96.79698743574001,111.5
2025-12-26T21:00:00Z,93.50159112866412,108.255
2025-12-26T22:00:00Z,91.02188882110102,99.3675
2025-12-26T23:00:00Z,94.67785110403678,96.69
2025-12-27T00:00:00Z,88.18897886988061,91.725
2025-12-27T01:00:00Z,84.42184699401824,84.7075
2025-12-27T02:00:00Z,84.25963190576849,82.7175
2025-12-27T03:00:00Z,81.68674923746052,83.9975
2025-12-27T04:00:00Z,83.49891691781482,83.17
2025-12-27T05:00:00Z,84.85604471529918,88.015
2025-12-27T06:00:00Z,91.13593084002672,99.505
2025-12-27T07:00:00Z,97.69313527375394,102.32
2025-12-27T08:00:00Z,88.17035150350854,93.81
2025-12-27T09:00:00Z,79.74126503297813,80.0325
2025-12-27T10:00:00Z,63.55905271467582,75.395
2025-12-27T11:00:00Z,60.448969020913104,74.54
2025-12-27T12:00:00Z,63.792224163930044,76.7375
2025-12-27T13:00:00Z,65.53754570522239,81.19999999999999
2025-12-27T14:00:00Z,79.83904365889654,94.5425
2025-12-27T15:00:00Z,90.96606105641368,103.0075
2025-12-27T16:00:00Z,93.31052434409276,105.925
2025-12-27T17:00:00Z,104.60465158521038,108.4275
2025-12-27T18:00:00Z,99.64931387261862,105.0
2025-12-27T19:00:00Z,87.58473272281543,102.5875
2025-12-27T20:00:00Z,88.13666398852124,93.895
2025-12-27T21:00:00Z,88.66487487700596,95.4175
2025-12-27T22:00:00Z,85.07885793459054,91.295
2025-12-27T23:00:00Z,85.95338710520511,84.33500000000001
2025-12-28T00:00:00Z,80.13704303535293,83.37
2025-12-28T01:00:00Z,78.01142638287702,79.96000000000001
2025-12-28T02:00:00Z,80.39613853788727,78.8175
2025-12-28T03:00:00Z,81.38306437487402,80.4475
2025-12-28T04:00:00Z,86.16633550563017,83.61
2025-12-28T05:00:00Z,89.9366250234689,86.47749999999999
2025-12-28T06:00:00Z,95.38861569400491,92.15
2025-12-28T07:00:00Z,100.13041716425083,97.3625
2025-12-28T08:00:00Z,101.3637811982596,96.565
2025-12-28T09:00:00Z,92.96502646200719,88.2125
2025-12-28T10:00:00Z,88.19146418676911,88.3675
2025-12-28T11:00:00Z,84.66098800411275,80.0225
2025-12-28T12:00:00Z,83.93783175671011,80.025
2025-12-28T13:00:00Z,91.75547888371199,86.6775
2025-12-28T14:00:00Z,99.1861662949423,100.87
2025-12-28T15:00:00Z,101.38831836322659,110.8825
2025-12-28T16:00:00Z,103.58401645070857,113.7025
2025-12-28T17:00:00Z,104.74696852206509,114.455
2025-12-28T18:00:00Z,100.65481114567372,109.3325
2025-12-28T19:00:00Z,95.33159166563593,105.01
2025-12-28T20:00:00Z,82.13215561565151,99.0275
2025-12-28T21:00:00Z,78.4030352260719,98.2825
2025-12-28T22:00:00Z,78.70189400596344,88.44
2025-12-28T23:00:00Z,68.00564543594204,89.88
2025-12-29T00:00:00Z,65.63870088950992,84.98249999999999
2025-12-29T01:00:00Z,59.375633130386056,84.1825
2025-12-29T02:00:00Z,58.216659010727255,82.19
2025-12-29T03:00:00Z,60.756345289154986,83.6225
2025-12-29T04:00:00Z,72.31280589020407,90.7925
2025-12-29T05:00:00Z,87.88732757312762,96.3325
2025-12-29T06:00:00Z,103.09358089191134,104.7175
2025-12-29T07:00:00Z,108.76317759820043,113.8775
2025-12-29T08:00:00Z,96.16355906487901,111.01
2025-12-29T09:00:00Z,89.63766019178665,97.645
2025-12-29T10:00:00Z,87.61638251199781,90.345
2025-12-29T11:00:00Z,83.97144311559722,87.6575
2025-12-29T12:00:00Z,83.8944286910933,88.52250000000001
2025-12-29T13:00:00Z,85.84359959300886,96.1025
2025-12-29T14:00:00Z,91.71817972982919,103.5075
2025-12-29T15:00:00Z,99.17124076585746,108.655
2025-12-29T16:00:00Z,104.78125789077475,107.0075
2025-12-29T17:00:00Z,105.40146779592516,103.3075
2025-12-29T18:00:00Z,95.85990185959744,95.1475
2025-12-29T19:00:00Z,91.37937049878195,90.3725
2025-12-29T20:00:00Z,83.1295393794527,83.245
2025-12-29T21:00:00Z,83.1857543209267,87.91499999999999
2025-12-29T22:00:00Z,78.58751440519124,83.3425
2025-12-29T23:00:00Z,69.57500632696325,77.8625
2025-12-30T00:00:00Z,64.23839225018175,73.215
2025-12-30T01:00:00Z,63.988712972989866,71.855
2025-12-30T02:00:00Z,62.70947105650672,69.3575
2025-12-30T03:00:00Z,62.34114367651817,68.5375
2025-12-30T04:00:00Z,71.77302802502945,71.99
2025-12-30T05:00:00Z,80.9597022411684,80.02
2025-12-30T06:00:00Z,94.14332908635438,87.97
2025-12-30T07:00:00Z,106.33749870827629,94.8775
2025-12-30T08:00:00Z,95.47601132651398,94.3925
2025-12-30T09:00:00Z,86.46262020263076,85.82
2025-12-30T10:00:00Z,83.33715300849596,79.38
2025-12-30T11:00:00Z,81.33942912162009,76.155
2025-12-30T12:00:00Z,82.86079218882735,76.7575
2025-12-30T13:00:00Z,87.99687020467347,88.9675
2025-12-30T14:00:00Z,96.48903203888813,102.325
2025-12-30T15:00:00Z,104.2755079043605,109.1
2025-12-30T16:00:00Z,105.04554245502449,110.715
2025-12-30T17:00:00Z,104.20846753689246,109.12
2025-12-30T18:00:00Z,101.9640988288447,105.6075
2025-12-30T19:00:00Z,95.91051478301318,101.04
2025-12-30T20:00:00Z,91.00054824552132,93.3225
2025-12-30T21:00:00Z,90.51714799008715,92.045
2025-12-30T22:00:00Z,83.36597171519347,85.8075
2025-12-30T23:00:00Z,75.99843123140435,88.0825
2025-12-31T00:00:00Z,70.69216829480379,84.3375
2025-12-31T01:00:00Z,67.49372298927958,80.2125
2025-12-31T02:00:00Z,60.578371205744524,76.58
2025-12-31T03:00:00Z,60.569881237367426,74.9325
2025-12-31T04:00:00Z,68.95154024365786,77.3775
2025-12-31T05:00:00Z,68.91222192435325,81.86749999999999
2025-12-31T06:00:00Z,76.73093296460316,85.2825
2025-12-31T07:00:00Z,81.0470529082439,95.7925
2025-12-31T08:00:00Z,84.03064707417056,95.335
2025-12-31T09:00:00Z,75.78288262989864,89.26249999999999
2025-12-31T10:00:00Z,73.6554538662421,83.48
2025-12-31T11:00:00Z,70.3095037361914,83.0475
2025-12-31T12:00:00Z,69.37266669223716,85.17
2025-12-31T13:00:00Z,71.85127461427524,85.17750000000001
2025-12-31T14:00:00Z,81.49969711601481,90.8325
2025-12-31T15:00:00Z,83.30987436436786,100.705
2025-12-31T16:00:00Z,85.01125019740235,110.1
2025-12-31T17:00:00Z,86.64553069023563,107.5275
2025-12-31T18:00:00Z,85.23865220842988,95.99
2025-12-31T19:00:00Z,82.98143590745555,86.8025
2025-12-31T20:00:00Z,70.68396042779476,79.7975
2025-12-31T21:00:00Z,71.33884454510576,81.39
2025-12-31T22:00:00Z,59.4726864106446,76.4475
2025-12-31T23:00:00Z,37.835698635539806,58.2775
2026-01-19T23:00:00Z,115.28247320735547,115.06
2026-01-20T00:00:00Z,109.35578811871983,114.335
2026-01-20T01:00:00Z,109.07593122297006,110.355
2026-01-20T02:00:00Z,109.37253456751861,109.8675
2026-01-20T03:00:00Z,114.40630167366118,113.1725
2026-01-20T04:00:00Z,123.28650111956003,125.28
2026-01-20T05:00:00Z,148.1661612540421,190.105
2026-01-20T06:00:00Z,191.94378985794677,240.8775
2026-01-20T07:00:00Z,179.77769605780867,262.785
2026-01-20T08:00:00Z,159.75774972207063,179.535
2026-01-20T09:00:00Z,137.58316050899379,132.17
2026-01-20T10:00:00Z,124.17885634035045,107.9525
2026-01-20T11:00:00Z,120.39034724286745,103.6225
2026-01-20T12:00:00Z,126.56826211551046,105.755
2026-01-20T13:00:00Z,138.76328267889375,136.7225
2026-01-20T14:00:00Z,157.50906231920047,178.26
2026-01-20T15:00:00Z,194.62517267906208,276.735
2026-01-20T16:00:00Z,228.20217745298027,249.63
2026-01-20T17:00:00Z,193.4645129329301,193.925
2026-01-20T18:00:00Z,172.53396757229626,181.9175
2026-01-20T19:00:00Z,153.70341239010358,155.10000000000002
2026-01-20T20:00:00Z,139.4263363148849,139.89
2026-01-20T21:00:00Z,134.77816846164248,117.1925
2026-01-20T22:00:00Z,121.81567868618721,107.8375
2026-01-20T23:00:00Z,118.49465278362028,101.49
2026-01-21T00:00:00Z,113.86099624076506,101.7175
2026-01-21T01:00:00Z,109.21801887299992,98.7575
2026-01-21T02:00:00Z,109.00617173816377,100.91
2026-01-21T03:00:00Z,113.93078930659463,98.845
2026-01-21T04:00:00Z,124.57849039908253,98.6925
2026-01-21T05:00:00Z,147.63581726787024,107.8725
2026-01-21T06:00:00Z,173.98196032522347,160.0
2026-01-21T07:00:00Z,208.51062580898267,176.3975
2026-01-21T08:00:00Z,153.55978311987027,142.89249999999998
2026-01-21T09:00:00Z,125.63173117449827,118.3
2026-01-21T10:00:00Z,109.88359247294736,100.9925
2026-01-21T11:00:00Z,101.10375694361142,99.13
2026-01-21T12:00:00Z,102.80126835717445,103.475
2026-01-21T13:00:00Z,122.18139427393209,108.6225
2026-01-21T14:00:00Z,141.65425526213204,126.9275
2026-01-21T15:00:00Z,190.17884398490995,145.035
2026-01-21T16:00:00Z,153.680795378434,139.11
2026-01-21T17:00:00Z,153.1037806441931,138.9075
2026-01-21T18:00:00Z,149.03499825614304,127.83
2026-01-21T19:00:00Z,137.9577836529359,105.4475
2026-01-21T20:00:00Z,123.50571382038235,102.44
2026-01-21T21:00:00Z,112.8790743235984,104.76
2026-01-21T22:00:00Z,94.08633087184128,99.375
2026-01-21T23:00:00Z,92.20948982981805,92.7975
2026-01-22T00:00:00Z,88.85259234976029,92.5275
2026-01-22T01:00:00Z,86.60766087871956,91.45
2026-01-22T02:00:00Z,89.5495827799613,91.82
2026-01-22T03:00:00Z,86.43490462143613,92.85
2026-01-22T04:00:00Z,90.8204254178407,93.1875
2026-01-22T05:00:00Z,108.48643148135051,100.6775
2026-01-22T06:00:00Z,135.5996728010918,125.52
2026-01-22T07:00:00Z,147.98678078417402,137.1225
2026-01-22T08:00:00Z,125.14069710651552,114.4175
2026-01-22T09:00:00Z,104.8930279871503,95.2575
2026-01-22T10:00:00Z,96.61344204962906,89.075
2026-01-22T11:00:00Z,87.06697057603665,83.8575
2026-01-22T12:00:00Z,91.32244006623279,88.065
2026-01-22T13:00:00Z,102.25404637342784,94.91
2026-01-22T14:00:00Z,122.68310414099454,107.78
2026-01-22T15:00:00Z,140.5330320637964,130.8975
2026-01-22T16:00:00Z,141.84805190058503,136.365
2026-01-22T17:00:00Z,141.00073327986212,129.6675
2026-01-22T18:00:00Z,132.95127640973558,121.5675
2026-01-22T19:00:00Z,117.6240621399997,109.35
2026-01-22T20:00:00Z,111.67440207793635,106.945
2026-01-22T21:00:00Z,107.5753237090938,103.3225
2026-01-22T22:00:00Z,101.43544191529449,97.3075
2026-01-22T23:00:00Z,97.00108062117545,97.8875
2026-01-23T00:00:00Z,92.0103250268099,97.245
2026-01-23T01:00:00Z,88.57219230338667,95.9475
2026-01-23T02:00:00Z,88.29582249961675,95.0025
2026-01-23T03:00:00Z,91.41807605184633,95.6225
2026-01-23T04:00:00Z,95.63987620191699,96.9975
2026-01-23T05:00:00Z,107.20894610006467,108.1975
2026-01-23T06:00:00Z,130.6503097257285,133.0
2026-01-23T07:00:00Z,139.8630922914133,152.9375
2026-01-23T08:00:00Z,122.04944792307406,142.4875
2026-01-23T09:00:00Z,102.13431510051004,115.3775
2026-01-23T10:00:00Z,96.01342735111591,100.1275
2026-01-23T11:00:00Z,90.14051426016078,96.2125
2026-01-23T12:00:00Z,90.2763447370188,95.76
2026-01-23T13:00:00Z,101.30737175651828,97.08
2026-01-23T14:00:00Z,119.50682140061099,108.7675
2026-01-23T15:00:00Z,129.0233205666081,124.0475
2026-01-23T16:00:00Z,131.81228574424568,136.08499999999998
2026-01-23T17:00:00Z,132.49473213021832,128.48250000000002
2026-01-23T18:00:00Z,125.2762168459421,116.8025
2026-01-23T19:00:00Z,116.97609641781048,107.2225
2026-01-23T20:00:00Z,108.38112182320961,103.96
2026-01-23T21:00:00Z,103.14740724847046,104.79
2026-01-23T22:00:00Z,96.02177257587623,96.995
2026-01-23T23:00:00Z,95.5590105096358,99.8
2026-01-24T00:00:00Z,88.70469861360225,99.035
2026-01-24T01:00:00Z,89.33744400012316,98.315
2026-01-24T02:00:00Z,88.95130699843548,97.825
2026-01-24T03:00:00Z,89.81495498883045,97.5475
2026-01-24T04:00:00Z,92.44273610492299,98.91
2026-01-24T05:00:00Z,94.39946565692519,100.3975
2026-01-24T06:00:00Z,103.51008048745558,104.06
2026-01-24T07:00:00Z,114.51118961837774,110.9975
2026-01-24T08:00:00Z,119.90248419906679,123.0925
2026-01-24T09:00:00Z,113.50858199321145,119.24
2026-01-24T10:00:00Z,108.13957090823642,110.2975
2026-01-24T11:00:00Z,104.73489773482883,106.2175
2026-01-24T12:00:00Z,103.71340834816432,101.8725
2026-01-24T13:00:00Z,106.08998963955354,105.12
2026-01-24T14:00:00Z,115.11949164562459,118.2275
2026-01-24T15:00:00Z,133.9454905113707,131.905
2026-01-24T16:00:00Z,147.36682067718348,146.7225
2026-01-24T17:00:00Z,144.83190016067044,141.7475
2026-01-24T18:00:00Z,133.29380615359918,131.9325
2026-01-24T19:00:00Z,119.38172406949883,118.6725
2026-01-24T20:00:00Z,115.09291584919397,110.5375
2026-01-24T21:00:00Z,113.8621224705198,110.31
2026-01-24T22:00:00Z,108.66248775663519,104.15
2026-01-24T23:00:00Z,107.91937432916426,101.4425
2026-01-25T00:00:00Z,103.63221702245805,101.7575
2026-01-25T01:00:00Z,102.56147484932585,101.315
2026-01-25T02:00:00Z,97.27846097588515,101.77
2026-01-25T03:00:00Z,97.95148066496323,100.8625
2026-01-25T04:00:00Z,98.74669706775711,100.5125
2026-01-25T05:00:00Z,101.52262617226883,99.965
2026-01-25T06:00:00Z,105.03800971537306,102.06
2026-01-25T07:00:00Z,110.07427114249685,103.7575
2026-01-25T08:00:00Z,119.21635380109953,108.8875
2026-01-25T09:00:00Z,114.28854365933334,113.1925
2026-01-25T10:00:00Z,107.23773543659951,116.0175
2026-01-25T11:00:00Z,105.88162860198241,120.03
2026-01-25T12:00:00Z,103.25065962483909,116.1075
2026-01-25T13:00:00Z,104.92056428570501,114.315
2026-01-25T14:00:00Z,112.20111948310523,111.7525
2026-01-25T15:00:00Z,121.73952460764937,116.9
2026-01-25T16:00:00Z,131.22608264793766,131.2125
2026-01-25T17:00:00Z,137.1873711089638,137.375
2026-01-25T18:00:00Z,132.1707234274039,132.575
2026-01-25T19:00:00Z,120.6985509332854,124.0175
2026-01-25T20:00:00Z,114.93692155877586,114.0225
2026-01-25T21:00:00Z,114.43772518666171,111.9425
2026-01-25T22:00:00Z,105.76456670159759,104.49
2026-01-25T23:00:00Z,102.9683027918798,103.925
2026-01-26T00:00:00Z,96.03384761924003,101.1125
2026-01-26T01:00:00Z,91.08822641519401,98.7275
2026-01-26T02:00:00Z,89.92669880180607,95.8525
2026-01-26T03:00:00Z,90.21008482063012,95.0325
2026-01-26T04:00:00Z,99.34793995488579,97.1925
2026-01-26T05:00:00Z,130.4775863385915,114.2775
2026-01-26T06:00:00Z,148.4249157027269,153.1975
2026-01-26T07:00:00Z,153.44644431918766,175.1325
2026-01-26T08:00:00Z,146.04503998937443,177.9675
2026-01-26T09:00:00Z,139.82819233463508,178.0125
2026-01-26T10:00:00Z,132.40698230266875,170.3425
2026-01-26T11:00:00Z,132.829549320564,156.03
2026-01-26T12:00:00Z,129.79274692477676,149.39499999999998
2026-01-26T13:00:00Z,139.26964773375175,147.78
2026-01-26T14:00:00Z,144.92545891899266,159.97
2026-01-26T15:00:00Z,148.44243619336504,166.32999999999998
2026-01-26T16:00:00Z,160.46162721085932,178.6975
2026-01-26T17:00:00Z,165.25950298297514,178.0225
2026-01-26T18:00:00Z,164.4151693966046,169.9725
2026-01-26T19:00:00Z,151.84458968907262,154.16500000000002
2026-01-26T20:00:00Z,145.27603881497538,137.1125
2026-01-26T21:00:00Z,134.46035747217493,121.5
2026-01-26T22:00:00Z,119.56127669437872,111.685
2026-01-26T23:00:00Z,123.69311775200178,118.7675
2026-01-27T00:00:00Z,121.08613740715298,113.7025
2026-01-27T01:00:00Z,118.59760181666259,112.1575
2026-01-27T02:00:00Z,115.84466986426735,111.4875
2026-01-27T03:00:00Z,121.60951184675261,110.545
2026-01-27T04:00:00Z,128.26185003959264,111.65
2026-01-27T05:00:00Z,150.30135447849068,133.61
2026-01-27T06:00:00Z,166.9021920307743,159.875
2026-01-27T07:00:00Z,198.45370063410576,176.635
2026-01-27T08:00:00Z,167.80029273400734,171.195
2026-01-27T09:00:00Z,153.74853189425093,148.45749999999998
2026-01-27T10:00:00Z,144.3366454601232,133.29
2026-01-27T11:00:00Z,140.87281324984497,123.03
2026-01-27T12:00:00Z,135.0334065624389,112.4875
2026-01-27T13:00:00Z,138.04961537895483,131.0825
2026-01-27T14:00:00Z,147.3940286862132,127.4475
2026-01-27T15:00:00Z,147.704328647594,132.98
2026-01-27T16:00:00Z,149.0957699807517,152.62
2026-01-27T17:00:00Z,150.75962402248243,141.14
2026-01-27T18:00:00Z,149.6702814446154,138.8825
2026-01-27T19:00:00Z,141.00860116895916,121.5875
2026-01-27T20:00:00Z,131.34555950232868,119.3675
2026-01-27T21:00:00Z,117.7970659277758,120.7
2026-01-27T22:00:00Z,108.6133767920669,111.85
2026-01-27T23:00:00Z,103.84076408075717,105.475
2026-01-28T00:00:00Z,99.16988813263637,104.465
2026-01-28T01:00:00Z,92.62340667867859,104.465
2026-01-28T02:00:00Z,94.35823487450386,102.24
2026-01-28T03:00:00Z,95.63216880809183,104.7125
2026-01-28T04:00:00Z,103.37884547747427,106.6
2026-01-28T05:00:00Z,127.81205228996211,113.6975
2026-01-28T06:00:00Z,154.60166242775992,143.5975
2026-01-28T07:00:00Z,159.93263398362794,171.0025
2026-01-28T08:00:00Z,157.42561854738446,173.64499999999998
2026-01-28T09:00:00Z,152.06865484914846,172.325
2026-01-28T10:00:00Z,135.58636753930935,166.24
2026-01-28T11:00:00Z,129.8975022484814,157.0875
2026-01-28T12:00:00Z,124.9823622488972,147.9125
2026-01-28T13:00:00Z,135.4343346083512,145.035
2026-01-28T14:00:00Z,140.20254834768258,141.13750000000002
2026-01-28T15:00:00Z,148.06906591350318,147.1275
2026-01-28T16:00:00Z,153.85888695589435,164.2225
2026-01-28T17:00:00Z,153.04506534314774,170.425
2026-01-28T18:00:00Z,150.109708701638,161.225
2026-01-28T19:00:00Z,126.34161308419587,134.265
2026-01-28T20:00:00Z,116.06447783984268,119.01
2026-01-28T21:00:00Z,112.16060825995537,117.0
2026-01-28T22:00:00Z,101.93803758998042,110.9575
2026-01-28T23:00:00Z,95.60731606135211,104.55
2026-01-29T00:00:00Z,92.90840722536709,104.0
2026-01-29T01:00:00Z,93.63408408107023,101.88
2026-01-29T02:00:00Z,95.60302545084991,100.0225
2026-01-29T03:00:00Z,95.8025459963333,100.9325
2026-01-29T04:00:00Z,105.14115132187065,104.6375
2026-01-29T05:00:00Z,120.13688741567123,116.12
2026-01-29T06:00:00Z,149.48185966548334,149.595
2026-01-29T07:00:00Z,157.7986809809988,165.6825
2026-01-29T08:00:00Z,151.7678571908127,168.035
2026-01-29T09:00:00Z,148.963575224337,160.675
2026-01-29T10:00:00Z,148.20750419778415,152.7925
2026-01-29T11:00:00Z,146.37560197977874,143.035
2026-01-29T12:00:00Z,139.90128111845252,142.815
2026-01-29T13:00:00Z,139.28809054242868,142.9925
2026-01-29T14:00:00Z,145.5267128330381,147.6125
2026-01-29T15:00:00Z,150.9050130813502,153.1025
2026-01-29T16:00:00Z,157.4565443881322,159.4775
2026-01-29T17:00:00Z,156.74393722246944,157.24
2026-01-29T18:00:00Z,151.60201138702163,150.0375
2026-01-29T19:00:00Z,133.1799773581032,126.5575
2026-01-29T20:00:00Z,122.7149974644755,113.57
2026-01-29T21:00:00Z,116.29881565995001,109.315
2026-01-29T22:00:00Z,105.39923260846975,102.9775
2026-01-29T23:00:00Z,101.00670888924496,111.065
2026-01-30T00:00:00Z,94.5789689822995,103.3125
2026-01-30T01:00:00Z,93.42928153645384,100.8525
2026-01-30T02:00:00Z,92.98130763616948,97.3875
2026-01-30T03:00:00Z,94.49253657217581,97.3
2026-01-30T04:00:00Z,103.12391002655461,96.2775
2026-01-30T05:00:00Z,118.60434277732811,111.125
2026-01-30T06:00:00Z,143.39237515409928,131.7775
2026-01-30T07:00:00Z,151.23409872534708,143.755
2026-01-30T08:00:00Z,146.39526736011493,147.035
2026-01-30T09:00:00Z,136.3133158074961,132.63
2026-01-30T10:00:00Z,128.96895229896703,126.1
2026-01-30T11:00:00Z,121.76376247534698,118.205
2026-01-30T12:00:00Z,119.64500586053025,110.39
2026-01-30T13:00:00Z,118.58575743776879,110.3175
2026-01-30T14:00:00Z,121.60570819355841,111.195
2026-01-30T15:00:00Z,127.60987607821603,114.9375
2026-01-30T16:00:00Z,129.75531823159062,124.81
2026-01-30T17:00:00Z,128.36236961439798,122.8875
2026-01-30T18:00:00Z,120.07941420832833,113.0875
2026-01-30T19:00:00Z,110.83799080033204,108.5975
2026-01-30T20:00:00Z,99.90063071748001,101.6825
2026-01-30T21:00:00Z,95.92168620600833,101.09
2026-01-30T22:00:00Z,86.53660614544924,92.695
2026-01-30T23:00:00Z,89.19211442731171,96.9525
2026-01-31T00:00:00Z,84.4603955926311,97.3775
2026-01-31T01:00:00Z,80.17299208189566,94.5075
2026-01-31T02:00:00Z,80.65324052501931,94.08
2026-01-31T03:00:00Z,77.84566333280634,93.325
2026-01-31T04:00:00Z,79.77347693143356,94.0575
2026-01-31T05:00:00Z,85.84076448837781,93.45
2026-01-31T06:00:00Z,92.6400302571729,92.9025
2026-01-31T07:00:00Z,100.77488878046363,103.955
2026-01-31T08:00:00Z,102.49138691119103,109.0625
2026-01-31T09:00:00Z,102.50629446379787,114.215
2026-01-31T10:00:00Z,102.33675447184149,113.47
2026-01-31T11:00:00Z,98.50963474475013,111.2775
2026-01-31T12:00:00Z,94.94075452913653,107.39
2026-01-31T13:00:00Z,97.1622125410608,110.305
2026-01-31T14:00:00Z,104.92719063913184,113.1675
2026-01-31T15:00:00Z,116.385983825095,119.3575
2026-01-31T16:00:00Z,128.22767483365269,134.605
2026-01-31T17:00:00Z,127.94323990859726,138.0375
2026-01-31T18:00:00Z,122.09148212424343,133.95
2026-01-31T19:00:00Z,109.72957700583683,125.645
2026-01-31T20:00:00Z,105.17599752298732,114.2075
2026-01-31T21:00:00Z,104.25028293531138,114.145
2026-01-31T22:00:00Z,96.89014241977925,105.9
2026-01-31T23:00:00Z,91.27026610453065,96.09
2026-02-01T00:00:00Z,87.43877011975546,94.0075
2026-02-01T01:00:00Z,87.46702676298571,98.4025
2026-02-01T02:00:00Z,86.6988708849119,96.0575
2026-02-01T03:00:00Z,86.15082963503535,98.3125
2026-02-01T04:00:00Z,86.67550342985251,98.2225
2026-02-01T05:00:00Z,90.23540647840433,96.015
2026-02-01T06:00:00Z,93.82732614181388,99.5
2026-02-01T07:00:00Z,100.65734335998837,105.255
2026-02-01T08:00:00Z,106.2560673525379,109.235
2026-02-01T09:00:00Z,105.857727123554,109.845
2026-02-01T10:00:00Z,104.40424539281351,108.1575
2026-02-01T11:00:00Z,103.00079820694158,107.125
2026-02-01T12:00:00Z,102.88302195027258,100.3875
2026-02-01T13:00:00Z,100.27192572492815,102.235
2026-02-01T14:00:00Z,104.86644197523371,108.9575
2026-02-01T15:00:00Z,112.32837323484232,114.6675
2026-02-01T16:00:00Z,125.25677670222696,129.4875
2026-02-01T17:00:00Z,129.32353554970095,136.8425
2026-02-01T18:00:00Z,121.36350907202402,137.39
2026-02-01T19:00:00Z,113.91560603712045,125.5925
2026-02-01T20:00:00Z,104.52543242608513,113.8575
2026-02-01T21:00:00Z,102.90221985927805,113.885
2026-02-01T22:00:00Z,90.01505506919996,106.5525
2026-02-01T23:00:00Z,81.5370447513662,99.5925
2026-02-02T00:00:00Z,74.85739575144798,97.9925
2026-02-02T01:00:00Z,72.10750627906714,95.0925
2026-02-02T02:00:00Z,73.12237363919273,91.0
2026-02-02T03:00:00Z,75.18487669546943,91.7325
2026-02-02T04:00:00Z,85.25004079136731,94.7225
2026-02-02T05:00:00Z,105.3199240007271,106.575
2026-02-02T06:00:00Z,128.59378200719243,122.885
2026-02-02T07:00:00Z,131.93328449539348,136.8675
2026-02-02T08:00:00Z,126.29815203571181,140.155
2026-02-02T09:00:00Z,112.69284513640872,124.54
2026-02-02T10:00:00Z,105.46102843839218,114.6675
2026-02-02T11:00:00Z,97.61002700575787,109.2125
2026-02-02T12:00:00Z,93.7806258073182,104.0
2026-02-02T13:00:00Z,95.95370997299838,102.9025
2026-02-02T14:00:00Z,105.15944324572217,105.0775
2026-02-02T15:00:00Z,110.9116973582271,109.7775
2026-02-02T16:00:00Z,124.24470124074917,118.1975
2026-02-02T17:00:00Z,126.52533333507667,118.9675
2026-02-02T18:00:00Z,115.9213381635618,105.0
2026-02-02T19:00:00Z,102.5973073689089,102.255
2026-02-02T20:00:00Z,91.51655930182402,102.015
2026-02-02T21:00:00Z,85.99775219208402,101.2275
2026-02-02T22:00:00Z,75.9993060131356,91.385
2026-02-02T23:00:00Z,74.62901300380588,91.7175
2026-02-03T00:00:00Z,71.1870684183307,89.36500000000001
2026-02-03T01:00:00Z,69.71136189465332,84.0075
2026-02-03T02:00:00Z,69.1181537790821,79.9375
2026-02-03T03:00:00Z,69.54305698037398,76.84
2026-02-03T04:00:00Z,74.24258679216798,82.16
2026-02-03T05:00:00Z,85.35206337955765,91.16
2026-02-03T06:00:00Z,102.8397977869744,97.6925
2026-02-03T07:00:00Z,108.73299082027671,106.2725
2026-02-03T08:00:00Z,102.49840105303846,108.225
2026-02-03T09:00:00Z,93.18251358105874,99.94
2026-02-03T10:00:00Z,87.5387512713354,90.83
2026-02-03T11:00:00Z,84.471063516834,87.94749999999999
2026-02-03T12:00:00Z,82.9566627964948,89.905
2026-02-03T13:00:00Z,87.11923649936038,93.1525
2026-02-03T14:00:00Z,92.93858209589149,100.41
2026-02-03T15:00:00Z,99.67492112867413,106.615
2026-02-03T16:00:00Z,114.27984619748382,125.7725
2026-02-03T17:00:00Z,121.02601737348962,126.3475
2026-02-03T18:00:00Z,113.54353363897533,123.2275
2026-02-03T19:00:00Z,104.30922420594047,112.9
2026-02-03T20:00:00Z,98.09085819972894,103.2925
2026-02-03T21:00:00Z,94.82284636181284,100.895
2026-02-03T22:00:00Z,86.70765264859656,94.8125
2026-02-03T23:00:00Z,82.61770738356705,95.0025
2026-02-04T00:00:00Z,79.8287448509763,92.7875
2026-02-04T01:00:00Z,79.65597608246591,92.9625
2026-02-04T02:00:00Z,81.35490407942285,94.6225
2026-02-04T03:00:00Z,89.872204207678,93.9575
2026-02-04T04:00:00Z,97.96344473082678,96.585
2026-02-04T05:00:00Z,114.32764216556137,105.285
2026-02-04T06:00:00Z,134.90148506885285,122.935
2026-02-04T07:00:00Z,139.04155522695302,131.605
2026-02-04T08:00:00Z,133.87196775825933,122.6725
2026-02-04T09:00:00Z,119.05752505058422,110.0
2026-02-04T10:00:00Z,114.98360243555011,98.7075
2026-02-04T11:00:00Z,110.71015124731476,91.915
2026-02-04T12:00:00Z,112.71515033019358,91.3825
2026-02-04T13:00:00Z,115.38967837974728,96.0775
2026-02-04T14:00:00Z,126.12585122295975,102.875
2026-02-04T15:00:00Z,137.5529054116419,114.185
2026-02-04T16:00:00Z,140.8398468726966,124.6175
2026-02-04T17:00:00Z,136.50091496223465,117.04
2026-02-04T18:00:00Z,130.65612825621113,104.52
2026-02-04T19:00:00Z,121.36000288134174,96.2875
2026-02-04T20:00:00Z,107.01691431024479,94.7525
2026-02-04T21:00:00Z,101.47704532487704,93.8225
2026-02-04T22:00:00Z,95.19606932721786,86.3075
2026-02-04T23:00:00Z,93.90186894414107,90.3025
2026-02-05T00:00:00Z,89.22188658852085,88.4375
2026-02-05T01:00:00Z,87.5453647111937,87.4325
2026-02-05T02:00:00Z,89.68770277255159,87.795
2026-02-05T03:00:00Z,91.08949574850148,89.565
2026-02-05T04:00:00Z,101.9453935190899,91.51
2026-02-05T05:00:00Z,117.32778593378147,102.845
2026-02-05T06:00:00Z,145.02663467597395,113.32
2026-02-05T07:00:00Z,149.52550113079383,125.365
2026-02-05T08:00:00Z,146.85201692713588,121.52
2026-02-05T09:00:00Z,142.06887263947226,118.1925
2026-02-05T10:00:00Z,133.35974571219842,121.0675
2026-02-05T11:00:00Z,132.346649161543,108.2525
2026-02-05T12:00:00Z,127.86408055485995,109.7575
2026-02-05T13:00:00Z,128.1678833839271,110.1025
2026-02-05T14:00:00Z,135.60056236730773,116.98
2026-02-05T15:00:00Z,138.97051598551,126.0
2026-02-05T16:00:00Z,149.532771444268,140.5
2026-02-05T17:00:00Z,150.5606300456707,136.64499999999998
2026-02-05T18:00:00Z,145.83889219104867,132.9075
2026-02-05T19:00:00Z,134.3091143231808,120.81
2026-02-05T20:00:00Z,128.55062758305382,107.7825
2026-02-05T21:00:00Z,122.78813603595229,105.88
2026-02-05T22:00:00Z,110.10935335260244,100.0375
2026-02-05T23:00:00Z,111.6433030381167,99.31
2026-02-06T00:00:00Z,101.3241123570916,99.1275
2026-02-06T01:00:00Z,98.96561691621584,98.0875
2026-02-06T02:00:00Z,98.46691098757782,98.2275
2026-02-06T03:00:00Z,102.35627919012323,98.7425
2026-02-06T04:00:00Z,113.35300150421509,102.3325
2026-02-06T05:00:00Z,139.66830707794898,115.4225
2026-02-06T06:00:00Z,167.89811677387894,139.4625
2026-02-06T07:00:00Z,171.09179939832242,144.74
2026-02-06T08:00:00Z,158.05521852189975,144.2025
2026-02-06T09:00:00Z,157.27081715897063,142.0925
2026-02-06T10:00:00Z,158.3818318901328,138.91
2026-02-06T11:00:00Z,158.43364016833894,136.21
2026-02-06T12:00:00Z,150.99051127995634,135.89249999999998
2026-02-06T13:00:00Z,147.99193014259635,135.66750000000002
2026-02-06T14:00:00Z,159.2048296970046,139.4725
2026-02-06T15:00:00Z,166.63707328340226,133.9625
2026-02-06T16:00:00Z,176.38816089531878,137.1875
2026-02-06T17:00:00Z,165.0140591066998,132.19
2026-02-06T18:00:00Z,159.76211964650852,125.6275
2026-02-06T19:00:00Z,138.55885336245868,110.9825
2026-02-06T20:00:00Z,126.04209832017261,108.85
2026-02-06T21:00:00Z,118.51421157074917,106.2625
2026-02-06T22:00:00Z,110.78091540347252,102.2375
2026-02-06T23:00:00Z,106.65431893487946,101.4925
2026-02-07T00:00:00Z,103.85341127358241,100.0
2026-02-07T01:00:00Z,100.75744951500639,98.0425
2026-02-07T02:00:00Z,100.33379020818354,96.885
2026-02-07T03:00:00Z,101.78845678627813,96.395
2026-02-07T04:00:00Z,105.14672269907432,96.725
2026-02-07T05:00:00Z,114.40687199249457,97.095
2026-02-07T06:00:00Z,131.3261823758668,105.5475
2026-02-07T07:00:00Z,141.87247392415838,114.08
2026-02-07T08:00:00Z,144.99181798537649,117.975
2026-02-07T09:00:00Z,142.7956285665569,110.0625
2026-02-07T10:00:00Z,136.10157525359202,104.5325
2026-02-07T11:00:00Z,128.7536848058432,100.1175
2026-02-07T12:00:00Z,124.18486716651661,97.3875
2026-02-07T13:00:00Z,127.36148734135541,99.9275
2026-02-07T14:00:00Z,133.33776910166688,106.3325
2026-02-07T15:00:00Z,140.6724372968003,120.29
2026-02-07T16:00:00Z,155.64734616810796,134.03750000000002
2026-02-07T17:00:00Z,149.1282161898969,135.33249999999998
2026-02-07T18:00:00Z,145.48029129610717,127.4975
2026-02-07T19:00:00Z,124.61183745776793,113.395
2026-02-07T20:00:00Z,121.79859770380718,104.39
2026-02-07T21:00:00Z,117.92208988241453,104.0725
2026-02-07T22:00:00Z,110.77992639388447,98.76
2026-02-07T23:00:00Z,102.03475992227705,102.035
2026-02-08T00:00:00Z,98.8113066383946,99.045
2026-02-08T01:00:00Z,98.07312125845333,97.5675
2026-02-08T02:00:00Z,95.74893854120425,96.425
2026-02-08T03:00:00Z,96.149123708964,94.86
2026-02-08T04:00:00Z,97.08452118240473,95.75
2026-02-08T05:00:00Z,97.74938455546327,95.0
2026-02-08T06:00:00Z,104.53485714835195,95.805
2026-02-08T07:00:00Z,113.30271955939503,100.3475
2026-02-08T08:00:00Z,118.82014899182468,101.9875
2026-02-08T09:00:00Z,113.64555389069271,102.645
2026-02-08T10:00:00Z,112.77604636558343,99.6
2026-02-08T11:00:00Z,109.13915190241639,96.5725
2026-02-08T12:00:00Z,101.94208631405832,95.45
2026-02-08T13:00:00Z,102.74149450947097,97.22
2026-02-08T14:00:00Z,113.62867031534525,103.3225
2026-02-08T15:00:00Z,124.41710057095821,111.785
2026-02-08T16:00:00Z,135.47378235595903,127.6325
2026-02-08T17:00:00Z,136.88288647904344,131.26749999999998
2026-02-08T18:00:00Z,134.9071930602081,126.9075
2026-02-08T19:00:00Z,124.56302891842346,113.2825
2026-02-08T20:00:00Z,114.7449940515642,107.6275
2026-02-08T21:00:00Z,114.4496967629372,105.14
2026-02-08T22:00:00Z,110.20517772050528,99.9825
2026-02-08T23:00:00Z,105.40535466304543,96.745
2026-02-09T00:00:00Z,100.29439038987167,95.4525
2026-02-09T01:00:00Z,99.18900147470201,95.7025
2026-02-09T02:00:00Z,99.27769692412724,95.4675
2026-02-09T03:00:00Z,102.98774079805192,96.565
2026-02-09T04:00:00Z,110.7907570022142,104.735
2026-02-09T05:00:00Z,148.53251112247747,132.235
2026-02-09T06:00:00Z,173.18644015100975,158.595
2026-02-09T07:00:00Z,177.25873480365834,182.71
2026-02-09T08:00:00Z,170.03654307922093,169.2075
2026-02-09T09:00:00Z,159.03394738176735,157.29
2026-02-09T10:00:00Z,152.25345820751795,144.38
2026-02-09T11:00:00Z,146.7723916404129,137.0725
2026-02-09T12:00:00Z,139.47809461529476,135.025
2026-02-09T13:00:00Z,144.21028875244994,137.6575
2026-02-09T14:00:00Z,149.88307767709415,149.0775
2026-02-09T15:00:00Z,168.72257466787428,168.9825
2026-02-09T16:00:00Z,160.50837042013546,227.2125
2026-02-09T17:00:00Z,157.3611224087087,182.225
2026-02-09T18:00:00Z,175.15981369673148,165.81
2026-02-09T19:00:00Z,148.3659546123217,144.1275
2026-02-09T20:00:00Z,138.36904604450766,134.6
2026-02-09T21:00:00Z,129.20231239982647,122.895
2026-02-09T22:00:00Z,119.76367634558414,108.9225
2026-02-09T23:00:00Z,111.77808794196844,104.6425
2026-02-10T00:00:00Z,107.84376756414565,103.745
2026-02-10T01:00:00Z,107.53604135621514,102.7475
2026-02-10T02:00:00Z,107.31765736032474,102.435
2026-02-10T03:00:00Z,107.63440091874217,102.435
2026-02-10T04:00:00Z,115.03041173518498,105.4275
2026-02-10T05:00:00Z,140.9975052665615,119.9175
2026-02-10T06:00:00Z,159.74653081413618,134.89
2026-02-10T07:00:00Z,170.28384254311314,143.8275
2026-02-10T08:00:00Z,154.6563347226964,132.08249999999998
2026-02-10T09:00:00Z,145.9117080650724,129.0875
2026-02-10T10:00:00Z,135.96936895572733,119.4425
2026-02-10T11:00:00Z,127.19987910081962,109.2225
2026-02-10T12:00:00Z,123.3367508080901,109.47
2026-02-10T13:00:00Z,132.0807597434245,116.2225
2026-02-10T14:00:00Z,139.69603402818134,128.115
2026-02-10T15:00:00Z,153.32997579698397,127.6625
2026-02-10T16:00:00Z,160.50216689893682,135.2425
2026-02-10T17:00:00Z,159.04658815790404,131.7125
2026-02-10T18:00:00Z,151.71650602665906,120.3275
2026-02-10T19:00:00Z,139.09439161481245,111.2525
2026-02-10T20:00:00Z,126.19736399722197,107.1575
2026-02-10T21:00:00Z,120.97196162731701,106.69
2026-02-10T22:00:00Z,107.25632389372656,100.5275
2026-02-10T23:00:00Z,97.06777570408165,96.7825
2026-02-11T00:00:00Z,92.63767843374221,96.63
2026-02-11T01:00:00Z,92.18889401533222,95.605
2026-02-11T02:00:00Z,91.62088722146883,94.68
2026-02-11T03:00:00Z,92.56618984051087,94.845
2026-02-11T04:00:00Z,96.75850152114396,99.1425
2026-02-11T05:00:00Z,111.71571370666642,110.4775
2026-02-11T06:00:00Z,128.66481842817402,129.0
2026-02-11T07:00:00Z,140.40608869085025,137.0675
2026-02-11T08:00:00Z,132.09574602370554,131.4375
2026-02-11T09:00:00Z,122.24166199037842,127.5
2026-02-11T10:00:00Z,111.99706844491233,125.94
2026-02-11T11:00:00Z,106.61983152259023,115.8625
2026-02-11T12:00:00Z,105.39455481063372,116.7
2026-02-11T13:00:00Z,108.9059895110482,116.7
2026-02-11T14:00:00Z,119.03084363789696,118.185
2026-02-11T15:00:00Z,125.35392983889122,122.315
2026-02-11T16:00:00Z,132.31091347552592,127.9
2026-02-11T17:00:00Z,132.24563002803902,125.465
2026-02-11T18:00:00Z,116.53428377717827,112.02
2026-02-11T19:00:00Z,105.071591467763,104.9275
2026-02-11T20:00:00Z,97.48344769044587,104.38
2026-02-11T21:00:00Z,95.82048163453999,101.9975
2026-02-11T22:00:00Z,83.427210110827,95.3075
2026-02-11T23:00:00Z,85.12274359149379,88.1925
2026-02-12T00:00:00Z,79.51917360707125,87.58
2026-02-12T01:00:00Z,78.64711300788589,86.2025
2026-02-12T02:00:00Z,78.05614815265041,84.8925
2026-02-12T03:00:00Z,80.79504786943185,86.0125
2026-02-12T04:00:00Z,86.50446626453186,89.43
2026-02-12T05:00:00Z,101.04217898496255,99.8625
2026-02-12T06:00:00Z,121.46170502069933,116.0075
2026-02-12T07:00:00Z,130.20629663389104,123.0725
2026-02-12T08:00:00Z,122.84470784110788,121.205
2026-02-12T09:00:00Z,118.63731942582001,117.52
2026-02-12T10:00:00Z,116.15306775923837,111.1525
2026-02-12T11:00:00Z,109.95714991113321,105.515
2026-02-12T12:00:00Z,110.51923812357839,103.555
2026-02-12T13:00:00Z,113.52548746197857,105.2125
2026-02-12T14:00:00Z,115.26884697814889,107.98
2026-02-12T15:00:00Z,120.61464043794398,110.785
2026-02-12T16:00:00Z,128.96093613733845,123.05
2026-02-12T17:00:00Z,128.6234647167847,125.6625
2026-02-12T18:00:00Z,123.10818350728341,120.8725
2026-02-12T19:00:00Z,107.81768029508719,109.1025
2026-02-12T20:00:00Z,102.88376710050778,99.6925
2026-02-12T21:00:00Z,98.70069987065044,97.175
2026-02-12T22:00:00Z,88.51414965926752,89.33250000000001
2026-02-12T23:00:00Z,71.6673865634129,83.8575
2026-02-13T00:00:00Z,70.03266156988835,83.66
2026-02-13T01:00:00Z,70.20596457613033,82.2175
2026-02-13T02:00:00Z,70.66563480348896,81.855
2026-02-13T03:00:00Z,74.59527250028022,83.35
2026-02-13T04:00:00Z,82.98525055056686,87.1875
2026-02-13T05:00:00Z,101.04981306554018,98.7275
2026-02-13T06:00:00Z,130.1909277380759,117.7275
2026-02-13T07:00:00Z,135.97608765910945,123.85
2026-02-13T08:00:00Z,133.45184367354616,119.15
2026-02-13T09:00:00Z,128.4989512143927,106.3925
2026-02-13T10:00:00Z,123.26030220512948,101.03
2026-02-13T11:00:00Z,121.15654450873143,97.3
2026-02-13T12:00:00Z,120.85365686913825,97.495
2026-02-13T13:00:00Z,125.26320757581776,102.09
2026-02-13T14:00:00Z,130.4554797908056,118.0975
2026-02-13T15:00:00Z,143.68921682988986,125.905
2026-02-13T16:00:00Z,153.65435467645256,131.985
2026-02-13T17:00:00Z,155.33954722588868,136.02249999999998
2026-02-13T18:00:00Z,156.0991705862769,131.89249999999998
2026-02-13T19:00:00Z,132.25269542744465,126.0
2026-02-13T20:00:00Z,120.41304176594798,117.58
2026-02-13T21:00:00Z,114.87708240056453,109.9475
2026-02-13T22:00:00Z,105.99338376723271,100.8575
2026-02-13T23:00:00Z,93.90008684969006,96.9925
2026-02-14T00:00:00Z,90.57852690395137,91.83
2026-02-14T01:00:00Z,89.31850901025246,89.09
2026-02-14T02:00:00Z,87.72513800329615,88.6725
2026-02-14T03:00:00Z,87.5442171332145,87.5075
2026-02-14T04:00:00Z,89.52455253103304,88.75
2026-02-14T05:00:00Z,94.99119708096799,90.2175
2026-02-14T06:00:00Z,108.13442773175503,93.1175
2026-02-14T07:00:00Z,118.05294155761909,101.8325
2026-02-14T08:00:00Z,116.10930162377448,107.49
2026-02-14T09:00:00Z,110.63811129680059,103.97
2026-02-14T10:00:00Z,104.02235696537124,98.1625
2026-02-14T11:00:00Z,99.24851553412107,95.16
2026-02-14T12:00:00Z,96.23981231093572,93.9725
2026-02-14T13:00:00Z,98.4160355713998,97.1125
2026-02-14T14:00:00Z,109.60744968785781,104.9525
2026-02-14T15:00:00Z,124.88686414932472,116.8875
2026-02-14T16:00:00Z,141.65898498419938,126.1
2026-02-14T17:00:00Z,141.36541897287867,131.9275
2026-02-14T18:00:00Z,138.34263795635738,128.72
2026-02-14T19:00:00Z,130.89386989159914,123.1925
2026-02-14T20:00:00Z,117.93468448470757,116.98
2026-02-14T21:00:00Z,108.68683693383285,111.2025
2026-02-14T22:00:00Z,101.17083965513207,101.1
2026-02-14T23:00:00Z,98.55287469955552,101.7775
2026-02-15T00:00:00Z,93.68738969241514,99.9475
2026-02-15T01:00:00Z,91.61956126731823,100.755
2026-02-15T02:00:00Z,89.84591293734535,98.025
2026-02-15T03:00:00Z,90.10803776722089,96.52
2026-02-15T04:00:00Z,92.90077465170442,94.355
2026-02-15T05:00:00Z,93.5230966284391,94.1675
2026-02-15T06:00:00Z,95.52247307690983,96.115
2026-02-15T07:00:00Z,98.16850149719555,96.8
2026-02-15T08:00:00Z,96.08650036333238,93.065
2026-02-15T09:00:00Z,79.58839071969336,83.0175
2026-02-15T10:00:00Z,65.41541353864369,74.7225
2026-02-15T11:00:00Z,53.485154300357195,67.37
2026-02-15T12:00:00Z,50.358808964065645,64.4075
2026-02-15T13:00:00Z,55.91703053113769,64.4225
2026-02-15T14:00:00Z,68.53559806112997,71.9525
2026-02-15T15:00:00Z,80.75109352705135,84.205
2026-02-15T16:00:00Z,99.63741816542263,96.385
2026-02-15T17:00:00Z,88.07255340578205,98.2025
2026-02-15T18:00:00Z,68.44790316898596,83.6125
2026-02-15T19:00:00Z,62.109490608908075,71.0025
2026-02-15T20:00:00Z,62.117784995835265,67.2625
2026-02-15T21:00:00Z,65.19046556667429,65.61500000000001
2026-02-15T22:00:00Z,59.49973789504561,58.04
2026-02-15T23:00:00Z,54.15299495768721,68.93
2026-02-16T00:00:00Z,45.01034056841073,65.375
2026-02-16T01:00:00Z,44.57327838378923,64.41
2026-02-16T02:00:00Z,53.15588746205534,64.4125
2026-02-16T03:00:00Z,54.549966867610124,66.0525
2026-02-16T04:00:00Z,62.27573230596225,69.985
2026-02-16T05:00:00Z,66.55130089992673,79.3275
2026-02-16T06:00:00Z,82.28855913830132,94.0725
2026-02-16T07:00:00Z,92.31919639365881,101.0325
2026-02-16T08:00:00Z,91.8318731736385,104.425
2026-02-16T09:00:00Z,89.7698480851958,101.54
2026-02-16T10:00:00Z,90.02628274901562,94.86
2026-02-16T11:00:00Z,96.50819442696822,92.0025
2026-02-16T12:00:00Z,96.6706043859347,94.4025
2026-02-16T13:00:00Z,102.12782548088614,96.0125
2026-02-16T14:00:00Z,114.49146952106882,104.075
2026-02-16T15:00:00Z,130.11185925531214,115.3025
2026-02-16T16:00:00Z,144.20307356319188,130.355
2026-02-16T17:00:00Z,136.32282702423313,129.1175
2026-02-16T18:00:00Z,136.96286537214516,126.355
2026-02-16T19:00:00Z,123.34720135015728,115.6325
2026-02-16T20:00:00Z,114.35587087514583,103.8975
2026-02-16T21:00:00Z,103.7320149399128,101.92
2026-02-16T22:00:00Z,94.42461544623035,92.755
2026-02-23T23:00:00Z,60.706280790074246,82.3575
2026-02-24T00:00:00Z,66.65671200182052,83.9625
2026-02-24T01:00:00Z,73.5297500181138,85.975
2026-02-24T02:00:00Z,77.54150646618861,86.45
2026-02-24T03:00:00Z,84.2589330334429,88.205
2026-02-24T04:00:00Z,94.38994230479528,94.17
2026-02-24T05:00:00Z,120.4880877021148,111.1225
2026-02-24T06:00:00Z,144.56556506525652,133.0975
2026-02-24T07:00:00Z,156.04654830014468,147.475
2026-02-24T08:00:00Z,147.3209441735686,140.72
2026-02-24T09:00:00Z,136.79733164118838,128.7675
2026-02-24T10:00:00Z,128.15000399619208,111.395
2026-02-24T11:00:00Z,126.34083301801681,100.19
2026-02-24T12:00:00Z,119.72605799462353,99.3
2026-02-24T13:00:00Z,120.03936875561229,95.005
2026-02-24T14:00:00Z,122.63660732733183,107.0725
2026-02-24T15:00:00Z,134.7812990066874,125.8075
2026-02-24T16:00:00Z,176.60118008910493,182.22
2026-02-24T17:00:00Z,189.49827607870898,184.0475
2026-02-24T18:00:00Z,146.62038006891203,144.4175
2026-02-24T19:00:00Z,136.27538034522644,118.9575
2026-02-24T20:00:00Z,125.2526666783461,108.725
2026-02-24T21:00:00Z,117.4696314369541,101.705
2026-02-24T22:00:00Z,104.39566194678027,93.9025
2026-02-24T23:00:00Z,96.37886532822834,92.1425
2026-02-25T00:00:00Z,92.4849728163403,87.4025
2026-02-25T01:00:00Z,91.72802465505795,84.83250000000001
2026-02-25T02:00:00Z,92.15649809288333,88.095
2026-02-25T03:00:00Z,94.91953585528424,88.61
2026-02-25T04:00:00Z,104.54320807266403,93.1725
2026-02-25T05:00:00Z,113.18408086674857,113.8175
2026-02-25T06:00:00Z,137.1916214265161,130.7325
2026-02-25T07:00:00Z,130.22902939347105,119.8525
2026-02-25T08:00:00Z,118.72327792449357,107.175
2026-02-25T09:00:00Z,106.31021398624216,90.83
2026-02-25T10:00:00Z,94.13861357303031,79.8475
2026-02-25T11:00:00Z,73.29776660368196,65.80250000000001
2026-02-25T12:00:00Z,65.81777842907918,60.1975
2026-02-25T13:00:00Z,76.50780939935365,67.8475
2026-02-25T14:00:00Z,94.43833255705788,80.9825
2026-02-25T15:00:00Z,109.69914566101902,101.37
2026-02-25T16:00:00Z,136.68186112868736,118.6425
2026-02-25T17:00:00Z,139.8155657624234,121.77
2026-02-25T18:00:00Z,120.33075908426967,107.1525
2026-02-25T19:00:00Z,104.14728126838372,94.255
2026-02-25T20:00:00Z,91.81271816071657,87.28
2026-02-25T21:00:00Z,79.50007710885639,86.8275
2026-02-25T22:00:00Z,73.84944636551356,79.12
2026-02-25T23:00:00Z,69.92673192147006,76.4225
2026-02-26T00:00:00Z,61.92566572211712,72.39
2026-02-26T01:00:00Z,60.34638956266588,68.74249999999999
2026-02-26T02:00:00Z,59.13229656650008,67.9325
2026-02-26T03:00:00Z,61.33318596362513,67.3775
2026-02-26T04:00:00Z,71.57911869581748,75.855
2026-02-26T05:00:00Z,88.48988717780026,100.8175
2026-02-26T06:00:00Z,104.22159539476344,110.1
2026-02-26T07:00:00Z,98.38087023514895,97.4475
2026-02-26T08:00:00Z,78.69623361811713,80.42500000000001
2026-02-26T09:00:00Z,67.41658710780544,67.85
2026-02-26T10:00:00Z,51.418946873701586,53.345
2026-02-26T11:00:00Z,36.46701043445906,20.0375
2026-02-26T12:00:00Z,36.554919069891746,14.0525
2026-02-26T13:00:00Z,49.78914155379668,44.6375
2026-02-26T14:00:00Z,76.6333233780746,71.3075
2026-02-26T15:00:00Z,94.78883411642498,94.7325
2026-02-26T16:00:00Z,109.55336216604856,111.1375
2026-02-26T17:00:00Z,115.50579379349894,113.095
2026-02-26T18:00:00Z,107.00185432347249,107.985
2026-02-26T19:00:00Z,92.39278911037059,93.4475
2026-02-26T20:00:00Z,82.71218224636212,84.0775
2026-02-26T21:00:00Z,74.69506904190156,80.45750000000001
2026-02-26T22:00:00Z,66.71735374593145,71.575
2026-02-26T23:00:00Z,45.008019370509295,55.1475
2026-02-27T00:00:00Z,44.28717813151253,56.0075
2026-02-27T01:00:00Z,43.66139133463982,57.3025
2026-02-27T02:00:00Z,47.19792226184585,60.0
2026-02-27T03:00:00Z,47.21596018055534,61.795
2026-02-27T04:00:00Z,55.484479575910726,65.9925
2026-02-27T05:00:00Z,72.77169211859005,76.565
2026-02-27T06:00:00Z,85.82789632811225,88.525
2026-02-27T07:00:00Z,75.81911007960038,79.33
2026-02-27T08:00:00Z,49.31235472083722,64.415
2026-02-27T09:00:00Z,15.839075749799706,31.5475
2026-02-27T10:00:00Z,8.848929323021313,0.97
2026-02-27T11:00:00Z,0.30597500734465327,-0.0125
2026-02-27T12:00:00Z,0.03357313485780294,-0.01
2026-02-27T13:00:00Z,5.29448265872689,7.7375
2026-02-27T14:00:00Z,35.43523647136585,59.755
2026-02-27T15:00:00Z,82.17242951578837,92.0
2026-02-27T16:00:00Z,113.11693790318385,115.195
2026-02-27T17:00:00Z,116.58827156285085,118.1
2026-02-27T18:00:00Z,107.7428646862674,109.2525
2026-02-27T19:00:00Z,93.03360959803094,100.03
2026-02-27T20:00:00Z,83.62350186509573,90.9625
2026-02-27T21:00:00Z,79.11365613521004,87.51
2026-02-27T22:00:00Z,69.97925604637184,80.0025
2026-02-27T23:00:00Z,69.12695868719513,80.02
2026-02-28T00:00:00Z,63.18569976815713,76.305
2026-02-28T01:00:00Z,59.881417379798265,74.7275
2026-02-28T02:00:00Z,56.52727022931866,71.775
2026-02-28T03:00:00Z,54.57839801268821,71.8925
2026-02-28T04:00:00Z,59.763451782090215,72.25
2026-02-28T05:00:00Z,65.57033885503482,72.9225
2026-02-28T06:00:00Z,71.95317499713953,76.29
2026-02-28T07:00:00Z,53.26013949012774,57.115
2026-02-28T08:00:00Z,31.91630160256099,17.7975
2026-02-28T09:00:00Z,2.5668497128203613,-0.01
2026-02-28T10:00:00Z,-1.9742820017356402,-0.0275
2026-02-28T11:00:00Z,-4.21202611252356,-0.2525
2026-02-28T12:00:00Z,-4.490734751422072,-0.2225
2026-02-28T13:00:00Z,-3.2564819869927537,-0.0075
2026-02-28T14:00:00Z,7.225530333077369,14.8625
2026-02-28T15:00:00Z,47.62946033991769,65.6475
2026-02-28T16:00:00Z,64.66102404765473,89.935
2026-02-28T17:00:00Z,68.13294818955704,95.1925
2026-02-28T18:00:00Z,63.58449011574176,85.1675
2026-02-28T19:00:00Z,54.95916978966908,69.1175
2026-02-28T20:00:00Z,48.60380757496793,64.6675
2026-02-28T21:00:00Z,46.57078427079451,64.6625
2026-02-28T22:00:00Z,41.839240913293764,60.6725
2026-02-28T23:00:00Z,31.522130155161246,47.6475
2026-03-01T00:00:00Z,30.728015121851726,51.55
2026-03-01T01:00:00Z,37.916258355250676,54.2475
2026-03-01T02:00:00Z,52.68723388705976,57.072500000000005
2026-03-01T03:00:00Z,55.52230387882662,61.085
2026-03-01T04:00:00Z,61.86853308676387,65.18
2026-03-01T05:00:00Z,67.2066806167889,66.00750000000001
2026-03-01T06:00:00Z,77.68624854305317,64.9975
2026-03-01T07:00:00Z,71.01015039745893,52.535
2026-03-01T08:00:00Z,48.693030131365305,19.98
2026-03-01T09:00:00Z,16.44042624381688,0.0
2026-03-01T10:00:00Z,10.673210848643011,-0.025
2026-03-01T11:00:00Z,5.939044833649297,-0.365
2026-03-01T12:00:00Z,5.46254124310358,-0.7875
2026-03-01T13:00:00Z,10.23008398230331,-0.005
2026-03-01T14:00:00Z,31.87905532317035,25.9525
2026-03-01T15:00:00Z,78.74999764525728,74.84
2026-03-01T16:00:00Z,99.77635622561989,103.76
2026-03-01T17:00:00Z,108.40095917256156,110.2025
2026-03-01T18:00:00Z,99.75817031097118,101.685
2026-03-01T19:00:00Z,90.60520747539799,90.735
2026-03-01T20:00:00Z,81.92289317369178,81.315
2026-03-01T21:00:00Z,76.91363979928721,74.66499999999999
2026-03-01T22:00:00Z,69.26555064033099,68.1475
2026-03-01T23:00:00Z,53.22875587759629,65.13
2026-03-02T00:00:00Z,50.363164156087066,66.94500000000001
2026-03-02T01:00:00Z,54.69149767435393,69.0075
2026-03-02T02:00:00Z,56.7165215809174,69.5675
2026-03-02T03:00:00Z,73.32203768279062,74.03
2026-03-02T04:00:00Z,84.2870764676053,85.03
2026-03-02T05:00:00Z,102.48868854545177,100.1675
2026-03-02T06:00:00Z,117.2377976707907,138.6525
2026-03-02T07:00:00Z,108.25030491559515,124.8625
2026-03-02T08:00:00Z,83.22569876405603,89.4625
2026-03-02T09:00:00Z,54.99479137447755,69.9
2026-03-02T10:00:00Z,32.75521712543943,53.5625
2026-03-02T11:00:00Z,12.303537950606751,29.067500000000003
2026-03-02T12:00:00Z,13.96359068779409,40.2525
2026-03-02T13:00:00Z,35.49707638923929,64.03
2026-03-02T14:00:00Z,76.97349852437142,84.9875
2026-03-02T15:00:00Z,102.20626319719622,109.1525
2026-03-02T16:00:00Z,134.21630924365934,173.5
2026-03-02T17:00:00Z,143.40251914694866,187.995
2026-03-02T18:00:00Z,135.00828491296465,143.61
2026-03-02T19:00:00Z,111.97476778045234,107.685
2026-03-02T20:00:00Z,95.72868974876081,96.4675
2026-03-02T21:00:00Z,90.54572046580917,96.8
2026-03-02T22:00:00Z,87.71404516498264,88.89500000000001
2026-03-02T23:00:00Z,96.97627852681161,89.0625
2026-03-03T00:00:00Z,94.50005311117451,90.1225
2026-03-03T01:00:00Z,94.64045580105305,89.425
2026-03-03T02:00:00Z,97.4011167437053,92.815
2026-03-03T03:00:00Z,99.28364185367441,95.7225
2026-03-03T04:00:00Z,109.50199312029534,103.32
2026-03-03T05:00:00Z,129.89982872741163,136.0475
2026-03-03T06:00:00Z,157.95370708292998,156.3975
2026-03-03T07:00:00Z,136.33835721672028,136.78
2026-03-03T08:00:00Z,115.45094271918705,99.52
2026-03-03T09:00:00Z,92.05389538377875,78.17
2026-03-03T10:00:00Z,49.565488676439834,55.9225
2026-03-03T11:00:00Z,22.22864304638486,32.365
2026-03-03T12:00:00Z,25.107536745408684,35.6625
2026-03-03T13:00:00Z,59.564098640630654,64.14500000000001
2026-03-03T14:00:00Z,100.40484306328041,86.7675
2026-03-03T15:00:00Z,123.0163180128003,114.18
2026-03-03T16:00:00Z,171.9839335159546,158.615
2026-03-03T17:00:00Z,202.2665400820157,204.2575
2026-03-03T18:00:00Z,164.87623036470828,173.37
2026-03-03T19:00:00Z,143.66393996688836,131.725
2026-03-03T20:00:00Z,126.15847441157456,116.18
2026-03-03T21:00:00Z,120.05622389977088,111.32
2026-03-03T22:00:00Z,113.11366239945355,104.695
2026-03-03T23:00:00Z,118.9693502884914,129.01
2026-03-04T00:00:00Z,117.56164342671944,127.8225
2026-03-04T01:00:00Z,117.01711551082505,125.3225
2026-03-04T02:00:00Z,117.74531434384164,124.735
2026-03-04T03:00:00Z,117.60059802687236,128.2025
2026-03-04T04:00:00Z,127.3003879732206,141.16
2026-03-04T05:00:00Z,148.05469021443204,200.2975
2026-03-04T06:00:00Z,164.96300263506038,267.485
2026-03-04T07:00:00Z,145.81214974902477,193.3475
2026-03-04T08:00:00Z,128.82138827089435,150.76
2026-03-04T09:00:00Z,107.26228868226127,110.4175
2026-03-04T10:00:00Z,75.59358193762621,78.2975
2026-03-04T11:00:00Z,33.28506847947845,42.495
2026-03-04T12:00:00Z,24.818254389303835,32.975
2026-03-04T13:00:00Z,54.80501226824735,65.405
2026-03-04T14:00:00Z,103.997481713313,99.1125
2026-03-04T15:00:00Z,119.68819245974449,137.21
2026-03-04T16:00:00Z,163.17459114991934,244.265
2026-03-04T17:00:00Z,215.53196664316985,310.86
2026-03-04T18:00:00Z,162.45562343065308,239.6275
2026-03-04T19:00:00Z,144.71738535184147,169.86
2026-03-04T20:00:00Z,127.91664397981748,151.8775
2026-03-04T21:00:00Z,120.96830499729933,142.24
2026-03-04T22:00:00Z,117.40786424892677,124.8075
2026-03-04T23:00:00Z,119.03043939553407,116.485
2026-03-05T00:00:00Z,114.45533200686268,109.9325
2026-03-05T01:00:00Z,114.5396936796681,109.2625
2026-03-05T02:00:00Z,114.46895117258623,108.785
2026-03-05T03:00:00Z,116.43812555923624,111.0625
2026-03-05T04:00:00Z,121.81192785657954,126.9325
2026-03-05T05:00:00Z,145.90659397358584,154.3875
2026-03-05T06:00:00Z,161.4827709599961,175.54500000000002
2026-03-05T07:00:00Z,129.49379908965005,139.32999999999998
2026-03-05T08:00:00Z,110.11871978938886,97.0925
2026-03-05T09:00:00Z,72.1073618589431,64.145
2026-03-05T10:00:00Z,20.2469700309544,22.955
2026-03-05T11:00:00Z,3.8567183471885205,2.1225
2026-03-05T12:00:00Z,-0.7206109087478587,2.825
2026-03-05T13:00:00Z,16.075485097586867,38.835
2026-03-05T14:00:00Z,84.34578348439214,90.0025
2026-03-05T15:00:00Z,121.12182477258568,137.75
2026-03-05T16:00:00Z,155.29166150098914,180.375
2026-03-05T17:00:00Z,173.81489223176555,192.02
2026-03-05T18:00:00Z,146.07887702053418,165.0
2026-03-05T19:00:00Z,129.03424669915492,135.245
2026-03-05T20:00:00Z,115.17511248469137,130.59
2026-03-05T21:00:00Z,114.69425465505421,130.1425
2026-03-05T22:00:00Z,116.69643706418144,119.7
2026-03-05T23:00:00Z,105.86099965312411,104.125
2026-03-06T00:00:00Z,106.80344002301867,106.0
2026-03-06T01:00:00Z,113.82409188697606,108.5225
2026-03-06T02:00:00Z,115.25845515171689,109.525
2026-03-06T03:00:00Z,117.13274935304025,115.5
2026-03-06T04:00:00Z,121.62592833387389,129.6575
2026-03-06T05:00:00Z,145.62752688745857,157.285
2026-03-06T06:00:00Z,155.24113312449083,177.025
2026-03-06T07:00:00Z,133.38544558423033,138.2875
2026-03-06T08:00:00Z,107.97271683150875,111.9625
2026-03-06T09:00:00Z,68.62005147950507,96.5
2026-03-06T10:00:00Z,19.10602348881422,66.7125
2026-03-06T11:00:00Z,9.51295679649241,52.64
2026-03-06T12:00:00Z,9.402862948019756,48.6525
2026-03-06T13:00:00Z,29.03876879012648,73.9375
2026-03-06T14:00:00Z,98.79881710393023,107.0675
2026-03-06T15:00:00Z,126.39171239454508,130.39749999999998
2026-03-06T16:00:00Z,174.40352728352377,177.4375
2026-03-06T17:00:00Z,210.3658453833907,229.5525
2026-03-06T18:00:00Z,166.82375707053023,189.765
2026-03-06T19:00:00Z,149.63647109393816,153.11
2026-03-06T20:00:00Z,132.8459333233824,134.1925
2026-03-06T21:00:00Z,128.09691947700776,127.245
2026-03-06T22:00:00Z,122.08682775450661,126.075
2026-03-06T23:00:00Z,116.9055221351986,135.1625
2026-03-07T00:00:00Z,117.88206892758944,130.6775
2026-03-07T01:00:00Z,118.22848349176222,125.6725
2026-03-07T02:00:00Z,117.54690819706185,124.39
2026-03-07T03:00:00Z,117.56996816983063,124.7475
2026-03-07T04:00:00Z,122.43224067978525,129.575
2026-03-07T05:00:00Z,131.49740341400127,135.62
2026-03-07T06:00:00Z,134.1354873290645,129.5575
2026-03-07T07:00:00Z,118.13513574271784,112.9025
2026-03-07T08:00:00Z,93.93895283101264,102.7875
2026-03-07T09:00:00Z,31.052693906309475,74.445
2026-03-07T10:00:00Z,11.860828984060701,30.5425
2026-03-07T11:00:00Z,0.910140004898929,13.03
2026-03-07T12:00:00Z,-0.9730951767837528,1.4175
2026-03-07T13:00:00Z,14.1761994034086,18.1775
2026-03-07T14:00:00Z,77.0170608582335,83.285
2026-03-07T15:00:00Z,114.2334402296974,126.315
2026-03-07T16:00:00Z,149.72251550478165,147.37
2026-03-07T17:00:00Z,221.16561391227066,180.8725
2026-03-07T18:00:00Z,168.6727306699055,166.725
2026-03-07T19:00:00Z,149.65040332811574,148.1975
2026-03-07T20:00:00Z,127.54247161482193,137.61
2026-03-07T21:00:00Z,124.64577621240267,134.1975
2026-03-07T22:00:00Z,124.34196031363275,130.645
2026-03-07T23:00:00Z,125.15367426339475,135.9925
2026-03-08T00:00:00Z,118.17354373646513,132.7325
2026-03-08T01:00:00Z,117.90675040566013,131.1925
2026-03-08T02:00:00Z,118.01104510819235,130.0925
2026-03-08T03:00:00Z,117.9278661421501,129.335
2026-03-08T04:00:00Z,125.18514512476197,129.635
2026-03-08T05:00:00Z,127.00792568230524,131.0975
2026-03-08T06:00:00Z,125.04492531189537,116.985
2026-03-08T07:00:00Z,114.59798561640758,108.5625
2026-03-08T08:00:00Z,87.51750732000268,90.7175
2026-03-08T09:00:00Z,17.845536167699347,62.94
2026-03-08T10:00:00Z,2.8794951518663896,18.0275
2026-03-08T11:00:00Z,-8.414467870092958,8.3325
2026-03-08T12:00:00Z,-11.579812593595987,-0.005
2026-03-08T13:00:00Z,5.025031801848148,6.48
2026-03-08T14:00:00Z,41.06730428006745,64.25999999999999
2026-03-08T15:00:00Z,113.99893024917836,117.2025
2026-03-08T16:00:00Z,131.32028790663102,146.3125
2026-03-08T17:00:00Z,141.49683458150088,160.26
2026-03-08T18:00:00Z,130.7125587896729,154.0525
2026-03-08T19:00:00Z,122.29876982797114,138.7925
2026-03-08T20:00:00Z,118.54635228246961,127.435
2026-03-08T21:00:00Z,117.10187260576893,121.115
2026-03-08T22:00:00Z,115.08533293465264,113.5725
2026-03-08T23:00:00Z,109.31673574650924,114.0875
2026-03-09T00:00:00Z,106.92029650095553,109.2725
2026-03-09T01:00:00Z,113.11137641531592,109.12
2026-03-09T02:00:00Z,114.48464363881408,110.48
2026-03-09T03:00:00Z,117.32037412335316,116.39
2026-03-09T04:00:00Z,122.26952516948,136.9975
2026-03-09T05:00:00Z,138.88579211922377,163.925
2026-03-09T06:00:00Z,147.40815019494082,191.58
2026-03-09T07:00:00Z,129.37118940287192,162.605
2026-03-09T08:00:00Z,109.6209862150266,127.0725
2026-03-09T09:00:00Z,68.66492376364205,101.1175
2026-03-09T10:00:00Z,22.35899065011635,81.0475
2026-03-09T11:00:00Z,17.712770375461062,67.69
2026-03-09T12:00:00Z,18.878430409047105,67.2925
2026-03-09T13:00:00Z,53.28597242613624,81.375
2026-03-09T14:00:00Z,101.85522850808927,112.9925
2026-03-09T15:00:00Z,126.87059371994911,143.4375
2026-03-09T16:00:00Z,170.9171503857615,187.025
2026-03-09T17:00:00Z,203.93252089183096,243.9725
2026-03-09T18:00:00Z,195.29653026335734,222.405
2026-03-09T19:00:00Z,166.96088591732473,180.89
2026-03-09T20:00:00Z,144.43557994381615,152.1575
2026-03-09T21:00:00Z,128.47714877269092,143.27
2026-03-09T22:00:00Z,125.00891996155183,132.695
2026-03-09T23:00:00Z,121.28823177576535,138.58
2026-03-10T00:00:00Z,117.04542815415324,130.44
2026-03-10T01:00:00Z,117.02302886882279,127.6125
2026-03-10T02:00:00Z,117.70155603112673,126.9
2026-03-10T03:00:00Z,120.95850004878339,128.48250000000002
2026-03-10T04:00:00Z,143.07100313683785,140.70999999999998
2026-03-10T05:00:00Z,160.78498486426506,168.1025
2026-03-10T06:00:00Z,167.75867752373324,180.17
2026-03-10T07:00:00Z,138.73383366145458,173.32
2026-03-10T08:00:00Z,122.37283973256336,140.53750000000002
2026-03-10T09:00:00Z,96.74863596821038,118.25
2026-03-10T10:00:00Z,37.00807984703323,103.7925
2026-03-10T11:00:00Z,29.65323329988423,91.44
2026-03-10T12:00:00Z,39.209841698895204,97.0375
2026-03-10T13:00:00Z,64.921739815035,107.165
2026-03-10T14:00:00Z,108.37046787492206,121.4925
2026-03-10T15:00:00Z,128.81844262551857,144.3925
2026-03-10T16:00:00Z,166.5244610593161,179.0025
2026-03-10T17:00:00Z,188.17655406685364,218.2275
2026-03-10T18:00:00Z,177.5846810643917,201.13
2026-03-10T19:00:00Z,148.12311303590266,159.5475
2026-03-10T20:00:00Z,132.1727935268563,139.9675
2026-03-10T21:00:00Z,127.58882538274591,123.255
2026-03-10T22:00:00Z,120.26327792758202,98.5825
2026-03-10T23:00:00Z,95.90275912557277,83.9575
2026-03-11T00:00:00Z,85.72976323033649,70.805
2026-03-11T01:00:00Z,77.46515915362407,65.425
2026-03-11T02:00:00Z,70.66123166898261,63.5725
2026-03-11T03:00:00Z,68.22560230633029,56.0725
2026-03-11T04:00:00Z,73.18729117690145,64.535
2026-03-11T05:00:00Z,87.85234121857332,70.8675
2026-03-11T06:00:00Z,94.15195988175016,80.87
2026-03-11T07:00:00Z,77.29681133557452,75.5025
2026-03-11T08:00:00Z,43.43471521383746,57.945
2026-03-11T09:00:00Z,14.564768049496871,26.2275
2026-03-11T10:00:00Z,3.6453732421383696,12.1975
2026-03-11T11:00:00Z,-2.3912691313046244,9.9125
2026-03-11T12:00:00Z,-0.25600763119294434,16.1375
2026-03-11T13:00:00Z,19.35468303285817,47.2725
2026-03-11T14:00:00Z,57.73404534847068,79.33
2026-03-11T15:00:00Z,85.48802354533078,104.105
2026-03-11T16:00:00Z,121.12691948665189,128.7775
2026-03-11T17:00:00Z,141.46435353518416,153.13750000000002
2026-03-11T18:00:00Z,140.07028774813892,156.72
2026-03-11T19:00:00Z,124.44089996254456,132.19
2026-03-11T20:00:00Z,118.7974062457085,123.0275
2026-03-11T21:00:00Z,110.94404913134183,119.3025
2026-03-11T22:00:00Z,100.91048308999065,104.0025
2026-03-11T23:00:00Z,85.4256700380495,100.185
2026-03-12T00:00:00Z,79.53634459323857,92.0425
2026-03-12T01:00:00Z,77.77010517000778,88.8125
2026-03-12T02:00:00Z,80.8484667788786,88.61
2026-03-12T03:00:00Z,81.89392984322116,89.6625
2026-03-12T04:00:00Z,94.99619243169786,99.8225
2026-03-12T05:00:00Z,113.4184854031674,130.6675
2026-03-12T06:00:00Z,116.76551410550877,137.14
2026-03-12T07:00:00Z,103.34295094282803,104.805
2026-03-12T08:00:00Z,59.03293872097619,79.9975
2026-03-12T09:00:00Z,12.077992772958197,28.475
2026-03-12T10:00:00Z,1.3461968223876901,0.3425
2026-03-12T11:00:00Z,-2.7298869423439975,-1.0925
2026-03-12T12:00:00Z,-2.3866361919533556,-2.4925
2026-03-12T13:00:00Z,-2.9719526073615805,-0.9025
2026-03-12T14:00:00Z,3.4604267929981147,3.6
2026-03-12T15:00:00Z,46.91926084822223,51.165
2026-03-12T16:00:00Z,73.59156792934706,108.5775
2026-03-12T17:00:00Z,100.15068448183565,114.865
2026-03-12T18:00:00Z,89.51869521960121,105.9975
2026-03-12T19:00:00Z,65.07864715843797,86.57
2026-03-12T20:00:00Z,58.89053165935776,69.79
2026-03-12T21:00:00Z,43.52828053971573,62.555
2026-03-12T22:00:00Z,30.80627791482426,17.9025
2026-03-12T23:00:00Z,31.399384231792464,6.29
2026-03-13T00:00:00Z,16.84750277129333,4.1025
2026-03-13T01:00:00Z,14.541684630400798,2.8875
2026-03-13T02:00:00Z,12.307894198287403,1.1475
2026-03-13T03:00:00Z,13.921160856731076,1.46
2026-03-13T04:00:00Z,26.762167494240853,2.9075
2026-03-13T05:00:00Z,43.28024140306217,8.46
2026-03-13T06:00:00Z,42.979328937202304,19.9375
2026-03-13T07:00:00Z,16.497591659409842,6.415
2026-03-13T08:00:00Z,6.123044641333073,-0.24
2026-03-13T09:00:00Z,-5.952511771746149,-4.9975
2026-03-13T10:00:00Z,-10.021127900863888,-9.0
2026-03-13T11:00:00Z,-8.381567812471024,-8.3475
2026-03-13T12:00:00Z,-5.795790879533244,-2.5525
2026-03-13T13:00:00Z,2.2541837003160063,1.1725
2026-03-13T14:00:00Z,38.71766024229698,47.07
2026-03-13T15:00:00Z,78.25632897651293,101.31
2026-03-13T16:00:00Z,132.85501480237295,141.93
2026-03-13T17:00:00Z,142.13988553462366,161.4925
2026-03-13T18:00:00Z,140.6733720013389,165.745
2026-03-13T19:00:00Z,133.66176700719038,145.7225
2026-03-13T20:00:00Z,125.49052141420981,130.335
2026-03-13T21:00:00Z,120.58751552641843,123.4225
2026-03-13T22:00:00Z,111.23703291698337,115.8075
2026-03-13T23:00:00Z,112.41437176044118,112.945
2026-03-14T00:00:00Z,107.20757944155577,109.07
2026-03-14T01:00:00Z,104.46698256701927,103.99
2026-03-14T02:00:00Z,103.67449156114623,101.8625
2026-03-14T03:00:00Z,105.54190509730594,105.115
2026-03-14T04:00:00Z,110.65737318456684,109.0675
2026-03-14T05:00:00Z,117.65313791734165,111.52
2026-03-14T06:00:00Z,125.62894732461963,116.7075
2026-03-14T07:00:00Z,119.94053901920736,121.88
2026-03-14T08:00:00Z,113.77082692257197,116.14
2026-03-14T09:00:00Z,104.82082178004383,107.5225
2026-03-14T10:00:00Z,99.74462391621695,103.525
2026-03-14T11:00:00Z,97.4394277790666,104.195
2026-03-14T12:00:00Z,99.481717921189,103.43
2026-03-14T13:00:00Z,101.71971150256299,105.6775
2026-03-14T14:00:00Z,105.17248066344283,114.22
2026-03-14T15:00:00Z,120.73928739567239,130.0
2026-03-14T16:00:00Z,145.33067765521747,138.65
2026-03-14T17:00:00Z,152.57384741683995,161.1
2026-03-14T18:00:00Z,151.11380970098145,169.83499999999998
2026-03-14T19:00:00Z,145.22778009813544,150.265
2026-03-14T20:00:00Z,128.7484576141578,137.4525
2026-03-14T21:00:00Z,123.49021975914383,135.2375
2026-03-14T22:00:00Z,121.81536186748663,128.04500000000002
2026-03-14T23:00:00Z,125.38636481954934,137.3425
2026-03-15T00:00:00Z,125.2500385684372,133.73000000000002
2026-03-15T01:00:00Z,122.08400625686414,124.96
2026-03-15T02:00:00Z,128.69077282765946,123.5275
2026-03-15T03:00:00Z,127.87560052664364,122.1775
2026-03-15T04:00:00Z,128.3842424680223,124.12
2026-03-15T05:00:00Z,130.89711548955455,124.3875
2026-03-15T06:00:00Z,122.6372673057877,118.46
2026-03-15T07:00:00Z,121.61927915788252,109.095
2026-03-15T08:00:00Z,112.54046004716501,94.77
2026-03-15T09:00:00Z,108.76113979969476,87.305
2026-03-15T10:00:00Z,93.86089374333983,72.21
2026-03-15T11:00:00Z,85.07255980833074,52.9675
2026-03-15T12:00:00Z,74.6327346801314,36.4575
2026-03-15T13:00:00Z,70.34859172053497,37.1975
2026-03-15T14:00:00Z,94.44971122150525,63.0775
2026-03-15T15:00:00Z,110.70419889030231,89.245
2026-03-15T16:00:00Z,128.90274857851296,127.9125
2026-03-15T17:00:00Z,134.5957713640296,149.115
2026-03-15T18:00:00Z,130.0502678526207,131.87
2026-03-15T19:00:00Z,106.91103567806127,108.4825
2026-03-15T20:00:00Z,84.95685948420531,91.875
2026-03-15T21:00:00Z,72.4040271581474,82.8625
2026-03-15T22:00:00Z,55.37002601285551,64.015
2026-03-15T23:00:00Z,39.85373921995355,34.165
2026-03-16T00:00:00Z,27.061872250924804,23.3275
2026-03-16T01:00:00Z,24.563260271815878,17.59
2026-03-16T02:00:00Z,20.107520870197103,14.1375
2026-03-16T03:00:00Z,28.369104115371062,20.0575
2026-03-16T04:00:00Z,52.87344880652194,37.4275
2026-03-16T05:00:00Z,75.89599222728913,66.19
2026-03-16T06:00:00Z,85.44747233816508,95.5675
2026-03-16T07:00:00Z,82.502766679159,95.9775
2026-03-16T08:00:00Z,68.61879109981264,73.105
2026-03-16T09:00:00Z,44.34012290028344,42.595
2026-03-16T10:00:00Z,35.25106906719373,17.365000000000002
2026-03-16T11:00:00Z,26.25609886608343,12.035
2026-03-16T12:00:00Z,22.352326173926688,15.88
2026-03-16T13:00:00Z,27.16915796390108,42.1725
2026-03-16T14:00:00Z,53.14241188003124,64.445
2026-03-16T15:00:00Z,98.75120099039862,106.21
2026-03-16T16:00:00Z,140.90719349605206,138.6025
2026-03-16T17:00:00Z,164.00411064600783,165.035
2026-03-16T18:00:00Z,156.21769740596676,179.8875
2026-03-16T19:00:00Z,142.2913942308699,154.785
2026-03-16T20:00:00Z,133.7213138924666,125.7125
2026-03-16T21:00:00Z,128.7665900701012,121.9125
2026-03-16T22:00:00Z,117.51576061799784,99.765
2026-03-16T23:00:00Z,120.99124458784405,113.665
2026-03-17T00:00:00Z,113.22653483626071,105.585
2026-03-17T01:00:00Z,112.05808420212827,106.4225
2026-03-17T02:00:00Z,115.39386866069945,106.5225
2026-03-17T03:00:00Z,119.7491090464653,110.03
2026-03-17T04:00:00Z,124.74464237543287,119.915
2026-03-17T05:00:00Z,142.28132180116577,147.965
2026-03-17T06:00:00Z,142.19331449672586,167.98
2026-03-17T07:00:00Z,135.29522585041585,152.5125
2026-03-17T08:00:00Z,119.92946050050226,124.0725
2026-03-17T09:00:00Z,109.8059310207639,108.64
2026-03-17T10:00:00Z,98.37189369979117,100.65
2026-03-17T11:00:00Z,89.33849676184663,95.2275
2026-03-17T12:00:00Z,90.04751097721338,96.765
2026-03-17T13:00:00Z,99.72221612803095,99.325
2026-03-17T14:00:00Z,111.41081151017637,112.1075
2026-03-17T15:00:00Z,123.04408973797987,131.7775
2026-03-17T16:00:00Z,152.59544287292002,162.2025
2026-03-17T17:00:00Z,163.0499845968978,207.2975
2026-03-17T18:00:00Z,159.68447295391618,170.3825
2026-03-17T19:00:00Z,138.2740320365834,144.2375
2026-03-17T20:00:00Z,128.77691941233473,129.79000000000002
2026-03-17T21:00:00Z,111.18920136689457,114.24
2026-03-17T22:00:00Z,100.13439708357079,100.4575
2026-03-17T23:00:00Z,87.71987639785618,89.8
2026-03-18T00:00:00Z,76.68049638673911,86.72749999999999
2026-03-18T01:00:00Z,75.85981924382611,85.685
2026-03-18T02:00:00Z,76.23435353659063,86.8675
2026-03-18T03:00:00Z,86.01104446648488,88.83500000000001
2026-03-18T04:00:00Z,102.42875431211316,100.055
2026-03-18T05:00:00Z,117.0337897520042,130.74
2026-03-18T06:00:00Z,121.28216012585658,133.5925
2026-03-18T07:00:00Z,88.81054128588124,99.9375
2026-03-18T08:00:00Z,52.21839478701572,62.95
2026-03-18T09:00:00Z,14.400579942826722,9.9975
2026-03-18T10:00:00Z,2.7126731230330865,-1.62
2026-03-18T11:00:00Z,-5.706635806971502,-2.31
2026-03-18T12:00:00Z,-4.889538662063554,-2.7125
2026-03-18T13:00:00Z,3.42134802128102,0.2224999999999999
2026-03-18T14:00:00Z,49.10937429106808,47.19499999999999
2026-03-18T15:00:00Z,109.03346834514872,107.0325
2026-03-18T16:00:00Z,137.01898420008308,145.2125
2026-03-18T17:00:00Z,188.98409328167884,177.6225
2026-03-18T18:00:00Z,149.1049808234471,170.1975
2026-03-18T19:00:00Z,134.77673665422046,148.49
2026-03-18T20:00:00Z,124.66422853181906,132.0575
2026-03-18T21:00:00Z,115.49763008304204,123.775
2026-03-18T22:00:00Z,116.28337819597766,113.375
2026-03-18T23:00:00Z,114.43765175354892,109.25
2026-03-19T00:00:00Z,111.08329462212856,112.64
2026-03-19T01:00:00Z,110.90726647778682,113.9925
2026-03-19T02:00:00Z,111.3165284568134,115.525
2026-03-19T03:00:00Z,112.9135161718201,123.275
2026-03-19T04:00:00Z,118.51244718591242,132.78
2026-03-19T05:00:00Z,142.3731491365231,160.1275
2026-03-19T06:00:00Z,146.26695828245624,158.2425
2026-03-19T07:00:00Z,122.82212316958332,138.6025
2026-03-19T08:00:00Z,98.68405770815916,90.9025
2026-03-19T09:00:00Z,30.65687348294657,55.3
2026-03-19T10:00:00Z,10.615040375274827,7.869999999999999
2026-03-19T11:00:00Z,2.63794236197169,0.0
2026-03-19T12:00:00Z,5.824423406138517,2.53
2026-03-19T13:00:00Z,15.996335441174118,43.715
2026-03-19T14:00:00Z,73.75665021499256,85.9475
2026-03-19T15:00:00Z,114.19228452413853,120.3475
2026-03-19T16:00:00Z,150.62485079236924,152.175
2026-03-19T17:00:00Z,180.2051341577653,209.2675
2026-03-19T18:00:00Z,168.8313491662862,214.3825
2026-03-19T19:00:00Z,151.79154854429294,163.37
2026-03-19T20:00:00Z,133.22775600634526,149.04000000000002
2026-03-19T21:00:00Z,123.99468674594817,139.55
2026-03-19T22:00:00Z,116.40734251651759,132.2375
2026-03-19T23:00:00Z,113.44257506517944,143.5625
2026-03-20T00:00:00Z,116.14854944824411,137.96
2026-03-20T01:00:00Z,113.70198501411306,135.6425
2026-03-20T02:00:00Z,114.45089099578016,137.475
2026-03-20T03:00:00Z,116.36408578971604,138.905
2026-03-20T04:00:00Z,120.85152045474281,154.59
2026-03-20T05:00:00Z,150.34982083960978,192.295
2026-03-20T06:00:00Z,143.90658825047618,197.6425
2026-03-20T07:00:00Z,130.8645846334648,161.3025
2026-03-20T08:00:00Z,103.46632659464642,132.0075
2026-03-20T09:00:00Z,77.80796608496752,101.085
2026-03-20T10:00:00Z,42.605038401868384,78.4725
2026-03-20T11:00:00Z,25.320316507683195,65.61
2026-03-20T12:00:00Z,24.62037307686208,65.61
2026-03-20T13:00:00Z,37.91771996739506,87.4
2026-03-20T14:00:00Z,89.59179064124496,117.155
2026-03-20T15:00:00Z,120.74898565646312,144.675
2026-03-20T16:00:00Z,141.97192299270532,174.8175
2026-03-20T17:00:00Z,186.0975741587544,211.005
2026-03-20T18:00:00Z,180.97746096013668,212.31
2026-03-20T19:00:00Z,160.69888069216904,180.035
2026-03-20T20:00:00Z,146.46107061987985,163.05
2026-03-20T21:00:00Z,139.17565786976942,151.8525
2026-03-20T22:00:00Z,125.90173364967816,148.125
2026-03-20T23:00:00Z,130.05157556678267,142.3975
2026-03-21T00:00:00Z,131.5382522096181,138.3425
2026-03-21T01:00:00Z,129.8658683293023,136.085
2026-03-21T02:00:00Z,133.39697967863228,132.0575
2026-03-21T03:00:00Z,134.35004142752422,131.1925
2026-03-21T04:00:00Z,134.81490153995017,137.665
2026-03-21T05:00:00Z,139.45778981529557,142.34
2026-03-21T06:00:00Z,135.11187644221994,139.6625
2026-03-21T07:00:00Z,123.34640039477134,127.265
2026-03-21T08:00:00Z,100.34505038137797,100.5775
2026-03-21T09:00:00Z,67.15876035749262,76.4725
2026-03-21T10:00:00Z,39.510374686413925,45.9
2026-03-21T11:00:00Z,29.43722702753007,23.49
2026-03-21T12:00:00Z,34.326654242948706,24.27
2026-03-21T13:00:00Z,50.01153378637717,62.9275
2026-03-21T14:00:00Z,85.70027972088953,90.0
2026-03-21T15:00:00Z,113.44002123824248,115.665
2026-03-21T16:00:00Z,134.0293660014843,146.025
2026-03-21T17:00:00Z,174.35711499212383,171.6175
2026-03-21T18:00:00Z,164.02255562895053,163.10500000000002
2026-03-21T19:00:00Z,138.16582985509663,141.8275
2026-03-21T20:00:00Z,123.38149833378647,126.875
2026-03-21T21:00:00Z,107.53747945353209,120.2425
2026-03-21T22:00:00Z,102.82386601856392,108.0
2026-03-21T23:00:00Z,94.67055177385747,100.4125
2026-03-22T00:00:00Z,87.18831938842423,95.755
2026-03-22T01:00:00Z,85.86240530659235,94.2025
2026-03-22T02:00:00Z,85.96515197958239,95.26
2026-03-22T03:00:00Z,88.26401519103199,98.5975
2026-03-22T04:00:00Z,88.63367227878734,101.6625
2026-03-22T05:00:00Z,91.70277073481154,100.105
2026-03-22T06:00:00Z,77.97369158585474,84.71
2026-03-22T07:00:00Z,41.39408262523737,41.33
2026-03-22T08:00:00Z,5.351320329610646,6.7725
2026-03-22T09:00:00Z,-26.041242849903927,-0.43
2026-03-22T10:00:00Z,-68.96837247845443,-4.3625
2026-03-22T11:00:00Z,-90.34150979150718,-11.76
2026-03-22T12:00:00Z,-77.61347662821174,-10.31
2026-03-22T13:00:00Z,-45.773667807155,-2.1775
2026-03-22T14:00:00Z,4.160112012085192,11.25
2026-03-22T15:00:00Z,86.89192469341965,93.1525
2026-03-22T16:00:00Z,130.3527022701085,145.635
2026-03-22T17:00:00Z,148.03383469126769,174.19
2026-03-22T18:00:00Z,145.05773410632935,173.3825
2026-03-22T19:00:00Z,138.33962444606115,164.7325
2026-03-22T20:00:00Z,126.85075498384992,155.3775
2026-03-22T21:00:00Z,122.90103154363392,146.7975
2026-03-22T22:00:00Z,117.79268713557009,143.505
2026-03-22T23:00:00Z,116.29366443946847,131.13750000000002
2026-03-23T00:00:00Z,113.27355391131026,125.9
2026-03-23T01:00:00Z,113.09396224656048,125.16
2026-03-23T02:00:00Z,112.39921789584191,128.5875
2026-03-23T03:00:00Z,113.04109710628659,138.26749999999998
2026-03-23T04:00:00Z,121.67483080348138,155.72
2026-03-23T05:00:00Z,139.97396909305786,182.29
2026-03-23T06:00:00Z,137.4057637765187,186.185
2026-03-23T07:00:00Z,117.19012577832216,147.60500000000002
2026-03-23T08:00:00Z,79.673398202659,108.0
2026-03-23T09:00:00Z,26.93391109305206,81.4325
2026-03-23T10:00:00Z,16.731435457427043,48.0825
2026-03-23T11:00:00Z,13.366698681664918,49.255
2026-03-23T12:00:00Z,17.187717508355096,74.875
2026-03-23T13:00:00Z,34.3058666785572,94.98
2026-03-23T14:00:00Z,94.45186985510414,114.4525
2026-03-23T15:00:00Z,119.22906593091349,138.5425
2026-03-23T16:00:00Z,151.09884345827587,190.775
2026-03-23T17:00:00Z,186.3810344744382,263.01
2026-03-23T18:00:00Z,200.70482636583603,241.56
2026-03-23T19:00:00Z,171.02012995521855,206.5875
2026-03-23T20:00:00Z,162.03220776650159,177.32
2026-03-23T21:00:00Z,150.1857646214028,155.74
2026-03-23T22:00:00Z,133.86023655813662,140.45
2026-03-23T23:00:00Z,123.52980108376029,141.0625
2026-03-24T00:00:00Z,120.86639987262107,124.3175
2026-03-24T01:00:00Z,116.46628970238072,109.9975
2026-03-24T02:00:00Z,110.88323842060808,101.64
2026-03-24T03:00:00Z,100.61946124079665,100.375
2026-03-24T04:00:00Z,99.90762854046456,100.9725
2026-03-24T05:00:00Z,115.37618257564068,110.8175
2026-03-24T06:00:00Z,105.58458677410243,113.0475
2026-03-24T07:00:00Z,71.31997992075023,97.4575
2026-03-24T08:00:00Z,39.32620606425091,70.905
2026-03-24T09:00:00Z,5.002404172952375,23.7275
2026-03-24T10:00:00Z,-6.5550521773095625,1.195
2026-03-24T11:00:00Z,-7.524103773529864,-0.01
2026-03-24T12:00:00Z,-6.1526051800904025,-0.02
2026-03-24T13:00:00Z,-7.676613802317779,-0.0025
2026-03-24T14:00:00Z,-0.7775954212150651,19.9975
2026-03-24T15:00:00Z,49.75922746589006,77.4325
2026-03-24T16:00:00Z,77.23373529550378,112.84
2026-03-24T17:00:00Z,81.81705193444223,135.8425
2026-03-24T18:00:00Z,75.21386870319219,137.9925
2026-03-24T19:00:00Z,58.53305979710627,101.1
2026-03-24T20:00:00Z,37.872811960559474,74.4975
2026-03-24T21:00:00Z,23.750064125407047,66.1025
2026-03-24T22:00:00Z,10.79970004660731,22.0975
2026-03-24T23:00:00Z,8.727601026036737,1.81
2026-03-25T00:00:00Z,1.4305948755269313,0.3675
2026-03-25T01:00:00Z,-1.0962632977869171,-0.0025
2026-03-25T02:00:00Z,-3.3584830558414622,-0.01
2026-03-25T03:00:00Z,-0.7709418524743072,-0.005
2026-03-25T04:00:00Z,1.3243756857130058,0.365
2026-03-25T05:00:00Z,9.38593097689107,3.6425
2026-03-25T06:00:00Z,10.380848693504946,8.9025
2026-03-25T07:00:00Z,7.735345640875989,0.9075
2026-03-25T08:00:00Z,5.8053288910582115,-0.03
2026-03-25T09:00:00Z,4.068623493314341,-0.0275
2026-03-25T10:00:00Z,5.788555759240647,-0.01
2026-03-25T11:00:00Z,4.23601959280797,-0.01
2026-03-25T12:00:00Z,4.809047575674018,-0.01
2026-03-25T13:00:00Z,6.38874227357336,0.0075
2026-03-25T14:00:00Z,11.617131083899388,4.775
2026-03-25T15:00:00Z,36.35962001177567,41.9025
2026-03-25T16:00:00Z,67.4690078150223,98.8375
2026-03-25T17:00:00Z,99.4409010123359,134.82999999999998
2026-03-25T18:00:00Z,105.48540804051687,161.925
2026-03-25T19:00:00Z,95.847103943869,134.9075
2026-03-25T20:00:00Z,81.82811558971312,114.46
2026-03-25T21:00:00Z,70.32165750881937,108.1
2026-03-25T22:00:00Z,62.39269017915003,88.80250000000001
2026-03-25T23:00:00Z,65.10458394105711,99.6375
2026-03-26T00:00:00Z,59.46942876819322,95.0725
2026-03-26T01:00:00Z,56.23555197295734,91.605
2026-03-26T02:00:00Z,56.356558515104425,94.87
2026-03-26T03:00:00Z,61.96492894029129,97.5775
2026-03-26T04:00:00Z,70.4375629603759,105.2675
2026-03-26T05:00:00Z,86.80636723816458,120.28
2026-03-26T06:00:00Z,91.01546110953969,137.345
2026-03-26T07:00:00Z,71.96511099866707,125.79
2026-03-26T08:00:00Z,42.31126336026605,87.41499999999999
2026-03-26T09:00:00Z,16.634363508190322,41.8525
2026-03-26T10:00:00Z,0.8903698911571342,13.74
2026-03-26T11:00:00Z,-1.442295332993054,3.12
2026-03-26T12:00:00Z,-2.808394562239566,0.6300000000000001
2026-03-26T13:00:00Z,-2.5667292425938477,5.9025
2026-03-26T14:00:00Z,14.107383092603692,37.435
2026-03-26T15:00:00Z,41.076157423506885,75.8175
2026-03-26T16:00:00Z,87.78342217084304,115.9225
2026-03-26T17:00:00Z,127.47587621503165,155.4175
2026-03-26T18:00:00Z,136.43790323188585,167.22
2026-03-26T19:00:00Z,127.06242444191939,153.745
2026-03-26T20:00:00Z,110.94928669008289,130.505
2026-03-26T21:00:00Z,109.64284900603026,124.3725
2026-03-26T22:00:00Z,103.87207264584104,115.025
2026-03-26T23:00:00Z,113.80096895159936,119.3925
2026-03-27T00:00:00Z,111.7766264959343,119.5
2026-03-27T01:00:00Z,120.18869985902617,117.3425
2026-03-27T02:00:00Z,125.31378850400569,117.8325
2026-03-27T03:00:00Z,128.75366378044464,120.2475
2026-03-27T04:00:00Z,141.40787297584035,136.4625
2026-03-27T05:00:00Z,150.85308088371042,172.63
2026-03-27T06:00:00Z,142.327627091722,176.395
2026-03-27T07:00:00Z,128.12057987771908,147.5575
2026-03-27T08:00:00Z,92.43239288995534,114.0025
2026-03-27T09:00:00Z,47.07652992288178,87.25999999999999
2026-03-27T10:00:00Z,19.097068834444066,72.81
2026-03-27T11:00:00Z,7.795947073776143,63.31999999999999
2026-03-27T12:00:00Z,8.10990544904144,59.6
2026-03-27T13:00:00Z,24.632524480537054,74.075
2026-03-27T14:00:00Z,56.86511153728518,92.3225
2026-03-27T15:00:00Z,100.62715377860314,103.0825
2026-03-27T16:00:00Z,127.91700678021245,139.05
2026-03-27T17:00:00Z,143.1059328675472,158.9325
2026-03-27T18:00:00Z,142.16406716135359,168.245
2026-03-27T19:00:00Z,137.931065661893,142.89
2026-03-27T20:00:00Z,132.27770049337573,118.995
2026-03-27T21:00:00Z,119.38073302805847,116.66
2026-03-27T22:00:00Z,106.97103866579091,106.0125
2026-03-27T23:00:00Z,100.48292618461906,95.135
2026-03-28T00:00:00Z,89.17339948621019,92.665
2026-03-28T01:00:00Z,85.53422659496262,89.5475
2026-03-28T02:00:00Z,86.08077324771013,87.2625
2026-03-28T03:00:00Z,86.86747174482711,88.1175
2026-03-28T04:00:00Z,89.04059082304185,91.6125
2026-03-28T05:00:00Z,91.1006980912625,87.92
2026-03-28T06:00:00Z,87.71186428759061,79.185
2026-03-28T07:00:00Z,70.7228780934966,68.3
2026-03-28T08:00:00Z,58.576391857881084,44.9075
2026-03-28T09:00:00Z,52.78306418057028,17.5825
2026-03-28T10:00:00Z,31.024981606235173,7.6425
2026-03-28T11:00:00Z,28.549122398488986,6.695
2026-03-28T12:00:00Z,30.456456185956778,7.8475
2026-03-28T13:00:00Z,51.315246344209186,20.475
2026-03-28T14:00:00Z,87.03457427884345,54.2425
2026-03-28T15:00:00Z,109.41306127114736,81.05250000000001
2026-03-28T16:00:00Z,138.03709098941604,110.34
2026-03-28T17:00:00Z,148.4814425584775,138.925
2026-03-28T18:00:00Z,151.33016434560335,154.07
2026-03-28T19:00:00Z,138.72426175702876,143.9525
2026-03-28T20:00:00Z,125.08401602717954,131.595
2026-03-28T21:00:00Z,118.76618918786268,125.33
2026-03-28T22:00:00Z,111.10346528205977,119.58
2026-03-28T23:00:00Z,109.31627884643571,114.56
2026-03-29T00:00:00Z,104.84951646263373,107.6975
2026-03-29T01:00:00Z,100.25508375562882,101.165
2026-03-29T02:00:00Z,96.67569403062647,105.225
2026-03-29T03:00:00Z,103.64728035597768,104.605
2026-03-29T04:00:00Z,111.6062644264165,109.755
2026-03-29T05:00:00Z,113.20743339596127,115.03
2026-03-29T06:00:00Z,108.06125653846942,114.8425
2026-03-29T07:00:00Z,94.12253340547376,94.3975
2026-03-29T08:00:00Z,69.27400418769868,74.8075
2026-03-29T09:00:00Z,45.147018327679625,44.6975
2026-03-29T10:00:00Z,10.845129838200222,9.73
2026-03-29T11:00:00Z,1.4910279120190033,-0.005
2026-03-29T12:00:00Z,-4.4392117629993955,-1.785
2026-03-29T13:00:00Z,-4.566324137316444,-2.1
2026-03-29T14:00:00Z,0.5222226776185591,0.8724999999999999
2026-03-29T15:00:00Z,33.42063286312451,33.31
2026-03-29T16:00:00Z,89.64894211923043,89.25999999999999
2026-03-29T17:00:00Z,108.30877292697184,105.6775
2026-03-29T18:00:00Z,92.500724552253,95.18
2026-03-29T19:00:00Z,64.91440408596839,74.8125
2026-03-29T20:00:00Z,60.50359274848153,66.85
2026-03-29T21:00:00Z,29.019496364183397,25.635
2026-03-29T22:00:00Z,15.538088992149317,9.1975
2026-03-29T23:00:00Z,14.84214393318534,2.3000000000000003
2026-03-30T00:00:00Z,16.410222654052134,5.02
2026-03-30T01:00:00Z,14.403998174508628,3.825
2026-03-30T02:00:00Z,17.14415782253686,4.3575
2026-03-30T03:00:00Z,22.823385306086948,18.4225
2026-03-30T04:00:00Z,60.460857890554436,66.87
2026-03-30T05:00:00Z,83.58591214735591,90.3125
2026-03-30T06:00:00Z,92.5341303500427,109.2225
2026-03-30T07:00:00Z,87.844014937081,96.8375
2026-03-30T08:00:00Z,69.58275045099693,73.8475
2026-03-30T09:00:00Z,47.23652833286701,45.9975
2026-03-30T10:00:00Z,27.760831881559135,23.5875
2026-03-30T11:00:00Z,16.1201877203581,11.4
2026-03-30T12:00:00Z,12.982671325551822,7.5425
2026-03-30T13:00:00Z,23.388907975399338,12.9375
2026-03-30T14:00:00Z,35.15556377562666,35.145
2026-03-30T15:00:00Z,70.4529853663426,77.45
2026-03-30T16:00:00Z,107.6521590528037,104.8275
2026-03-30T17:00:00Z,133.00973651245144,121.6525
2026-03-30T18:00:00Z,127.56531295757854,125.6075
2026-03-30T19:00:00Z,115.28696646454857,126.165
2026-03-30T20:00:00Z,107.06913670180684,121.175
2026-03-30T21:00:00Z,92.56989176506973,108.88
2026-03-30T22:00:00Z,89.45522988727032,109.245
2026-03-30T23:00:00Z,83.44871307986939,102.68
2026-03-31T00:00:00Z,65.62802059433528,101.26
2026-03-31T01:00:00Z,77.03320564269454,100.535
2026-03-31T02:00:00Z,77.22326904613331,101.68
2026-03-31T03:00:00Z,83.29269214357984,108.0425
2026-03-31T04:00:00Z,101.35623892198602,137.1975
2026-03-31T05:00:00Z,121.84342851022893,152.125
2026-03-31T06:00:00Z,121.87137795085937,163.79
2026-03-31T07:00:00Z,104.97523552131285,135.555
2026-03-31T08:00:00Z,75.71319460676216,104.255
2026-03-31T09:00:00Z,36.68862670342442,87.35
2026-03-31T10:00:00Z,15.567333800666095,78.67
2026-03-31T11:00:00Z,7.514795986894459,55.225
2026-03-31T12:00:00Z,5.066018721218902,53.4875
2026-03-31T13:00:00Z,6.1365551009349835,63.0525
2026-03-31T14:00:00Z,36.768883501618646,82.2175
2026-03-31T15:00:00Z,83.12837537578956,110.9675
2026-03-31T16:00:00Z,123.46077008079214,151.0
2026-03-31T17:00:00Z,147.62180895759903,175.0025
2026-03-31T18:00:00Z,149.29360689717564,176.005
2026-03-31T19:00:00Z,134.65108841931917,171.725
2026-03-31T20:00:00Z,132.5827644130205,158.32999999999998
2026-03-31T21:00:00Z,126.03619776163157,148.475
2026-03-31T22:00:00Z,125.4294859385275,145.51
2026-03-31T23:00:00Z,120.3281779400134,129.48749999999998
2026-04-01T00:00:00Z,119.75789002382868,125.345
2026-04-01T01:00:00Z,120.63190898398915,129.4275
2026-04-01T02:00:00Z,121.37387565321656,136.025
2026-04-01T03:00:00Z,128.32122724494184,149.115
2026-04-01T04:00:00Z,174.9913252279964,180.835
2026-04-01T05:00:00Z,180.15141306199098,226.9475
2026-04-01T06:00:00Z,165.96859520846627,199.9775
2026-04-01T07:00:00Z,137.5983213856567,171.515
2026-04-01T08:00:00Z,118.65593012731198,139.8
2026-04-01T09:00:00Z,99.14904315287477,128.0775
2026-04-01T10:00:00Z,59.94018319106457,115.0525
2026-04-01T11:00:00Z,32.75011977169444,93.835
2026-04-01T12:00:00Z,20.883168011245726,86.3325
2026-04-01T13:00:00Z,34.128175509714126,93.8375
2026-04-01T14:00:00Z,77.18740288189016,105.515
2026-04-01T15:00:00Z,117.26296185352139,130.12
2026-04-01T16:00:00Z,140.23264502974394,152.095
2026-04-01T17:00:00Z,176.7742340327323,188.665
2026-04-01T18:00:00Z,173.9731608974862,181.1925
2026-04-01T19:00:00Z,149.0592517862981,165.8225
2026-04-01T20:00:00Z,142.9689066770008,152.8225
2026-04-01T21:00:00Z,132.04221264054547,133.7825
2026-04-01T22:00:00Z,127.74111171206121,127.1725
2026-04-01T23:00:00Z,123.22000293259165,118.995
2026-04-02T00:00:00Z,120.32267160048495,114.13
2026-04-02T01:00:00Z,119.98849445976765,109.185
2026-04-02T02:00:00Z,121.8789470462724,107.41
2026-04-02T03:00:00Z,126.21807573281785,119.2925
2026-04-02T04:00:00Z,145.94526474483573,152.0525
2026-04-02T05:00:00Z,161.95715906424945,160.0075
2026-04-02T06:00:00Z,146.19575655903174,157.6575
2026-04-02T07:00:00Z,115.29285605396687,114.2775
2026-04-02T08:00:00Z,80.4045941530802,90.6625
2026-04-02T09:00:00Z,36.442312594852076,74.25
2026-04-02T10:00:00Z,25.0400186440232,59.745000000000005
2026-04-02T11:00:00Z,11.768585083046249,42.455
2026-04-02T12:00:00Z,23.441128913108656,52.86
2026-04-02T13:00:00Z,48.30843776359326,73.77
2026-04-02T14:00:00Z,89.53315690615086,92.7575
2026-04-02T15:00:00Z,114.66604752330946,108.81
2026-04-02T16:00:00Z,128.8389478996257,134.385
2026-04-02T17:00:00Z,147.6123524536246,161.84
2026-04-02T18:00:00Z,147.24625184514773,159.635
2026-04-02T19:00:00Z,138.84075501666305,146.5225
2026-04-02T20:00:00Z,129.94421453409544,134.9975
2026-04-02T21:00:00Z,125.88024499645879,123.97
2026-04-02T22:00:00Z,121.25497182044427,133.6
2026-04-02T23:00:00Z,118.86881006947657,121.985
2026-04-03T00:00:00Z,111.4498268789576,119.515
2026-04-03T01:00:00Z,115.24132237014312,117.6675
2026-04-03T02:00:00Z,116.20891645547994,120.1825
2026-04-03T03:00:00Z,115.8956068808763,123.4025
2026-04-03T04:00:00Z,121.44679426623847,133.125
2026-04-03T05:00:00Z,128.36546581556954,135.8625
2026-04-03T06:00:00Z,117.92182070214353,131.04250000000002
2026-04-03T07:00:00Z,93.71855377189362,113.18
2026-04-03T08:00:00Z,52.858725057321536,85.585
2026-04-03T09:00:00Z,10.858752639225534,52.9575
2026-04-03T10:00:00Z,7.236803885870266,27.01
2026-04-03T11:00:00Z,-1.3680644594910474,9.945
2026-04-03T12:00:00Z,-9.90737509816928,1.6525
2026-04-03T13:00:00Z,-2.717037524011585,3.05
2026-04-03T14:00:00Z,0.47753111267132164,23.942500000000003
2026-04-03T15:00:00Z,27.969278652895994,66.7975
2026-04-03T16:00:00Z,61.43085879821578,88.9725
2026-04-03T17:00:00Z,87.11337749332655,99.39
2026-04-03T18:00:00Z,78.73932304250893,96.3375
2026-04-03T19:00:00Z,63.13526256791413,84.2025
2026-04-03T20:00:00Z,53.529422318732095,81.28
2026-04-03T21:00:00Z,26.8515673241788,60.5875
2026-04-03T22:00:00Z,11.421383714591114,9.7275
2026-04-03T23:00:00Z,8.371919853285045,8.955
2026-04-04T00:00:00Z,4.580009467556997,6.4325
2026-04-04T01:00:00Z,3.644649344741477,1.9875
2026-04-04T02:00:00Z,4.922957256308645,6.4025
2026-04-04T03:00:00Z,5.46505462564239,11.735
2026-04-04T04:00:00Z,10.796947271862834,13.3625
2026-04-04T05:00:00Z,26.28674637299255,19.2675
2026-04-04T06:00:00Z,31.89800876831218,16.695
2026-04-04T07:00:00Z,25.597198068317653,6.6
2026-04-04T08:00:00Z,4.642864076648383,1.81
2026-04-04T09:00:00Z,-0.8536995067230215,-0.01
2026-04-04T10:00:00Z,-2.0985995187589426,-0.2475
2026-04-04T11:00:00Z,-2.9627883660671674,-0.035
2026-04-04T12:00:00Z,-5.105426466745469,-0.0175
2026-04-04T13:00:00Z,-0.4432598129069376,0.025
2026-04-04T14:00:00Z,9.707759943201065,10.69
2026-04-04T15:00:00Z,55.66558857727672,62.735
2026-04-04T16:00:00Z,116.27272498130655,109.595
2026-04-04T17:00:00Z,141.578105285337,149.8725
2026-04-04T18:00:00Z,137.3852053451029,135.74
2026-04-04T19:00:00Z,106.34119372617637,103.8375
2026-04-04T20:00:00Z,81.22119552324486,76.8075
2026-04-04T21:00:00Z,59.2434880989312,41.8325
2026-04-04T22:00:00Z,20.14800207255075,1.0575
2026-04-04T23:00:00Z,5.874727665538779,-0.005
2026-04-05T00:00:00Z,2.2758587526989245,-0.3625
2026-04-05T01:00:00Z,-2.3848298070736504,-1.2075
2026-04-05T02:00:00Z,-4.108038716053881,-1.6175
2026-04-05T03:00:00Z,-4.748107066883096,-2.0425
2026-04-05T04:00:00Z,-8.562040484245014,-2.995
2026-04-05T05:00:00Z,-8.232768841597629,-1.29
2026-04-05T06:00:00Z,-9.109304328334657,-2.43
2026-04-05T07:00:00Z,-22.531288366034822,-10.5575
2026-04-05T08:00:00Z,-22.310843655580754,-39.9675
2026-04-05T09:00:00Z,-27.25490484287248,-71.3425
2026-04-05T10:00:00Z,-34.58970285904258,-84.9525
2026-04-05T11:00:00Z,-44.305210896393284,-105.175
2026-04-05T12:00:00Z,-49.80799335154218,-98.705
2026-04-05T13:00:00Z,-52.55699998582272,-66.9075
2026-04-05T14:00:00Z,-42.985861141626664,-29.98
2026-04-05T15:00:00Z,-16.75002627463455,-6.5875
2026-04-05T16:00:00Z,0.6379542068338386,-0.1025
2026-04-05T17:00:00Z,21.565423993319918,20.0425
2026-04-05T18:00:00Z,30.058987414342667,33.35
2026-04-05T19:00:00Z,24.401462023584077,30.205
2026-04-05T20:00:00Z,25.13537158574798,30.3775
2026-04-05T21:00:00Z,14.40254236145989,19.0225
2026-04-05T22:00:00Z,15.916584913552253,3.24
2026-04-05T23:00:00Z,14.723160491040897,1.985
2026-04-06T00:00:00Z,12.130146915447877,1.04
2026-04-06T01:00:00Z,11.703557503628646,1.36
2026-04-06T02:00:00Z,13.306646191732469,1.06
2026-04-06T03:00:00Z,23.039038137072428,2.11
2026-04-06T04:00:00Z,26.478515114468685,1.985
2026-04-06T05:00:00Z,35.02908400134683,1.3325
2026-04-06T06:00:00Z,17.13093126332144,-0.9425
2026-04-06T07:00:00Z,-5.861607620309628,-11.105
2026-04-06T08:00:00Z,-33.24962377420734,-26.0025
2026-04-06T09:00:00Z,-41.512945959764345,-59.760000000000005
2026-04-06T10:00:00Z,-56.64986069975383,-79.515
2026-04-06T11:00:00Z,-60.459669996736515,-125.6375
2026-04-06T12:00:00Z,-64.82686775252064,-123.535
2026-04-06T13:00:00Z,-53.13232844858233,-84.6175
2026-04-06T14:00:00Z,-39.54507347392715,-28.72
2026-04-06T15:00:00Z,-2.452125660534852,-5.609999999999999
2026-04-06T16:00:00Z,55.80044432122835,48.625
2026-04-06T17:00:00Z,103.79116284483113,107.6875
2026-04-06T18:00:00Z,119.87938460400262,116.005
2026-04-06T19:00:00Z,119.24758785640321,109.2225
2026-04-06T20:00:00Z,112.83772916787238,113.8475
2026-04-06T21:00:00Z,108.65056972940057,108.805
2026-04-06T22:00:00Z,107.88802542413181,106.4
2026-04-06T23:00:00Z,103.78316453189568,101.295
2026-04-07T00:00:00Z,97.84437403123962,101.6475
2026-04-07T01:00:00Z,98.3193012379579,102.28
2026-04-07T02:00:00Z,104.11098365420364,105.135
2026-04-07T03:00:00Z,116.09038457681342,117.7675
2026-04-07T04:00:00Z,146.19389371427727,143.9125
2026-04-07T05:00:00Z,155.67657347042095,178.2625
2026-04-07T06:00:00Z,141.93332899138588,127.8575
2026-04-07T07:00:00Z,85.71916361843596,81.8025
2026-04-07T08:00:00Z,12.560647055758583,24.8875
2026-04-07T09:00:00Z,-10.413214557847638,-0.0074999999999999
2026-04-07T10:00:00Z,-42.01636434967545,-3.01
2026-04-07T11:00:00Z,-79.68355551444719,-11.2875
2026-04-07T12:00:00Z,-53.841295079982544,-11.23
2026-04-07T13:00:00Z,-19.218437406189988,-4.205
2026-04-07T14:00:00Z,7.4031025289683186,3.8
2026-04-07T15:00:00Z,86.62485355909129,79.9025
2026-04-07T16:00:00Z,131.61950374247343,137.995
2026-04-07T17:00:00Z,162.58171468440636,194.0275
2026-04-07T18:00:00Z,156.71088964608313,188.8825
2026-04-07T19:00:00Z,146.97659926867064,144.0025
2026-04-07T20:00:00Z,134.724831640859,129.01
2026-04-07T21:00:00Z,129.70263995731767,118.2
2026-04-07T22:00:00Z,122.00754188105671,107.17
2026-04-07T23:00:00Z,120.36955772286558,102.21
2026-04-08T00:00:00Z,111.33954924000948,100.82
2026-04-08T01:00:00Z,120.46552394503314,103.4975
2026-04-08T02:00:00Z,124.4390395156169,107.5125
2026-04-08T03:00:00Z,132.83433191216525,116.9275
2026-04-08T04:00:00Z,152.8265817721105,149.79500000000002
2026-04-08T05:00:00Z,154.67186188603625,168.7975
2026-04-08T06:00:00Z,129.93451207687676,138.5075
2026-04-08T07:00:00Z,80.95133219301304,97.45
2026-04-08T08:00:00Z,18.77546754657104,51.12
2026-04-08T09:00:00Z,-0.6228468445688087,-0.0499999999999998
2026-04-08T10:00:00Z,-56.812534727343234,-18.8275
2026-04-08T11:00:00Z,-72.59454121160044,-32.78
2026-04-08T12:00:00Z,-66.442194659871,-29.735
2026-04-08T13:00:00Z,-15.249612283341664,-13.155
2026-04-08T14:00:00Z,15.045790548090308,13.3525
2026-04-08T15:00:00Z,89.742254698565,91.875
2026-04-08T16:00:00Z,129.11646812012893,134.2475
2026-04-08T17:00:00Z,153.63208714340223,170.0075
2026-04-08T18:00:00Z,146.2555506113382,160.5525
2026-04-08T19:00:00Z,132.01835256022514,137.10250000000002
2026-04-08T20:00:00Z,111.44489545644238,121.3925
2026-04-08T21:00:00Z,102.68625652717594,109.475
2026-04-08T22:00:00Z,89.58075543509585,104.8975
2026-04-08T23:00:00Z,87.73002577699675,101.1025
2026-04-09T00:00:00Z,87.04285236296957,101.095
2026-04-09T01:00:00Z,86.82245863296815,101.8625
2026-04-09T02:00:00Z,97.49368915558063,105.1
2026-04-09T03:00:00Z,107.89025739829485,115.8725
2026-04-09T04:00:00Z,130.52796823773664,135.29500000000002
2026-04-09T05:00:00Z,135.48751816195798,146.6
2026-04-09T06:00:00Z,125.53841534298668,128.09
2026-04-09T07:00:00Z,95.99847381501782,99.675
2026-04-09T08:00:00Z,46.552506114818975,54.9975
2026-04-09T09:00:00Z,8.172210019798763,1.2075
2026-04-09T10:00:00Z,-1.0768576150283922,-1.03
2026-04-09T11:00:00Z,-6.301391501106127,-7.865
2026-04-09T12:00:00Z,-9.516444962840769,-8.1375
2026-04-09T13:00:00Z,-2.9286786739605963,-1.3025
2026-04-09T14:00:00Z,22.991682525209846,27.08
2026-04-09T15:00:00Z,90.57026449185231,82.5275
2026-04-09T16:00:00Z,119.45960820143726,115.355
2026-04-09T17:00:00Z,138.32289504833884,137.1675
2026-04-09T18:00:00Z,134.04861780037902,127.325
2026-04-09T19:00:00Z,112.84088046145011,110.95
2026-04-09T20:00:00Z,92.96905787822047,100.23
2026-04-09T21:00:00Z,81.83462737686082,81.05250000000001
2026-04-09T22:00:00Z,73.64971136301365,81.88
2026-04-09T23:00:00Z,69.79051212439995,79.32
2026-04-10T00:00:00Z,61.219663748904686,78.83
2026-04-10T01:00:00Z,67.39141320808879,78.5525
2026-04-10T02:00:00Z,69.81985388836941,81.1225
2026-04-10T03:00:00Z,77.26405485946255,88.7675
2026-04-10T04:00:00Z,96.62796263142761,112.1575
2026-04-10T05:00:00Z,109.92192745821193,126.4375
2026-04-10T06:00:00Z,126.1032380418274,123.16
2026-04-10T07:00:00Z,117.85811789540666,119.265
2026-04-10T08:00:00Z,103.14470665662859,109.84
2026-04-10T09:00:00Z,86.67394155596199,102.99
2026-04-10T10:00:00Z,67.20290482864901,92.09
2026-04-10T11:00:00Z,55.65189170623953,88.9375
2026-04-10T12:00:00Z,54.151015967338914,87.4
2026-04-10T13:00:00Z,58.07009573083326,94.0175
2026-04-10T14:00:00Z,78.79862909671361,108.78
2026-04-10T15:00:00Z,102.01206623479878,130.1025
2026-04-10T16:00:00Z,121.95519550884963,155.29
2026-04-10T17:00:00Z,159.49540062029467,227.7675
2026-04-10T18:00:00Z,168.8092139572376,245.115
2026-04-10T19:00:00Z,132.60369252894478,176.4775
2026-04-10T20:00:00Z,119.66152560682907,149.305
2026-04-10T21:00:00Z,113.35247620763997,131.96
2026-04-10T22:00:00Z,106.07997662951165,134.015
2026-04-10T23:00:00Z,102.67600737566141,120.6325
2026-04-11T00:00:00Z,98.67974286280757,114.3825
2026-04-11T01:00:00Z,94.41413432535084,112.35
2026-04-11T02:00:00Z,85.47319387555798,110.8375
2026-04-11T03:00:00Z,89.64681107073152,108.36
2026-04-11T04:00:00Z,95.0445751524881,106.605
2026-04-11T05:00:00Z,91.79559886066318,93.2375
2026-04-11T06:00:00Z,55.79970099938143,69.61
2026-04-11T07:00:00Z,12.265502119067378,21.57
2026-04-11T08:00:00Z,-2.9238846576238404,-0.1574999999999997
2026-04-11T09:00:00Z,-27.613837119387245,-8.307500000000001
2026-04-11T10:00:00Z,-70.67571324500098,-40.2525
2026-04-11T11:00:00Z,-82.72895780542079,-79.965
2026-04-11T12:00:00Z,-84.97758405132379,-77.635
2026-04-11T13:00:00Z,-62.25553956048441,-45.8275
2026-04-11T14:00:00Z,-26.37200882019876,-15.7975
2026-04-11T15:00:00Z,-9.507619290928016,-0.7149999999999999
2026-04-11T16:00:00Z,61.618619944740736,43.697500000000005
2026-04-11T17:00:00Z,84.41970252569406,73.8175
2026-04-11T18:00:00Z,72.32914509842871,74.7875
2026-04-11T19:00:00Z,47.30129026751787,65.2325
2026-04-11T20:00:00Z,35.939897939519035,68.6275
2026-04-11T21:00:00Z,34.89167450984628,68.625
2026-04-11T22:00:00Z,49.14182113980606,72.52250000000001
2026-04-11T23:00:00Z,53.813891248407856,76.57249999999999
2026-04-12T00:00:00Z,59.216030001376005,80.4225
2026-04-12T01:00:00Z,62.92442231216833,85.26
2026-04-12T02:00:00Z,75.26320855184643,95.1025
2026-04-12T03:00:00Z,81.65712673568098,98.05
2026-04-12T04:00:00Z,92.38154332060438,98.7
2026-04-12T05:00:00Z,94.7032158120635,94.3175
2026-04-12T06:00:00Z,88.57335898306613,76.10249999999999
2026-04-12T07:00:00Z,83.41409906310504,53.3225
2026-04-12T08:00:00Z,67.89461374216674,30.2325
2026-04-12T09:00:00Z,50.47492112856089,22.415
2026-04-12T10:00:00Z,34.95521261565341,14.975
2026-04-12T11:00:00Z,29.73038029882479,1.97
2026-04-12T12:00:00Z,39.20471143048664,4.625
2026-04-12T13:00:00Z,48.86492953815314,15.905
2026-04-12T14:00:00Z,79.0998835684718,67.55
2026-04-12T15:00:00Z,98.05099150549569,110.1775
2026-04-12T16:00:00Z,114.95168835019992,135.3875
2026-04-12T17:00:00Z,127.34698075742857,144.765
2026-04-12T18:00:00Z,130.68511234325535,146.8025
2026-04-12T19:00:00Z,120.08596803449647,136.73250000000002
2026-04-12T20:00:00Z,110.39236399593159,130.6075
2026-04-12T21:00:00Z,106.70881072901605,121.0175
2026-04-12T22:00:00Z,103.73185307244563,116.5425
2026-04-12T23:00:00Z,100.65650511520842,109.795
2026-04-13T00:00:00Z,98.22098749154112,107.315
2026-04-13T01:00:00Z,98.72432457107696,107.59
2026-04-13T02:00:00Z,101.04446269234226,110.02
2026-04-13T03:00:00Z,104.12270109935682,119.0725
2026-04-13T04:00:00Z,120.39742716841526,136.115
2026-04-13T05:00:00Z,133.91144220119682,145.12
2026-04-13T06:00:00Z,133.47700208578578,173.88
2026-04-13T07:00:00Z,117.08810554301111,160.965
2026-04-13T08:00:00Z,103.3265363190233,138.63
2026-04-13T09:00:00Z,97.73703937103322,116.0
2026-04-13T10:00:00Z,89.33431632917964,104.735
2026-04-13T11:00:00Z,82.4172840598449,97.3925
2026-04-13T12:00:00Z,81.24125774951824,101.695
2026-04-13T13:00:00Z,87.02169428560669,104.6375
2026-04-13T14:00:00Z,95.85368848083056,114.5975
2026-04-13T15:00:00Z,108.31044764356824,130.3775
2026-04-13T16:00:00Z,128.36404289923107,148.2
2026-04-13T17:00:00Z,140.18193704616246,164.5225
2026-04-13T18:00:00Z,137.37830884054037,156.61
2026-04-13T19:00:00Z,122.87824999921588,139.0475
2026-04-13T20:00:00Z,117.33906351572625,129.76
2026-04-13T21:00:00Z,112.16295868558521,122.6275
2026-04-13T22:00:00Z,114.84000029776502,116.0625
2026-04-13T23:00:00Z,106.54506794007264,113.665
2026-04-14T00:00:00Z,104.98294539219071,114.99
2026-04-14T01:00:00Z,107.01754264479763,113.385
2026-04-14T02:00:00Z,110.86010686649618,114.68
2026-04-14T03:00:00Z,118.34179611036717,118.1475
2026-04-14T04:00:00Z,135.10240800993856,138.72
2026-04-14T05:00:00Z,142.58653990031166,163.0225
2026-04-14T06:00:00Z,138.45178894675365,164.495
2026-04-14T07:00:00Z,133.68698931673143,144.32999999999998
2026-04-14T08:00:00Z,119.47154968016795,128.82999999999998
2026-04-14T09:00:00Z,107.08365085104072,117.3325
2026-04-14T10:00:00Z,99.46575091900519,109.5075
2026-04-14T11:00:00Z,91.13920465387213,104.7
2026-04-14T12:00:00Z,91.74647206117334,108.91
2026-04-14T13:00:00Z,100.95259816496393,115.5675
2026-04-14T14:00:00Z,109.95710582669086,121.695
2026-04-14T15:00:00Z,119.19486018947752,137.4375
2026-04-14T16:00:00Z,142.17792978528047,160.015
2026-04-14T17:00:00Z,161.21597198175078,224.7525
2026-04-14T18:00:00Z,171.45612820576838,234.2775
2026-04-14T19:00:00Z,160.3666802403124,165.9475
2026-04-14T20:00:00Z,132.85309980510365,148.2575
2026-04-14T21:00:00Z,125.85208095814006,135.37
2026-04-14T22:00:00Z,118.34833111219184,121.6
2026-04-14T23:00:00Z,114.14613200169634,116.4575
2026-04-15T00:00:00Z,109.90106760026269,111.7675
2026-04-15T01:00:00Z,110.18146714861263,110.0175
2026-04-15T02:00:00Z,113.31111925061262,110.8425
2026-04-15T03:00:00Z,119.37880510102389,123.18
2026-04-15T04:00:00Z,145.23786204372283,148.44
2026-04-15T05:00:00Z,157.43298875783634,159.5525
2026-04-15T06:00:00Z,134.22508996121235,140.1
2026-04-15T07:00:00Z,107.74355471356053,116.32
2026-04-15T08:00:00Z,84.2849917784791,100.8025
2026-04-15T09:00:00Z,30.146169854485905,78.94
2026-04-15T10:00:00Z,23.069734875177602,58.3175
2026-04-15T11:00:00Z,21.367683233872246,50.2325
2026-04-15T12:00:00Z,25.59746039034015,67.25750000000001
2026-04-15T13:00:00Z,72.44535863027285,81.4925
2026-04-15T14:00:00Z,100.18198510339269,99.255
2026-04-15T15:00:00Z,118.59019514058242,124.84
2026-04-15T16:00:00Z,145.4414814806361,141.9
2026-04-15T17:00:00Z,198.33990965101816,180.07999999999998
2026-04-15T18:00:00Z,189.02410402238192,180.8
2026-04-15T19:00:00Z,147.06824325750503,148.07999999999998
2026-04-15T20:00:00Z,133.24430771540662,132.685
2026-04-15T21:00:00Z,118.86521623522614,117.77
2026-04-15T22:00:00Z,110.48410063394601,106.215
2026-04-15T23:00:00Z,105.38720010405805,101.3975
2026-04-16T00:00:00Z,100.97266047865686,99.595
2026-04-16T01:00:00Z,100.3890227314376,98.365
2026-04-16T02:00:00Z,103.93151534795705,100.9025
2026-04-16T03:00:00Z,113.77916994445215,110.605
2026-04-16T04:00:00Z,136.92543169195272,139.475
2026-04-16T05:00:00Z,145.24757987688704,145.02249999999998
2026-04-16T06:00:00Z,134.73414265704815,133.635
2026-04-16T07:00:00Z,106.28993011695376,110.195
2026-04-16T08:00:00Z,84.99000579722049,96.3525
2026-04-16T09:00:00Z,40.3671100290291,75.6725
2026-04-16T10:00:00Z,17.363082177367886,60.5125
2026-04-16T11:00:00Z,14.039118985737257,45.7675
2026-04-16T12:00:00Z,16.27561016012901,53.9725
2026-04-16T13:00:00Z,35.117109630155234,70.87
2026-04-16T14:00:00Z,81.0637691309767,89.7575
2026-04-16T15:00:00Z,103.92338488939788,111.555
2026-04-16T16:00:00Z,135.55994936623998,131.145
2026-04-16T17:00:00Z,178.42242172858502,166.9275
2026-04-16T18:00:00Z,186.52575255902983,187.3175
2026-04-16T19:00:00Z,156.64133746474116,155.01
2026-04-16T20:00:00Z,133.52458095786662,138.76
2026-04-16T21:00:00Z,120.6260691951881,127.3625
2026-04-16T22:00:00Z,112.12070773778817,121.7725
2026-04-16T23:00:00Z,107.43081862713882,115.5225
2026-04-17T00:00:00Z,101.89901011476358,112.5325
2026-04-17T01:00:00Z,101.97254307076108,108.5125
2026-04-17T02:00:00Z,102.78243020046122,111.4675
2026-04-17T03:00:00Z,110.46805325194113,120.1925
2026-04-17T04:00:00Z,148.3299410154987,146.5675
2026-04-17T05:00:00Z,145.43025311893854,148.555
2026-04-17T06:00:00Z,126.51926234835658,127.1575
2026-04-17T07:00:00Z,97.5428368846813,101.9025
2026-04-17T08:00:00Z,59.43826763056245,90.7825
2026-04-17T09:00:00Z,19.744942161131195,57.88
2026-04-17T10:00:00Z,12.907736473216536,30.87
2026-04-17T11:00:00Z,14.703213030455167,26.445
2026-04-17T12:00:00Z,10.652950436458502,31.3725
2026-04-17T13:00:00Z,26.909728655535556,59.9975
2026-04-17T14:00:00Z,76.36477549150965,81.82
2026-04-17T15:00:00Z,112.93374918885611,102.31
2026-04-17T16:00:00Z,138.29170468689478,126.755
2026-04-17T17:00:00Z,173.38940654660777,157.405
2026-04-17T18:00:00Z,181.1083155566464,157.1125
2026-04-17T19:00:00Z,148.22766351578656,138.0075
2026-04-17T20:00:00Z,136.39544018259176,123.93
2026-04-17T21:00:00Z,122.78124544500619,112.71
2026-04-17T22:00:00Z,118.62287687392877,116.245
2026-04-17T23:00:00Z,109.69825767913737,110.8775
2026-04-18T00:00:00Z,105.85562831797732,109.6625
2026-04-18T01:00:00Z,105.1309697620706,107.695
2026-04-18T02:00:00Z,105.79540644470653,108.8725
2026-04-18T03:00:00Z,112.01894512552516,110.905
2026-04-18T04:00:00Z,121.47695905713246,110.83
2026-04-18T05:00:00Z,111.34456976836584,105.7425
2026-04-18T06:00:00Z,102.14563912424777,92.2875
2026-04-18T07:00:00Z,71.95053895871995,75.1275
2026-04-18T08:00:00Z,17.84633912770029,39.5675
2026-04-18T09:00:00Z,12.25717529776298,3.94
2026-04-18T10:00:00Z,-2.3241206090924216,-3.3825000000000003
2026-04-18T11:00:00Z,-3.332494926614418,-4.08
2026-04-18T12:00:00Z,6.376922092475377,-0.1
2026-04-18T13:00:00Z,13.716380575119766,18.8975
2026-04-18T14:00:00Z,54.11802447096083,44.8875
2026-04-18T15:00:00Z,96.37762524677173,90.805
2026-04-18T16:00:00Z,120.08035917998448,119.595
2026-04-18T17:00:00Z,141.35073855234333,131.54
2026-04-18T18:00:00Z,145.6082627540267,144.89
2026-04-18T19:00:00Z,129.40467106295344,140.29500000000002
2026-04-18T20:00:00Z,120.25637803055722,129.9925
2026-04-18T21:00:00Z,109.81999544721234,125.0
2026-04-18T22:00:00Z,110.7956108332555,116.56
2026-04-18T23:00:00Z,107.70706968105847,109.95
2026-04-19T00:00:00Z,104.06465596511086,109.205
2026-04-19T01:00:00Z,104.27476315778115,106.3225
2026-04-19T02:00:00Z,104.44048748718882,105.415
2026-04-19T03:00:00Z,104.24745151349356,106.55
2026-04-19T04:00:00Z,105.59447367711513,104.7825
2026-04-19T05:00:00Z,103.01410688276094,100.0325
2026-04-19T06:00:00Z,97.69123613251301,96.63
2026-04-19T07:00:00Z,85.43335750440706,93.8425
2026-04-19T08:00:00Z,74.06836158679536,71.385
2026-04-19T09:00:00Z,42.153962921390885,31.985
2026-04-19T10:00:00Z,18.76901697050109,5.735
2026-04-19T11:00:00Z,5.972400849707469,-0.8475
2026-04-19T12:00:00Z,-0.02726759174584732,-3.005
2026-04-19T13:00:00Z,-0.10714199203383488,-2.255
2026-04-19T14:00:00Z,5.410463804505296,16.02
2026-04-19T15:00:00Z,50.76444059931556,73.7575
2026-04-19T16:00:00Z,91.28949587406687,103.855
2026-04-19T17:00:00Z,114.32628753396718,117.3525
2026-04-19T18:00:00Z,126.1610051715036,124.1125
2026-04-19T19:00:00Z,122.03248092791729,121.5475
2026-04-19T20:00:00Z,120.85587555661004,119.3625
2026-04-19T21:00:00Z,112.05148215449445,111.2325
2026-04-19T22:00:00Z,94.82007661797239,106.3075
2026-04-19T23:00:00Z,86.59853197688908,101.1125
2026-04-20T00:00:00Z,82.3665645162878,99.0125
2026-04-20T01:00:00Z,82.02143806773891,99.04
2026-04-20T02:00:00Z,84.29963370482197,102.3025
2026-04-20T03:00:00Z,96.92782134129763,111.6
2026-04-20T04:00:00Z,120.61791055578665,129.385
2026-04-20T05:00:00Z,129.1846646097838,142.2075
2026-04-20T06:00:00Z,119.68728439604504,134.32
2026-04-20T07:00:00Z,98.72763330100443,110.015
2026-04-20T08:00:00Z,70.37798159893725,90.1975
2026-04-20T09:00:00Z,47.07372198623499,75.88749999999999
2026-04-20T10:00:00Z,26.950013634158946,51.182500000000005
2026-04-20T11:00:00Z,15.07463560127801,32.595
2026-04-20T12:00:00Z,16.90630250731529,29.57
2026-04-20T13:00:00Z,22.757129056074938,46.475
2026-04-20T14:00:00Z,39.22132584199609,78.325
2026-04-20T15:00:00Z,81.66455310095678,97.245
2026-04-20T16:00:00Z,104.2448529392391,112.91
2026-04-20T17:00:00Z,131.21302011664093,123.4075
2026-04-20T18:00:00Z,132.2763158177263,127.18
2026-04-20T19:00:00Z,115.01111094509592,121.94
2026-04-20T20:00:00Z,111.35575175544045,115.9725
2026-04-20T21:00:00Z,96.8564465025109,106.7925
2026-04-20T22:00:00Z,89.33317773251062,99.0
2026-04-20T23:00:00Z,89.05855087029398,98.6425
2026-04-21T00:00:00Z,85.46671271397656,98.3725
2026-04-21T01:00:00Z,89.18807419284755,99.075
2026-04-21T02:00:00Z,97.64672098182346,100.19
2026-04-21T03:00:00Z,105.96956193807135,108.4475
2026-04-21T04:00:00Z,124.32910794986678,127.085
2026-04-21T05:00:00Z,130.0155880070346,135.3275
2026-04-21T06:00:00Z,120.21001784305712,118.9475
2026-04-21T07:00:00Z,92.1507352195782,97.305
2026-04-21T08:00:00Z,45.45259979253507,59.895
2026-04-21T09:00:00Z,24.70781636531027,19.602500000000003
2026-04-21T10:00:00Z,8.124661487247602,-0.0974999999999999
2026-04-21T11:00:00Z,2.2446236875110785,-1.7525
2026-04-21T12:00:00Z,5.8385994006730435,-3.7
2026-04-21T13:00:00Z,11.072467801375982,-1.8625
2026-04-21T14:00:00Z,40.015375690675334,14.535
2026-04-21T15:00:00Z,94.02703543733608,69.83
2026-04-21T16:00:00Z,125.11322559839937,102.645
2026-04-21T17:00:00Z,144.786664373037,134.11
2026-04-21T18:00:00Z,149.05146941656952,144.775
2026-04-21T19:00:00Z,135.7351100743618,129.62
2026-04-21T20:00:00Z,127.83127263538427,119.845
2026-04-21T21:00:00Z,118.30020209201933,111.8725
2026-04-21T22:00:00Z,109.64587819616176,107.095
2026-04-21T23:00:00Z,107.7830941899429,104.11
2026-04-22T00:00:00Z,107.36998461600078,104.2
2026-04-22T01:00:00Z,108.40561182093401,104.8475
2026-04-22T02:00:00Z,108.69677297705967,109.6925
2026-04-22T03:00:00Z,115.73650899060138,121.2325
2026-04-22T04:00:00Z,139.8479678097629,139.8425
2026-04-22T05:00:00Z,128.5542750061607,134.7975
2026-04-22T06:00:00Z,107.71037182529332,113.865
2026-04-22T07:00:00Z,49.75439592574098,79.555
2026-04-22T08:00:00Z,15.44207841008808,20.155
2026-04-22T09:00:00Z,-15.105543776402413,-2.42
2026-04-22T10:00:00Z,-70.24985559466259,-8.8325
2026-04-22T11:00:00Z,-76.35693989964935,-20.985
2026-04-22T12:00:00Z,-73.0167746277068,-19.0
2026-04-22T13:00:00Z,-44.24163138307705,-4.92
2026-04-22T14:00:00Z,1.262413844996843,-0.0099999999999998
2026-04-22T15:00:00Z,64.98674263661837,57.405
2026-04-22T16:00:00Z,115.63808290015389,105.2975
2026-04-22T17:00:00Z,142.6654263961622,140.1175
2026-04-22T18:00:00Z,150.55835506580405,153.91
2026-04-22T19:00:00Z,131.48015626615538,128.51
2026-04-22T20:00:00Z,119.53743091731461,114.45
2026-04-22T21:00:00Z,107.24053643146041,105.0775
2026-04-22T22:00:00Z,98.57830647961593,100.14
2026-04-22T23:00:00Z,94.36095261753592,97.625
2026-04-23T00:00:00Z,87.61587864446773,96.735
2026-04-23T01:00:00Z,87.76200769859692,96.2075
2026-04-23T02:00:00Z,88.69995776155274,95.85
2026-04-23T03:00:00Z,99.78958924028382,104.16
2026-04-23T04:00:00Z,115.39733573916858,119.0
2026-04-23T05:00:00Z,119.19918168878067,119.4
2026-04-23T06:00:00Z,94.36736980928762,109.6975
2026-04-23T07:00:00Z,36.96111132230823,63.2925
2026-04-23T08:00:00Z,3.8377694020087643,-0.5625
2026-04-23T09:00:00Z,-34.40802489505496,-6.175
2026-04-23T10:00:00Z,-67.9453026671044,-29.0075
2026-04-23T11:00:00Z,-71.27342656240062,-49.56
2026-04-23T12:00:00Z,-70.67683915858107,-48.8625
2026-04-23T13:00:00Z,-36.66154985996874,-22.89
2026-04-23T14:00:00Z,-6.909339396897049,-1.93
2026-04-23T15:00:00Z,7.822893090698386,21.9675
2026-04-23T16:00:00Z,83.47506913678652,93.5725
2026-04-23T17:00:00Z,111.60136563922143,121.5
2026-04-23T18:00:00Z,119.77288356275473,136.955
2026-04-23T19:00:00Z,109.21548717175665,116.2875
2026-04-23T20:00:00Z,100.11389995916034,108.235
2026-04-23T21:00:00Z,92.452269487357,99.4575
2026-04-23T22:00:00Z,88.61795348535227,102.455
2026-04-23T23:00:00Z,77.81482105572834,100.13
2026-04-24T00:00:00Z,71.08684776141189,100.71
2026-04-24T01:00:00Z,82.34163169066991,101.69
2026-04-24T02:00:00Z,91.20634269838013,105.3575
2026-04-24T03:00:00Z,98.54599668287132,116.305
2026-04-24T04:00:00Z,116.80658870722424,131.8725
2026-04-24T05:00:00Z,123.70058892134671,137.9875
2026-04-24T06:00:00Z,106.33610894509812,117.685
2026-04-24T07:00:00Z,64.29264174310852,80.905
2026-04-24T08:00:00Z,14.739352566073574,19.5725
2026-04-24T09:00:00Z,-1.738829519790039,-0.035
2026-04-24T10:00:00Z,-27.642059287144477,-6.9075
2026-04-24T11:00:00Z,-43.07260220499079,-26.14
2026-04-24T12:00:00Z,-36.82385278209904,-30.0025
2026-04-24T13:00:00Z,-22.37292852403409,-16.555
2026-04-24T14:00:00Z,-3.644078932871413,-1.6124999999999998
2026-04-24T15:00:00Z,23.00274566368362,50.9075
2026-04-24T16:00:00Z,94.5337937086086,104.8175
2026-04-24T17:00:00Z,122.00016997399763,133.81
2026-04-24T18:00:00Z,138.57629546410436,137.34
2026-04-24T19:00:00Z,122.59149920156142,131.025
2026-04-24T20:00:00Z,112.66007902136413,121.8775
2026-04-24T21:00:00Z,104.56142817654471,113.4425
2026-04-24T22:00:00Z,92.69183713793971,100.625
2026-04-24T23:00:00Z,88.07413888204424,95.54
2026-04-25T00:00:00Z,82.77230834792127,95.12
2026-04-25T01:00:00Z,75.74993485135055,95.1575
2026-04-25T02:00:00Z,77.17344347974881,88.4575
2026-04-25T03:00:00Z,79.20993575612596,88.03
2026-04-25T04:00:00Z,83.76907630085397,83.1825
2026-04-25T05:00:00Z,71.38243682247042,71.3625
2026-04-25T06:00:00Z,39.26331563249806,20.035
2026-04-25T07:00:00Z,13.465485073491687,-0.0424999999999999
2026-04-25T08:00:00Z,-6.658387382806287,-7.27
2026-04-25T09:00:00Z,-49.40267562946453,-42.1425
2026-04-25T10:00:00Z,-57.133503081743115,-100.5125
2026-04-25T11:00:00Z,-71.07793294610737,-176.4425
2026-04-25T12:00:00Z,-82.22622471552091,-190.865
2026-04-25T13:00:00Z,-84.41451493870339,-133.8025
2026-04-25T14:00:00Z,-39.794973357703455,-53.975
2026-04-25T15:00:00Z,-12.521132808995768,-5.245
2026-04-25T16:00:00Z,16.245023419408597,4.615
2026-04-25T17:00:00Z,60.71328386585588,65.19749999999999
2026-04-25T18:00:00Z,76.38057985930588,75.42
2026-04-25T19:00:00Z,52.47438594574689,72.005
2026-04-25T20:00:00Z,41.8731453012798,72.6775
2026-04-25T21:00:00Z,31.23773017456794,69.97999999999999
2026-04-25T22:00:00Z,47.58207064269201,79.44
2026-04-25T23:00:00Z,54.6235175741191,83.595
2026-04-26T00:00:00Z,61.48567312818676,87.1
2026-04-26T01:00:00Z,81.54602415187937,90.4875
2026-04-26T02:00:00Z,97.80212299456625,94.1525
2026-04-26T03:00:00Z,107.67717789139364,98.64
2026-04-26T04:00:00Z,110.12400854477698,94.185
2026-04-26T05:00:00Z,104.05938724601911,83.1525
2026-04-26T06:00:00Z,55.822950987852565,54.3125
2026-04-26T07:00:00Z,0.5078394495267435,-0.01
2026-04-26T08:00:00Z,-58.84369391366351,-28.185
2026-04-26T09:00:00Z,-87.31148192272266,-127.365
2026-04-26T10:00:00Z,-104.06486323044807,-259.96000000000004
2026-04-26T11:00:00Z,-118.29840174739016,-413.77
2026-04-26T12:00:00Z,-107.73250951586392,-413.245
2026-04-26T13:00:00Z,-94.6590105027706,-235.8925
2026-04-26T14:00:00Z,-26.255521577196955,-37.305
2026-04-26T15:00:00Z,42.088495897498944,11.177499999999998
2026-04-26T16:00:00Z,126.40379568877582,113.0975
2026-04-26T17:00:00Z,152.2538017686046,150.2875
2026-04-26T18:00:00Z,167.3208600580096,157.815
2026-04-26T19:00:00Z,148.89006961690683,140.6525
2026-04-26T20:00:00Z,136.90023174362082,126.4075
2026-04-26T21:00:00Z,127.72608728767055,122.875
2026-04-26T22:00:00Z,120.44497278506667,118.4475
2026-04-26T23:00:00Z,115.9830401129707,113.03
2026-04-27T00:00:00Z,113.7560882000532,112.71
2026-04-27T01:00:00Z,113.984977701162,112.825
2026-04-27T02:00:00Z,113.86065769694588,116.74
2026-04-27T03:00:00Z,133.2661815732726,125.6675
2026-04-27T04:00:00Z,150.24069201507777,165.5675
2026-04-27T05:00:00Z,147.87284716776983,153.69
2026-04-27T06:00:00Z,133.22860624010949,126.5475
2026-04-27T07:00:00Z,90.64091197295419,92.5275
2026-04-27T08:00:00Z,20.971296116915408,59.1425
2026-04-27T09:00:00Z,-4.4437400354228185,4.14
2026-04-27T10:00:00Z,-13.727346819381191,-0.0975
2026-04-27T11:00:00Z,-25.223008828836956,-0.83
2026-04-27T12:00:00Z,-14.795870839540777,-0.1625
2026-04-27T13:00:00Z,0.5501797576204546,5.1425
2026-04-27T14:00:00Z,52.72842248807677,68.66499999999999
2026-04-27T15:00:00Z,98.14118565689563,107.185
2026-04-27T16:00:00Z,131.88518117915172,129.8525
2026-04-27T17:00:00Z,160.0823768342589,172.3
2026-04-27T18:00:00Z,162.31252159236715,188.1175
2026-04-27T19:00:00Z,141.49067643072468,148.46
2026-04-27T20:00:00Z,126.31275524494241,125.6475
2026-04-27T21:00:00Z,117.10697878501502,115.2025
2026-04-27T22:00:00Z,105.64814652750783,112.66
2026-04-27T23:00:00Z,103.94890569900343,106.9025
2026-04-28T00:00:00Z,97.69462922639838,102.98
2026-04-28T01:00:00Z,98.80965373312372,102.83
2026-04-28T02:00:00Z,100.90184681999096,105.2775
2026-04-28T03:00:00Z,112.97715732411227,111.835
2026-04-28T04:00:00Z,125.30263905720955,122.1
2026-04-28T05:00:00Z,122.37473540951949,121.43
2026-04-28T06:00:00Z,106.22379479702181,112.315
2026-04-28T07:00:00Z,70.44697033002114,79.7775
2026-04-28T08:00:00Z,11.852154895917115,21.815
2026-04-28T09:00:00Z,-3.503682207497492,-1.085
2026-04-28T10:00:00Z,-32.32682521864536,-14.0425
2026-04-28T11:00:00Z,-45.50898337977403,-29.0
2026-04-28T12:00:00Z,-43.57814587304894,-29.0075
2026-04-28T13:00:00Z,-14.3779242943917,-17.33
2026-04-28T14:00:00Z,-0.15514957939234086,-4.655
2026-04-28T15:00:00Z,37.35093086065434,33.315
2026-04-28T16:00:00Z,89.55381094001226,90.1
2026-04-28T17:00:00Z,118.07050545522281,117.4
2026-04-28T18:00:00Z,127.0452423672062,120.9725
2026-04-28T19:00:00Z,112.4845245600857,115.8275
2026-04-28T20:00:00Z,100.24329075193988,111.295
2026-04-28T21:00:00Z,91.86277366098044,101.77
2026-04-28T22:00:00Z,86.4986563095353,98.2075
2026-04-28T23:00:00Z,86.3813044172514,96.725
2026-04-29T00:00:00Z,85.83416236947768,97.9175
2026-04-29T01:00:00Z,89.17097722545967,98.5275
2026-04-29T02:00:00Z,97.0921798255712,100.65
2026-04-29T03:00:00Z,109.67850363366931,107.905
2026-04-29T04:00:00Z,124.52315699120008,139.7975
2026-04-29T05:00:00Z,126.42290670232019,126.8475
2026-04-29T06:00:00Z,102.45547321875473,112.365
2026-04-29T07:00:00Z,45.06502269492031,66.42
2026-04-29T08:00:00Z,10.95046980282842,-1.0775
2026-04-29T09:00:00Z,-27.37768841782732,-11.5675
2026-04-29T10:00:00Z,-46.85376586490971,-33.765
2026-04-29T11:00:00Z,-71.73745839891485,-60.3625
2026-04-29T12:00:00Z,-68.179924749585,-55.4325
2026-04-29T13:00:00Z,-32.42681998174586,-36.22
2026-04-29T14:00:00Z,-2.54411951494727,-11.25
2026-04-29T15:00:00Z,29.777269095082303,19.645
2026-04-29T16:00:00Z,90.95753124210395,91.145
2026-04-29T17:00:00Z,128.10712892600088,125.81
2026-04-29T18:00:00Z,137.8742714733649,145.5925
2026-04-29T19:00:00Z,121.58831175881944,129.95
2026-04-29T20:00:00Z,105.83189967514743,115.6575
2026-04-29T21:00:00Z,98.78064504628223,105.0975
2026-04-29T22:00:00Z,92.22791782970248,100.32
2026-04-29T23:00:00Z,92.94421965763173,100.11
2026-04-30T00:00:00Z,90.37601471762642,98.57
2026-04-30T01:00:00Z,96.79383761658254,99.4775
2026-04-30T02:00:00Z,98.41982198008256,104.09
2026-04-30T03:00:00Z,109.50776728152978,114.1025
2026-04-30T04:00:00Z,127.70781034475341,139.12
2026-04-30T05:00:00Z,122.07360918723549,122.285
2026-04-30T06:00:00Z,91.05649795048845,96.2175
2026-04-30T07:00:00Z,22.152203742443284,45.555
2026-04-30T08:00:00Z,-5.722800603933152,-0.0375
2026-04-30T09:00:00Z,-42.75073378394998,-3.875
2026-04-30T10:00:00Z,-72.93009826715706,-16.2525
2026-04-30T11:00:00Z,-83.4345214553324,-32.02
2026-04-30T12:00:00Z,-81.05666870192715,-28.93
2026-04-30T13:00:00Z,-42.78205956845207,-12.05
2026-04-30T14:00:00Z,-4.726528200808733,-2.2925
2026-04-30T15:00:00Z,21.950069747671243,20.58
2026-04-30T16:00:00Z,92.31549268280963,92.43
2026-04-30T17:00:00Z,129.64916666814688,139.0875
2026-04-30T18:00:00Z,141.4807529177962,178.62
2026-04-30T19:00:00Z,127.48884493399,145.84
2026-04-30T20:00:00Z,115.03901813484971,118.92
2026-04-30T21:00:00Z,103.62653664241594,109.6075
2026-04-30T22:00:00Z,95.75599670102,107.2275
2026-04-30T23:00:00Z,94.85671566543914,103.085
2026-05-01T00:00:00Z,92.02793266376379,101.385
2026-05-01T01:00:00Z,94.29530751023405,99.245
2026-05-01T02:00:00Z,95.25077596770575,97.98
2026-05-01T03:00:00Z,101.3820981251245,97.495
2026-05-01T04:00:00Z,99.89299533949425,103.7675
2026-05-01T05:00:00Z,83.85256733327999,80.34
2026-05-01T06:00:00Z,33.45239732609477,35.3325
2026-05-01T07:00:00Z,0.009403121590962037,-0.0275
2026-05-01T08:00:00Z,-59.524702504645916,-21.18
2026-05-01T09:00:00Z,-94.756338273635,-108.6175
2026-05-01T10:00:00Z,-107.73385013345329,-318.58
2026-05-01T11:00:00Z,-114.80210873409895,-499.0
2026-05-01T12:00:00Z,-114.85451770791222,-474.9675
2026-05-01T13:00:00Z,-111.59372036507418,-205.8775
2026-05-01T14:00:00Z,-54.29502280847282,-26.2475
2026-05-01T15:00:00Z,-6.77599029735134,5.555
2026-05-01T16:00:00Z,106.18649935421307,92.53
2026-05-01T17:00:00Z,141.3647673167336,154.19
2026-05-01T18:00:00Z,145.9905442022979,173.325
2026-05-01T19:00:00Z,132.3888583595848,142.95
2026-05-01T20:00:00Z,123.46711996408109,113.2225
2026-05-01T21:00:00Z,96.64719275841968,96.9825
2026-05-01T22:00:00Z,93.59931798431857,117.425
2026-05-01T23:00:00Z,79.74575391282818,103.7125
2026-05-02T00:00:00Z,62.33862031010677,99.4775
2026-05-02T01:00:00Z,61.859188074532405,93.335
2026-05-02T02:00:00Z,53.11531915148174,93.545
2026-05-02T03:00:00Z,55.12533096588848,93.6975
2026-05-02T04:00:00Z,51.09203110153469,91.78
2026-05-02T05:00:00Z,24.249311838611195,78.0125
2026-05-02T06:00:00Z,-7.023298955915903,18.27
2026-05-02T07:00:00Z,-20.623746457435264,1.27
2026-05-02T08:00:00Z,-60.19749123725123,-2.3875
2026-05-02T09:00:00Z,-109.69704158277641,-21.9125
2026-05-02T10:00:00Z,-111.04902782005729,-83.6075
2026-05-02T11:00:00Z,-111.09273593677179,-130.0275
2026-05-02T12:00:00Z,-110.51918943552252,-86.8425
2026-05-02T13:00:00Z,-86.01774444569166,-14.0375
2026-05-02T14:00:00Z,-29.616134844577946,0.0325
2026-05-02T15:00:00Z,2.379189752473445,54.945
2026-05-02T16:00:00Z,95.77797132891173,127.14
2026-05-02T17:00:00Z,130.91472502424958,165.0
2026-05-02T18:00:00Z,142.93650178178947,195.45
2026-05-02T19:00:00Z,139.989719523452,154.32
2026-05-02T20:00:00Z,118.01960395481376,139.96
2026-05-02T21:00:00Z,109.61612400104406,123.865
2026-05-02T22:00:00Z,110.95347505726726,121.195
2026-05-02T23:00:00Z,106.29543279237095,116.0325
2026-05-03T00:00:00Z,103.16955497334622,110.1625
2026-05-03T01:00:00Z,101.62531559348255,108.4775
2026-05-03T02:00:00Z,104.85046666718573,106.2925
2026-05-03T03:00:00Z,107.95639936222048,107.0725
2026-05-03T04:00:00Z,100.58403999509912,101.7
2026-05-03T05:00:00Z,85.24360760751372,85.3375
2026-05-03T06:00:00Z,5.672540139085601,71.7375
2026-05-03T07:00:00Z,-3.5619343556408114,32.6575
2026-05-03T08:00:00Z,-20.090019990151674,1.2875
2026-05-03T09:00:00Z,-54.80365166045971,-1.4275
2026-05-03T10:00:00Z,-66.05058179840013,-6.79
2026-05-03T11:00:00Z,-71.27390376654262,-14.435
2026-05-03T12:00:00Z,-48.95107695920461,-10.8825
2026-05-03T13:00:00Z,-18.983844816569544,-3.9675
2026-05-03T14:00:00Z,-3.146975426736084,9.1325
2026-05-03T15:00:00Z,32.98800785704084,80.7075
2026-05-03T16:00:00Z,98.0952953347032,120.5725
2026-05-03T17:00:00Z,125.48329138167311,134.795
2026-05-03T18:00:00Z,135.11140994027204,140.87
2026-05-03T19:00:00Z,129.7819567897089,137.31
2026-05-03T20:00:00Z,121.61840712871344,130.3775
2026-05-03T21:00:00Z,112.45212819707483,121.115
2026-05-03T22:00:00Z,105.50756106720735,117.355
2026-05-03T23:00:00Z,103.98576071432181,108.41
2026-05-04T00:00:00Z,99.72456443571018,110.5575
2026-05-04T01:00:00Z,99.13088584596298,106.3475
2026-05-04T02:00:00Z,101.38902459747615,109.9075
2026-05-04T03:00:00Z,118.31276737730005,128.8825
2026-05-04T04:00:00Z,154.58792187526737,149.5475
2026-05-04T05:00:00Z,139.6192518338985,151.26749999999998
2026-05-04T06:00:00Z,127.68360862400738,134.6025
2026-05-04T07:00:00Z,102.96766766236865,113.625
2026-05-04T08:00:00Z,75.05389793768201,99.99
2026-05-04T09:00:00Z,51.00023024325564,93.095
2026-05-04T10:00:00Z,33.09031604316096,75.065
2026-05-04T11:00:00Z,31.782059928094526,69.4075
2026-05-04T12:00:00Z,52.11988371472158,81.0775
2026-05-04T13:00:00Z,73.2686041227768,94.0025
2026-05-04T14:00:00Z,96.96938461287922,107.9675
2026-05-04T15:00:00Z,112.98865659981925,128.9925
2026-05-04T16:00:00Z,143.0014768573701,169.0
2026-05-04T17:00:00Z,173.48378687428684,245.03
2026-05-04T18:00:00Z,175.3365132926639,266.83500000000004
2026-05-04T19:00:00Z,160.832159162312,194.3
2026-05-04T20:00:00Z,142.5428448726093,153.04500000000002
2026-05-04T21:00:00Z,127.84131811185422,137.2
2026-05-04T22:00:00Z,126.24561527642135,131.36
2026-05-04T23:00:00Z,118.64122820647248,126.2
2026-05-05T00:00:00Z,116.11004212363761,122.11
2026-05-05T01:00:00Z,114.97728715720055,122.045
2026-05-05T02:00:00Z,117.36165257263454,123.9
2026-05-05T03:00:00Z,133.1672896431901,133.9025
2026-05-05T04:00:00Z,145.9887197085876,160.1125
2026-05-05T05:00:00Z,146.15874760434582,160.765
2026-05-05T06:00:00Z,135.9210964848634,147.23250000000002
2026-05-05T07:00:00Z,122.09777227636685,129.61
2026-05-05T08:00:00Z,108.37066568470324,114.12
2026-05-05T09:00:00Z,100.66264665538651,108.2575
2026-05-05T10:00:00Z,88.54429144076889,99.0925
2026-05-05T11:00:00Z,89.95554663619859,98.055
2026-05-05T12:00:00Z,98.10926957482364,97.745
2026-05-05T13:00:00Z,107.68763407342476,105.99
2026-05-05T14:00:00Z,112.86620432308239,111.9775
2026-05-05T15:00:00Z,123.06834068536874,128.67000000000002
2026-05-05T16:00:00Z,136.8659938352222,145.7625
2026-05-05T17:00:00Z,162.14984794257472,163.685
2026-05-05T18:00:00Z,167.90529377889973,163.9025
2026-05-05T19:00:00Z,139.25892822068062,146.9975
2026-05-05T20:00:00Z,126.69057270559954,132.745
2026-05-05T21:00:00Z,117.6193981964485,115.2925
2026-05-05T22:00:00Z,108.41523668909991,120.035
2026-05-05T23:00:00Z,107.2536939987168,114.23
2026-05-06T00:00:00Z,99.20806348211678,113.165
2026-05-06T01:00:00Z,99.4718965170826,112.995
2026-05-06T02:00:00Z,98.38745430697507,113.34
2026-05-06T03:00:00Z,104.70742353559505,118.225
2026-05-06T04:00:00Z,123.64288961517985,131.14
2026-05-06T05:00:00Z,132.10963245360918,142.45
2026-05-06T06:00:00Z,125.29536047985106,141.55
2026-05-06T07:00:00Z,113.1657097825748,121.305
2026-05-06T08:00:00Z,102.68258604426065,108.8
2026-05-06T09:00:00Z,90.90420024512457,104.12
2026-05-06T10:00:00Z,75.06085827705758,100.0925
2026-05-06T11:00:00Z,67.29412575999227,89.34
2026-05-06T12:00:00Z,73.97397076120481,91.33
2026-05-06T13:00:00Z,80.73236511457819,103.125
2026-05-06T14:00:00Z,101.37887309867982,112.6625
2026-05-06T15:00:00Z,115.85438518961,125.0525
2026-05-06T16:00:00Z,124.96771355880448,137.91
2026-05-06T17:00:00Z,136.89356757097548,154.605
2026-05-06T18:00:00Z,143.66669884656108,156.915
2026-05-06T19:00:00Z,132.98907556294077,154.61
2026-05-06T20:00:00Z,123.20213044539962,143.4125
2026-05-06T21:00:00Z,118.35194090866531,128.26
2026-05-06T22:00:00Z,108.45817634706982,125.1525
2026-05-06T23:00:00Z,104.74494570152208,116.485
2026-05-07T00:00:00Z,103.23438861683195,115.2575
2026-05-07T01:00:00Z,104.31414211977737,116.49
2026-05-07T02:00:00Z,105.58703756144904,119.1375
2026-05-07T03:00:00Z,117.6581864469902,126.875
2026-05-07T04:00:00Z,136.28541815766528,151.0
2026-05-07T05:00:00Z,140.50083771856737,167.29250000000002
2026-05-07T06:00:00Z,137.156537066929,155.5925
2026-05-07T07:00:00Z,119.59284730674902,136.41
2026-05-07T08:00:00Z,106.66439153983221,120.1325
2026-05-07T09:00:00Z,100.32154212132784,113.525
2026-05-07T10:00:00Z,95.44892409121789,103.9225
2026-05-07T11:00:00Z,89.09009568677766,101.915
2026-05-07T12:00:00Z,86.41956526853274,101.73
2026-05-07T13:00:00Z,92.00185410049383,107.445
2026-05-07T14:00:00Z,100.82521380560719,117.9975
2026-05-07T15:00:00Z,113.979883854765,132.56
2026-05-07T16:00:00Z,131.86706534600873,148.70499999999998
2026-05-07T17:00:00Z,158.8938888195925,185.655
2026-05-07T18:00:00Z,175.50128055375293,221.4775
2026-05-07T19:00:00Z,161.58547987288446,182.715
2026-05-07T20:00:00Z,139.99238344951993,154.435
2026-05-07T21:00:00Z,125.63045871323318,142.7575
2026-05-07T22:00:00Z,122.15479188275823,130.3425
2026-05-07T23:00:00Z,113.21367281584197,120.66
2026-05-08T00:00:00Z,110.73467498082013,118.215
2026-05-08T01:00:00Z,111.44802998298243,116.9775
2026-05-08T02:00:00Z,115.06366417071754,118.565
2026-05-08T03:00:00Z,124.16494777182514,126.185
2026-05-08T04:00:00Z,139.76015771753654,143.6
2026-05-08T05:00:00Z,135.16792362413238,147.0275
2026-05-08T06:00:00Z,118.98695634155808,137.4
2026-05-08T07:00:00Z,97.47783721064556,115.2475
2026-05-08T08:00:00Z,47.192942630640005,97.7475
2026-05-08T09:00:00Z,34.004403551093496,75.81
2026-05-08T10:00:00Z,25.871113866951944,65.37
2026-05-08T11:00:00Z,24.893645956329905,58.7075
2026-05-08T12:00:00Z,24.62690262964219,64.34
2026-05-08T13:00:00Z,31.041323750588354,81.8925
2026-05-08T14:00:00Z,57.75409866488178,94.0625
2026-05-08T15:00:00Z,100.09939353693443,109.5
2026-05-08T16:00:00Z,119.69452205838316,127.815
2026-05-08T17:00:00Z,145.14981190971585,143.54250000000002
2026-05-08T18:00:00Z,162.06054516025029,152.9775
2026-05-08T19:00:00Z,133.1900252793887,138.9
2026-05-08T20:00:00Z,115.45979843627865,127.5025
2026-05-08T21:00:00Z,108.00456068429474,119.14
2026-05-08T22:00:00Z,108.30248225771328,127.6925
2026-05-08T23:00:00Z,105.92844504373231,123.4075
2026-05-09T00:00:00Z,101.5785239874799,123.48
2026-05-09T01:00:00Z,101.76524991332278,124.3525
2026-05-09T02:00:00Z,104.45270058046016,125.7375
2026-05-09T03:00:00Z,107.66877353276284,126.4525
2026-05-09T04:00:00Z,105.79667140759577,127.5225
2026-05-09T05:00:00Z,102.98655493696977,118.67
2026-05-09T06:00:00Z,63.13424023645203,107.6725
2026-05-09T07:00:00Z,29.4847413442053,68.3075
2026-05-09T08:00:00Z,-5.453379363560512,9.9275
2026-05-09T09:00:00Z,-45.154116786854054,-0.015
2026-05-09T10:00:00Z,-50.03260990262428,-0.0625
2026-05-09T11:00:00Z,-48.52880523828355,-0.09
2026-05-09T12:00:00Z,-13.331067162965638,-0.0125
2026-05-09T13:00:00Z,-14.528072249820855,0.0025
2026-05-09T14:00:00Z,8.188476293616183,27.715000000000003
2026-05-09T15:00:00Z,41.270051858306495,93.69
2026-05-09T16:00:00Z,101.47405232321434,123.19
2026-05-09T17:00:00Z,136.20487633010947,138.5075
2026-05-09T18:00:00Z,152.2026835402816,146.965
2026-05-09T19:00:00Z,142.65984573861004,143.485
2026-05-09T20:00:00Z,126.60143546768217,136.3
2026-05-09T21:00:00Z,116.68185418464371,127.0875
2026-05-09T22:00:00Z,117.38336451328914,128.0925
2026-05-09T23:00:00Z,111.8453070739706,125.4475
2026-05-10T00:00:00Z,110.5046255148703,125.4325
2026-05-10T01:00:00Z,111.29185778395097,123.4825
2026-05-10T02:00:00Z,116.10387433552047,124.1975
2026-05-10T03:00:00Z,115.79913898995117,123.94
2026-05-10T04:00:00Z,107.30779170323646,115.14
2026-05-10T05:00:00Z,96.94228892472061,101.1675
2026-05-10T06:00:00Z,57.559857445785326,70.835
2026-05-10T07:00:00Z,5.929463838847809,11.18
2026-05-10T08:00:00Z,-28.5729891130685,0.0025
2026-05-10T09:00:00Z,-60.20345142143575,-0.6699999999999999
2026-05-10T10:00:00Z,-76.00866383509394,-1.88
2026-05-10T11:00:00Z,-84.40019681760235,-2.165
2026-05-10T12:00:00Z,-50.782304154211886,-1.4
2026-05-10T13:00:00Z,-19.319860898350857,-0.255
2026-05-10T14:00:00Z,-2.1524578037197917,1.8825
2026-05-10T15:00:00Z,37.90329801371305,71.005
2026-05-10T16:00:00Z,98.39540746144772,110.9425
2026-05-10T17:00:00Z,121.25382643813222,122.0
2026-05-10T18:00:00Z,131.38400422192748,129.3175
2026-05-10T19:00:00Z,126.503496752405,128.515
2026-05-10T20:00:00Z,120.48254321481953,124.14
2026-05-10T21:00:00Z,116.99832150324531,119.8375
2026-05-10T22:00:00Z,111.23316174101811,118.785
2026-05-10T23:00:00Z,111.1109231142515,112.335
2026-05-11T00:00:00Z,104.95309377860774,110.4275
2026-05-11T01:00:00Z,105.01791996468985,112.6575
2026-05-11T02:00:00Z,112.23318432215252,113.0925
2026-05-11T03:00:00Z,125.93985351326258,122.1375
2026-05-11T04:00:00Z,151.72430719477902,136.475
2026-05-11T05:00:00Z,150.8776688136358,154.0475
2026-05-11T06:00:00Z,149.24017350314898,150.0125
2026-05-11T07:00:00Z,121.07623137986654,136.79999999999998
2026-05-11T08:00:00Z,102.7558292892136,126.3075
2026-05-11T09:00:00Z,92.77491909037204,113.4325
2026-05-11T10:00:00Z,78.78337894348648,105.485
2026-05-11T11:00:00Z,68.55758114438295,98.78
2026-05-11T12:00:00Z,54.85856446546328,95.98
2026-05-11T13:00:00Z,53.76950523545459,96.2
2026-05-11T14:00:00Z,71.96266528393994,100.49
2026-05-11T15:00:00Z,85.75041536134476,116.3025
2026-05-11T16:00:00Z,101.95686887062894,122.98
2026-05-11T17:00:00Z,116.35243762035422,130.7175
2026-05-11T18:00:00Z,120.87613534228238,131.12
2026-05-11T19:00:00Z,109.07269490620689,127.8725
2026-05-11T20:00:00Z,99.30235114204376,120.765
2026-05-11T21:00:00Z,85.8188011742112,108.9525
2026-05-11T22:00:00Z,75.44059915492502,99.065
2026-05-11T23:00:00Z,70.32427577098439,95.275
2026-05-12T00:00:00Z,67.55969610089232,91.73
2026-05-12T01:00:00Z,68.53632552877326,89.8975
2026-05-12T02:00:00Z,74.70110201462025,91.375
2026-05-12T03:00:00Z,77.54915480912048,94.0025
2026-05-12T04:00:00Z,95.13114792118462,111.2625
2026-05-12T05:00:00Z,94.722277782392,122.575
2026-05-12T06:00:00Z,81.45503069411794,112.145
2026-05-12T07:00:00Z,59.78802103419093,94.075
2026-05-12T08:00:00Z,31.805109095860256,79.5575
2026-05-12T09:00:00Z,27.21907060016748,63.535
2026-05-12T10:00:00Z,18.322261113246032,45.91
2026-05-12T11:00:00Z,8.672440342660135,27.33
2026-05-12T12:00:00Z,4.9335551631475125,19.9725
2026-05-12T13:00:00Z,3.847176249353055,44.760000000000005
2026-05-12T14:00:00Z,9.727996337431692,74.405
2026-05-12T15:00:00Z,58.14119454229909,96.0
2026-05-12T16:00:00Z,91.95293518353535,114.88
2026-05-12T17:00:00Z,122.23437535468263,136.2775
2026-05-12T18:00:00Z,137.67645391990513,142.985
2026-05-12T19:00:00Z,132.14499474249408,142.7425
2026-05-12T20:00:00Z,119.2683389961961,131.225
2026-05-12T21:00:00Z,106.17865809009832,118.345
2026-05-12T22:00:00Z,96.39973474983881,114.33
2026-05-12T23:00:00Z,84.40072790423385,106.2175
2026-05-13T00:00:00Z,83.75221420345008,104.3575
2026-05-13T01:00:00Z,84.28845588738699,107.435
2026-05-13T02:00:00Z,89.24250698186148,111.195
2026-05-13T03:00:00Z,101.92474361917763,120.0
2026-05-13T04:00:00Z,119.32283586291469,137.1825
2026-05-13T05:00:00Z,127.58278739719776,141.1225
2026-05-13T06:00:00Z,110.54125879113263,126.7
2026-05-13T07:00:00Z,84.38608008554797,102.525
2026-05-13T08:00:00Z,50.38966471750086,86.44
2026-05-13T09:00:00Z,42.02006069760035,83.7775
2026-05-13T10:00:00Z,26.094060279061658,74.10249999999999
2026-05-13T11:00:00Z,14.279172860100998,71.77250000000001
2026-05-13T12:00:00Z,14.224964324009573,70.2025
2026-05-13T13:00:00Z,32.278964482222996,82.2675
2026-05-13T14:00:00Z,66.59861336032569,92.375
2026-05-13T15:00:00Z,100.87096212784172,112.6025
2026-05-13T16:00:00Z,127.54091552723166,132.355
2026-05-13T17:00:00Z,142.50348659121005,151.4925
2026-05-13T18:00:00Z,151.75191251974744,171.26749999999998
2026-05-13T19:00:00Z,147.83239284806587,160.04500000000002
2026-05-13T20:00:00Z,134.5633111983491,142.20499999999998
2026-05-13T21:00:00Z,121.5370935371112,123.095
2026-05-13T22:00:00Z,109.35376904053764,130.54
2026-05-13T23:00:00Z,103.04720528126425,121.75
2026-05-14T00:00:00Z,102.66980888514578,119.225
2026-05-14T01:00:00Z,97.86131516125516,115.6375
2026-05-14T02:00:00Z,97.79848795934996,112.9175
2026-05-14T03:00:00Z,96.78012255136282,112.045
2026-05-14T04:00:00Z,93.46964246631589,111.405
2026-05-14T05:00:00Z,80.40918207137283,108.09
2026-05-14T06:00:00Z,68.14858012660852,99.2575
2026-05-14T07:00:00Z,46.010676093065214,85.15
2026-05-14T08:00:00Z,16.95449623051903,58.6425
2026-05-14T09:00:00Z,11.454806753043648,35.5675
2026-05-14T10:00:00Z,2.6757159373145942,16.055
2026-05-14T11:00:00Z,-2.2216589448811837,7.5525
2026-05-14T12:00:00Z,-4.375536059722464,4.6025
2026-05-14T13:00:00Z,-1.8683956833331838,17.8475
2026-05-14T14:00:00Z,10.52872465947401,66.9125
2026-05-14T15:00:00Z,68.77599447092673,94.76
2026-05-14T16:00:00Z,106.6897817446488,126.0
2026-05-14T17:00:00Z,133.02320240496147,142.5825
2026-05-14T18:00:00Z,158.8288506481051,150.4475
2026-05-14T19:00:00Z,151.7200568658659,152.2025
2026-05-14T20:00:00Z,137.44208691785195,150.91
2026-05-14T21:00:00Z,133.5374876726682,136.32
2026-05-14T22:00:00Z,127.7516102165567,137.9725
2026-05-14T23:00:00Z,121.59794390723361,131.3725
2026-05-15T00:00:00Z,118.67371621278737,126.3125
2026-05-15T01:00:00Z,117.4707760437011,121.9375
2026-05-15T02:00:00Z,116.61688392042927,123.7125
2026-05-15T03:00:00Z,124.20903103857036,127.16
2026-05-15T04:00:00Z,135.19606405140667,136.1
2026-05-15T05:00:00Z,126.52806882105016,132.515
2026-05-15T06:00:00Z,115.94865778804635,123.995
2026-05-15T07:00:00Z,85.2919463129132,104.54
2026-05-15T08:00:00Z,55.633924889473754,81.7825
2026-05-15T09:00:00Z,25.509702067845634,66.8175
2026-05-15T10:00:00Z,10.752867288267842,54.3025
2026-05-15T11:00:00Z,2.3759719180526795,40.3225
2026-05-15T12:00:00Z,0.3038041391848695,40.1475
2026-05-15T13:00:00Z,5.214326944575875,51.0025
2026-05-15T14:00:00Z,36.52449008251149,77.32
2026-05-15T15:00:00Z,85.85123674661513,105.0475
2026-05-15T16:00:00Z,109.53189796929057,125.0425
2026-05-15T17:00:00Z,133.90405945405425,143.31
2026-05-15T18:00:00Z,140.2714093820011,153.455
2026-05-15T19:00:00Z,137.54425123206929,151.14499999999998
2026-05-15T20:00:00Z,125.64379861312153,144.685
2026-05-15T21:00:00Z,118.46115672191914,135.5125
2026-05-15T22:00:00Z,110.08202292678656,130.0
2026-05-15T23:00:00Z,107.72105312093368,121.7875
2026-05-16T00:00:00Z,100.6672481913136,117.5625
2026-05-16T01:00:00Z,96.98083579825703,116.0025
2026-05-16T02:00:00Z,93.83547774888186,114.02
2026-05-16T03:00:00Z,94.42042197215652,109.3425
2026-05-16T04:00:00Z,90.04986382821089,105.7075
2026-05-16T05:00:00Z,77.57552428173447,100.045
2026-05-16T06:00:00Z,50.15646339493415,86.9525
2026-05-16T07:00:00Z,12.168161939770508,43.9525
2026-05-16T08:00:00Z,-0.683437013939601,4.2025
2026-05-16T09:00:00Z,-3.551806675507915,-0.03
2026-05-16T10:00:00Z,-13.535502222296229,-1.195
2026-05-16T11:00:00Z,-18.179089786735478,-2.2
2026-05-16T12:00:00Z,-22.148064334163053,-1.9325
2026-05-16T13:00:00Z,-18.9241773102116,-0.9975
2026-05-16T14:00:00Z,-9.727548520976963,4.779999999999999
2026-05-16T15:00:00Z,1.9337315717113939,60.0925
2026-05-16T16:00:00Z,75.96588003038234,100.2225
2026-05-16T17:00:00Z,113.69083112491263,126.47
2026-05-16T18:00:00Z,139.73491792585776,139.9975
2026-05-16T19:00:00Z,142.90391106326885,140.6875
2026-05-16T20:00:00Z,132.96129554347894,135.99
2026-05-16T21:00:00Z,122.35190258237041,127.7
2026-05-16T22:00:00Z,118.63404289744884,127.7175
2026-05-16T23:00:00Z,111.39463205535266,119.0625
2026-05-17T00:00:00Z,109.08309451261736,115.565
2026-05-17T01:00:00Z,109.10256215101184,113.8975
2026-05-17T02:00:00Z,108.76874489422447,109.17
2026-05-17T03:00:00Z,111.30838810423064,105.445
2026-05-17T04:00:00Z,106.55729109032379,98.7925
2026-05-17T05:00:00Z,80.16417478667054,80.795
2026-05-17T06:00:00Z,27.851737554666013,53.8425
2026-05-17T07:00:00Z,-0.015099007122209029,18.97
2026-05-17T08:00:00Z,-19.230624561182204,3.49
2026-05-17T09:00:00Z,-26.246210241095117,0.56
2026-05-17T10:00:00Z,-22.390300593678976,0.8225
2026-05-17T11:00:00Z,-27.497458979975487,0.0
2026-05-17T12:00:00Z,-18.882814964193205,0.98
2026-05-17T13:00:00Z,-6.769628463758742,11.31
2026-05-17T14:00:00Z,8.025391361451783,52.4375
2026-05-17T15:00:00Z,63.91969202411112,100.315
2026-05-17T16:00:00Z,114.3407838418399,129.3875
2026-05-17T17:00:00Z,131.68730408722774,143.0675
2026-05-17T18:00:00Z,154.66955368163894,155.8
2026-05-17T19:00:00Z,150.2395503643404,156.70499999999998
2026-05-17T20:00:00Z,135.5668724819787,151.3675
2026-05-17T21:00:00Z,127.58757200778886,142.575
2026-05-17T22:00:00Z,123.74527775083533,134.6575
2026-05-17T23:00:00Z,121.69053090354369,125.9725
2026-05-18T00:00:00Z,111.77768569022639,125.9975
2026-05-18T01:00:00Z,117.51279447172811,126.3925
2026-05-18T02:00:00Z,122.59617587638121,129.36
2026-05-18T03:00:00Z,127.69580247635868,137.0225
2026-05-18T04:00:00Z,144.63223886454463,152.51749999999998
2026-05-18T05:00:00Z,142.6680499519891,160.075
2026-05-18T06:00:00Z,133.89480420329534,152.105
2026-05-18T07:00:00Z,105.33259065216468,125.88
2026-05-18T08:00:00Z,70.07318596531388,107.85
2026-05-18T09:00:00Z,57.4811372975778,100.0525
2026-05-18T10:00:00Z,53.43336473699232,94.895
2026-05-18T11:00:00Z,51.362544936859564,94.9775
2026-05-18T12:00:00Z,50.850760987429794,96.77
2026-05-18T13:00:00Z,62.975086113580446,102.405
2026-05-18T14:00:00Z,86.79249346801006,113.965
2026-05-18T15:00:00Z,117.9072019802695,134.065
2026-05-18T16:00:00Z,130.8223926254143,152.1375
2026-05-18T17:00:00Z,155.18322403423755,192.8525
2026-05-18T18:00:00Z,174.33948634461404,250.8975
2026-05-18T19:00:00Z,152.57670426821187,214.3375
2026-05-18T20:00:00Z,138.66321445956,160.6475
2026-05-18T21:00:00Z,134.2262383223853,148.89499999999998
2026-05-18T22:00:00Z,126.13417188047757,148.2525
2026-05-18T23:00:00Z,125.12499767541723,141.9425
2026-05-19T00:00:00Z,121.90056314332736,139.3225
2026-05-19T01:00:00Z,122.35111696780164,138.54000000000002
2026-05-19T02:00:00Z,122.21760905266096,141.5675
2026-05-19T03:00:00Z,131.70430565814965,146.92000000000002
2026-05-19T04:00:00Z,138.91635587566068,164.46
2026-05-19T05:00:00Z,134.63117988506136,153.7725
2026-05-19T06:00:00Z,125.3692127215443,131.855
2026-05-19T07:00:00Z,103.00378801314572,108.7425
2026-05-19T08:00:00Z,63.30829638289497,94.265
2026-05-19T09:00:00Z,40.798020971582616,82.08500000000001
2026-05-19T10:00:00Z,26.226645491493553,73.145
2026-05-19T11:00:00Z,25.379305090525158,73.7375
2026-05-19T12:00:00Z,26.864642060191343,79.81
2026-05-19T13:00:00Z,52.93780721641844,87.57
2026-05-19T14:00:00Z,87.87064358494244,102.25
2026-05-19T15:00:00Z,110.51158356106197,127.2925
2026-05-19T16:00:00Z,127.24602225103956,144.95
2026-05-19T17:00:00Z,150.79975272813982,172.485
2026-05-19T18:00:00Z,159.63844488171668,180.9025
2026-05-19T19:00:00Z,151.00799293059535,163.63
2026-05-19T20:00:00Z,128.65322527275043,145.545
2026-05-19T21:00:00Z,120.59463077719157,131.8025
2026-05-19T22:00:00Z,107.45591270558849,123.73
2026-05-19T23:00:00Z,103.33073383301169,114.635
2026-05-20T00:00:00Z,99.7819467213805,109.7525
2026-05-20T01:00:00Z,96.86546909410883,109.9725
2026-05-20T02:00:00Z,102.75070550616651,110.41
2026-05-20T03:00:00Z,107.74594307097364,119.05
2026-05-20T04:00:00Z,127.41877910039506,134.9875
2026-05-20T05:00:00Z,129.1886488354714,136.975
2026-05-20T06:00:00Z,125.79598106069595,125.5125
2026-05-20T07:00:00Z,103.49439141980926,109.06
2026-05-20T08:00:00Z,82.42558429494717,89.7
2026-05-20T09:00:00Z,62.33696775568159,75.46249999999999
2026-05-20T10:00:00Z,47.98265467347996,64.005
2026-05-20T11:00:00Z,29.31196941787046,44.9975
2026-05-20T12:00:00Z,16.095812352881413,33.5125
2026-05-20T13:00:00Z,18.12130339755694,45.66
2026-05-20T14:00:00Z,55.23721317548935,65.01
2026-05-20T15:00:00Z,90.46612587625565,99.3975
2026-05-20T16:00:00Z,117.07304198388738,130.2125
2026-05-20T17:00:00Z,136.4931375912565,149.5675
2026-05-20T18:00:00Z,170.60816421540727,167.9225
2026-05-20T19:00:00Z,157.23470383835652,165.0
2026-05-20T20:00:00Z,137.64999962526198,150.02
2026-05-20T21:00:00Z,123.76959154782845,139.0025
2026-05-20T22:00:00Z,114.64285809044587,133.0275
2026-05-20T23:00:00Z,108.4419609355077,121.66
2026-05-21T00:00:00Z,104.48365888593989,116.0225
2026-05-21T01:00:00Z,105.4216782720479,113.55
2026-05-21T02:00:00Z,108.59498798502474,116.01
2026-05-21T03:00:00Z,118.46524612099438,128.405
2026-05-21T04:00:00Z,126.5076166895699,142.815
2026-05-21T05:00:00Z,126.91459869497398,143.6175
2026-05-21T06:00:00Z,106.5381076397716,131.3875
2026-05-21T07:00:00Z,79.55619519022007,104.14
2026-05-21T08:00:00Z,38.751336218346594,81.1975
2026-05-21T09:00:00Z,24.973807217461115,42.752500000000005
2026-05-21T10:00:00Z,10.849471742810387,12.1375
2026-05-21T11:00:00Z,1.49364136700022,7.369999999999999
2026-05-21T12:00:00Z,0.31913327509896894,8.8125
2026-05-21T13:00:00Z,9.605552733925496,35.2
2026-05-21T14:00:00Z,37.403929661857944,71.7075
2026-05-21T15:00:00Z,95.50452891897186,104.995
2026-05-21T16:00:00Z,123.62200094872283,135.8875
2026-05-21T17:00:00Z,144.13736201580383,163.35500000000002
2026-05-21T18:00:00Z,169.72172942226936,204.695
2026-05-21T19:00:00Z,153.86504318467985,188.4175
2026-05-21T20:00:00Z,144.03601414281852,166.035
2026-05-21T21:00:00Z,134.30817619650296,146.39249999999998
2026-05-21T22:00:00Z,132.8544315339953,144.315
2026-05-21T23:00:00Z,131.73740056324917,136.9
2026-05-22T00:00:00Z,128.72983212027322,131.6375
2026-05-22T01:00:00Z,125.81843333031503,128.95000000000002
2026-05-22T02:00:00Z,128.34749194324075,131.4975
2026-05-22T03:00:00Z,132.81490169117367,135.7175
2026-05-22T04:00:00Z,140.16532775964012,144.35500000000002
2026-05-22T05:00:00Z,128.3628333203534,138.1775
2026-05-22T06:00:00Z,110.19550194644884,123.135
2026-05-22T07:00:00Z,56.44558737253361,91.8825
2026-05-22T08:00:00Z,12.012103941065138,42.48
2026-05-22T09:00:00Z,-10.964898374100795,3.94
2026-05-22T10:00:00Z,-40.69817909933979,0.005
2026-05-22T11:00:00Z,-46.46554778693307,0.0
2026-05-22T12:00:00Z,-39.972627040181166,1.0
2026-05-22T13:00:00Z,-4.155376173662043,20.305
2026-05-22T14:00:00Z,25.621389742927786,70.24
2026-05-22T15:00:00Z,86.27405585129166,104.195
2026-05-22T16:00:00Z,127.33936221776979,134.95
2026-05-22T17:00:00Z,156.0216104501359,161.2225
2026-05-22T18:00:00Z,217.59585765390662,218.4275
2026-05-22T19:00:00Z,186.30041525983876,193.6625
2026-05-22T20:00:00Z,151.27088160212153,154.635
2026-05-22T21:00:00Z,134.0910196146961,140.735
2026-05-22T22:00:00Z,130.0676879581763,136.76
2026-05-22T23:00:00Z,125.11327723697606,130.0
2026-05-23T00:00:00Z,118.5402412531789,125.8675
2026-05-23T01:00:00Z,108.96651618579912,125.3675
2026-05-23T02:00:00Z,107.6073146693533,121.7325
2026-05-23T03:00:00Z,107.53089632896794,119.26
2026-05-23T04:00:00Z,104.7540534716961,116.3675
2026-05-23T05:00:00Z,79.9584255045476,97.085
2026-05-23T06:00:00Z,36.90426160163041,49.8625
2026-05-23T07:00:00Z,-2.3741257759300045,1.6
2026-05-23T08:00:00Z,-60.25311519489938,-0.3325
2026-05-23T09:00:00Z,-70.68552071329682,-3.9
2026-05-23T10:00:00Z,-92.91372762525226,-12.392499999999998
2026-05-23T11:00:00Z,-93.50932947512588,-31.8175
2026-05-23T12:00:00Z,-101.30034621823827,-18.42
2026-05-23T13:00:00Z,-73.87733517212112,-4.0
2026-05-23T14:00:00Z,-18.20965708614571,-0.2875
2026-05-23T15:00:00Z,44.21946928948125,44.4475
2026-05-23T16:00:00Z,113.15332213156273,120.7625
2026-05-23T17:00:00Z,141.98179070885072,149.6575
2026-05-23T18:00:00Z,200.00076651743524,174.52
2026-05-23T19:00:00Z,158.65180487329835,171.065
2026-05-23T20:00:00Z,137.8905357723875,156.915
2026-05-23T21:00:00Z,129.9394050941162,144.6525
2026-05-23T22:00:00Z,126.58519584696097,143.8025
2026-05-23T23:00:00Z,120.46781178302977,133.3775
2026-05-24T00:00:00Z,111.20433263950457,136.885
2026-05-24T01:00:00Z,113.06900524445425,125.44
2026-05-24T02:00:00Z,113.9566225529089,122.89
2026-05-24T03:00:00Z,114.43689852168283,117.7225
2026-05-24T04:00:00Z,109.15049461016204,108.795
2026-05-24T05:00:00Z,80.4722099152403,88.4625
2026-05-24T06:00:00Z,14.216036990430847,16.3675
2026-05-24T07:00:00Z,-11.629825874415879,-0.0275
2026-05-24T08:00:00Z,-74.8114082141447,-2.5025
2026-05-24T09:00:00Z,-93.96924658981945,-13.8325
2026-05-24T10:00:00Z,-98.39453515883633,-37.6125
2026-05-24T11:00:00Z,-105.18288742047183,-75.9375
2026-05-24T12:00:00Z,-107.28763783253258,-61.7525
2026-05-24T13:00:00Z,-105.16315285341237,-23.4925
2026-05-24T14:00:00Z,-77.17919029710663,-1.9575
2026-05-24T15:00:00Z,-12.056201736751248,14.375
2026-05-24T16:00:00Z,80.96739507635671,96.3775
2026-05-24T17:00:00Z,121.02366877616831,133.2175
2026-05-24T18:00:00Z,150.86199089307814,151.0175
2026-05-24T19:00:00Z,150.2235330682294,153.2275
2026-05-24T20:00:00Z,134.98321969159042,144.42000000000002
2026-05-24T21:00:00Z,128.0620721129253,132.1
2026-05-24T22:00:00Z,116.27008261211685,130.8675
2026-05-24T23:00:00Z,115.64922938330257,125.9825
2026-05-25T00:00:00Z,113.12960569791767,125.24
2026-05-25T01:00:00Z,111.91236465824059,126.0125
2026-05-25T02:00:00Z,116.05051470048606,129.3125
2026-05-25T03:00:00Z,124.45349147065754,131.995
2026-05-25T04:00:00Z,112.4267412791124,130.195
2026-05-25T05:00:00Z,87.48846416729322,117.8775
2026-05-25T06:00:00Z,6.720267369710922,77.68
2026-05-25T07:00:00Z,-30.495095550973158,5.0
2026-05-25T08:00:00Z,-87.87440113637089,-0.1674999999999999
2026-05-25T09:00:00Z,-98.66223160188355,-5.2625
2026-05-25T10:00:00Z,-101.42142540105533,-12.7125
2026-05-25T11:00:00Z,-108.16059949585141,-29.295
2026-05-25T12:00:00Z,-106.50644258937645,-27.1825
2026-05-25T13:00:00Z,-106.23776310097378,-10.05
2026-05-25T14:00:00Z,-83.56554640192623,-2.915
2026-05-25T15:00:00Z,-0.28489586593254357,31.95
2026-05-25T16:00:00Z,69.55232493735764,118.8225
2026-05-25T17:00:00Z,130.78259666348745,150.575
2026-05-25T18:00:00Z,164.0094100434112,172.185
2026-05-25T19:00:00Z,154.9824664479312,170.25
2026-05-25T20:00:00Z,145.9715399936856,157.33249999999998
2026-05-25T21:00:00Z,128.6966226296085,141.025
2026-05-25T22:00:00Z,125.02019548246686,136.36
2026-05-25T23:00:00Z,113.39868947208853,125.6475
2026-05-26T00:00:00Z,107.13758508146482,120.645
2026-05-26T01:00:00Z,107.97275809618243,121.18
2026-05-26T02:00:00Z,119.39028009522521,119.53
2026-05-26T03:00:00Z,130.0279853005451,128.91
2026-05-26T04:00:00Z,136.9466456388192,143.105
2026-05-26T05:00:00Z,122.51310593468479,141.54
2026-05-26T06:00:00Z,85.6939164228273,122.045
2026-05-26T07:00:00Z,19.71716711887735,78.8
2026-05-26T08:00:00Z,-10.173645386582606,6.52
2026-05-26T09:00:00Z,-61.92551514374941,-0.0075
2026-05-26T10:00:00Z,-84.76957273681097,-1.825
2026-05-26T11:00:00Z,-86.5634836643271,-2.5
2026-05-26T12:00:00Z,-83.01344385544533,-0.835
2026-05-26T13:00:00Z,-52.55853616101097,-0.015
2026-05-26T14:00:00Z,-4.081892707535684,13.115
2026-05-26T15:00:00Z,40.09033314959702,89.685
2026-05-26T16:00:00Z,112.82104150707792,134.7875
2026-05-26T17:00:00Z,152.35753734578654,185.1025
2026-05-26T18:00:00Z,178.75699397916623,217.9475
2026-05-26T19:00:00Z,147.73164376874658,184.785
2026-05-26T20:00:00Z,131.12396047352445,153.775
2026-05-26T21:00:00Z,121.71764991007369,130.5325
2026-05-26T22:00:00Z,111.32767388021642,134.7875
2026-05-26T23:00:00Z,105.8459288956605,127.5175
2026-05-27T00:00:00Z,101.42963709191508,120.5425
2026-05-27T01:00:00Z,95.80485728742198,118.87
2026-05-27T02:00:00Z,101.67015901508894,119.0475
2026-05-27T03:00:00Z,104.33071201701101,121.235
2026-05-27T04:00:00Z,107.51839617956274,134.2
2026-05-27T05:00:00Z,104.63607103609728,131.1
2026-05-27T06:00:00Z,73.4559985405559,106.4525
2026-05-27T07:00:00Z,15.36031196278835,48.235
2026-05-27T08:00:00Z,-10.18937335568933,3.425
2026-05-27T09:00:00Z,-46.19981710250885,-0.27
2026-05-27T10:00:00Z,-66.78313423039963,-1.05
2026-05-27T11:00:00Z,-79.32250437999708,-1.635
2026-05-27T12:00:00Z,-75.06024718024425,-1.645
2026-05-27T13:00:00Z,-42.08763057067674,-1.7025
2026-05-27T14:00:00Z,-15.013150095601937,-0.4225
2026-05-27T15:00:00Z,4.604181710969951,32.2075
2026-05-27T16:00:00Z,79.52326930009944,97.8475
2026-05-27T17:00:00Z,124.35752896156914,136.51749999999998
2026-05-27T18:00:00Z,149.3730258317634,156.6775
2026-05-27T19:00:00Z,138.9225399914724,157.53
2026-05-27T20:00:00Z,130.35776773342513,144.16
2026-05-27T21:00:00Z,119.16935665296973,133.45499999999998
2026-05-27T22:00:00Z,121.8530514576761,132.945
2026-05-27T23:00:00Z,121.10525512933448,129.5375
2026-05-28T00:00:00Z,119.22879892770874,127.2375
2026-05-28T01:00:00Z,118.7962840487997,127.3625
2026-05-28T02:00:00Z,122.937004776969,130.09
2026-05-28T03:00:00Z,131.384368952073,135.5025
2026-05-28T04:00:00Z,135.11583748626927,148.4525
2026-05-28T05:00:00Z,127.02941797201014,138.155
2026-05-28T06:00:00Z,100.78838619828615,123.4025
2026-05-28T07:00:00Z,44.41974883432717,87.5425
2026-05-28T08:00:00Z,-4.42279794177078,19.3075
2026-05-28T09:00:00Z,-57.31133962833859,0.5675
2026-05-28T10:00:00Z,-70.90602519324625,0.0024999999999999
2026-05-28T11:00:00Z,-73.37060573194425,-0.0125
2026-05-28T12:00:00Z,-73.95840281156286,0.0
2026-05-28T13:00:00Z,-68.00437205796149,1.2975
2026-05-28T14:00:00Z,-5.095199647507819,39.645
2026-05-28T15:00:00Z,47.150316481670934,101.2575
2026-05-28T16:00:00Z,115.99421127944089,138.25
2026-05-28T17:00:00Z,148.05580016488665,217.6025
2026-05-28T18:00:00Z,181.1022626064501,393.935
2026-05-28T19:00:00Z,183.98716475882208,368.0175
2026-05-28T20:00:00Z,168.0074842671916,215.75
2026-05-28T21:00:00Z,146.05696720753613,159.7975
2026-05-28T22:00:00Z,145.05324445147716,144.4425
2026-05-28T23:00:00Z,137.81754090323633,133.9275
2026-05-29T00:00:00Z,131.93041936527106,127.975
2026-05-29T01:00:00Z,129.14480004213314,126.1925
2026-05-29T02:00:00Z,129.56150984717002,125.2775
2026-05-29T03:00:00Z,132.51171536522241,125.495
2026-05-29T04:00:00Z,131.83361563515248,131.885
2026-05-29T05:00:00Z,122.43863027742917,125.995
2026-05-29T06:00:00Z,81.08943582718491,113.565
2026-05-29T07:00:00Z,18.415959211743964,71.9075
2026-05-29T08:00:00Z,-22.633167468844754,17.0275
2026-05-29T09:00:00Z,-72.26959146353322,0.29
2026-05-29T10:00:00Z,-89.74075876075837,-0.055
2026-05-29T11:00:00Z,-96.77757977370574,-0.0349999999999999
2026-05-29T12:00:00Z,-96.23242914335505,0.0
2026-05-29T13:00:00Z,-70.17370729426811,9.41
2026-05-29T14:00:00Z,-5.173678918725214,51.61
2026-05-29T15:00:00Z,69.89772515420127,103.4075
2026-05-29T16:00:00Z,139.85146604763315,136.985
2026-05-29T17:00:00Z,194.93115793367045,174.9475
2026-05-29T18:00:00Z,206.79820190390896,240.61
2026-05-29T19:00:00Z,159.2719091488467,201.405
2026-05-29T20:00:00Z,143.35414736884687,161.70000000000002
2026-05-29T21:00:00Z,123.26391411255138,145.1925
2026-05-29T22:00:00Z,116.23907967764302,135.515
2026-05-29T23:00:00Z,113.93223678848976,128.45
2026-05-30T00:00:00Z,107.76980076044734,123.7725
2026-05-30T01:00:00Z,107.59738718996273,121.085
2026-05-30T02:00:00Z,108.33825036218494,125.3575
2026-05-30T03:00:00Z,109.51120535741568,125.045
2026-05-30T04:00:00Z,107.27882536041162,118.9925
2026-05-30T05:00:00Z,98.95178287266477,109.095
2026-05-30T06:00:00Z,44.203343549303,88.8675
2026-05-30T07:00:00Z,5.822263194318904,36.682500000000005
2026-05-30T08:00:00Z,-21.007724038493357,2.96
2026-05-30T09:00:00Z,-63.10378986498936,-0.005
2026-05-30T10:00:00Z,-84.26280651809932,-0.0525
2026-05-30T11:00:00Z,-89.77052509465017,-1.4425
2026-05-30T12:00:00Z,-82.7411780920231,-0.7475
2026-05-30T13:00:00Z,-70.62671590895222,-0.01
2026-05-30T14:00:00Z,-20.432666134441362,3.0075
2026-05-30T15:00:00Z,0.44307017730906806,62.5
2026-05-30T16:00:00Z,81.42375652282816,107.0075
2026-05-30T17:00:00Z,130.6039850703302,139.8725
2026-05-30T18:00:00Z,179.48025372502605,160.52499999999998
2026-05-30T19:00:00Z,181.05740417684586,171.845
2026-05-30T20:00:00Z,144.40249544140826,159.4025
2026-05-30T21:00:00Z,134.40754467221515,143.04000000000002
2026-05-30T22:00:00Z,126.56125782698618,136.4125
2026-05-30T23:00:00Z,122.02357817151122,129.10500000000002
2026-05-31T00:00:00Z,118.44876957702729,125.915
2026-05-31T01:00:00Z,116.9960240873715,125.1975
2026-05-31T02:00:00Z,121.48160266584827,126.95
2026-05-31T03:00:00Z,120.61871686150464,123.3575
2026-05-31T04:00:00Z,114.85639802675423,115.0025
2026-05-31T05:00:00Z,96.34638841723482,100.56
2026-05-31T06:00:00Z,64.29739314657132,90.4375
2026-05-31T07:00:00Z,16.65042073232874,56.29
2026-05-31T08:00:00Z,3.9707951297131197,7.5675
2026-05-31T09:00:00Z,-4.615797205397803,0.0
2026-05-31T10:00:00Z,-12.753857813506851,-0.005
2026-05-31T11:00:00Z,-26.70886787797617,-0.01
2026-05-31T12:00:00Z,-14.574402306812214,-0.01
2026-05-31T13:00:00Z,-8.514858824716768,0.0
2026-05-31T14:00:00Z,8.047572730432258,49.002500000000005
2026-05-31T15:00:00Z,60.246005432890875,95.925
2026-05-31T16:00:00Z,104.98832856642584,127.265
2026-05-31T17:00:00Z,132.70219954372513,141.37
2026-05-31T18:00:00Z,150.85530949186963,152.7625
2026-05-31T19:00:00Z,148.81236499407245,156.035
2026-05-31T20:00:00Z,139.38902993771723,153.1275
2026-05-31T21:00:00Z,130.4619597419491,145.3475
2026-05-31T22:00:00Z,118.85207763757509,141.0075
2026-05-31T23:00:00Z,118.18601187792129,128.255
2026-06-01T00:00:00Z,116.57422845563951,123.1375
2026-06-01T01:00:00Z,119.12862272718795,120.295
2026-06-01T02:00:00Z,121.8390229996558,124.4875
2026-06-01T03:00:00Z,131.88672825750987,135.0925
2026-06-01T04:00:00Z,136.12416190723383,164.03
2026-06-01T05:00:00Z,132.8396320907612,160.0
2026-06-01T06:00:00Z,116.70894654670406,151.715
2026-06-01T07:00:00Z,88.38326146742976,133.2
2026-06-01T08:00:00Z,60.75924220554924,117.66
2026-06-01T09:00:00Z,28.251290792364912,108.1425
2026-06-01T10:00:00Z,13.726236938982703,93.0825
2026-06-01T11:00:00Z,5.345012450073495,89.9075
2026-06-01T12:00:00Z,6.5831562704155315,87.44749999999999
2026-06-01T13:00:00Z,28.11727063646707,95.0975
2026-06-01T14:00:00Z,61.513045493631104,106.735
2026-06-01T15:00:00Z,101.53124453276433,125.2425
2026-06-01T16:00:00Z,129.4200406861339,141.4575
2026-06-01T17:00:00Z,158.0819320139799,226.6125
2026-06-01T18:00:00Z,185.3087995400034,355.2525
2026-06-01T19:00:00Z,184.31853292185212,333.3675
2026-06-01T20:00:00Z,158.89620167847704,222.5025
2026-06-01T21:00:00Z,144.71186381495343,161.025
2026-06-01T22:00:00Z,133.28364875378824,142.065
2026-06-01T23:00:00Z,126.35759596808585,131.7225
2026-06-02T00:00:00Z,116.33578685775524,125.085
2026-06-02T01:00:00Z,115.65229142312366,120.915
2026-06-02T02:00:00Z,116.2492270543801,120.6275
2026-06-02T03:00:00Z,121.1934584536514,124.215
2026-06-02T04:00:00Z,131.14196452991771,131.0275
2026-06-02T05:00:00Z,127.36898887048436,131.79500000000002
2026-06-02T06:00:00Z,108.14984561488029,121.0825
2026-06-02T07:00:00Z,78.32680433184201,105.41
2026-06-02T08:00:00Z,57.13271127148794,90.515
2026-06-02T09:00:00Z,30.18261981888535,84.69999999999999
2026-06-02T10:00:00Z,6.804870522856773,80.2925
2026-06-02T11:00:00Z,10.313745092867595,84.9575
2026-06-02T12:00:00Z,23.2643933488825,90.7825
2026-06-02T13:00:00Z,53.97942391087805,99.7375
2026-06-02T14:00:00Z,89.68283018806456,112.2475
2026-06-02T15:00:00Z,118.38121590538321,131.1375
2026-06-02T16:00:00Z,139.75337261496702,146.97750000000002
2026-06-02T17:00:00Z,179.8154578823363,167.9375
2026-06-02T18:00:00Z,194.6289652258322,167.2725
2026-06-02T19:00:00Z,173.6878934322844,152.325
2026-06-02T20:00:00Z,159.97793572920685,140.435
2026-06-02T21:00:00Z,122.18207753594947,125.2375
2026-06-02T22:00:00Z,101.66488027383492,116.3
2026-06-02T23:00:00Z,98.69853892213267,111.895
2026-06-03T00:00:00Z,98.35068772338695,108.0175
2026-06-03T01:00:00Z,100.44330329854827,107.3
2026-06-03T02:00:00Z,104.93288574025641,107.19
2026-06-03T03:00:00Z,109.01610524990006,113.275
2026-06-03T04:00:00Z,121.85932361808023,130.7375
2026-06-03T05:00:00Z,125.83360352299051,136.82999999999998
2026-06-03T06:00:00Z,109.2006172285254,131.0775
2026-06-03T07:00:00Z,83.80963621340743,112.1475
2026-06-03T08:00:00Z,62.92108932205427,94.0925
2026-06-03T09:00:00Z,32.317769024009074,80.2475
2026-06-03T10:00:00Z,14.545265065944324,58.17
2026-06-03T11:00:00Z,6.15003966504172,37.8325
2026-06-03T12:00:00Z,3.0968733399253145,38.0425
2026-06-03T13:00:00Z,4.311727950400321,47.1
2026-06-03T14:00:00Z,28.477806695979417,76.9
2026-06-03T15:00:00Z,62.132483422797144,95.5325
2026-06-03T16:00:00Z,108.38302537469991,122.1875
2026-06-03T17:00:00Z,133.80666540172479,138.3675
2026-06-03T18:00:00Z,146.73056335181238,146.2375
2026-06-03T19:00:00Z,139.7487327393501,133.42000000000002
2026-06-03T20:00:00Z,109.4735524514774,120.9525
2026-06-03T21:00:00Z,89.43099148013142,99.4075
2026-06-03T22:00:00Z,64.67512387158118,86.205
2026-06-03T23:00:00Z,43.772578098238775,75.4875
2026-06-04T00:00:00Z,29.900274405053814,66.92
2026-06-04T01:00:00Z,26.402054199900896,67.4725
2026-06-04T02:00:00Z,33.63618086826219,68.2925
2026-06-04T03:00:00Z,43.76348779170037,71.185
2026-06-04T04:00:00Z,43.017937208944176,73.97
2026-06-04T05:00:00Z,30.475598127121224,87.08
2026-06-04T06:00:00Z,18.726838321474112,75.62
2026-06-04T07:00:00Z,3.0617923907532854,34.125
2026-06-04T08:00:00Z,-2.8033686505846633,4.79
2026-06-04T09:00:00Z,-4.852841902205967,-0.0025
2026-06-04T10:00:00Z,-5.571201675037187,-0.025
2026-06-04T11:00:00Z,-7.949587341174899,-0.0475
2026-06-04T12:00:00Z,-8.45455837856572,-0.035
2026-06-04T13:00:00Z,-6.446649022276937,1.6175
2026-06-04T14:00:00Z,3.129483858687101,28.6375
2026-06-04T15:00:00Z,27.344600443964076,70.1525
2026-06-04T16:00:00Z,73.85500827856775,101.5025
2026-06-04T17:00:00Z,84.71934334518185,114.165
2026-06-04T18:00:00Z,95.29793916408474,117.9625
2026-06-04T19:00:00Z,93.56078205456278,115.3725
2026-06-04T20:00:00Z,87.3071232780053,111.69
2026-06-04T21:00:00Z,75.24824414690292,100.05
2026-06-04T22:00:00Z,68.2780726119656,80.695
2026-06-04T23:00:00Z,60.20041132443855,79.44749999999999
2026-06-05T00:00:00Z,59.20726342519046,83.44749999999999
2026-06-05T01:00:00Z,61.81579431030342,85.025
2026-06-05T02:00:00Z,66.00200432210872,89.8325
2026-06-05T03:00:00Z,86.55212246724726,97.2575
2026-06-05T04:00:00Z,91.13083392543534,114.8975
2026-06-05T05:00:00Z,92.67749567366494,118.6175
2026-06-05T06:00:00Z,74.12540017378848,113.8175
2026-06-05T07:00:00Z,42.03268854232264,98.3
2026-06-05T08:00:00Z,11.278213611657382,86.115
2026-06-05T09:00:00Z,2.4069563666098497,70.825
2026-06-05T10:00:00Z,-0.31298858019911524,45.205
2026-06-05T11:00:00Z,-2.907841483380649,34.1775
2026-06-05T12:00:00Z,-3.034082210168586,27.2
2026-06-05T13:00:00Z,1.6425986072692504,38.01
2026-06-05T14:00:00Z,8.083900993193929,72.555
2026-06-05T15:00:00Z,62.613234290103414,104.2525
2026-06-05T16:00:00Z,111.98298848352658,128.9025
2026-06-05T17:00:00Z,139.45767801906288,150.4975
2026-06-05T18:00:00Z,173.14098400965625,179.0775
2026-06-05T19:00:00Z,173.88576820131541,189.355
2026-06-05T20:00:00Z,163.69813100003688,169.135
2026-06-05T21:00:00Z,151.48356628830223,152.06
2026-06-05T22:00:00Z,142.26194927527203,148.2425
2026-06-05T23:00:00Z,135.5437279939916,137.18
2026-06-06T00:00:00Z,131.84522803632296,134.79
2026-06-06T01:00:00Z,129.94194861255082,116.1675
2026-06-06T02:00:00Z,135.586265071739,130.1825
2026-06-06T03:00:00Z,134.93879971792137,126.035
2026-06-06T04:00:00Z,118.1002908286427,117.69
2026-06-06T05:00:00Z,102.82095267540141,102.315
2026-06-06T06:00:00Z,68.13428637194284,81.0175
2026-06-06T07:00:00Z,31.749117583538133,50.0
2026-06-06T08:00:00Z,6.148661223634389,14.7425
2026-06-06T09:00:00Z,0.617507210704627,0.0325
2026-06-06T10:00:00Z,-7.524808870686087,-0.03
2026-06-06T11:00:00Z,-9.524645148422422,-0.025
2026-06-06T12:00:00Z,-5.267446999310134,0.0225
2026-06-06T13:00:00Z,-0.2875951962743605,9.51
2026-06-06T14:00:00Z,19.2051128680021,46.105
2026-06-06T15:00:00Z,61.30200860185991,93.2825
2026-06-06T16:00:00Z,109.26766080134146,121.7875
2026-06-06T17:00:00Z,130.11826210596635,133.85
2026-06-06T18:00:00Z,151.58909075142122,152.4325
2026-06-06T19:00:00Z,148.2368648021768,150.9225
2026-06-06T20:00:00Z,125.4293737874554,134.3275
2026-06-06T21:00:00Z,108.9170525965755,121.5425
2026-06-06T22:00:00Z,97.0864444532346,110.7
2026-06-06T23:00:00Z,84.50655812107695,99.5125
2026-06-07T00:00:00Z,70.61208950800196,92.2075
2026-06-07T01:00:00Z,67.69624636089316,81.41499999999999
2026-06-07T02:00:00Z,58.66037532123654,67.0125
2026-06-07T03:00:00Z,55.806822387575856,39.21
2026-06-07T04:00:00Z,46.88600187020557,5.0475
2026-06-07T05:00:00Z,21.14289056726378,0.46
2026-06-07T06:00:00Z,2.8829302734388578,-0.5525
2026-06-07T07:00:00Z,-2.268023618492927,-5.05
2026-06-07T08:00:00Z,-9.79949123015533,-8.0
2026-06-07T09:00:00Z,-15.3888387974335,-14.0525
2026-06-07T10:00:00Z,-16.44949988528215,-18.2625
2026-06-07T11:00:00Z,-18.322912194199542,-35.9375
2026-06-07T12:00:00Z,-39.69864759923356,-44.7375
2026-06-07T13:00:00Z,-35.53559026203861,-36.47
2026-06-07T14:00:00Z,-24.71603986472142,-15.96
2026-06-07T15:00:00Z,-5.955886321866674,-1.135
2026-06-07T16:00:00Z,34.607886688364545,53.625
2026-06-07T17:00:00Z,98.52753109004625,108.0025
2026-06-07T18:00:00Z,124.6392648451963,128.26749999999998
2026-06-07T19:00:00Z,137.13157808542712,137.1375
2026-06-07T20:00:00Z,133.1195567849395,141.1875
2026-06-07T21:00:00Z,124.98420703109495,140.3425
2026-06-07T22:00:00Z,132.01383779110301,140.43
2026-06-07T23:00:00Z,121.0028098362911,134.2375
2026-06-08T00:00:00Z,116.1462763352011,132.71
2026-06-08T01:00:00Z,113.89072853203774,127.67
2026-06-08T02:00:00Z,120.94490727927243,130.175
2026-06-08T03:00:00Z,131.08119211949057,138.5625
2026-06-08T04:00:00Z,145.18151700093287,150.675
2026-06-08T05:00:00Z,132.06123110281428,145.675
2026-06-08T06:00:00Z,96.4359346818473,124.875
2026-06-08T07:00:00Z,50.58265817325778,100.9025
2026-06-08T08:00:00Z,19.1985850119339,75.91499999999999
2026-06-08T09:00:00Z,-0.0924206363684677,55.6425
2026-06-08T10:00:00Z,-0.33614136355434654,54.4825
2026-06-08T11:00:00Z,2.2356713807021045,55.2175
2026-06-08T12:00:00Z,13.126309120374005,68.67
2026-06-08T13:00:00Z,46.429582505528046,88.8525
2026-06-08T14:00:00Z,71.18348114332619,102.58
2026-06-08T15:00:00Z,106.27363700158074,128.875
2026-06-08T16:00:00Z,136.76069921473723,151.32999999999998
2026-06-08T17:00:00Z,170.16298078003112,199.3225
2026-06-08T18:00:00Z,188.2319721312199,208.9025
2026-06-08T19:00:00Z,165.26586145383385,185.75
2026-06-08T20:00:00Z,149.0425476978907,152.3675
2026-06-08T21:00:00Z,128.1965750844912,128.20499999999998
2026-06-08T22:00:00Z,111.12795734071862,129.0125
2026-06-08T23:00:00Z,101.10442271605928,122.1575
2026-06-09T00:00:00Z,92.44518006494798,115.5
2026-06-09T01:00:00Z,90.66691402872732,111.2175
2026-06-09T02:00:00Z,93.85977238825377,110.475
2026-06-09T03:00:00Z,96.39773228202446,115.8425
2026-06-09T04:00:00Z,109.89024662577452,130.1525
2026-06-09T05:00:00Z,108.52987440291422,134.6325
2026-06-09T06:00:00Z,107.09120193159966,126.89
2026-06-09T07:00:00Z,85.7555907309901,107.0
2026-06-09T08:00:00Z,48.04306396023293,82.33500000000001
2026-06-09T09:00:00Z,9.532847280286918,60.9
2026-06-09T10:00:00Z,4.213568967441311,25.215
2026-06-09T11:00:00Z,-0.5104951208292778,3.5325
2026-06-09T12:00:00Z,-3.3495304430094115,0.145
2026-06-09T13:00:00Z,-3.6106370191889514,1.52
2026-06-09T14:00:00Z,1.1191440354290718,30.585
2026-06-09T15:00:00Z,41.939420883489746,75.72749999999999
2026-06-09T16:00:00Z,99.21784759383733,118.5475
2026-06-09T17:00:00Z,130.65947680644823,137.3
2026-06-09T18:00:00Z,149.05473339659346,153.73000000000002
2026-06-09T19:00:00Z,141.2833640232606,156.275
2026-06-09T20:00:00Z,133.79083690187628,144.9925
2026-06-09T21:00:00Z,123.41993447818042,131.3075
2026-06-09T22:00:00Z,106.34385963230896,124.9125
2026-06-09T23:00:00Z,102.01909926781782,116.9025
2026-06-10T00:00:00Z,97.13797999209808,111.1275
2026-06-10T01:00:00Z,100.85613410882445,111.3075
2026-06-10T02:00:00Z,106.21760850736702,113.24
2026-06-10T03:00:00Z,105.96046978735214,118.7525
2026-06-10T04:00:00Z,120.78358788412926,131.89249999999998
2026-06-10T05:00:00Z,126.9519099002159,136.8075
2026-06-10T06:00:00Z,105.35793153906803,126.6525
2026-06-10T07:00:00Z,85.50820254322592,104.6025
2026-06-10T08:00:00Z,62.15263220576622,86.5575
2026-06-10T09:00:00Z,34.360839961033726,73.0575
2026-06-10T10:00:00Z,26.206618339537954,68.67750000000001
2026-06-10T11:00:00Z,24.049018473609628,71.5675
2026-06-10T12:00:00Z,30.654091390623528,77.825
2026-06-10T13:00:00Z,53.70181469236717,86.625
2026-06-10T14:00:00Z,77.49802625599142,103.4525
2026-06-10T15:00:00Z,103.86380151733817,125.4
2026-06-10T16:00:00Z,127.11224858720308,140.525
2026-06-10T17:00:00Z,142.27538957931782,170.9675
2026-06-10T18:00:00Z,164.54027355605004,213.98
2026-06-10T19:00:00Z,164.26227240350727,204.9975
2026-06-10T20:00:00Z,145.27519622034012,168.635
2026-06-10T21:00:00Z,128.58777417205746,151.75
2026-06-10T22:00:00Z,126.20128905115496,140.7325
2026-06-10T23:00:00Z,123.78723950119208,133.4875
2026-06-11T00:00:00Z,120.23188913747485,126.195
2026-06-11T01:00:00Z,119.91252063552314,125.7575
2026-06-11T02:00:00Z,119.63929250719134,126.045
2026-06-11T03:00:00Z,125.38922104434369,126.6625
2026-06-11T04:00:00Z,129.32921450013822,138.32999999999998
2026-06-11T05:00:00Z,128.58554513087518,138.7975
2026-06-11T06:00:00Z,120.51103245391535,126.64
2026-06-11T07:00:00Z,103.57461628545816,103.7975
2026-06-11T08:00:00Z,74.59021405132889,90.5425
2026-06-11T09:00:00Z,58.21514024566475,76.9725
2026-06-11T10:00:00Z,38.18689375267207,60.2725
2026-06-11T11:00:00Z,16.729457608767824,45.31
2026-06-11T12:00:00Z,5.8501191960861485,31.58
2026-06-11T13:00:00Z,6.664930454283871,51.025
2026-06-11T14:00:00Z,44.48781875129064,78.4675
2026-06-11T15:00:00Z,89.31886478829622,101.5975
2026-06-11T16:00:00Z,120.09189298500442,127.98
2026-06-11T17:00:00Z,136.86257779550115,146.235
2026-06-11T18:00:00Z,160.93606133584183,174.85750000000002
2026-06-11T19:00:00Z,158.78421356159035,164.9425
2026-06-11T20:00:00Z,136.3680716683531,137.2325
2026-06-11T21:00:00Z,124.4031392476238,116.0625
2026-06-11T22:00:00Z,116.38848752005393,116.895
2026-06-11T23:00:00Z,108.73823672136629,102.0125
2026-06-12T00:00:00Z,97.75351802827765,94.505
2026-06-12T01:00:00Z,94.64570821269136,92.0525
2026-06-12T02:00:00Z,94.23985888977937,93.0475
2026-06-12T03:00:00Z,101.8996883545569,96.0775
2026-06-12T04:00:00Z,114.02830812977183,117.7575
2026-06-12T05:00:00Z,117.69880398219084,122.655
2026-06-12T06:00:00Z,118.66148582018924,127.34
2026-06-12T07:00:00Z,101.60273187648606,117.405
2026-06-12T08:00:00Z,94.55930910659704,102.1
2026-06-12T09:00:00Z,74.2568675106101,90.51
2026-06-12T10:00:00Z,66.91847230257927,81.005
2026-06-12T11:00:00Z,52.82022743058073,70.1325
2026-06-12T12:00:00Z,25.716655956618272,60.370000000000005
2026-06-12T13:00:00Z,30.361551786655934,56.0475
2026-06-12T14:00:00Z,35.719118297809054,68.2675
2026-06-12T15:00:00Z,71.4071691379034,78.8725
2026-06-12T16:00:00Z,91.96802351725194,103.65
2026-06-12T17:00:00Z,111.46297758493331,115.8725
2026-06-12T18:00:00Z,127.25877407181837,110.665
2026-06-12T19:00:00Z,125.97682379859513,109.81
2026-06-12T20:00:00Z,113.66760281994273,111.1225
2026-06-12T21:00:00Z,105.29193008896519,100.8975
2026-06-12T22:00:00Z,88.15199047099837,87.085
2026-06-12T23:00:00Z,75.51173328886597,74.045
2026-06-13T00:00:00Z,69.0587222920498,65.85249999999999
2026-06-13T01:00:00Z,58.489177008628715,63.835
2026-06-13T02:00:00Z,58.803009207177595,65.5575
2026-06-13T03:00:00Z,62.4644528908701,53.795
2026-06-13T04:00:00Z,61.02711298071716,31.63
2026-06-13T05:00:00Z,30.910107854650036,13.655
2026-06-13T06:00:00Z,4.473493619110582,0.3274999999999999
2026-06-13T07:00:00Z,1.636347712504745,-1.1075
2026-06-13T08:00:00Z,-2.8907867240081373,-4.9175
2026-06-13T09:00:00Z,-8.643127447640271,-15.695
2026-06-13T10:00:00Z,-16.525468413282933,-27.4225
2026-06-13T11:00:00Z,-28.492686363691504,-45.8675
2026-06-13T12:00:00Z,-32.634973179692714,-44.9975
2026-06-13T13:00:00Z,-29.344020436883493,-31.54
2026-06-13T14:00:00Z,-16.344041902946557,-19.17
2026-06-13T15:00:00Z,-8.72995467631006,-4.215
2026-06-13T16:00:00Z,4.928884430635979,-0.5475000000000001
2026-06-13T17:00:00Z,11.935395650166878,33.410000000000004
2026-06-13T18:00:00Z,36.469534673213126,72.25500000000001
2026-06-13T19:00:00Z,56.3867915870628,87.16
2026-06-13T20:00:00Z,62.67929040098018,102.485
2026-06-13T21:00:00Z,54.68274351480641,88.0
2026-06-13T22:00:00Z,48.59104426319304,67.7875
2026-06-13T23:00:00Z,24.427289445258427,49.44
2026-06-14T00:00:00Z,20.854258725691448,34.0775
2026-06-14T01:00:00Z,22.001763271653235,28.0725
2026-06-14T02:00:00Z,22.1249410760059,26.5725
2026-06-14T03:00:00Z,20.95398434935782,21.3675
2026-06-14T04:00:00Z,3.9642663524102,7.74
2026-06-14T05:00:00Z,2.082433099761333,0.4599999999999999
2026-06-14T06:00:00Z,-5.319728032223955,-0.3475
2026-06-14T07:00:00Z,-8.605387536069216,-2.8325
2026-06-14T08:00:00Z,-7.115511405711762,-6.37
2026-06-14T09:00:00Z,-9.395095506595899,-9.2875
2026-06-14T10:00:00Z,-13.291051930930573,-14.9925
2026-06-14T11:00:00Z,-24.36136965564018,-23.4225
2026-06-14T12:00:00Z,-31.1304432723388,-25.0
2026-06-14T13:00:00Z,-28.35911212155981,-20.0
2026-06-14T14:00:00Z,-14.162770313646037,-9.2025
2026-06-14T15:00:00Z,-8.81027646570947,-1.745
2026-06-14T16:00:00Z,6.111368624118593,5.28
2026-06-14T17:00:00Z,23.975936073599787,62.0825
2026-06-14T18:00:00Z,70.66814393403727,94.88
2026-06-14T19:00:00Z,79.84096806160967,102.6275
2026-06-14T20:00:00Z,85.41854286013012,112.28
2026-06-14T21:00:00Z,79.50954411999152,103.395
2026-06-14T22:00:00Z,68.60574255901896,101.4325
2026-06-14T23:00:00Z,66.6022654679153,92.91
2026-06-15T00:00:00Z,53.287330445685804,85.375
2026-06-15T01:00:00Z,52.3281685286906,83.7475
2026-06-15T02:00:00Z,59.12626271477475,84.3875
2026-06-15T03:00:00Z,69.01358567237716,91.405
2026-06-15T04:00:00Z,88.00652892981036,105.6925
2026-06-15T05:00:00Z,88.51790811153062,107.3925
2026-06-15T06:00:00Z,63.39963710862844,91.44
2026-06-15T07:00:00Z,13.877824666597244,63.6525
2026-06-15T08:00:00Z,2.2928965951078624,21.5575
2026-06-15T09:00:00Z,-1.7819261635560635,1.0075
2026-06-15T10:00:00Z,-4.569607533427332,-0.0275
2026-06-15T11:00:00Z,-7.560496544043144,-1.4825
2026-06-15T12:00:00Z,-9.437893434220202,-2.9025
2026-06-15T13:00:00Z,-7.175203666731475,-0.9325
2026-06-15T14:00:00Z,0.1354381931547916,-0.015
2026-06-15T15:00:00Z,8.795404277929439,43.6775
2026-06-15T16:00:00Z,64.36704169854679,91.4525
2026-06-15T17:00:00Z,104.39460546983211,129.0825
2026-06-15T18:00:00Z,128.70636010985308,148.695
2026-06-15T19:00:00Z,144.99466152958428,156.26
2026-06-15T20:00:00Z,137.91526966036284,153.7925
2026-06-15T21:00:00Z,126.55056464503475,134.755
2026-06-15T22:00:00Z,120.22360298953457,122.8275
2026-06-15T23:00:00Z,114.23215823141258,117.3175
2026-06-16T00:00:00Z,111.15982123068073,113.775
2026-06-16T01:00:00Z,110.99719728357447,110.9925
2026-06-16T02:00:00Z,114.15963524013078,111.24
2026-06-16T03:00:00Z,120.68150028619395,115.1225
2026-06-16T04:00:00Z,130.72090262505014,127.9925
2026-06-16T05:00:00Z,128.59832098291523,131.695
2026-06-16T06:00:00Z,119.49071957475935,126.315
2026-06-16T07:00:00Z,104.82158132054197,109.5025
2026-06-16T08:00:00Z,82.2373938689846,85.98
2026-06-16T09:00:00Z,62.34898384778597,80.5375
2026-06-16T10:00:00Z,50.8128556375914,66.4975
2026-06-16T11:00:00Z,47.02741633281708,54.255
2026-06-16T12:00:00Z,49.06806735878762,50.7325
2026-06-16T13:00:00Z,55.93679681933759,60.22
2026-06-16T14:00:00Z,65.08498725970665,81.4575
2026-06-16T15:00:00Z,89.90587831732456,109.7225
2026-06-16T16:00:00Z,117.78445558884994,127.11
2026-06-16T17:00:00Z,140.57366007124705,148.1175
2026-06-16T18:00:00Z,180.4884246173201,174.1025
2026-06-16T19:00:00Z,174.11369990918982,181.42
2026-06-16T20:00:00Z,153.55880959525396,163.86
2026-06-16T21:00:00Z,130.73747061124686,143.10750000000002
2026-06-16T22:00:00Z,125.55421229908826,141.23000000000002
2026-06-16T23:00:00Z,119.16438819536432,135.39249999999998
2026-06-17T00:00:00Z,113.58703723033285,129.32999999999998
2026-06-17T01:00:00Z,111.66709153607246,127.54
2026-06-17T02:00:00Z,115.79317086153536,127.415
2026-06-17T03:00:00Z,123.42983525955471,128.045
2026-06-17T04:00:00Z,129.11121959989813,140.265
2026-06-17T05:00:00Z,127.49938220410598,136.675
2026-06-17T06:00:00Z,117.92920378361076,121.755
2026-06-17T07:00:00Z,93.49067931364509,105.795
2026-06-17T08:00:00Z,60.92239287661154,88.245
2026-06-17T09:00:00Z,41.84610820537552,78.4875
2026-06-17T10:00:00Z,21.98580614734909,72.23
2026-06-17T11:00:00Z,20.500243332254726,62.7925
2026-06-17T12:00:00Z,18.3111842934281,66.2575
2026-06-17T13:00:00Z,34.146669859970345,75.975
2026-06-17T14:00:00Z,58.46735715933966,88.0925
2026-06-17T15:00:00Z,93.58061783960557,106.425
2026-06-17T16:00:00Z,118.42288391511946,120.7375
2026-06-17T17:00:00Z,134.40247353965793,142.5575
2026-06-17T18:00:00Z,176.78881173578435,162.39
2026-06-17T19:00:00Z,172.67834186188773,164.115
2026-06-17T20:00:00Z,156.60341483991422,158.61
2026-06-17T21:00:00Z,135.50279211006853,142.7375
2026-06-17T22:00:00Z,128.32649022103038,135.2575
2026-06-17T23:00:00Z,120.41660172200189,125.7275
2026-06-18T00:00:00Z,115.38772150907965,121.8625
2026-06-18T01:00:00Z,115.28258287508261,119.685
2026-06-18T02:00:00Z,117.96910723691002,119.3125
2026-06-18T03:00:00Z,120.98167528356318,127.09
2026-06-18T04:00:00Z,126.66647773123086,135.3
2026-06-18T05:00:00Z,121.9031225195852,135.265
2026-06-18T06:00:00Z,107.11096757416038,118.7325
2026-06-18T07:00:00Z,60.72320845402066,101.715
2026-06-18T08:00:00Z,23.901661059562265,75.135
2026-06-18T09:00:00Z,7.930620893904191,44.0275
2026-06-18T10:00:00Z,-7.876092423538703,28.2475
2026-06-18T11:00:00Z,-10.663299434270588,18.67
2026-06-18T12:00:00Z,-10.59411776342251,25.9
2026-06-18T13:00:00Z,3.0234679276937944,48.0975
2026-06-18T14:00:00Z,19.22038264159698,79.06
2026-06-18T15:00:00Z,69.13146623444457,105.515
2026-06-18T16:00:00Z,116.4877772087607,135.70749999999998
2026-06-18T17:00:00Z,174.48823560686978,253.3925
2026-06-18T18:00:00Z,214.74410281052465,435.0675
2026-06-18T19:00:00Z,231.6281537522167,441.915
2026-06-18T20:00:00Z,198.86649351568803,264.32
2026-06-18T21:00:00Z,143.6933371867047,163.0175
2026-06-18T22:00:00Z,130.01806630304526,146.6425
2026-06-18T23:00:00Z,117.45957643352344,132.5125
2026-06-19T00:00:00Z,113.84860402243461,124.8225
2026-06-19T01:00:00Z,112.5408187072412,120.46
2026-06-19T02:00:00Z,116.49909952920673,118.4675
2026-06-19T03:00:00Z,118.17502706088133,120.595
2026-06-19T04:00:00Z,130.11929584919142,138.7175
2026-06-19T05:00:00Z,126.95543551560357,127.3725
2026-06-19T06:00:00Z,111.42879534630175,111.9575
2026-06-19T07:00:00Z,64.68752300332997,95.395
2026-06-19T08:00:00Z,17.62317135988209,69.9075
2026-06-19T09:00:00Z,-15.482192849567717,32.09
2026-06-19T10:00:00Z,-43.23310337581369,15.0
2026-06-19T11:00:00Z,-48.24488862771709,11.235
2026-06-19T12:00:00Z,-43.74124837739042,16.305
2026-06-19T13:00:00Z,-16.04376662682195,42.8525
2026-06-19T14:00:00Z,6.422734195412625,80.685
2026-06-19T15:00:00Z,68.10530850445734,108.3225
2026-06-19T16:00:00Z,126.02110839547505,129.7025
2026-06-19T17:00:00Z,146.17261624026213,170.785
2026-06-19T18:00:00Z,155.4270791317492,201.36
2026-06-19T19:00:00Z,150.29482002912718,185.5325
2026-06-19T20:00:00Z,134.66096643222124,157.8625
2026-06-19T21:00:00Z,118.04151360438554,137.7825
2026-06-19T22:00:00Z,113.16195428269195,130.35
2026-06-19T23:00:00Z,104.29928866564788,121.12
2026-06-20T00:00:00Z,100.58339277868599,118.6
2026-06-20T01:00:00Z,102.59424284526503,116.7625
2026-06-20T02:00:00Z,101.83385756947962,114.7975
2026-06-20T03:00:00Z,104.1287795842688,114.4925
2026-06-20T04:00:00Z,107.45007968823381,109.7275
2026-06-20T05:00:00Z,89.20747057622002,101.6775
2026-06-20T06:00:00Z,54.18321303279874,89.9875
2026-06-20T07:00:00Z,20.39397351848019,41.335
2026-06-20T08:00:00Z,-1.7898456939295035,4.125
2026-06-20T09:00:00Z,-29.964417548559627,-0.0025
2026-06-20T10:00:00Z,-39.823052581401946,-0.0125
2026-06-20T11:00:00Z,-49.969562781173494,-0.0175
2026-06-20T12:00:00Z,-51.186085353911366,-0.0125
2026-06-20T13:00:00Z,-32.87617384015726,0.25
2026-06-20T14:00:00Z,-2.15113997448363,18.3075
2026-06-20T15:00:00Z,34.09265376300604,84.22
2026-06-20T16:00:00Z,92.05327974581465,119.7825
2026-06-20T17:00:00Z,132.91861912485803,147.3975
2026-06-20T18:00:00Z,178.15628388331186,171.98749999999998
2026-06-20T19:00:00Z,158.1069660642367,182.55
2026-06-20T20:00:00Z,135.95830259150716,165.0675
2026-06-20T21:00:00Z,127.97301258380682,146.8075
2026-06-20T22:00:00Z,120.72053239670353,137.915
2026-06-20T23:00:00Z,114.33760373848284,128.565
2026-06-21T00:00:00Z,108.66757446207431,126.415
2026-06-21T01:00:00Z,108.46059985614005,124.17
2026-06-21T02:00:00Z,106.85835014980569,122.4325
2026-06-21T03:00:00Z,106.94846387074445,119.5875
2026-06-21T04:00:00Z,98.03241336551102,112.1
2026-06-21T05:00:00Z,89.90958634723755,102.355
2026-06-21T06:00:00Z,31.90698331301999,70.815
2026-06-21T07:00:00Z,4.725729715087164,25.9825
2026-06-21T08:00:00Z,-18.124912892070267,1.3624999999999998
2026-06-21T09:00:00Z,-41.87198182684723,-0.0025
2026-06-21T10:00:00Z,-52.823298670966054,-0.0075
2026-06-21T11:00:00Z,-58.79130896401961,-0.01
2026-06-21T12:00:00Z,-46.50859072201486,-0.005
2026-06-21T13:00:00Z,-33.900818405817795,0.0075
2026-06-21T14:00:00Z,-2.2759110195852514,12.7625
2026-06-21T15:00:00Z,29.088899419557922,77.72
2026-06-21T16:00:00Z,97.18265127109677,115.615
2026-06-21T17:00:00Z,126.54547568627648,133.92000000000002
2026-06-21T18:00:00Z,137.12471540136892,150.0025
2026-06-21T19:00:00Z,147.84758045904246,150.265
2026-06-21T20:00:00Z,130.45971275374873,146.1
2026-06-21T21:00:00Z,115.27235054121238,133.9925
2026-06-21T22:00:00Z,108.27547867377088,128.3775
2026-06-21T23:00:00Z,106.94552895167693,120.1225
2026-06-22T00:00:00Z,102.50258487279002,114.9625
2026-06-22T01:00:00Z,107.38776867010097,115.225
2026-06-22T02:00:00Z,109.64759022634748,117.13
2026-06-22T03:00:00Z,114.57492681298861,123.89
2026-06-22T04:00:00Z,120.20531411141863,140.3425
2026-06-22T05:00:00Z,124.93887813401398,146.0375
2026-06-22T06:00:00Z,103.52764607203197,128.8225
2026-06-22T07:00:00Z,59.698313911777234,107.1625
2026-06-22T08:00:00Z,17.97595211895664,84.64750000000001
2026-06-22T09:00:00Z,0.8087555714659735,57.3025
2026-06-22T10:00:00Z,-14.735684717987928,39.5175
2026-06-22T11:00:00Z,-16.20631486436178,32.34
2026-06-22T12:00:00Z,-13.500880126878195,41.805
2026-06-22T13:00:00Z,3.055905657393093,63.517500000000005
2026-06-22T14:00:00Z,35.379629406639445,90.8975
2026-06-22T15:00:00Z,70.19356595916884,114.07
2026-06-22T16:00:00Z,108.13296283304653,145.585
2026-06-22T17:00:00Z,147.78785469603585,198.5075
2026-06-22T18:00:00Z,196.15123864336533,271.77750000000003
2026-06-22T19:00:00Z,177.93447310196584,250.455
2026-06-22T20:00:00Z,158.1621894014198,189.57
2026-06-22T21:00:00Z,139.1462280500812,156.0025
2026-06-22T22:00:00Z,132.19007729666427,146.06
2026-06-22T23:00:00Z,127.24433538185089,139.125
2026-06-23T00:00:00Z,118.37756491526258,135.01
2026-06-23T01:00:00Z,118.27247754159426,135.8225
2026-06-23T02:00:00Z,122.82563711014362,138.06
2026-06-23T03:00:00Z,133.768460216689,142.3
2026-06-23T04:00:00Z,143.1422273675535,164.22
2026-06-23T05:00:00Z,135.9866328516068,160.1325
2026-06-23T06:00:00Z,114.69054308262568,133.7875
2026-06-23T07:00:00Z,78.43225999930787,112.1175
2026-06-23T08:00:00Z,43.3513218390279,96.3125
2026-06-23T09:00:00Z,9.723544513558998,76.52
2026-06-23T10:00:00Z,-5.22662289614021,67.145
2026-06-23T11:00:00Z,-12.693311099192139,60.345
2026-06-23T12:00:00Z,-6.024961454511554,67.6525
2026-06-23T13:00:00Z,10.358742133411353,81.35249999999999
2026-06-23T14:00:00Z,43.88095962758087,101.065
2026-06-23T15:00:00Z,77.2585655516019,121.7075
2026-06-23T16:00:00Z,134.6492598735439,169.6825
2026-06-23T17:00:00Z,198.12147136470443,340.70500000000004
2026-06-23T18:00:00Z,259.6041973518037,545.505
2026-06-23T19:00:00Z,261.3657459891899,528.7375
2026-06-23T20:00:00Z,190.56897586552194,335.1175
2026-06-23T21:00:00Z,160.0600736283152,199.3975
2026-06-23T22:00:00Z,154.37982786047874,178.8025
2026-06-23T23:00:00Z,145.0265598013219,162.655
2026-06-24T00:00:00Z,136.01227699262975,148.005
2026-06-24T01:00:00Z,136.92901133454305,144.05
2026-06-24T02:00:00Z,143.53395320362543,144.46
2026-06-24T03:00:00Z,148.19497350930314,151.6175
2026-06-24T04:00:00Z,150.4480650996821,178.1675
2026-06-24T05:00:00Z,143.19249720286757,172.61
2026-06-24T06:00:00Z,114.78094513345812,149.3475
2026-06-24T07:00:00Z,75.3789972638314,119.3125
2026-06-24T08:00:00Z,24.05347388782468,102.4125
2026-06-24T09:00:00Z,-8.396521367176772,84.52
2026-06-24T10:00:00Z,-37.656912103415586,73.51
2026-06-24T11:00:00Z,-40.04667962207289,70.9825
2026-06-24T12:00:00Z,-36.62059082586461,74.515
2026-06-24T13:00:00Z,-17.591741624093835,89.3475
2026-06-24T14:00:00Z,25.518788915234662,109.375
2026-06-24T15:00:00Z,80.88036876411739,129.66
2026-06-24T16:00:00Z,143.24107978529565,196.785
2026-06-24T17:00:00Z,251.9813265519028,455.1375
2026-06-24T18:00:00Z,308.72375069312733,665.8199999999999
2026-06-24T19:00:00Z,297.5399177986577,660.1575
2026-06-24T20:00:00Z,239.8520351636959,463.2525
2026-06-24T21:00:00Z,204.74052579632212,263.61
2026-06-24T22:00:00Z,159.0935351734284,169.5675
2026-06-24T23:00:00Z,145.41583852863133,154.935
2026-06-25T00:00:00Z,137.63352225716847,145.385
2026-06-25T01:00:00Z,137.75891601266326,142.9725
2026-06-25T02:00:00Z,137.83153238300162,141.9075
2026-06-25T03:00:00Z,139.97432665228703,144.5725
2026-06-25T04:00:00Z,156.71287440901355,161.32999999999998
2026-06-25T05:00:00Z,131.9244675911816,148.41750000000002
2026-06-25T06:00:00Z,117.21171056466966,119.0975
2026-06-25T07:00:00Z,69.5274165656282,105.0075
2026-06-25T08:00:00Z,20.07520916223895,84.745
2026-06-25T09:00:00Z,-15.908974160778817,67.0925
2026-06-25T10:00:00Z,-39.28909924612275,42.7
2026-06-25T11:00:00Z,-44.4147521272158,33.96
2026-06-25T12:00:00Z,-44.56189591737193,37.265
2026-06-25T13:00:00Z,-30.286642528449292,67.8075
2026-06-25T14:00:00Z,0.5248946422478573,88.2925
2026-06-25T15:00:00Z,70.58290561356783,106.6
2026-06-25T16:00:00Z,131.21236454682403,135.23
2026-06-25T17:00:00Z,172.80207585760488,203.315
2026-06-25T18:00:00Z,211.43519276933904,285.77250000000004
2026-06-25T19:00:00Z,199.1053484443184,276.615
2026-06-25T20:00:00Z,165.43927365614306,186.6375
2026-06-25T21:00:00Z,139.49521317300724,155.745
2026-06-25T22:00:00Z,132.6849592723448,144.7
2026-06-25T23:00:00Z,124.27884468725054,130.725
2026-06-26T00:00:00Z,120.75264350817807,122.4825
2026-06-26T01:00:00Z,118.79803720635607,120.9325
2026-06-26T02:00:00Z,120.93967870429259,122.605
2026-06-26T03:00:00Z,122.39863107613773,129.5475
2026-06-26T04:00:00Z,131.1459748595494,146.03
2026-06-26T05:00:00Z,122.7239427713757,137.97
2026-06-26T06:00:00Z,100.63226361095984,119.805
2026-06-26T07:00:00Z,68.69606346948372,108.2725
2026-06-26T08:00:00Z,18.9481349290115,93.2425
2026-06-26T09:00:00Z,-12.120951034526634,67.705
2026-06-26T10:00:00Z,-32.11942390111399,49.49
2026-06-26T11:00:00Z,-51.99574922065931,38.5
2026-06-26T12:00:00Z,-52.005320073433545,40.0
2026-06-26T13:00:00Z,-16.779702561424166,68.9825
2026-06-26T14:00:00Z,4.985791390361009,93.12
2026-06-26T15:00:00Z,53.82837735594363,110.9925
2026-06-26T16:00:00Z,115.66863069848341,150.345
2026-06-26T17:00:00Z,161.23561451910447,243.545
2026-06-26T18:00:00Z,202.2920090270298,350.46000000000004
2026-06-26T19:00:00Z,192.69726207522038,295.77750000000003
2026-06-26T20:00:00Z,146.12697141775817,202.655
2026-06-26T21:00:00Z,124.02237125778609,154.86
2026-06-26T22:00:00Z,117.48574863206339,132.045
2026-06-26T23:00:00Z,109.79638038854587,124.5
2026-06-27T00:00:00Z,103.43649454871995,117.995
2026-06-27T01:00:00Z,101.55637586175739,115.83
2026-06-27T02:00:00Z,101.40011185304515,115.325
2026-06-27T03:00:00Z,105.77498645243551,114.0
2026-06-27T04:00:00Z,106.18123516657488,112.725
2026-06-27T05:00:00Z,96.79890177994686,109.2725
2026-06-27T06:00:00Z,52.69222592370198,102.8675
2026-06-27T07:00:00Z,17.930678208912227,73.5675
2026-06-27T08:00:00Z,-10.130421074040937,36.025
2026-06-27T09:00:00Z,-40.41127561222167,9.6675
2026-06-27T10:00:00Z,-67.75189535003321,0.525
2026-06-27T11:00:00Z,-69.91671325544937,0.0275
2026-06-27T12:00:00Z,-66.83987661946023,3.3925
2026-06-27T13:00:00Z,-38.23574411079808,12.7675
2026-06-27T14:00:00Z,-11.093526390798981,51.0
2026-06-27T15:00:00Z,47.48040092840057,100.605
2026-06-27T16:00:00Z,122.59179427911286,127.1325
2026-06-27T17:00:00Z,183.3132140710887,171.755
2026-06-27T18:00:00Z,222.14401394047601,221.25
2026-06-27T19:00:00Z,222.94512897048185,214.3075
2026-06-27T20:00:00Z,189.76711842938465,174.9975
2026-06-27T21:00:00Z,148.2745060047506,144.595
2026-06-27T22:00:00Z,129.79430955769953,136.46
2026-06-27T23:00:00Z,118.29702339794211,126.03
2026-06-28T00:00:00Z,108.23485656388354,119.6825
2026-06-28T01:00:00Z,97.91119860304966,115.6875
2026-06-28T02:00:00Z,101.1156671770009,114.735
2026-06-28T03:00:00Z,98.39559228659527,115.1225
2026-06-28T04:00:00Z,96.56876071263807,112.0625
2026-06-28T05:00:00Z,75.59972557328507,104.43
2026-06-28T06:00:00Z,44.345521702210476,76.685
2026-06-28T07:00:00Z,3.5386098801512396,32.8125
2026-06-28T08:00:00Z,-21.889144361094164,5.1525
2026-06-28T09:00:00Z,-47.602533583613116,0.12
2026-06-28T10:00:00Z,-64.4194182516848,-0.0225
2026-06-28T11:00:00Z,-58.56633126513196,-0.905
2026-06-28T12:00:00Z,-63.354012737826444,-0.0275
2026-06-28T13:00:00Z,-35.279282182016935,1.62
2026-06-28T14:00:00Z,-0.11769647508221137,27.665
2026-06-28T15:00:00Z,41.160037855091744,84.6425
2026-06-28T16:00:00Z,108.92293814418068,114.51
2026-06-28T17:00:00Z,141.6705459115805,137.9875
2026-06-28T18:00:00Z,187.9590930388819,153.1775
2026-06-28T19:00:00Z,181.01742994518628,161.04
2026-06-28T20:00:00Z,157.50603393494163,157.29500000000002
2026-06-28T21:00:00Z,141.8788030924614,144.115
2026-06-28T22:00:00Z,126.86005381222114,123.1175
2026-06-28T23:00:00Z,123.11602605805514,113.665
2026-06-29T00:00:00Z,118.30352118739027,113.025
2026-06-29T01:00:00Z,114.28438375506616,109.76
2026-06-29T02:00:00Z,116.30256625538959,114.87
2026-06-29T03:00:00Z,124.60441292274069,127.3425
2026-06-29T04:00:00Z,146.00583889285377,149.7375
2026-06-29T05:00:00Z,143.97961078858717,152.1625
2026-06-29T06:00:00Z,128.77661240846805,143.2925
2026-06-29T07:00:00Z,103.53621893491228,120.9475
2026-06-29T08:00:00Z,81.4771549352394,106.925
2026-06-29T09:00:00Z,61.185285283572526,99.1
2026-06-29T10:00:00Z,53.68113149529464,89.5075
2026-06-29T11:00:00Z,50.333181413732035,82.0275
2026-06-29T12:00:00Z,51.16686202877282,86.38499999999999
2026-06-29T13:00:00Z,56.172863379969364,96.78
2026-06-29T14:00:00Z,70.99181627227004,103.7325
2026-06-29T15:00:00Z,101.87693297108969,115.075
2026-06-29T16:00:00Z,125.05379007301633,134.91
2026-06-29T17:00:00Z,178.54016164012566,197.65
2026-06-29T18:00:00Z,199.0306459294592,284.3325
2026-06-29T19:00:00Z,201.4643072645971,301.365
2026-06-29T20:00:00Z,175.46527153613866,230.89
2026-06-29T21:00:00Z,160.72472277144405,170.0
2026-07-01T00:00:00Z,148.71460485395255,146.78
2026-07-01T01:00:00Z,149.28330516434067,146.995
2026-07-01T02:00:00Z,152.94105720769318,151.0375
2026-07-01T03:00:00Z,153.9472783166613,160.35500000000002
2026-07-01T04:00:00Z,177.52183393373645,196.3275
2026-07-01T05:00:00Z,165.80456822813855,203.2975
2026-07-01T06:00:00Z,146.95084199947928,180.2425
2026-07-01T07:00:00Z,126.82820515699001,145.70000000000002
2026-07-01T08:00:00Z,114.2037599923587,125.41
2026-07-01T09:00:00Z,99.97410758989473,119.4475
2026-07-01T10:00:00Z,87.78909545211982,115.8575
2026-07-01T11:00:00Z,66.60336094176044,110.3925
2026-07-01T12:00:00Z,59.552492465632575,99.715
2026-07-01T13:00:00Z,54.378656032208724,97.275
2026-07-01T14:00:00Z,69.45387661530066,99.39
2026-07-01T15:00:00Z,108.48822896234228,101.41
2026-07-01T16:00:00Z,171.3488691332986,120.27
2026-07-01T17:00:00Z,199.7614195349198,167.9975
2026-07-01T18:00:00Z,264.73396452964175,231.685
2026-07-01T19:00:00Z,265.6504515807672,243.455
2026-07-01T20:00:00Z,239.10126985055257,199.465
2026-07-01T21:00:00Z,170.77921431960394,156.66500000000002
2026-07-01T22:00:00Z,157.88120489333843,160.165
2026-07-01T23:00:00Z,138.33367504978932,143.41
2026-07-02T00:00:00Z,133.8313202089492,130.3575
2026-07-02T01:00:00Z,128.04127268938095,120.3275
2026-07-02T02:00:00Z,127.60992678588448,114.0925
2026-07-02T03:00:00Z,126.43550837445854,114.4525
2026-07-02T04:00:00Z,128.81016413324812,121.065
2026-07-02T05:00:00Z,120.54165119027638,112.9275
2026-07-02T06:00:00Z,73.97000959374905,91.315
2026-07-02T07:00:00Z,22.233175872297743,45.0925
2026-07-02T08:00:00Z,0.8551948461216652,5.534999999999999
2026-07-02T09:00:00Z,-2.181099800931386,-0.0725
2026-07-02T10:00:00Z,-10.190329973528687,-1.6475
2026-07-02T11:00:00Z,-18.41928550718981,-1.965
2026-07-02T12:00:00Z,-24.374413099809903,-3.0025
2026-07-02T13:00:00Z,-23.51767584224054,-1.9975
2026-07-02T14:00:00Z,-8.955642831267888,-0.505
2026-07-02T15:00:00Z,-10.994728572412212,2.895
2026-07-02T16:00:00Z,4.7912792999503955,46.8375
2026-07-02T17:00:00Z,57.3221715103329,90.46
2026-07-02T18:00:00Z,77.72916405539779,107.2525
2026-07-02T19:00:00Z,75.6796374772456,117.9225
2026-07-02T20:00:00Z,76.67595142636529,126.9
2026-07-02T21:00:00Z,70.80684413747326,117.6075
2026-07-02T22:00:00Z,64.8701926626706,91.2625
2026-07-02T23:00:00Z,47.97732524308,86.995
2026-07-03T00:00:00Z,44.54497331388233,82.6825
2026-07-03T01:00:00Z,43.495705919545856,85.91
2026-07-03T02:00:00Z,61.27371945857143,84.4575
2026-07-03T03:00:00Z,67.17315122488142,86.82
2026-07-03T04:00:00Z,76.49420680613626,99.4925
2026-07-03T05:00:00Z,68.02989072041508,104.4675
2026-07-03T06:00:00Z,10.595929219144212,63.0275
2026-07-03T07:00:00Z,-3.11117134863837,9.565
2026-07-03T08:00:00Z,-14.932540372253632,-0.1
2026-07-03T09:00:00Z,-21.916647951397774,-1.055
2026-07-03T10:00:00Z,-23.43086400680548,-1.885
2026-07-03T11:00:00Z,-31.417194154610375,-3.5025
2026-07-03T12:00:00Z,-31.56647857284543,-4.9875
2026-07-03T13:00:00Z,-24.974882751743007,-4.055
2026-07-03T14:00:00Z,-22.24524518172469,-2.605
2026-07-03T15:00:00Z,-4.301192547438944,-0.0474999999999999
2026-07-03T16:00:00Z,11.16888261863542,35.385
2026-07-03T17:00:00Z,67.89263660206815,102.645
2026-07-03T18:00:00Z,95.91380597211776,124.4425
2026-07-03T19:00:00Z,110.8599085410536,130.0275
2026-07-03T20:00:00Z,112.3101669124946,135.805
2026-07-03T21:00:00Z,107.12044408509769,124.275
2026-07-03T22:00:00Z,103.31529745018462,125.0
2026-07-03T23:00:00Z,97.67286586548484,120.0875
2026-07-04T00:00:00Z,91.53449814162549,116.435
2026-07-04T01:00:00Z,90.59993424107364,113.8225
2026-07-04T02:00:00Z,90.7627043440283,106.3375
2026-07-04T03:00:00Z,91.19403992889136,99.6725
2026-07-04T04:00:00Z,88.88140900599275,92.25
2026-07-04T05:00:00Z,78.12222473650414,72.6525
2026-07-04T06:00:00Z,33.459753532221,28.93
2026-07-04T07:00:00Z,4.589280008235573,0.9925
2026-07-04T08:00:00Z,-9.164788393723999,-0.01
2026-07-04T09:00:00Z,-16.34442949272025,-0.8
2026-07-04T10:00:00Z,-22.308274508251504,-3.1025
2026-07-04T11:00:00Z,-34.13687009835426,-8.25
2026-07-04T12:00:00Z,-37.98178751750778,-10.31
2026-07-04T13:00:00Z,-28.01790288290079,-4.265000000000001
2026-07-04T14:00:00Z,-12.735977046038963,-0.34
2026-07-04T15:00:00Z,-6.021144486244829,4.2925
2026-07-04T16:00:00Z,15.560852084383756,57.7325
2026-07-04T17:00:00Z,74.19613474583413,107.1925
2026-07-04T18:00:00Z,103.06219107189474,125.64
2026-07-04T19:00:00Z,110.0721639829518,131.03
2026-07-04T20:00:00Z,102.91718758508183,128.0275
2026-07-04T21:00:00Z,92.6234326861518,118.62
2026-07-04T22:00:00Z,91.37194207512,122.8725
2026-07-04T23:00:00Z,72.20950580940037,115.9225
2026-07-05T00:00:00Z,58.807052953993846,110.4975
2026-07-05T01:00:00Z,57.21705728040851,105.9525
2026-07-05T02:00:00Z,57.155326012239705,101.41
2026-07-05T03:00:00Z,54.76772349790831,97.09
2026-07-05T04:00:00Z,59.8602102498617,85.0025
2026-07-05T05:00:00Z,43.63994617307012,44.1625
2026-07-05T06:00:00Z,0.5423812130428806,14.795
2026-07-05T07:00:00Z,-6.653612439261245,1.3825
2026-07-05T08:00:00Z,-7.668947243738344,-0.0075
2026-07-05T09:00:00Z,-10.334195797761591,-0.03
2026-07-05T10:00:00Z,-11.422018487781834,-0.105
2026-07-05T11:00:00Z,-13.533143792335771,-0.6174999999999999
2026-07-05T12:00:00Z,-22.727606238084455,-1.165
2026-07-05T13:00:00Z,-16.547635557652065,-1.0225
2026-07-05T14:00:00Z,-10.32396090291689,-0.06
2026-07-05T15:00:00Z,-2.9150806264885727,4.9
2026-07-05T16:00:00Z,36.85539734498202,64.0
2026-07-05T17:00:00Z,84.11536344185846,107.505
2026-07-05T18:00:00Z,110.28455530736898,129.2975
2026-07-05T19:00:00Z,117.15659650027781,136.54
2026-07-05T20:00:00Z,117.55087527654968,139.8925
2026-07-05T21:00:00Z,117.10991107239053,127.895
2026-07-05T22:00:00Z,115.01831485567354,138.555
2026-07-05T23:00:00Z,110.3301468276262,124.5375
2026-07-06T00:00:00Z,102.13849180459032,119.7625
2026-07-06T01:00:00Z,98.9961211005605,115.55
2026-07-06T02:00:00Z,97.5269564178401,115.925
2026-07-06T03:00:00Z,101.72973570833184,120.86
2026-07-06T04:00:00Z,115.62204151099382,136.0325
2026-07-06T05:00:00Z,114.92966465407436,139.56
2026-07-06T06:00:00Z,97.64674241063494,133.865
2026-07-06T07:00:00Z,65.83683349134662,110.615
2026-07-06T08:00:00Z,25.337414104742894,90.275
2026-07-06T09:00:00Z,10.884058376546015,72.065
2026-07-06T10:00:00Z,0.7866299958793442,43.015
2026-07-06T11:00:00Z,-2.9786038163942345,20.445
2026-07-06T12:00:00Z,-4.6285316221534645,9.8075
2026-07-06T13:00:00Z,-5.942532046048265,5.0
2026-07-06T14:00:00Z,-0.8340672883422624,20.51
2026-07-06T15:00:00Z,5.213293862315555,66.5825
2026-07-06T16:00:00Z,40.26341202494911,99.3375
2026-07-06T17:00:00Z,81.34325967743855,117.865
2026-07-06T18:00:00Z,104.83802279481114,138.32999999999998
2026-07-06T19:00:00Z,107.30895367096795,151.2025
2026-07-06T20:00:00Z,105.3570118277809,147.155
2026-07-06T21:00:00Z,99.80718818696631,135.0
2026-07-06T22:00:00Z,89.17808809734854,120.98
2026-07-06T23:00:00Z,81.77011725129196,114.6525
2026-07-07T00:00:00Z,71.2555445834321,107.9875
2026-07-07T01:00:00Z,70.92307173444527,101.0025
2026-07-07T02:00:00Z,71.5904950847674,98.3825
2026-07-07T03:00:00Z,68.46643983716547,102.4075
2026-07-07T04:00:00Z,80.29531044248762,115.6
2026-07-07T05:00:00Z,81.89854144195343,118.6425
2026-07-07T06:00:00Z,61.981439716054076,114.89
2026-07-07T07:00:00Z,15.706768833876065,94.6475
2026-07-07T08:00:00Z,4.27043987240888,43.39
2026-07-07T09:00:00Z,-4.857049760521816,4.922499999999999
2026-07-07T10:00:00Z,-20.56611386319545,-0.8300000000000001
2026-07-07T11:00:00Z,-26.672345037351334,-2.705
2026-07-07T12:00:00Z,-23.529272564570757,-2.835
2026-07-07T13:00:00Z,-22.386946350141372,-1.485
2026-07-07T14:00:00Z,-21.056947362364017,-0.52
2026-07-07T15:00:00Z,0.9689464207427252,7.0175
2026-07-07T16:00:00Z,10.558475380612876,60.712500000000006
2026-07-07T17:00:00Z,27.26465756968432,86.1825
2026-07-07T18:00:00Z,50.98744119712176,107.9725
2026-07-07T19:00:00Z,65.84066408366742,118.4025
2026-07-07T20:00:00Z,68.29256643669146,120.755
2026-07-07T21:00:00Z,67.94877380985308,117.0825
2026-07-07T22:00:00Z,70.00702284346742,114.9225
2026-07-07T23:00:00Z,71.6894686820575,115.845
2026-07-08T00:00:00Z,70.49044939165013,111.7575
2026-07-08T01:00:00Z,70.90239605701292,108.17
2026-07-08T02:00:00Z,79.30125216642759,113.5825
2026-07-08T03:00:00Z,94.70122463177348,119.705
2026-07-08T04:00:00Z,105.64526591757259,130.75
2026-07-08T05:00:00Z,106.54119271728699,131.91
2026-07-08T06:00:00Z,88.70025701255847,125.7925
2026-07-08T07:00:00Z,43.32842409616007,100.4225
2026-07-08T08:00:00Z,5.003216093404142,79.5825
2026-07-08T09:00:00Z,1.7157956857122054,71.075
2026-07-08T10:00:00Z,-4.400280676207846,49.0075
2026-07-08T11:00:00Z,-10.56990195773008,17.245
2026-07-08T12:00:00Z,-17.307411343738647,7.9025
2026-07-08T13:00:00Z,-16.200156702527863,9.79
2026-07-08T14:00:00Z,-6.240721645694638,35.02
2026-07-08T15:00:00Z,1.09134612092994,77.3075
2026-07-08T16:00:00Z,58.338229573320376,104.43
2026-07-08T17:00:00Z,97.88497065562386,135.0475
2026-07-08T18:00:00Z,126.10405384368222,150.8475
2026-07-08T19:00:00Z,139.78256371222693,160.62
2026-07-08T20:00:00Z,131.1229155689887,159.2
2026-07-08T21:00:00Z,127.90328834865484,145.0475
2026-07-08T22:00:00Z,117.247289475109,140.3275
2026-07-08T23:00:00Z,115.27815463741324,133.20749999999998
2026-07-09T00:00:00Z,113.79586197122863,127.3225
2026-07-09T01:00:00Z,112.4308810686815,124.8475
2026-07-09T02:00:00Z,112.02786565381747,125.4425
2026-07-09T03:00:00Z,124.10211327429484,133.955
2026-07-09T04:00:00Z,129.20561403882505,149.15
2026-07-09T05:00:00Z,126.0168153344488,147.66
2026-07-09T06:00:00Z,111.6463205230838,138.2975
2026-07-09T07:00:00Z,88.4822983766374,118.03
2026-07-09T08:00:00Z,42.144838787606524,99.63
2026-07-09T09:00:00Z,15.416538033682045,86.83
2026-07-09T10:00:00Z,2.8153795725694413,66.69
2026-07-09T11:00:00Z,-14.741425315738574,43.625
2026-07-09T12:00:00Z,-17.221959114395876,38.005
2026-07-09T13:00:00Z,-9.233714019559487,51.04
2026-07-09T14:00:00Z,6.673415803386264,81.01
2026-07-09T15:00:00Z,55.029275807445885,108.4125
2026-07-09T16:00:00Z,106.18339365846406,130.4075
2026-07-09T17:00:00Z,131.99215702917286,166.5
2026-07-09T18:00:00Z,152.89725318669625,210.7
2026-07-09T19:00:00Z,160.90821027982648,213.3125
2026-07-09T20:00:00Z,143.0927096280689,183.965
2026-07-09T21:00:00Z,133.4051583945239,162.745
2026-07-09T22:00:00Z,128.27155565204487,153.5575
2026-07-09T23:00:00Z,121.69803279273445,143.4325
2026-07-10T00:00:00Z,118.53692443774318,139.7
2026-07-10T01:00:00Z,119.0263349466295,137.9275
2026-07-10T02:00:00Z,124.66268651434201,138.27
2026-07-10T03:00:00Z,126.62566083660171,142.4525
2026-07-10T04:00:00Z,137.30990877718986,151.14
2026-07-10T05:00:00Z,129.13006034121577,147.6925
2026-07-10T06:00:00Z,116.96208445383972,134.9025
2026-07-10T07:00:00Z,80.08496345755773,121.975
2026-07-10T08:00:00Z,36.677680585436285,99.895
2026-07-10T09:00:00Z,1.8987976877326322,78.31
2026-07-10T10:00:00Z,-13.018773919184527,56.805
2026-07-10T11:00:00Z,-17.113995432098353,37.36
2026-07-10T12:00:00Z,-15.53641906491864,40.95
2026-07-10T13:00:00Z,-8.22163837842651,62.1
2026-07-10T14:00:00Z,14.772163274124116,88.4125
2026-07-10T15:00:00Z,67.00819712026207,113.82
2026-07-10T16:00:00Z,114.23389112689584,128.435
2026-07-10T17:00:00Z,136.45188291924111,165.01999999999998
2026-07-10T18:00:00Z,194.01261222713214,186.6775
2026-07-10T19:00:00Z,152.0492730197713,176.885
2026-07-10T20:00:00Z,137.90304065050879,168.0
2026-07-10T21:00:00Z,130.54952584876722,154.4625
2026-07-10T22:00:00Z,126.54799125191869,150.4975
2026-07-10T23:00:00Z,124.02152293271686,143.95
2026-07-11T00:00:00Z,123.16007616178344,141.10750000000002
2026-07-11T01:00:00Z,122.48087110147026,140.6725
2026-07-11T02:00:00Z,127.05334462900754,140.4625
2026-07-11T03:00:00Z,128.8026678150252,138.8625
2026-07-11T04:00:00Z,125.6009088040293,136.335
2026-07-11T05:00:00Z,110.82635078252042,124.2825
2026-07-11T06:00:00Z,57.409080217826784,115.3525
2026-07-11T07:00:00Z,9.589864980337238,73.86
2026-07-11T08:00:00Z,-19.053475778954837,16.0875
2026-07-11T09:00:00Z,-45.033535605313745,0.3275
2026-07-11T10:00:00Z,-50.40552031168865,-0.0075
2026-07-11T11:00:00Z,-52.818391798717926,-0.6950000000000001
2026-07-11T12:00:00Z,-54.58944796228633,-0.975
2026-07-11T13:00:00Z,-54.245264017300634,-0.5025000000000001
2026-07-11T14:00:00Z,-28.5999032640614,6.1725
2026-07-11T15:00:00Z,7.456397265498038,74.695
2026-07-11T16:00:00Z,67.15286572771844,120.3525
2026-07-11T17:00:00Z,122.99829874288928,141.0
2026-07-11T18:00:00Z,140.88354630536838,151.82
2026-07-11T19:00:00Z,143.57162022367893,156.375
2026-07-11T20:00:00Z,124.21661807283657,154.8875
2026-07-11T21:00:00Z,114.14168286859477,145.58249999999998
2026-07-11T22:00:00Z,109.44608769403526,137.4425
2026-07-11T23:00:00Z,107.35197227925653,131.885
2026-07-12T00:00:00Z,106.46845896400751,125.57
2026-07-12T01:00:00Z,106.90961324226062,125.1
2026-07-12T02:00:00Z,106.35600779808429,122.8825
2026-07-12T03:00:00Z,104.28851842099063,119.915
2026-07-12T04:00:00Z,98.00933607930652,111.6125
2026-07-12T05:00:00Z,72.10418067381624,99.775
2026-07-12T06:00:00Z,27.762689699662864,62.1175
2026-07-12T07:00:00Z,-8.236802868675396,5.385
2026-07-12T08:00:00Z,-48.57611565258287,-0.045
2026-07-12T09:00:00Z,-52.757298372360566,-2.165
2026-07-12T10:00:00Z,-54.29911457219469,-7.1575
2026-07-12T11:00:00Z,-53.66132664169885,-10.7125
2026-07-12T12:00:00Z,-55.202890842640144,-10.055
2026-07-12T13:00:00Z,-59.294081644607274,-5.9075
2026-07-12T14:00:00Z,-41.19158556020163,-2.6925
2026-07-12T15:00:00Z,2.058093619760541,7.630000000000001
2026-07-12T16:00:00Z,55.97618835919692,93.4325
2026-07-12T17:00:00Z,110.98046428147478,131.8075
2026-07-12T18:00:00Z,131.17666461474425,140.8975
2026-07-12T19:00:00Z,136.05803483678812,144.4875
2026-07-12T20:00:00Z,123.29741127305846,144.93
2026-07-12T21:00:00Z,119.91267107909029,139.3175
2026-07-12T22:00:00Z,111.50410043621136,129.73
2026-07-12T23:00:00Z,111.18036019359228,124.605
2026-07-13T00:00:00Z,106.7023020280791,120.5675
2026-07-13T01:00:00Z,109.71079367172219,121.475
2026-07-13T02:00:00Z,117.61174899014591,123.5425
2026-07-13T03:00:00Z,126.31068851271391,134.2425
2026-07-13T04:00:00Z,137.63045814903637,149.8425
2026-07-13T05:00:00Z,133.9507644975184,159.43
2026-07-13T06:00:00Z,108.70673456695681,138.9875
2026-07-13T07:00:00Z,63.21514400288796,122.6075
2026-07-13T08:00:00Z,22.774253570444817,100.0175
2026-07-13T09:00:00Z,-6.670533602607732,74.1225
2026-07-13T10:00:00Z,-17.63730251760194,50.6225
2026-07-13T11:00:00Z,-22.13229861167427,32.900000000000006
2026-07-13T12:00:00Z,-17.949082051467013,38.5375
2026-07-13T13:00:00Z,0.7058732202543861,63.97500000000001
2026-07-13T14:00:00Z,36.411294232242376,90.95
2026-07-13T15:00:00Z,76.83497213183149,121.5275
2026-07-13T16:00:00Z,117.63932710788607,140.0
2026-07-13T17:00:00Z,149.9081931422597,165.9625
2026-07-13T18:00:00Z,159.79708816694247,182.9975
2026-07-13T19:00:00Z,161.9728143605062,168.8
2026-07-13T20:00:00Z,132.197111275936,159.0725
2026-07-13T21:00:00Z,116.17418186813441,144.07
2026-07-13T22:00:00Z,110.84327534679869,139.64
2026-07-13T23:00:00Z,105.7860564029891,133.8875
2026-07-14T00:00:00Z,108.55706912132014,127.35
2026-07-14T01:00:00Z,111.55366168096997,127.2175
2026-07-14T02:00:00Z,112.90610968788717,127.65
2026-07-14T03:00:00Z,119.89194207592904,135.02
2026-07-14T04:00:00Z,128.7385317580039,145.805
2026-07-14T05:00:00Z,130.85507348664746,152.265
2026-07-14T06:00:00Z,122.72757302000967,135.67000000000002
2026-07-14T07:00:00Z,92.50838762774926,121.8925
2026-07-14T08:00:00Z,46.07691052313197,107.4775
2026-07-14T09:00:00Z,15.75791984632694,91.6875
2026-07-14T10:00:00Z,2.5372790594592325,64.0425
2026-07-14T11:00:00Z,-10.909604065304269,51.825
2026-07-14T12:00:00Z,-5.50363861430398,57.73
2026-07-14T13:00:00Z,6.456235250312495,70.0
2026-07-14T14:00:00Z,21.799357890189988,93.2575
2026-07-14T15:00:00Z,72.09905855742399,117.44
2026-07-14T16:00:00Z,116.32521798120642,138.2975
2026-07-14T17:00:00Z,134.17517204301876,159.005
2026-07-14T18:00:00Z,150.74371570264742,182.48
2026-07-14T19:00:00Z,145.69464455983987,175.315
2026-07-14T20:00:00Z,135.55676876371538,168.765
2026-07-14T21:00:00Z,130.86280053621095,151.51999999999998
2026-07-14T22:00:00Z,128.94652814122477,153.5175
2026-07-14T23:00:00Z,128.246586414483,144.4475
2026-07-15T00:00:00Z,123.41508348693107,139.0375
2026-07-15T01:00:00Z,124.83259471920523,136.6175
2026-07-15T02:00:00Z,125.71763700308539,140.865
2026-07-15T03:00:00Z,130.79195120966642,150.2825
2026-07-15T04:00:00Z,137.69003834614128,166.6925
2026-07-15T05:00:00Z,133.72019547044374,165.88
2026-07-15T06:00:00Z,126.65968741792271,155.9325
2026-07-15T07:00:00Z,97.94868395899009,135.10250000000002
2026-07-15T08:00:00Z,60.373601318583326,111.4175
2026-07-15T09:00:00Z,16.959701064780777,96.2525
2026-07-15T10:00:00Z,3.981907441446667,74.345
2026-07-15T11:00:00Z,-8.770705466577393,63.5975
2026-07-15T12:00:00Z,-6.225962492545694,62.9175
2026-07-15T13:00:00Z,10.884407211735498,73.075
2026-07-15T14:00:00Z,32.3619820422482,97.1475
2026-07-15T15:00:00Z,76.39734899013294,118.1825
2026-07-15T16:00:00Z,120.72155194777808,145.5625
2026-07-15T17:00:00Z,144.48491646075095,175.8875
2026-07-15T18:00:00Z,180.48739641651383,205.975
2026-07-15T19:00:00Z,170.90235531226148,201.65
2026-07-15T20:00:00Z,150.58931471662018,188.38
2026-07-15T21:00:00Z,146.2496480607199,171.415
2026-07-15T22:00:00Z,142.2344891741329,166.0325
2026-07-15T23:00:00Z,137.0588948331789,159.2
2026-07-16T00:00:00Z,134.67673217063967,152.9075
2026-07-16T01:00:00Z,133.08486584094535,148.97750000000002
2026-07-16T02:00:00Z,137.9425868296952,152.1875
2026-07-16T03:00:00Z,138.81230937449158,159.945
2026-07-16T04:00:00Z,145.88492992985866,175.45
2026-07-16T05:00:00Z,139.48026282283104,172.76
2026-07-16T06:00:00Z,130.23781995536447,158.5125
2026-07-16T07:00:00Z,93.11225119614708,137.14249999999998
2026-07-16T08:00:00Z,61.741698492335594,118.3075
2026-07-16T09:00:00Z,29.22318110004064,107.2325
2026-07-16T10:00:00Z,3.716660301678172,94.69
2026-07-16T11:00:00Z,-1.4917925535692667,87.475
2026-07-16T12:00:00Z,1.5505860420371809,96.46
2026-07-16T13:00:00Z,17.27752461634985,109.6025
2026-07-16T14:00:00Z,52.07409265038657,119.6375
2026-07-16T15:00:00Z,99.2843355834298,139.935
2026-07-16T16:00:00Z,141.67527891452798,177.6975
2026-07-16T17:00:00Z,204.41991343304377,241.1025
2026-07-16T18:00:00Z,260.6319703400032,311.685
2026-07-16T19:00:00Z,209.8899348753741,262.6
2026-07-16T20:00:00Z,167.91918467045667,206.84
2026-07-16T21:00:00Z,155.00936663347753,180.3125
2026-07-16T22:00:00Z,145.61628619211612,170.565
2026-07-16T23:00:00Z,143.7885292485264,161.45
2026-07-17T00:00:00Z,137.1210471014947,151.975
2026-07-17T01:00:00Z,137.97019493413794,143.94
2026-07-17T02:00:00Z,138.31570558789923,142.89999999999998
2026-07-17T03:00:00Z,143.4645319594084,153.4875
2026-07-17T04:00:00Z,152.4598787326976,165.11
2026-07-17T05:00:00Z,139.67523849059017,165.7525
2026-07-17T06:00:00Z,132.51204350786182,157.10500000000002
2026-07-17T07:00:00Z,116.53681818845558,135.42000000000002
2026-07-17T08:00:00Z,87.87023992319081,127.4525
2026-07-17T09:00:00Z,59.52493766185342,113.7825
2026-07-17T10:00:00Z,44.01213875167924,103.8875
2026-07-17T11:00:00Z,27.477405806446768,98.2
2026-07-17T12:00:00Z,28.050647754423427,98.4275
2026-07-17T13:00:00Z,40.527403062523874,105.98
2026-07-17T14:00:00Z,61.90850699887616,114.7
2026-07-17T15:00:00Z,79.94618123798237,127.425
2026-07-17T16:00:00Z,118.19471164910547,137.58
2026-07-17T17:00:00Z,145.56834351318017,151.0325
2026-07-17T18:00:00Z,155.01336231000352,159.065
2026-07-17T19:00:00Z,139.65459511459946,166.8625
2026-07-17T20:00:00Z,142.49428474567708,164.675
2026-07-17T21:00:00Z,129.86694842767858,158.3
2026-07-17T22:00:00Z,116.15362743711606,156.2
2026-07-17T23:00:00Z,112.66827247383708,145.38
2026-07-18T00:00:00Z,106.62719390354623,142.0
2026-07-18T01:00:00Z,101.32205019395555,135.3
2026-07-18T02:00:00Z,98.0908396074697,134.81
2026-07-18T03:00:00Z,96.47294473120138,132.235
2026-07-18T04:00:00Z,98.22159909540045,126.5075
2026-07-18T05:00:00Z,79.74386769952932,119.3
2026-07-18T06:00:00Z,52.78669025747707,97.5425
2026-07-18T07:00:00Z,17.149946806801893,44.9275
2026-07-18T08:00:00Z,2.599329890213885,9.9675
2026-07-18T09:00:00Z,-5.697595812243832,-0.005
2026-07-18T10:00:00Z,-17.850878351839206,-0.125
2026-07-18T11:00:00Z,-26.095613627526923,-1.165
2026-07-18T12:00:00Z,-27.756532368073067,-1.9925
2026-07-18T13:00:00Z,-23.986460362392307,-2.9475
2026-07-18T14:00:00Z,-13.575114699060444,-1.76
2026-07-18T15:00:00Z,-6.125492010777143,0.4325
2026-07-18T16:00:00Z,20.423294571433004,55.9225
2026-07-18T17:00:00Z,74.70520533763866,110.2
2026-07-18T18:00:00Z,101.43327997091205,132.17000000000002
2026-07-18T19:00:00Z,109.82573577684289,145.95
2026-07-18T20:00:00Z,110.52420744021227,152.4625
2026-07-18T21:00:00Z,105.38833253971822,145.7625
2026-07-18T22:00:00Z,105.0761480277654,138.6975
2026-07-18T23:00:00Z,104.63927697365227,130.7425
2026-07-19T00:00:00Z,94.20042555273365,121.9
2026-07-19T01:00:00Z,92.4855010379754,118.8975
2026-07-19T02:00:00Z,93.88874947938378,115.275
2026-07-19T03:00:00Z,95.00745680236393,109.4175
2026-07-19T04:00:00Z,89.98257744908355,101.8475
2026-07-19T05:00:00Z,74.65844294861797,88.46000000000001
2026-07-19T06:00:00Z,43.37490430334155,43.1575
2026-07-19T07:00:00Z,4.6943768366841265,4.165
2026-07-19T08:00:00Z,-4.021490401615858,0.015
2026-07-19T09:00:00Z,-10.028374080361669,-0.045
2026-07-19T10:00:00Z,-12.76572064920881,-0.7424999999999999
2026-07-19T11:00:00Z,-26.653678020101598,-2.6775
2026-07-19T12:00:00Z,-38.716333592873944,-4.9975000000000005
2026-07-19T13:00:00Z,-33.266859632667675,-4.955
2026-07-19T14:00:00Z,-26.063304831354245,-2.4375
2026-07-19T15:00:00Z,-0.5478402450902898,-0.395
2026-07-19T16:00:00Z,20.185279405358628,47.8425
2026-07-19T17:00:00Z,86.21919585567575,117.16
2026-07-19T18:00:00Z,115.67014024796143,144.1225
2026-07-19T19:00:00Z,121.86877699184548,149.68
2026-07-19T20:00:00Z,116.62067046009162,149.6575
2026-07-19T21:00:00Z,107.5117280705287,138.2025
2026-07-19T22:00:00Z,104.02845004105522,147.4525
2026-07-19T23:00:00Z,97.22539302168674,138.48250000000002
2026-07-20T00:00:00Z,88.7926920803123,128.85500000000002
2026-07-20T01:00:00Z,86.18329736781976,123.53
2026-07-20T02:00:00Z,92.03999666616043,131.27
2026-07-20T03:00:00Z,102.45168173497662,138.79
2026-07-20T04:00:00Z,113.700605969229,149.31
2026-07-20T05:00:00Z,110.32539094459352,150.5275
2026-07-20T06:00:00Z,86.47753863080649,130.9975
2026-07-20T07:00:00Z,37.495350730117124,92.7175
2026-07-20T08:00:00Z,7.399128765839421,60.2725
2026-07-20T09:00:00Z,-0.18739436191108377,15.7875
2026-07-20T10:00:00Z,-4.932058403085759,7.6625
2026-07-20T11:00:00Z,-5.644583253378562,0.015
2026-07-20T12:00:00Z,-5.532161339508819,0.0075
2026-07-20T13:00:00Z,-3.6699376949784597,0.9575
2026-07-20T14:00:00Z,2.479089606131672,15.105
2026-07-20T15:00:00Z,21.867502050906598,74.7625
2026-07-20T16:00:00Z,84.36268847182683,118.4125
2026-07-20T17:00:00Z,127.35508382560072,158.7625
2026-07-20T18:00:00Z,152.26303473990237,178.245
2026-07-20T19:00:00Z,151.36011754875423,179.73
2026-07-20T20:00:00Z,141.84407315635045,174.815
2026-07-20T21:00:00Z,131.80776096053165,159.4675
2026-07-20T22:00:00Z,130.1744963683841,148.7775
2026-07-20T23:00:00Z,118.93610675199038,149.52
2026-07-21T00:00:00Z,114.95266710989671,143.39
2026-07-21T01:00:00Z,115.61448979178877,138.8675
2026-07-21T02:00:00Z,126.7619512033344,139.2525
2026-07-21T03:00:00Z,135.1776498715385,144.9125
2026-07-21T04:00:00Z,142.91394219604993,157.65
2026-07-21T05:00:00Z,137.94347582858137,154.4275
2026-07-21T06:00:00Z,106.46966724987394,145.3775
2026-07-21T07:00:00Z,73.99956619683402,114.9525
2026-07-21T08:00:00Z,23.84042087528033,83.69
2026-07-21T09:00:00Z,1.2206035644765358,43.6375
2026-07-21T10:00:00Z,-14.91278609079279,7.052499999999999
2026-07-21T11:00:00Z,-21.395719403536564,1.01
2026-07-21T12:00:00Z,-20.675723027139593,1.0025
2026-07-21T13:00:00Z,-8.190904269685056,13.670000000000002
2026-07-21T14:00:00Z,6.024986235636492,62.2325
2026-07-21T15:00:00Z,44.507994407093264,102.565
2026-07-21T16:00:00Z,107.958826811917,135.365
2026-07-21T17:00:00Z,139.21031918685225,153.61
2026-07-21T18:00:00Z,160.98387322712983,172.0
2026-07-21T19:00:00Z,160.11025926817672,174.5625
2026-07-21T20:00:00Z,151.16797615428754,168.3175
2026-07-21T21:00:00Z,143.1293965922505,155.1875
2026-07-21T22:00:00Z,130.91479744673165,152.19
2026-07-21T23:00:00Z,117.68925838099544,148.2875
2026-07-22T00:00:00Z,114.30642645807022,143.2325
2026-07-22T01:00:00Z,111.46692988819476,134.91250000000002
2026-07-22T02:00:00Z,112.9960052565569,130.66500000000002
2026-07-22T03:00:00Z,113.41851545856733,135.9575
2026-07-22T04:00:00Z,128.9266142340764,149.41
2026-07-22T05:00:00Z,119.28851974668832,145.345
2026-07-22T06:00:00Z,95.33454557869307,131.98250000000002
2026-07-22T07:00:00Z,44.49337882510671,90.9425
2026-07-22T08:00:00Z,5.17696631934552,66.1525
2026-07-22T09:00:00Z,-2.5125994377133303,30.935
2026-07-22T10:00:00Z,-6.312965365941319,10.385
2026-07-22T11:00:00Z,-8.022859926375348,1.29
2026-07-22T12:00:00Z,-10.36646460818372,0.0375
2026-07-22T13:00:00Z,-10.04038363336367,0.4975
2026-07-22T14:00:00Z,-5.723722462890893,9.15
2026-07-22T15:00:00Z,1.432716447407538,63.21
2026-07-22T16:00:00Z,38.718167028728125,108.1
2026-07-22T17:00:00Z,79.96768322099891,137.8275
2026-07-22T18:00:00Z,101.4015399039404,157.01
2026-07-22T19:00:00Z,109.43991268160094,161.76
2026-07-22T20:00:00Z,103.05080531272064,157.61
2026-07-22T21:00:00Z,96.6879520191641,143.5425
2026-07-22T22:00:00Z,78.36492086586357,142.755
2026-07-22T23:00:00Z,70.97118275845797,137.345
2026-07-23T00:00:00Z,68.72045477035664,133.66
2026-07-23T01:00:00Z,68.82563421769053,132.965
2026-07-23T02:00:00Z,82.36017545442333,136.24
2026-07-23T03:00:00Z,99.81749201667895,143.045
2026-07-23T04:00:00Z,116.97715208971343,159.18
2026-07-23T05:00:00Z,118.263316759331,167.8725
2026-07-23T06:00:00Z,101.82435572775918,159.9525
2026-07-23T07:00:00Z,62.59091482596216,134.3275
2026-07-23T08:00:00Z,15.020272083788814,101.98
2026-07-23T09:00:00Z,-0.5137112747408697,79.53999999999999
2026-07-23T10:00:00Z,-11.365058773470754,31.0925
2026-07-23T11:00:00Z,-18.074475253980207,4.3025
2026-07-23T12:00:00Z,-20.158814342004465,0.0
2026-07-23T13:00:00Z,-15.005748667134648,0.03
2026-07-23T14:00:00Z,-6.005627951164355,21.9975
2026-07-23T15:00:00Z,13.362256135954075,96.705
2026-07-23T16:00:00Z,86.34492198909018,142.64
2026-07-23T17:00:00Z,138.6477728392785,166.1
2026-07-23T18:00:00Z,165.04469119551257,185.015
2026-07-23T19:00:00Z,167.3182699916924,190.0
2026-07-23T20:00:00Z,152.31814808937017,186.5425
2026-07-23T21:00:00Z,149.84434444062833,170.42000000000002
2026-07-23T22:00:00Z,147.8479848828496,161.0025
2026-07-23T23:00:00Z,145.3050062744515,157.1375
2026-07-24T00:00:00Z,137.11238804631725,151.8125
2026-07-24T01:00:00Z,133.72456478492361,153.3275
2026-07-24T02:00:00Z,140.27467493254503,155.66
2026-07-24T03:00:00Z,146.8377917938185,161.1675
2026-07-24T04:00:00Z,156.6460688609725,172.54
2026-07-24T05:00:00Z,142.6844771826773,167.3875
2026-07-24T06:00:00Z,124.07080548529295,159.9975
2026-07-24T07:00:00Z,78.65744728227396,132.6025
2026-07-24T08:00:00Z,50.561293738863526,102.315
2026-07-24T09:00:00Z,-0.10765609741360342,75.6625
2026-07-24T10:00:00Z,-20.255142262095017,44.7425
2026-07-24T11:00:00Z,-50.01562715375724,21.025
2026-07-24T12:00:00Z,-47.16202411533837,6.485
2026-07-24T13:00:00Z,-39.02550536565132,14.29
2026-07-24T14:00:00Z,-15.614962191555877,68.965
2026-07-24T15:00:00Z,36.970355205133366,114.0175
2026-07-24T16:00:00Z,100.79521408201393,154.66500000000002
2026-07-24T17:00:00Z,138.1360587235065,180.135
2026-07-24T18:00:00Z,168.28613026081646,200.0425
2026-07-24T19:00:00Z,179.67944269171613,203.1725
2026-07-24T20:00:00Z,172.45468415090468,194.5175
2026-07-24T21:00:00Z,154.2820868089609,180.115
2026-07-24T22:00:00Z,154.801770942478,167.135
2026-07-24T23:00:00Z,143.4547128020839,161.61
2026-07-25T00:00:00Z,133.32838809778536,160.4275
2026-07-25T01:00:00Z,129.64498959505832,159.8525
2026-07-25T02:00:00Z,126.84610279673028,152.0125
2026-07-25T03:00:00Z,131.42479126668647,146.2525
2026-07-25T04:00:00Z,127.18729941385385,135.38
2026-07-25T05:00:00Z,110.97622605018469,115.305
2026-07-25T06:00:00Z,47.631836912962996,83.51
2026-07-25T07:00:00Z,6.662442790540379,11.1675
2026-07-25T08:00:00Z,-17.773196012377642,-0.1175
2026-07-25T09:00:00Z,-54.029946431628616,-2.6075
2026-07-25T10:00:00Z,-63.606464875357695,-5.955
2026-07-25T11:00:00Z,-69.05609998476403,-9.9475
2026-07-25T12:00:00Z,-64.9597365303418,-12.28
2026-07-25T13:00:00Z,-62.40037235876744,-3.3525
2026-07-25T14:00:00Z,-26.621413673249428,-0.32
2026-07-25T15:00:00Z,-3.5213458958840804,11.25
2026-07-25T16:00:00Z,56.597380170709556,95.195
2026-07-25T17:00:00Z,134.41495138221072,157.42
2026-07-25T18:00:00Z,139.60786354809997,170.31
2026-07-25T19:00:00Z,137.97836120074922,169.075
2026-07-25T20:00:00Z,134.69088774162472,165.48250000000002
2026-07-25T21:00:00Z,124.91119612682145,160.0
2026-07-25T22:00:00Z,134.24164827493132,153.03
2026-07-25T23:00:00Z,131.18480730170634,146.45499999999998
2026-07-26T00:00:00Z,130.3144389713939,148.025
2026-07-26T01:00:00Z,129.80652021049815,153.5925
2026-07-26T02:00:00Z,120.47891703147087,147.07999999999998
2026-07-26T03:00:00Z,119.64017329465622,137.9925
2026-07-26T04:00:00Z,114.91916710960514,124.8625
2026-07-26T05:00:00Z,102.80761482900702,110.1775
2026-07-26T06:00:00Z,63.02925202191916,93.76
2026-07-26T07:00:00Z,15.675627993015826,55.1825
2026-07-26T08:00:00Z,-5.917516570361674,7.140000000000001
2026-07-26T09:00:00Z,-16.843241710255768,-0.005
2026-07-26T10:00:00Z,-28.37639466627616,-0.075
2026-07-26T11:00:00Z,-32.740944617096225,-0.2674999999999999
2026-07-26T12:00:00Z,-28.36960460953738,-0.67
2026-07-26T13:00:00Z,-20.643282823420364,-0.86
2026-07-26T14:00:00Z,-8.186924835512434,0.8624999999999999
2026-07-26T15:00:00Z,6.511124948221135,51.8225
2026-07-26T16:00:00Z,61.11609866871644,109.25
2026-07-26T17:00:00Z,106.87184440588459,139.29
2026-07-26T18:00:00Z,122.81889315193428,151.6825
2026-07-26T19:00:00Z,122.56646004844934,150.9425
2026-07-26T20:00:00Z,116.93817858865721,147.9975
2026-07-26T21:00:00Z,100.25954886858536,136.795
2026-07-26T22:00:00Z,25.986098182229718,86.0425
2026-07-26T23:00:00Z,11.506207974705209,70.6575
2026-07-27T00:00:00Z,9.6660082804778,61.7
2026-07-27T01:00:00Z,18.797969339410393,62.6375
2026-07-27T02:00:00Z,27.750339823653658,71.175
2026-07-27T03:00:00Z,67.11872912254493,91.02
2026-07-27T04:00:00Z,87.64138892913907,117.5575
2026-07-27T05:00:00Z,97.17878024373594,128.975
2026-07-27T06:00:00Z,90.10386898602172,118.975
2026-07-27T07:00:00Z,41.0006972983976,74.935
2026-07-27T08:00:00Z,4.644427851158912,23.7875
2026-07-27T09:00:00Z,-0.9071585948548871,0.98
2026-07-27T10:00:00Z,-6.696059795660086,-0.01
2026-07-27T11:00:00Z,-10.285038139387092,-0.1475
2026-07-27T12:00:00Z,-10.285038139387092,-0.7050000000000001
2026-07-27T13:00:00Z,-7.938133024208581,-0.08
2026-07-27T14:00:00Z,-2.7190570414746222,-0.0125
2026-07-27T15:00:00Z,10.431066897167836,14.4025
2026-07-27T16:00:00Z,74.47065505468396,97.29
2026-07-27T17:00:00Z,113.87434988711061,149.13
2026-07-27T18:00:00Z,147.7799249675077,173.7225
2026-07-27T19:00:00Z,155.39019966414102,178.995
2026-07-27T20:00:00Z,149.9413267290909,171.1075
2026-07-27T21:00:00Z,137.71338730266206,157.9875
2026-07-27T22:00:00Z,123.35208330165707,161.0025
2026-07-27T23:00:00Z,115.33273059605759,148.3075
2026-07-28T00:00:00Z,111.97306018921216,141.33
2026-07-28T01:00:00Z,113.4818578882411,135.87
2026-07-28T02:00:00Z,120.28538948779318,139.935
2026-07-28T03:00:00Z,134.15380315821767,149.7425
2026-07-28T04:00:00Z,140.93095054187438,167.555
2026-07-28T05:00:00Z,136.92186707454997,162.27499999999998
2026-07-28T06:00:00Z,107.28724536551333,144.16
2026-07-28T07:00:00Z,39.12050899545721,109.0225
2026-07-28T08:00:00Z,1.7293602972441695,36.7675
2026-07-28T09:00:00Z,-26.919222760680846,3.43
2026-07-28T10:00:00Z,-41.699082196339745,-0.0125
2026-07-28T11:00:00Z,-42.13943838001533,-0.0875
2026-07-28T12:00:00Z,-41.68604444519673,-0.03
2026-07-28T13:00:00Z,-28.66190429241618,3.4025
2026-07-28T14:00:00Z,-4.6405732903855474,44.74
2026-07-28T15:00:00Z,41.905616315275815,107.6275
2026-07-28T16:00:00Z,113.13606534356401,156.9725
2026-07-28T17:00:00Z,164.73318226852027,198.8575
2026-07-28T18:00:00Z,212.54505745780742,216.755
2026-07-28T19:00:00Z,185.0061828987443,209.9275
2026-07-28T20:00:00Z,165.15794040843016,193.9575
2026-07-28T21:00:00Z,152.8619155202733,172.2625
2026-07-28T22:00:00Z,138.389381607058,156.7575
2026-07-28T23:00:00Z,122.44632145665534,148.45
2026-07-29T00:00:00Z,118.47668736424144,137.2075
2026-07-29T01:00:00Z,117.05906783650735,135.0025
2026-07-29T02:00:00Z,117.84386145616139,140.3275
2026-07-29T03:00:00Z,133.45021380247758,148.51
2026-07-29T04:00:00Z,145.92586363769172,168.5725
2026-07-29T05:00:00Z,141.5003218438747,161.095
2026-07-29T06:00:00Z,110.44927073601168,146.1725
2026-07-29T07:00:00Z,67.5539796597094,122.11
2026-07-29T08:00:00Z,7.772328876633645,85.2875
2026-07-29T09:00:00Z,-29.049723795812977,29.035
2026-07-29T10:00:00Z,-42.356719262951614,1.2374999999999998
2026-07-29T11:00:00Z,-55.618039251293645,-0.0425
2026-07-29T12:00:00Z,-55.37587608535938,-0.0225
2026-07-29T13:00:00Z,-35.57740102780415,7.375
2026-07-29T14:00:00Z,2.00230994459099,76.35
2026-07-29T15:00:00Z,62.71290394675212,125.3425
2026-07-29T16:00:00Z,131.48608225822784,162.315
2026-07-29T17:00:00Z,184.63014135553726,244.395
2026-07-29T18:00:00Z,258.93951833494555,263.64750000000004
2026-07-29T19:00:00Z,257.66939601542407,224.705
2026-07-29T20:00:00Z,176.4242449575726,192.925
2026-07-29T21:00:00Z,147.90497367527286,167.3125
2026-07-29T22:00:00Z,137.86520326139097,149.755
2026-07-29T23:00:00Z,132.47377838148805,142.385
2026-07-30T00:00:00Z,118.71077081985165,139.9975
2026-07-30T01:00:00Z,117.86827094914764,135.53
2026-07-30T02:00:00Z,116.31156397567531,132.7225
2026-07-30T03:00:00Z,117.31032476985555,137.6075
2026-07-30T04:00:00Z,133.46795429651723,148.46
2026-07-30T05:00:00Z,122.61786022146889,147.745
2026-07-30T06:00:00Z,81.88226845999719,139.045
2026-07-30T07:00:00Z,44.36959418366671,118.115
2026-07-30T08:00:00Z,2.729148101873886,85.0
2026-07-30T09:00:00Z,-23.205172870772117,34.6
2026-07-30T10:00:00Z,-48.5382442347791,6.3525
2026-07-30T11:00:00Z,-37.873857291664834,2.67
2026-07-30T12:00:00Z,-34.26522491367381,14.9225
2026-07-30T13:00:00Z,-12.779173461751402,62.4325
2026-07-30T14:00:00Z,8.533058373841996,98.1525
2026-07-30T15:00:00Z,66.26075142524904,126.8025
2026-07-30T16:00:00Z,121.04026766128626,149.2775
2026-07-30T17:00:00Z,156.64439775729488,173.77
2026-07-30T18:00:00Z,180.74143340170744,198.31
2026-07-30T19:00:00Z,166.72804768546655,207.03
2026-07-30T20:00:00Z,156.49539044448716,190.2975
2026-07-30T21:00:00Z,154.5303096089886,170.82999999999998
2026-07-30T22:00:00Z,150.67148360467587,168.21
2026-07-30T23:00:00Z,150.57019901247048,162.9525
2026-07-31T00:00:00Z,145.4219901427497,155.16
2026-07-31T01:00:00Z,142.70073188552033,154.1725
2026-07-31T02:00:00Z,144.74451902806285,157.34
2026-07-31T03:00:00Z,153.38374407367667,165.5125
2026-07-31T04:00:00Z,159.82299757472853,179.08749999999998
2026-07-31T05:00:00Z,154.26439456759962,172.5275
2026-07-31T06:00:00Z,137.4354890613589,159.0775
2026-07-31T07:00:00Z,96.98556353413301,139.3875
2026-07-31T08:00:00Z,56.73960242413839,119.605
2026-07-31T09:00:00Z,17.794946848503354,101.17
2026-07-31T10:00:00Z,-1.2794318683830381,94.1175
2026-07-31T11:00:00Z,-6.06690267668037,83.2675
2026-07-31T12:00:00Z,4.401210132766056,86.285
2026-07-31T13:00:00Z,19.672652953403677,103.135
2026-07-31T14:00:00Z,60.63215987522325,120.865
2026-07-31T15:00:00Z,102.23863789140663,147.4925
2026-07-31T16:00:00Z,138.8352111036189,162.3075
2026-07-31T17:00:00Z,166.02495442773582,184.885
2026-07-31T18:00:00Z,195.0847268549147,192.74
2026-07-31T19:00:00Z,192.4716957956706,195.64
2026-07-31T20:00:00Z,160.56839288424217,191.13
2026-07-31T21:00:00Z,153.15664983133377,170.1475
2026-07-31T22:00:00Z,153.73989814918778,169.4375
2026-07-31T23:00:00Z,153.33595269054217,162.6575
2026-08-01T00:00:00Z,135.66146430775962,156.995
2026-08-01T01:00:00Z,131.0145932501154,154.60750000000002
2026-08-01T02:00:00Z,128.91674829721478,154.5225
2026-08-01T03:00:00Z,133.045788473431,155.51749999999998
2026-08-01T04:00:00Z,133.20476019604712,154.79000000000002
2026-08-01T05:00:00Z,126.1564822749364,146.4225
2026-08-01T06:00:00Z,108.228250301751,140.4075
2026-08-01T07:00:00Z,82.4911452208647,123.2725
2026-08-01T08:00:00Z,42.27638140475222,100.9225
2026-08-01T09:00:00Z,7.2228960353835845,57.1525
2026-08-01T10:00:00Z,-11.965122009591823,16.715
2026-08-01T11:00:00Z,-31.59877966458207,0.4075
2026-08-01T12:00:00Z,-43.26952490441692,0.0
2026-08-01T13:00:00Z,-38.825050829069625,3.0775
2026-08-01T14:00:00Z,-7.321500910136635,45.5175
2026-08-01T15:00:00Z,37.64166478889929,107.565
2026-08-01T16:00:00Z,104.22799864692381,145.135
2026-08-01T17:00:00Z,138.98952830279066,168.535
2026-08-01T18:00:00Z,164.2716006317867,180.9625
2026-08-01T19:00:00Z,159.36274191629863,180.6775
2026-08-01T20:00:00Z,151.16322350541935,178.5475
2026-08-01T21:00:00Z,144.69597508396933,170.0
2026-08-01T22:00:00Z,135.7714765402986,169.625
2026-08-01T23:00:00Z,129.46799312815935,159.915
2026-08-02T00:00:00Z,117.28669768448012,156.8375
2026-08-02T01:00:00Z,117.35887530174504,154.4425
2026-08-02T02:00:00Z,117.51646007220076,153.5925
2026-08-02T03:00:00Z,128.47294168811638,159.3275
2026-08-02T04:00:00Z,125.49056698563396,151.39749999999998
2026-08-02T05:00:00Z,111.08084089257434,138.7
2026-08-02T06:00:00Z,74.0705620814942,122.18
2026-08-02T07:00:00Z,31.798819922170345,62.685
2026-08-02T08:00:00Z,-9.459958250010832,3.155
2026-08-02T09:00:00Z,-38.199266387339506,-0.26
2026-08-02T10:00:00Z,-57.13151755834268,-1.275
2026-08-02T11:00:00Z,-62.773483804945066,-3.73
2026-08-02T12:00:00Z,-62.769108089229725,-1.785
2026-08-02T13:00:00Z,-64.02064782751822,-1.1775
2026-08-02T14:00:00Z,-20.522682572928815,2.915
2026-08-02T15:00:00Z,45.567947306623864,95.4125
2026-08-02T16:00:00Z,107.10426627157021,148.1575
2026-08-02T17:00:00Z,151.3966707793127,176.8925
2026-08-02T18:00:00Z,166.85964485290827,185.6875
2026-08-02T19:00:00Z,145.38008707002444,177.69
2026-08-02T20:00:00Z,123.6840156280967,167.72750000000002
2026-08-02T21:00:00Z,106.88336615684597,152.8325
2026-08-02T22:00:00Z,91.68573144625309,139.7925
2026-08-02T23:00:00Z,91.08475404528777,135.11
2026-08-03T00:00:00Z,79.27872095354242,131.94
2026-08-03T01:00:00Z,86.09285434124183,129.7875
2026-08-03T02:00:00Z,93.62054520611457,132.7375
2026-08-03T03:00:00Z,102.9152784551825,144.29999999999998
2026-08-03T04:00:00Z,123.82711975917795,169.225
2026-08-03T05:00:00Z,116.73747963400588,164.49
2026-08-03T06:00:00Z,102.49570033758503,150.0
2026-08-03T07:00:00Z,40.24637342882367,135.1225
2026-08-03T08:00:00Z,-2.3076196705263823,110.785
2026-08-03T09:00:00Z,-28.58124757627895,69.6775
2026-08-03T10:00:00Z,-60.62103701426657,26.03
2026-08-03T11:00:00Z,-63.9813730635779,16.3875
2026-08-03T12:00:00Z,-59.67140495492747,22.555
2026-08-03T13:00:00Z,-31.27284928613283,60.8125
2026-08-03T14:00:00Z,1.5910816036023372,102.8075
2026-08-03T15:00:00Z,50.122111235837345,139.8
2026-08-03T16:00:00Z,115.36266543996152,169.0275
2026-08-03T17:00:00Z,150.19834436623168,205.7675
2026-08-03T18:00:00Z,163.46727864565602,200.675
2026-08-03T19:00:00Z,142.8263303976489,185.8075
2026-08-03T20:00:00Z,119.24354358791756,174.43
2026-08-03T21:00:00Z,104.45314092847585,157.1375
2026-08-03T22:00:00Z,94.41059740793833,154.0
2026-08-03T23:00:00Z,94.01574265404305,144.7175
2026-08-04T00:00:00Z,92.42745775651204,138.995
2026-08-04T01:00:00Z,99.48886495507372,137.105
2026-08-04T02:00:00Z,104.7876424341744,143.165
2026-08-04T03:00:00Z,113.7937598074418,156.9525
2026-08-04T04:00:00Z,142.4876019812935,170.9325
2026-08-04T05:00:00Z,141.95794470022594,169.2825
2026-08-04T06:00:00Z,116.34760196321379,161.49
2026-08-04T07:00:00Z,83.75570934756439,146.5375
2026-08-04T08:00:00Z,48.87854520126641,124.51
2026-08-04T09:00:00Z,2.5875118953193184,103.7375
2026-08-04T10:00:00Z,-12.612621619939738,87.3125
2026-08-04T11:00:00Z,-15.450587691028131,76.465
2026-08-04T12:00:00Z,-14.172998291745209,84.0625
2026-08-04T13:00:00Z,3.8969254020491406,109.4575
2026-08-04T14:00:00Z,35.087663866771635,127.4375
2026-08-04T15:00:00Z,79.48921023969959,154.9625
2026-08-04T16:00:00Z,142.36452469571563,175.5475
2026-08-04T17:00:00Z,183.2277106255865,228.0
2026-08-04T18:00:00Z,214.12583882174445,240.005
2026-08-04T19:00:00Z,193.8967631905639,212.045
2026-08-04T20:00:00Z,164.1021593436123,185.1275
2026-08-04T21:00:00Z,142.4521168611601,163.065
2026-08-04T22:00:00Z,121.22220244274565,155.1925
2026-08-04T23:00:00Z,119.44587775779307,149.3475
2026-08-05T00:00:00Z,116.14352256276187,148.05
2026-08-05T01:00:00Z,107.32904211497912,144.255
2026-08-05T02:00:00Z,111.80646429210317,139.345
2026-08-05T03:00:00Z,114.1069803352618,144.2525
2026-08-05T04:00:00Z,127.80455810134404,157.18
2026-08-05T05:00:00Z,126.47154999638953,154.685
2026-08-05T06:00:00Z,92.39973638750628,139.7975
2026-08-05T07:00:00Z,37.54088829451555,112.0375
2026-08-05T08:00:00Z,0.5758174016943604,64.45
2026-08-05T09:00:00Z,-11.319333790670775,8.3325
2026-08-05T10:00:00Z,-36.97432672387125,-0.0375
2026-08-05T11:00:00Z,-39.34673995257242,-0.5425
2026-08-05T12:00:00Z,-36.81158847983911,-0.14
2026-08-05T13:00:00Z,-23.966991224210084,-0.0174999999999999
2026-08-05T14:00:00Z,-5.734000851281992,6.8275
2026-08-05T15:00:00Z,16.455842086992096,72.33500000000001
2026-08-05T16:00:00Z,109.29753348107066,135.07999999999998
2026-08-05T17:00:00Z,163.34394519981495,173.8975
2026-08-05T18:00:00Z,200.016026473472,187.4625
2026-08-05T19:00:00Z,183.00130127302228,203.7375
2026-08-05T20:00:00Z,158.17160269648232,190.8125
2026-08-05T21:00:00Z,152.24429997324086,166.105
2026-08-05T22:00:00Z,125.36160143873128,162.5125
2026-08-05T23:00:00Z,114.71064168774859,155.2025
2026-08-06T00:00:00Z,111.51723901071124,146.6975
2026-08-06T01:00:00Z,108.6939370444651,137.83
2026-08-06T02:00:00Z,103.93770672721072,134.06
2026-08-06T03:00:00Z,110.49464031418384,135.7525
2026-08-06T04:00:00Z,123.17449220260791,156.0475
2026-08-06T05:00:00Z,114.1620562807503,149.32999999999998
2026-08-06T06:00:00Z,93.95713086732705,139.2225
2026-08-06T07:00:00Z,36.092585769456825,95.57
2026-08-06T08:00:00Z,-5.212498504837266,25.085
2026-08-06T09:00:00Z,-20.014328931352672,0.145
2026-08-06T10:00:00Z,-33.35414992053699,-0.0849999999999999
2026-08-06T11:00:00Z,-39.07504841984573,-1.3575
2026-08-06T12:00:00Z,-38.71353346012065,-1.29
2026-08-06T13:00:00Z,-33.30592547780206,-0.335
2026-08-06T14:00:00Z,-18.99148661772619,0.0075
2026-08-06T15:00:00Z,0.8339240790161155,38.425
2026-08-06T16:00:00Z,69.53075621248125,114.48
2026-08-06T17:00:00Z,110.60782241438838,143.1775
2026-08-06T18:00:00Z,118.50459046623826,162.6925
2026-08-06T19:00:00Z,119.54442639091555,167.14
2026-08-06T20:00:00Z,117.82871338266528,169.45499999999998
2026-08-06T21:00:00Z,114.80614634225702,158.4475
2026-08-06T22:00:00Z,113.04678259266362,145.0725
2026-08-06T23:00:00Z,112.1962081335929,138.655
2026-08-07T00:00:00Z,106.56410035637239,131.12
2026-08-07T01:00:00Z,110.19414758451379,129.0675
2026-08-07T02:00:00Z,115.20311494250495,131.575
2026-08-07T03:00:00Z,118.7192876393764,141.33249999999998
2026-08-07T04:00:00Z,140.8658513435919,156.16750000000002
2026-08-07T05:00:00Z,136.66703154280782,154.9725
2026-08-07T06:00:00Z,113.34092948368584,145.5775
2026-08-07T07:00:00Z,56.80640660589556,126.1175
2026-08-07T08:00:00Z,11.928807752171078,102.1625
2026-08-07T09:00:00Z,-17.702524414348915,66.5125
2026-08-07T10:00:00Z,-26.02311983389632,28.15
2026-08-07T11:00:00Z,-30.04960564490612,13.0175
2026-08-07T12:00:00Z,-26.48972249979965,18.7275
2026-08-07T13:00:00Z,-15.604445467621721,44.34
2026-08-07T14:00:00Z,7.147644176513682,87.34
2026-08-07T15:00:00Z,58.756239775086186,118.6675
2026-08-07T16:00:00Z,112.90133705100057,144.71
2026-08-07T17:00:00Z,144.4117511937384,172.6025
2026-08-07T18:00:00Z,170.92769052334341,195.1225
2026-08-07T19:00:00Z,162.05471547164,194.65
2026-08-07T20:00:00Z,153.15826979650615,178.0875
2026-08-07T21:00:00Z,149.66281562790567,166.095
2026-08-07T22:00:00Z,147.7121702673839,155.74
2026-08-07T23:00:00Z,142.1568987930191,149.0
2026-08-08T00:00:00Z,130.5776681262181,145.2375
2026-08-08T01:00:00Z,128.89048678351875,145.92
2026-08-08T02:00:00Z,128.9442184415526,143.865
2026-08-08T03:00:00Z,137.35827487487938,145.695
2026-08-08T04:00:00Z,137.12246993914243,146.2625
2026-08-08T05:00:00Z,117.82864307328484,137.6975
2026-08-08T06:00:00Z,68.03457537923727,115.0325
2026-08-08T07:00:00Z,16.378627138631053,62.545
2026-08-08T08:00:00Z,-19.27475604929069,3.86
2026-08-08T09:00:00Z,-51.0975216007987,-1.5174999999999998
2026-08-08T10:00:00Z,-63.597607144219346,-5.9875
2026-08-08T11:00:00Z,-68.28405792027341,-10.9975
2026-08-08T12:00:00Z,-67.70349948441428,-12.1525
2026-08-08T13:00:00Z,-61.307535721433005,-7.012499999999999
2026-08-08T14:00:00Z,-29.079508313291356,-0.5625
2026-08-08T15:00:00Z,30.825638926558597,68.16499999999999
2026-08-08T16:00:00Z,102.0057548233628,140.0
2026-08-08T17:00:00Z,158.6165355517735,167.865
2026-08-08T18:00:00Z,172.04207141284832,184.6575
2026-08-08T19:00:00Z,162.05931716547357,179.4975
2026-08-08T20:00:00Z,135.9145656859664,170.85
2026-08-08T21:00:00Z,120.5106900495536,154.42000000000002
2026-08-08T22:00:00Z,107.5987805067758,145.27499999999998
2026-08-08T23:00:00Z,96.29476181623542,139.345
2026-08-09T00:00:00Z,87.10807151881986,136.4425
2026-08-09T01:00:00Z,84.94833458905946,133.95
2026-08-09T02:00:00Z,85.15636145684675,134.0275
2026-08-09T03:00:00Z,93.22089580994628,135.0
2026-08-09T04:00:00Z,98.9384956568416,131.7975
2026-08-09T05:00:00Z,81.19545918328356,118.1875
2026-08-09T06:00:00Z,38.98916419410791,91.6275
2026-08-09T07:00:00Z,-3.5958960097199113,27.49
2026-08-09T08:00:00Z,-51.34193354923921,0.3025
2026-08-09T09:00:00Z,-66.82811979356015,-0.0475
2026-08-09T10:00:00Z,-65.40055124385646,-2.6500000000000004
2026-08-09T11:00:00Z,-70.1536799499336,-5.08
2026-08-09T12:00:00Z,-70.75111016709833,-2.0625
2026-08-09T13:00:00Z,-70.84315429415358,-0.0325
2026-08-09T14:00:00Z,-32.68049284586613,3.78
2026-08-09T15:00:00Z,19.058868244432,82.45
2026-08-09T16:00:00Z,107.63348637879513,151.1875
2026-08-09T17:00:00Z,152.0719493571397,169.0275
2026-08-09T18:00:00Z,175.4263043989427,176.09
2026-08-09T19:00:00Z,166.03907829790245,174.1325
2026-08-09T20:00:00Z,149.92002514819032,170.0
2026-08-09T21:00:00Z,137.82537897529636,157.15
2026-08-09T22:00:00Z,121.0421493525506,146.4725
2026-08-09T23:00:00Z,121.0421493525506,138.015
2026-08-10T00:00:00Z,118.19435499542992,131.495
2026-08-10T01:00:00Z,116.65522161909355,126.925
2026-08-10T02:00:00Z,126.03478632374167,127.475
2026-08-10T03:00:00Z,141.48615836124353,143.075
2026-08-10T04:00:00Z,150.56173620544885,163.2425
2026-08-10T05:00:00Z,143.62061201642717,164.70749999999998
2026-08-10T06:00:00Z,113.92676038795742,160.885
2026-08-10T07:00:00Z,64.91350631241488,138.8825
2026-08-10T08:00:00Z,0.8592574418608476,111.6075
2026-08-10T09:00:00Z,-12.521526709951607,79.1375
2026-08-10T10:00:00Z,-12.258042386438003,36.785
2026-08-10T11:00:00Z,-15.521066496386883,9.1425
2026-08-10T12:00:00Z,-13.336358457648963,4.3375
2026-08-10T13:00:00Z,-10.355332418641884,10.0
2026-08-10T14:00:00Z,-5.809215893938692,48.9475
2026-08-10T15:00:00Z,4.390598391621595,106.1575
2026-08-10T16:00:00Z,81.37672960159858,137.7
2026-08-10T17:00:00Z,115.22239491234073,165.70749999999998
2026-08-10T18:00:00Z,137.27711158562158,176.9525
2026-08-10T19:00:00Z,134.75223624433295,181.5325
2026-08-10T20:00:00Z,120.83762224048003,169.185
2026-08-10T21:00:00Z,112.38947053628344,151.44
2026-08-10T22:00:00Z,91.7617801705868,139.1975
2026-08-10T23:00:00Z,84.12766200945254,140.9875
2026-08-11T00:00:00Z,83.37385468787443,136.1975
2026-08-11T01:00:00Z,84.70404199132604,128.7325
2026-08-11T02:00:00Z,89.48116590963929,129.9225
2026-08-11T03:00:00Z,98.62876927525647,140.04
2026-08-11T04:00:00Z,122.5709753570188,156.7925
2026-08-11T05:00:00Z,116.73133354844542,157.86
2026-08-11T06:00:00Z,89.05944201744241,143.7875
2026-08-11T07:00:00Z,27.218244992869735,110.825
2026-08-11T08:00:00Z,-1.2607221919768543,57.8475
2026-08-11T09:00:00Z,-40.128618693671406,9.5325
2026-08-11T10:00:00Z,-46.87690135775538,0.0175
2026-08-11T11:00:00Z,-47.10810609532616,-0.1025
2026-08-11T12:00:00Z,-49.175828134633385,-0.09
2026-08-11T13:00:00Z,-45.33969754204208,3.1375
2026-08-11T14:00:00Z,-11.555295262180174,44.4825
2026-08-11T15:00:00Z,48.98512029073384,109.875
2026-08-11T16:00:00Z,115.16460737815292,146.4975
2026-08-11T17:00:00Z,160.6836150130427,178.29000000000002
2026-08-11T18:00:00Z,197.30134450677068,198.9775
2026-08-11T19:00:00Z,174.97247403299096,189.34
2026-08-11T20:00:00Z,158.6333477590587,172.92000000000002
2026-08-11T21:00:00Z,152.08225353865976,154.1
2026-08-11T22:00:00Z,143.5463235893551,155.2825
2026-08-11T23:00:00Z,141.33802327535173,149.505
2026-08-12T00:00:00Z,136.6608477326127,143.3
2026-08-12T01:00:00Z,139.12909166412902,139.7525
2026-08-12T02:00:00Z,143.09324924135788,139.9
2026-08-12T03:00:00Z,157.99616999629197,153.5
2026-08-12T04:00:00Z,166.20459953855988,172.575
2026-08-12T05:00:00Z,148.886367737744,167.5425
2026-08-12T06:00:00Z,128.0618424405681,155.2125
2026-08-12T07:00:00Z,64.02335287176503,128.7275
2026-08-12T08:00:00Z,6.17612184009271,87.585
2026-08-12T09:00:00Z,-28.7971493009933,40.3425
2026-08-12T10:00:00Z,-44.777686128361886,14.75
2026-08-12T11:00:00Z,-55.6025042521608,3.55
2026-08-12T12:00:00Z,-46.39847534626002,14.97
2026-08-12T13:00:00Z,-27.33163061711837,40.7375
2026-08-12T14:00:00Z,4.417025410257475,97.7075
2026-08-12T15:00:00Z,71.59735731109103,140.5875
2026-08-12T16:00:00Z,132.68610874034033,183.5225
2026-08-12T17:00:00Z,185.453522619693,300.0
2026-08-12T18:00:00Z,189.93958849753128,300.2075
2026-08-12T19:00:00Z,161.94783260864799,229.62
2026-08-12T20:00:00Z,151.38289452903666,190.6625
2026-08-12T21:00:00Z,124.77310004381043,172.1
2026-08-12T22:00:00Z,111.2795559862326,154.1025
2026-08-12T23:00:00Z,107.54702263839037,147.5925
2026-08-13T00:00:00Z,107.20287691795154,143.4225
2026-08-13T01:00:00Z,110.6046121945029,142.7225
2026-08-13T02:00:00Z,116.70874849466104,144.92000000000002
2026-08-13T03:00:00Z,129.33710657999544,157.3975
2026-08-13T04:00:00Z,143.9948618620942,174.23250000000002
2026-08-13T05:00:00Z,142.8092060971682,171.0975
2026-08-13T06:00:00Z,104.48598391177678,156.8
2026-08-13T07:00:00Z,47.90449272267951,135.65
2026-08-13T08:00:00Z,-12.59165537898428,109.595
2026-08-13T09:00:00Z,-44.97237697318961,51.7275
2026-08-13T10:00:00Z,-73.73118568231928,2.805
2026-08-13T11:00:00Z,-76.45154001662092,0.0
2026-08-13T12:00:00Z,-72.85039464006086,2.52
2026-08-13T13:00:00Z,-52.0753494141336,44.44
2026-08-13T14:00:00Z,-9.800928734170315,111.4775
2026-08-13T15:00:00Z,52.8638956841089,150.0075
2026-08-13T16:00:00Z,129.20024352650526,203.9975
2026-08-13T17:00:00Z,174.33107071999993,326.6
2026-08-13T18:00:00Z,188.58265043808433,338.8625
2026-08-13T19:00:00Z,159.6950854193094,270.01
2026-08-13T20:00:00Z,126.18985341911942,213.4825
2026-08-13T21:00:00Z,109.1161306336084,176.1725
2026-08-13T22:00:00Z,96.55202556729076,158.8675
2026-08-13T23:00:00Z,91.82993468429358,151.86
2026-08-14T00:00:00Z,90.34657127180536,145.73000000000002
2026-08-14T01:00:00Z,96.01246869669389,142.05
2026-08-14T02:00:00Z,102.82133347150312,143.9075
2026-08-14T03:00:00Z,118.73618589987323,154.6975
2026-08-14T04:00:00Z,139.2916715116561,171.95999999999998
2026-08-14T05:00:00Z,139.9013258181467,170.0825
2026-08-14T06:00:00Z,106.70175217498166,151.835
2026-08-14T07:00:00Z,49.57016651054813,135.20000000000002
2026-08-14T08:00:00Z,-7.773438828996727,104.4625
2026-08-14T09:00:00Z,-40.64507220418496,63.615
2026-08-14T10:00:00Z,-69.62393869374728,25.0
2026-08-14T11:00:00Z,-71.65969755311512,8.0025
2026-08-14T12:00:00Z,-70.68337605242208,17.305
2026-08-14T13:00:00Z,-50.55522087991395,65.79
2026-08-14T14:00:00Z,-5.851537067950606,116.32
2026-08-14T15:00:00Z,69.41997354188604,143.655
2026-08-14T16:00:00Z,172.21440225926747,179.99
2026-08-14T17:00:00Z,218.64201445114202,246.81
2026-08-14T18:00:00Z,219.4158646810289,263.725
2026-08-14T19:00:00Z,185.28147151508,231.57
2026-08-14T20:00:00Z,159.807468750678,198.0
2026-08-14T21:00:00Z,135.24066670249132,177.5175
2026-08-14T22:00:00Z,116.38391444785712,169.4475
2026-08-14T23:00:00Z,112.31241400383685,162.3975
2026-08-15T00:00:00Z,106.77484615794012,156.9025
2026-08-15T01:00:00Z,106.12113035483159,156.9375
2026-08-15T02:00:00Z,108.27880925705159,154.515
2026-08-15T03:00:00Z,112.83693557682675,153.8425
2026-08-15T04:00:00Z,114.63234512952182,156.9825
2026-08-15T05:00:00Z,104.5591789426167,151.935
2026-08-15T06:00:00Z,78.20805484180839,137.2825
2026-08-15T07:00:00Z,30.148620126127014,109.675
2026-08-15T08:00:00Z,-2.423679748174954,60.995000000000005
2026-08-15T09:00:00Z,-33.03394275567851,21.215
2026-08-15T10:00:00Z,-64.36589881714428,4.3675
2026-08-15T11:00:00Z,-70.19696914372109,1.0074999999999998
2026-08-15T12:00:00Z,-72.48298052533745,4.32
2026-08-15T13:00:00Z,-41.96618642423026,15.0975
2026-08-15T14:00:00Z,-8.146787156616337,68.5875
2026-08-15T15:00:00Z,36.13259262721302,130.4625
2026-08-15T16:00:00Z,110.9441478862547,164.5125
2026-08-15T17:00:00Z,145.8442251111866,179.965
2026-08-15T18:00:00Z,152.4322832882903,184.99
2026-08-15T19:00:00Z,151.7756365161033,183.3425
2026-08-15T20:00:00Z,141.23940316780482,179.5925
2026-08-15T21:00:00Z,131.2225171489472,173.99
2026-08-15T22:00:00Z,129.68334356691716,174.3125
2026-08-15T23:00:00Z,121.3178418444763,168.58749999999998
2026-08-16T00:00:00Z,116.40184082969664,165.32999999999998
2026-08-16T01:00:00Z,113.99342495995785,157.535
2026-08-16T02:00:00Z,115.99993102633618,156.9
2026-08-16T03:00:00Z,116.66395950550354,156.945
2026-08-16T04:00:00Z,117.48541530281071,156.6
2026-08-16T05:00:00Z,116.8952335875268,150.37
2026-08-16T06:00:00Z,104.68265710116131,145.83249999999998
2026-08-16T07:00:00Z,48.880166171564134,124.365
2026-08-16T08:00:00Z,8.577682936779704,96.9
2026-08-16T09:00:00Z,-14.297390616773926,61.23
2026-08-16T10:00:00Z,-31.908769123283495,43.53
2026-08-16T11:00:00Z,-47.335905128040125,27.3375
2026-08-16T12:00:00Z,-45.69692605000847,36.5575
2026-08-16T13:00:00Z,-20.375352337399907,67.7025
2026-08-16T14:00:00Z,2.936375685920361,116.135
2026-08-16T15:00:00Z,58.262855222595796,145.325
2026-08-16T16:00:00Z,115.0160132835528,169.4375
2026-08-16T17:00:00Z,147.12451217580542,187.97
2026-08-16T18:00:00Z,162.06728444754992,200.0175
2026-08-16T19:00:00Z,158.19784385913613,205.675
2026-08-16T20:00:00Z,160.11836886255068,206.535
2026-08-16T21:00:00Z,145.86643336278001,192.6475
2026-08-16T22:00:00Z,145.1361207834521,192.1275
2026-08-16T23:00:00Z,141.91120418335103,178.81
2026-08-17T00:00:00Z,140.98503293589673,163.9
2026-08-17T01:00:00Z,140.9959201026023,160.28
2026-08-17T02:00:00Z,140.71200850691258,159.07
2026-08-17T03:00:00Z,149.29069080876454,174.9675
2026-08-17T04:00:00Z,160.66539941577363,197.4
2026-08-17T05:00:00Z,158.95213232009237,205.15
2026-08-17T06:00:00Z,149.24668344797198,208.6125
2026-08-17T07:00:00Z,137.75529274511712,198.79
2026-08-17T08:00:00Z,126.99433675600943,175.4875
2026-08-17T09:00:00Z,109.45216400713109,166.9725
2026-08-17T10:00:00Z,101.4117950445088,154.285
2026-08-17T11:00:00Z,89.65528180745035,150.1925
2026-08-17T12:00:00Z,81.46726946362371,141.2975
2026-08-17T13:00:00Z,73.15207087377222,139.885
2026-08-17T14:00:00Z,94.54341293823742,140.085
2026-08-17T15:00:00Z,108.00463632550827,152.0225
2026-08-17T16:00:00Z,133.60510575201596,177.1
2026-08-17T17:00:00Z,153.31844393056159,204.1025
2026-08-17T18:00:00Z,155.7526575065115,213.4
2026-08-17T19:00:00Z,156.20940807043885,210.0025
2026-08-17T20:00:00Z,152.2186938831447,197.705
2026-08-17T21:00:00Z,142.3127007043352,179.92000000000002
2026-08-17T22:00:00Z,132.6841789946647,173.5675
2026-08-17T23:00:00Z,126.42032377735052,159.7875
2026-08-18T00:00:00Z,126.66334712282779,150.805
2026-08-18T01:00:00Z,126.02160839090084,148.39249999999998
2026-08-18T02:00:00Z,130.5882422336946,149.22
2026-08-18T03:00:00Z,140.87276481195696,159.03
2026-08-18T04:00:00Z,158.6534854592613,187.78
2026-08-18T05:00:00Z,177.72535176597185,192.5725
2026-08-18T06:00:00Z,146.56349317251355,185.22
2026-08-18T07:00:00Z,137.15244475472355,161.43
2026-08-18T08:00:00Z,126.69073798085377,152.3825
2026-08-18T09:00:00Z,118.81683981987575,145.64249999999998
2026-08-18T10:00:00Z,103.4227510212663,136.575
2026-08-18T11:00:00Z,97.90410474716693,131.8525
2026-08-18T12:00:00Z,81.72235135216945,130.5375
2026-08-18T13:00:00Z,79.72602975206155,132.4425
2026-08-18T14:00:00Z,96.5619948241634,138.9475
2026-08-18T15:00:00Z,111.22861787736639,154.1525
2026-08-18T16:00:00Z,135.01850838527596,178.555
2026-08-18T17:00:00Z,158.0955531674119,197.6825
2026-08-18T18:00:00Z,160.44490198293104,200.395
2026-08-18T19:00:00Z,146.63800372309606,198.795
2026-08-18T20:00:00Z,128.8831673186996,191.385
2026-08-18T21:00:00Z,111.78042320731446,177.1425
2026-08-18T22:00:00Z,113.04194352466659,176.6
2026-08-18T23:00:00Z,103.6065523452093,157.6
2026-08-19T00:00:00Z,102.52295416329314,151.4125
2026-08-19T01:00:00Z,106.29755002005021,147.3
2026-08-19T02:00:00Z,107.2992914157695,148.995
2026-08-19T03:00:00Z,113.25541747040316,161.665
2026-08-19T04:00:00Z,130.67465346025307,184.7375
2026-08-19T05:00:00Z,136.40748871659923,192.63
2026-08-19T06:00:00Z,116.33924339800936,190.865
2026-08-19T07:00:00Z,87.24249829533532,169.675
2026-08-19T08:00:00Z,60.28627993426867,152.66750000000002
2026-08-19T09:00:00Z,22.87139096854888,142.96
2026-08-19T10:00:00Z,10.651945843849171,136.08249999999998
2026-08-19T11:00:00Z,9.039752204044477,128.20499999999998
2026-08-19T12:00:00Z,6.452823773696604,127.7725
2026-08-19T13:00:00Z,11.110861240219961,131.0075
2026-08-19T14:00:00Z,24.38066275689808,138.3175
2026-08-19T15:00:00Z,71.27443581107437,153.6425
2026-08-19T16:00:00Z,110.21206856461532,183.735
2026-08-19T17:00:00Z,150.22763068941444,207.5525
2026-08-19T18:00:00Z,164.85574113968735,209.445
2026-08-19T19:00:00Z,161.9771968365392,206.1225
2026-08-19T20:00:00Z,154.7242351368881,199.0975
2026-08-19T21:00:00Z,151.4911082734723,186.5475
2026-08-19T22:00:00Z,131.28800830949257,172.7125
2026-08-19T23:00:00Z,130.48658955577105,162.35000000000002
2026-08-20T00:00:00Z,118.21457737745448,153.73250000000002
2026-08-20T01:00:00Z,117.8996216684914,147.99
2026-08-20T02:00:00Z,119.33960229097715,148.4925
2026-08-20T03:00:00Z,139.29791599569992,159.55
2026-08-20T04:00:00Z,159.4944704079128,182.8
2026-08-20T05:00:00Z,153.64783705194742,186.4325
2026-08-20T06:00:00Z,136.73359830056305,171.7475
2026-08-20T07:00:00Z,93.41874578865216,154.505
2026-08-20T08:00:00Z,49.62093314832595,135.74
2026-08-20T09:00:00Z,10.632523833434934,109.455
2026-08-20T10:00:00Z,1.230191590152996,83.63
2026-08-20T11:00:00Z,-2.154753298055981,63.7075
2026-08-20T12:00:00Z,-1.1474748450809822,69.44
2026-08-20T13:00:00Z,4.369780106797376,91.2075
2026-08-20T14:00:00Z,9.250163203047567,106.005
2026-08-20T15:00:00Z,62.1324439115651,144.2
2026-08-20T16:00:00Z,121.52289976333134,164.245
2026-08-20T17:00:00Z,182.8548418631511,192.2225
2026-08-20T18:00:00Z,199.74693979228746,200.6
2026-08-20T19:00:00Z,187.74532858799392,195.6175
2026-08-20T20:00:00Z,147.57291641655473,187.9275
2026-08-20T21:00:00Z,135.6206485894825,173.015
2026-08-20T22:00:00Z,118.71873280578048,170.35
2026-08-20T23:00:00Z,115.92949611932627,160.49
2026-08-21T00:00:00Z,108.68331969561142,152.4875
2026-08-21T01:00:00Z,107.96878835634361,151.47500000000002
2026-08-21T02:00:00Z,114.92211784004523,153.21
2026-08-21T03:00:00Z,129.29559257517315,165.875
2026-08-21T04:00:00Z,150.05656441679693,189.21
2026-08-21T05:00:00Z,144.51966732569704,193.89
2026-08-21T06:00:00Z,132.33212898110915,192.585
2026-08-21T07:00:00Z,101.78515916166586,167.82999999999998
2026-08-21T08:00:00Z,77.74073135708825,149.0
2026-08-21T09:00:00Z,65.98168944000895,138.8825
2026-08-21T10:00:00Z,57.45342927317135,135.21
2026-08-21T11:00:00Z,62.20105074455458,140.495
2026-08-21T12:00:00Z,71.86794336348117,141.1725
2026-08-21T13:00:00Z,96.02362800811717,149.7475
2026-08-21T14:00:00Z,121.68725552981542,166.49
2026-08-21T15:00:00Z,137.91160332412682,186.2075
2026-08-21T16:00:00Z,143.96785796120975,196.99
2026-08-21T17:00:00Z,171.9054664549857,204.415
2026-08-21T18:00:00Z,170.67009749293948,203.905
2026-08-21T19:00:00Z,162.2754585675153,198.715
2026-08-21T20:00:00Z,154.33713808589252,187.3575
2026-08-21T21:00:00Z,148.4280729695423,173.5
2026-08-21T22:00:00Z,134.10234107992045,168.0075
2026-08-21T23:00:00Z,121.7037577915362,161.535
2026-08-22T00:00:00Z,113.72341137502306,158.7125
2026-08-22T01:00:00Z,108.78185649587952,154.39
2026-08-22T02:00:00Z,107.34943293937508,148.5
2026-08-22T03:00:00Z,107.38326595182934,145.5075
2026-08-22T04:00:00Z,105.14541595317489,153.89
2026-08-22T05:00:00Z,98.27537148885003,144.005
2026-08-22T06:00:00Z,72.14473334129124,128.13
2026-08-22T07:00:00Z,37.79459661873456,90.2675
2026-08-22T08:00:00Z,5.780732697440997,50.295
2026-08-22T09:00:00Z,0.11178097497040614,19.8125
2026-08-22T10:00:00Z,-13.753225958579531,0.9975
2026-08-22T11:00:00Z,-25.030643794744435,-0.005
2026-08-22T12:00:00Z,-30.50474376555367,-0.01
2026-08-22T13:00:00Z,-33.33859669773394,-0.0975
2026-08-22T14:00:00Z,-40.02062918917987,-0.0025
2026-08-22T15:00:00Z,-10.15483989049,28.39
2026-08-22T16:00:00Z,19.859297405028016,105.0725
2026-08-22T17:00:00Z,80.41168821102336,149.15
2026-08-22T18:00:00Z,96.34243123628858,164.1625
2026-08-22T19:00:00Z,86.64782455588559,168.2025
2026-08-22T20:00:00Z,85.1949433687668,155.70749999999998
2026-08-22T21:00:00Z,78.0268417023105,141.12
2026-08-22T22:00:00Z,74.73375321351585,132.6725
2026-08-22T23:00:00Z,65.97951999399179,125.82
2026-08-23T00:00:00Z,60.16638341047132,119.365
2026-08-23T01:00:00Z,57.73833724085597,116.21
2026-08-23T02:00:00Z,58.48579896192724,114.7425
2026-08-23T03:00:00Z,64.52977333969822,116.735
2026-08-23T04:00:00Z,70.02057772772037,116.7075
2026-08-23T05:00:00Z,60.47299223245252,102.0925
2026-08-23T06:00:00Z,6.906917194525521,49.83
2026-08-23T07:00:00Z,-3.0045519991155993,1.005
2026-08-23T08:00:00Z,-24.890691794931552,-0.5700000000000001
2026-08-23T09:00:00Z,-37.72352982293429,-1.83
2026-08-23T10:00:00Z,-46.02109574051185,-3.035
2026-08-23T11:00:00Z,-48.10143447061372,-4.9975000000000005
2026-08-23T12:00:00Z,-49.31315741244455,-4.2325
2026-08-23T13:00:00Z,-45.79400803548552,-1.4775
2026-08-23T14:00:00Z,-21.633030886155257,-0.5325
2026-08-23T15:00:00Z,-1.7323456405535438,48.375
2026-08-23T16:00:00Z,73.32493506554131,144.4225
2026-08-23T17:00:00Z,118.32288100880179,180.2
2026-08-23T18:00:00Z,138.54567457049194,185.89
2026-08-23T19:00:00Z,141.08638570696598,178.05
2026-08-23T20:00:00Z,128.9208506866015,172.6775
2026-08-23T21:00:00Z,126.17284306559152,165.45
2026-08-23T22:00:00Z,120.61043018671407,160.93
2026-08-23T23:00:00Z,119.4766105454482,152.6225
2026-08-24T00:00:00Z,113.28435034697313,147.8825
2026-08-24T01:00:00Z,118.47813461098741,148.735
2026-08-24T02:00:00Z,119.09343256910245,151.2975
2026-08-24T03:00:00Z,147.28963595332547,172.67000000000002
2026-08-24T04:00:00Z,163.17196928849134,205.67
2026-08-24T05:00:00Z,158.88260824558515,206.4
2026-08-24T06:00:00Z,135.54684081921832,176.78
2026-08-24T07:00:00Z,72.61077573001387,141.345
2026-08-24T08:00:00Z,18.448484994604435,112.5725
2026-08-24T09:00:00Z,-5.123974589580996,80.26
2026-08-24T10:00:00Z,-14.25699892484742,55.6325
2026-08-24T11:00:00Z,-18.54228085140669,34.145
2026-08-24T12:00:00Z,-15.104931435181049,35.6575
2026-08-24T13:00:00Z,-3.2845282392877273,72.4975
2026-08-24T14:00:00Z,27.85110282365801,102.0875
2026-08-24T15:00:00Z,83.20163121985728,143.46
2026-08-24T16:00:00Z,140.35611015682696,182.335
2026-08-24T17:00:00Z,181.37115547691283,219.37
2026-08-24T18:00:00Z,185.75868546281134,219.5275
2026-08-24T19:00:00Z,152.68041198338676,188.0275
2026-08-24T20:00:00Z,147.53547599355196,171.775
2026-08-24T21:00:00Z,123.22806820567101,154.725
2026-08-24T22:00:00Z,110.35930274383703,152.34
2026-08-24T23:00:00Z,104.09896274208747,146.825
2026-08-25T00:00:00Z,99.89682191345244,142.415
2026-08-25T01:00:00Z,99.46908191906607,140.005
2026-08-25T02:00:00Z,104.0102238382833,141.62
2026-08-25T03:00:00Z,114.44590705732699,149.57999999999998
2026-08-25T04:00:00Z,136.30247147200575,171.415
2026-08-25T05:00:00Z,127.84537977536681,180.66
2026-08-25T06:00:00Z,116.78439223187137,171.405
2026-08-25T07:00:00Z,73.94944753558661,145.4375
2026-08-25T08:00:00Z,34.06124511199586,117.46
2026-08-25T09:00:00Z,1.3786751240003692,83.145
2026-08-25T10:00:00Z,-4.749428635962948,67.1575
2026-08-25T11:00:00Z,-6.54920029425984,62.2075
2026-08-25T12:00:00Z,-4.222182960519406,68.4625
2026-08-25T13:00:00Z,0.15408766636078083,84.9975
2026-08-25T14:00:00Z,14.534811711421293,114.4025
2026-08-25T15:00:00Z,73.41364258093499,147.0525
2026-08-25T16:00:00Z,115.7397882386467,178.7825
2026-08-25T17:00:00Z,136.61309528630233,209.3075
2026-08-25T18:00:00Z,132.8424104070404,205.1425
2026-08-25T19:00:00Z,116.69964192867666,182.4925
2026-08-25T20:00:00Z,99.31204086576986,172.26749999999998
2026-08-25T21:00:00Z,92.91397512041573,159.66
2026-08-25T22:00:00Z,100.70744724480086,164.0275
2026-08-25T23:00:00Z,97.63071836031247,157.0575
2026-08-26T00:00:00Z,99.00813417017305,151.64249999999998
2026-08-26T01:00:00Z,98.99086177296414,149.6
2026-08-26T02:00:00Z,103.03140957130647,151.7575
2026-08-26T03:00:00Z,113.99482629574418,160.465
2026-08-26T04:00:00Z,137.53569642905748,185.13
2026-08-26T05:00:00Z,148.15957282146675,195.5375
2026-08-26T06:00:00Z,136.10828979466424,193.52
2026-08-26T07:00:00Z,102.51904360943983,166.6225
2026-08-26T08:00:00Z,46.65250387115097,137.48
2026-08-26T09:00:00Z,3.976671619387918,120.66
2026-08-26T10:00:00Z,-1.1185922980905636,98.605
2026-08-26T11:00:00Z,-2.6234505464169637,89.54
2026-08-26T12:00:00Z,-1.9170335893845856,91.97
2026-08-26T13:00:00Z,0.19299336261490938,102.5525
2026-08-26T14:00:00Z,14.700885677695949,122.5075
2026-08-26T15:00:00Z,65.21587422681408,156.97
2026-08-26T16:00:00Z,111.50494523535623,185.625
2026-08-26T17:00:00Z,137.16927247443982,211.245
2026-08-26T18:00:00Z,130.9433531850246,201.7775
2026-08-26T19:00:00Z,111.89439499218012,178.6925
2026-08-26T20:00:00Z,96.78231324066282,163.58749999999998
2026-08-26T21:00:00Z,80.65768246063274,151.1125
2026-08-26T22:00:00Z,74.16334239644462,148.555
2026-08-26T23:00:00Z,71.48247282808231,142.175
2026-08-27T00:00:00Z,70.46625630085072,135.17000000000002
2026-08-27T01:00:00Z,66.58472564633594,134.4225
2026-08-27T02:00:00Z,70.86961002487247,136.19
2026-08-27T03:00:00Z,75.73001354371192,146.56
2026-08-27T04:00:00Z,99.0679840118908,167.58249999999998
2026-08-27T05:00:00Z,101.5283853443344,174.14499999999998
2026-08-27T06:00:00Z,77.45512305088313,160.3875
2026-08-27T07:00:00Z,27.76378162064721,124.6525
2026-08-27T08:00:00Z,3.9212616777677236,104.1025
2026-08-27T09:00:00Z,-14.975876332643105,57.5775
2026-08-27T10:00:00Z,-29.856972564996376,21.6825
2026-08-27T11:00:00Z,-30.487088759361008,6.5725
2026-08-27T12:00:00Z,-34.60087736768026,14.1925
2026-08-27T13:00:00Z,-26.080155129859545,45.3825
2026-08-27T14:00:00Z,-3.5208077972134877,96.15
2026-08-27T15:00:00Z,15.266920632129205,141.7
2026-08-27T16:00:00Z,86.61048598703202,173.8125
2026-08-27T17:00:00Z,111.23128594179275,199.2625
2026-08-27T18:00:00Z,114.51217812342472,191.4875
2026-08-27T19:00:00Z,92.08857749522781,175.92000000000002
2026-08-27T20:00:00Z,81.75078883903682,164.92000000000002
2026-08-27T21:00:00Z,74.75626212732509,150.39
2026-08-27T22:00:00Z,67.72828175494617,139.52249999999998
2026-08-27T23:00:00Z,63.77295521826528,139.2875
2026-08-28T00:00:00Z,62.28150958796967,138.2425
2026-08-28T01:00:00Z,71.265898779199,138.8
2026-08-28T02:00:00Z,79.6264115717217,139.09
2026-08-28T03:00:00Z,93.95347831462692,146.76749999999998
2026-08-28T04:00:00Z,105.73075315819433,171.0075
2026-08-28T05:00:00Z,119.06158162054632,177.98
2026-08-28T06:00:00Z,110.9154319326166,169.47
2026-08-28T07:00:00Z,91.81521456592073,155.1525
2026-08-28T08:00:00Z,75.92278195142204,137.64
2026-08-28T09:00:00Z,47.596261874284515,121.5825
2026-08-28T10:00:00Z,22.938799809756524,110.89
2026-08-28T11:00:00Z,14.688277140094488,96.2375
2026-08-28T12:00:00Z,14.370442674750405,104.0
2026-08-28T13:00:00Z,28.113300301910396,114.37
2026-08-28T14:00:00Z,56.971886008301155,119.56
2026-08-28T15:00:00Z,88.74590569254877,143.2025
2026-08-28T16:00:00Z,115.28304246046713,160.48
2026-08-28T17:00:00Z,138.71237720809793,172.54
2026-08-28T18:00:00Z,135.54957484983308,176.76999999999998
2026-08-28T19:00:00Z,117.95623385142866,166.11
2026-08-28T20:00:00Z,101.20994617108772,161.445
2026-08-28T21:00:00Z,87.03784943324256,145.1325
2026-08-28T22:00:00Z,65.4599363222309,141.58
