datetime,Linear_Ridge_Regression_pred,y_test
2025-09-30T22:00:00Z,92.97131138786129,91.565
2025-09-30T23:00:00Z,91.45072608030536,86.285
2025-10-01T00:00:00Z,92.30698173649438,84.8725
2025-10-01T01:00:00Z,93.29625368700528,88.325
2025-10-01T02:00:00Z,96.1600962349004,87.655
2025-10-01T03:00:00Z,103.88571610759595,95.3275
2025-10-01T04:00:00Z,138.3787687461793,124.96
2025-10-01T05:00:00Z,177.82156600670433,173.29999999999998
2025-10-01T06:00:00Z,152.87390970654508,139.0875
2025-10-01T07:00:00Z,117.67102291123719,105.25
2025-10-01T08:00:00Z,82.08581399068804,86.035
2025-10-01T09:00:00Z,56.72855983254936,70.5675
2025-10-01T10:00:00Z,45.58500281797619,66.025
2025-10-01T11:00:00Z,47.80482070349589,68.4
2025-10-01T12:00:00Z,59.85469051702451,72.6275
2025-10-01T13:00:00Z,77.00667553236221,81.7225
2025-10-01T14:00:00Z,99.2256999851692,92.87
2025-10-01T15:00:00Z,138.45229422270316,135.39999999999998
2025-10-01T16:00:00Z,227.50618613355908,253.2375
2025-10-01T17:00:00Z,240.45021045697092,339.9925
2025-10-01T18:00:00Z,164.87620111543396,152.0225
2025-10-01T19:00:00Z,120.35495021579263,113.035
2025-10-01T20:00:00Z,104.35669774123595,98.51
2025-10-01T21:00:00Z,98.95381880693559,90.6475
2025-10-01T22:00:00Z,95.5017703987092,90.805
2025-10-01T23:00:00Z,90.82160223774206,88.0
2025-10-02T00:00:00Z,89.17647981675726,86.52499999999999
2025-10-02T01:00:00Z,90.50698292858944,88.56
2025-10-02T02:00:00Z,92.56494951066038,90.8075
2025-10-02T03:00:00Z,95.70366298716853,95.9725
2025-10-02T04:00:00Z,119.88273131093807,128.72
2025-10-02T05:00:00Z,141.27185781726376,181.0875
2025-10-02T06:00:00Z,133.66343468578978,136.67749999999998
2025-10-02T07:00:00Z,95.20515692191785,100.505
2025-10-02T08:00:00Z,59.68842838384401,91.48
2025-10-02T09:00:00Z,33.761799806384055,78.285
2025-10-02T10:00:00Z,25.8832217273236,65.77
2025-10-02T11:00:00Z,28.005308848870754,60.5
2025-10-02T12:00:00Z,35.093432612514874,71.28999999999999
2025-10-02T13:00:00Z,53.54059556521503,80.6625
2025-10-02T14:00:00Z,79.12859100406921,91.445
2025-10-02T15:00:00Z,116.00264527685526,113.32
2025-10-02T16:00:00Z,207.2037774975295,167.925
2025-10-02T17:00:00Z,184.5517728379465,176.8375
2025-10-02T18:00:00Z,132.41490662067204,109.92
2025-10-02T19:00:00Z,106.00705150261966,90.855
2025-10-02T20:00:00Z,88.84100749007364,96.6575
2025-10-02T21:00:00Z,81.23615202402613,82.0925
2025-10-02T22:00:00Z,74.35471105567075,85.9325
2025-10-02T23:00:00Z,65.07816379449307,77.14
2025-10-03T00:00:00Z,60.365087294490536,71.75
2025-10-03T01:00:00Z,59.608284166590344,73.9075
2025-10-03T02:00:00Z,63.122794187032866,76.2875
2025-10-03T03:00:00Z,63.839864370074864,77.98
2025-10-03T04:00:00Z,71.3137614053148,93.78
2025-10-03T05:00:00Z,79.89177288203734,100.4175
2025-10-03T06:00:00Z,62.94090108816933,103.68
2025-10-03T07:00:00Z,44.092557817036386,83.9025
2025-10-03T08:00:00Z,20.278584234955332,59.9975
2025-10-03T09:00:00Z,8.63713423140505,40.5025
2025-10-03T10:00:00Z,-2.9109853031671435,26.3525
2025-10-03T11:00:00Z,-6.09771022004791,16.502499999999998
2025-10-03T12:00:00Z,-0.4464053699458298,26.2025
2025-10-03T13:00:00Z,9.076469837995749,49.8825
2025-10-03T14:00:00Z,37.98354447343542,63.3925
2025-10-03T15:00:00Z,59.20221582015204,89.9
2025-10-03T16:00:00Z,83.92505903687702,120.76
2025-10-03T17:00:00Z,74.84969037130342,109.01
2025-10-03T18:00:00Z,59.54246447997667,75.03999999999999
2025-10-03T19:00:00Z,51.01418191731768,43.4425
2025-10-03T20:00:00Z,38.912581430455404,25.4025
2025-10-03T21:00:00Z,25.012606486266606,11.1075
2025-10-03T22:00:00Z,14.156199981795544,0.7250000000000001
2025-10-03T23:00:00Z,10.959900810556396,-0.01
2025-10-04T00:00:00Z,8.561042474380672,-0.0425
2025-10-04T01:00:00Z,6.575677447283083,-0.0975
2025-10-04T02:00:00Z,5.139845159278595,-1.1275
2025-10-04T03:00:00Z,6.7910139896266575,-1.905
2025-10-04T04:00:00Z,9.039194942139257,-1.915
2025-10-04T05:00:00Z,10.308638575219423,-0.775
2025-10-04T06:00:00Z,12.44406073537732,-0.3
2025-10-04T07:00:00Z,12.407622319523433,-0.1625
2025-10-04T08:00:00Z,13.009207604275316,-0.09
2025-10-04T09:00:00Z,9.98479982560893,-0.0975
2025-10-04T10:00:00Z,5.179756185698925,-0.08
2025-10-04T11:00:00Z,-2.419201428626565,-0.44
2025-10-04T12:00:00Z,-4.631224721493547,-2.045
2025-10-04T13:00:00Z,2.7608809770714,-2.605
2025-10-04T14:00:00Z,11.725446059340914,-0.095
2025-10-04T15:00:00Z,12.212585955788981,-0.0925
2025-10-04T16:00:00Z,16.82126968122219,1.105
2025-10-04T17:00:00Z,17.628969086783716,3.23
2025-10-04T18:00:00Z,17.18169086647314,0.3225
2025-10-04T19:00:00Z,12.112921853169981,-0.0949999999999999
2025-10-04T20:00:00Z,7.136204281521575,-0.0525
2025-10-04T21:00:00Z,7.170838103329608,-0.3425
2025-10-04T22:00:00Z,4.4894566757992,-0.7475
2025-10-04T23:00:00Z,2.7314972333266128,-1.4025
2025-10-05T00:00:00Z,-2.6499902537699294,-4.19
2025-10-05T01:00:00Z,-2.6499902537699294,-4.3775
2025-10-05T02:00:00Z,-1.025947462602091,-4.98
2025-10-05T03:00:00Z,-1.025947462602091,-4.4575
2025-10-05T04:00:00Z,3.3865179359224715,-3.76
2025-10-05T05:00:00Z,6.409809576787691,-1.505
2025-10-05T06:00:00Z,8.184028251186804,-0.0875
2025-10-05T07:00:00Z,7.251884603028593,-1.3925
2025-10-05T08:00:00Z,-1.2164374431378304,-3.33
2025-10-05T09:00:00Z,-6.28320043315828,-2.0175
2025-10-05T10:00:00Z,-12.963103704885384,-3.415
2025-10-05T11:00:00Z,-14.880165839546779,-3.3875
2025-10-05T12:00:00Z,-9.478423837028394,-2.9425
2025-10-05T13:00:00Z,-8.838754660066792,-2.3925
2025-10-05T14:00:00Z,6.965531371245243,-0.6875
2025-10-05T15:00:00Z,10.802647607469778,0.8525
2025-10-05T16:00:00Z,29.95378063193812,16.0825
2025-10-05T17:00:00Z,33.171441086710004,35.0475
2025-10-05T18:00:00Z,26.865548173471243,19.83
2025-10-05T19:00:00Z,10.927439734469829,5.4775
2025-10-05T20:00:00Z,11.828356493685607,5.202500000000001
2025-10-05T21:00:00Z,7.9540216325724105,4.075
2025-10-05T22:00:00Z,9.276456374383532,20.845
2025-10-05T23:00:00Z,7.781097435451604,10.0475
2025-10-06T00:00:00Z,12.33898894978053,9.1025
2025-10-06T01:00:00Z,15.117646618712067,10.7325
2025-10-06T02:00:00Z,14.497185520609147,16.8
2025-10-06T03:00:00Z,27.706192304812614,22.6025
2025-10-06T04:00:00Z,60.852174200464624,68.585
2025-10-06T05:00:00Z,75.46192649912618,105.0525
2025-10-06T06:00:00Z,92.23719509943565,121.7675
2025-10-06T07:00:00Z,87.02414326464495,121.1175
2025-10-06T08:00:00Z,72.64361514098145,100.5275
2025-10-06T09:00:00Z,65.60105331098174,89.3025
2025-10-06T10:00:00Z,65.12344402914712,87.325
2025-10-06T11:00:00Z,64.075765696735,84.5975
2025-10-06T12:00:00Z,67.03075344694153,92.3275
2025-10-06T13:00:00Z,73.442016921702,94.5475
2025-10-06T14:00:00Z,88.50231989297798,104.7725
2025-10-06T15:00:00Z,122.78626937710384,120.29
2025-10-06T16:00:00Z,150.78880924396913,141.5875
2025-10-06T17:00:00Z,157.096215144157,168.315
2025-10-06T18:00:00Z,147.65153424667042,133.6775
2025-10-06T19:00:00Z,123.31708601090467,120.2025
2025-10-06T20:00:00Z,109.93085092226654,118.665
2025-10-06T21:00:00Z,95.9841140670992,105.5
2025-10-06T22:00:00Z,99.19673437404768,100.2625
2025-10-06T23:00:00Z,96.45574771312742,93.9875
2025-10-07T00:00:00Z,94.67861677162927,89.8175
2025-10-07T01:00:00Z,93.82470886240445,89.55
2025-10-07T02:00:00Z,97.69120842585443,92.975
2025-10-07T03:00:00Z,110.3912959873231,96.74
2025-10-07T04:00:00Z,139.07652934135623,134.885
2025-10-07T05:00:00Z,180.35540128195686,228.555
2025-10-07T06:00:00Z,183.96012274292173,287.67
2025-10-07T07:00:00Z,177.99397461744826,212.1825
2025-10-07T08:00:00Z,163.12497363842263,154.66
2025-10-07T09:00:00Z,155.63610546897218,129.9075
2025-10-07T10:00:00Z,122.65537953822069,110.94
2025-10-07T11:00:00Z,115.84601492014966,106.1825
2025-10-07T12:00:00Z,109.93540674382095,105.3525
2025-10-07T13:00:00Z,110.82921549618437,113.16
2025-10-07T14:00:00Z,124.40774741777247,122.105
2025-10-07T15:00:00Z,166.15767022011175,151.84
2025-10-07T16:00:00Z,182.57482514493108,202.4175
2025-10-07T17:00:00Z,189.66081446096106,213.28
2025-10-07T18:00:00Z,160.57702765170652,146.34
2025-10-07T19:00:00Z,129.46155168523845,123.2425
2025-10-07T20:00:00Z,117.72019984226792,107.4225
2025-10-07T21:00:00Z,106.14098838015485,97.4825
2025-10-07T22:00:00Z,102.17597486013105,93.4525
2025-10-07T23:00:00Z,98.38926257551745,88.4375
2025-10-08T00:00:00Z,95.29382255630318,87.56
2025-10-08T01:00:00Z,95.26880698653336,86.975
2025-10-08T02:00:00Z,98.57190676938374,89.6725
2025-10-08T03:00:00Z,100.91045448817273,97.395
2025-10-08T04:00:00Z,133.11922889382015,117.1075
2025-10-08T05:00:00Z,215.22904241895318,155.58
2025-10-08T06:00:00Z,262.8689287949252,166.395
2025-10-08T07:00:00Z,222.80224715653551,135.17499999999998
2025-10-08T08:00:00Z,146.44582893583015,118.445
2025-10-08T09:00:00Z,125.89119308248422,103.325
2025-10-08T10:00:00Z,106.96534170226886,90.8225
2025-10-08T11:00:00Z,103.80703718215031,89.33500000000001
2025-10-08T12:00:00Z,103.48472555685503,90.4425
2025-10-08T13:00:00Z,111.02678001172056,99.4275
2025-10-08T14:00:00Z,121.4476138534772,117.465
2025-10-08T15:00:00Z,173.63817638965958,149.48000000000002
2025-10-08T16:00:00Z,240.71642888599735,183.8075
2025-10-08T17:00:00Z,216.89368044775225,199.0025
2025-10-08T18:00:00Z,175.86661804635668,141.695
2025-10-08T19:00:00Z,144.04825985751722,114.74
2025-10-08T20:00:00Z,116.73061606606821,108.24
2025-10-08T21:00:00Z,106.41217054854052,97.8325
2025-10-08T22:00:00Z,99.91952142125056,97.215
2025-10-08T23:00:00Z,99.09720424251371,92.5825
2025-10-09T00:00:00Z,89.96881322793823,93.2625
2025-10-09T01:00:00Z,87.81538672180533,90.8175
2025-10-09T02:00:00Z,94.95034896601142,92.7
2025-10-09T03:00:00Z,98.63908703108841,101.1525
2025-10-09T04:00:00Z,126.74704894491764,125.58
2025-10-09T05:00:00Z,173.95160991871236,145.0
2025-10-09T06:00:00Z,177.95537309456253,149.9
2025-10-09T07:00:00Z,135.24520995110313,132.4875
2025-10-09T08:00:00Z,107.53959131859817,109.6875
2025-10-09T09:00:00Z,90.97865748923854,96.9625
2025-10-09T10:00:00Z,80.08673174119042,91.0225
2025-10-09T11:00:00Z,74.67600933023957,83.3525
2025-10-09T12:00:00Z,70.49467876386677,83.2
2025-10-09T13:00:00Z,73.49359190813871,88.8275
2025-10-09T14:00:00Z,90.01442318031819,92.075
2025-10-09T15:00:00Z,120.50867859606083,110.01
2025-10-09T16:00:00Z,145.38500471358338,122.9075
2025-10-09T17:00:00Z,139.2593126529932,123.1125
2025-10-09T18:00:00Z,110.38390822793198,112.3625
2025-10-09T19:00:00Z,91.55305945259386,98.0925
2025-10-09T20:00:00Z,83.14635334482817,96.8325
2025-10-09T21:00:00Z,73.51487102587089,88.7
2025-10-09T22:00:00Z,67.41508147150253,88.01
2025-10-09T23:00:00Z,65.21342925813053,84.9675
2025-10-10T00:00:00Z,58.40431082793013,80.0875
2025-10-10T01:00:00Z,60.34864266971206,78.285
2025-10-10T02:00:00Z,63.08906267227223,79.21000000000001
2025-10-10T03:00:00Z,75.03959450763725,86.0725
2025-10-10T04:00:00Z,103.72608430975278,102.6375
2025-10-10T05:00:00Z,118.94389803038852,119.325
2025-10-10T06:00:00Z,122.326778282502,122.6125
2025-10-10T07:00:00Z,105.56579845812904,107.765
2025-10-10T08:00:00Z,81.21597688692091,93.0075
2025-10-10T09:00:00Z,71.42875622077075,82.1175
2025-10-10T10:00:00Z,62.86903906275458,77.5325
2025-10-10T11:00:00Z,57.60775919928821,75.69
2025-10-10T12:00:00Z,59.10840499485235,77.2575
2025-10-10T13:00:00Z,72.0342336738224,88.89500000000001
2025-10-10T14:00:00Z,85.431699135102,97.8575
2025-10-10T15:00:00Z,103.42597393764154,118.2
2025-10-10T16:00:00Z,125.768979091754,120.605
2025-10-10T17:00:00Z,120.80237219500566,123.29
2025-10-10T18:00:00Z,109.61791786283918,115.39
2025-10-10T19:00:00Z,94.8522402090811,103.915
2025-10-10T20:00:00Z,89.76934411624651,97.7375
2025-10-10T21:00:00Z,82.01942121310269,93.35
2025-10-10T22:00:00Z,71.00893678269517,92.9675
2025-10-10T23:00:00Z,67.31857991487351,88.83500000000001
2025-10-11T00:00:00Z,61.644886287373424,87.3875
2025-10-11T01:00:00Z,61.3222193996837,84.175
2025-10-11T02:00:00Z,67.39319294481588,82.0275
2025-10-11T03:00:00Z,70.30688471787535,84.755
2025-10-11T04:00:00Z,78.18870832019044,90.265
2025-10-11T05:00:00Z,87.57629557331956,96.7525
2025-10-11T06:00:00Z,87.67836991192328,100.4
2025-10-11T07:00:00Z,82.65261568132371,92.96
2025-10-11T08:00:00Z,70.58086160692376,82.4325
2025-10-11T09:00:00Z,54.656838945205,74.02
2025-10-11T10:00:00Z,46.62725278133556,55.4175
2025-10-11T11:00:00Z,38.56647800624978,46.7725
2025-10-11T12:00:00Z,38.227954806967695,51.03
2025-10-11T13:00:00Z,49.26837414680114,76.9425
2025-10-11T14:00:00Z,72.03373101146738,83.65
2025-10-11T15:00:00Z,100.08458173334097,114.005
2025-10-11T16:00:00Z,116.88852767811902,126.4375
2025-10-11T17:00:00Z,116.45329734878221,130.1725
2025-10-11T18:00:00Z,114.13030414629893,120.635
2025-10-11T19:00:00Z,98.63559138522406,112.545
2025-10-11T20:00:00Z,93.95841511474882,106.9075
2025-10-11T21:00:00Z,89.84580027704725,95.0975
2025-10-11T22:00:00Z,89.64627475863122,96.1775
2025-10-11T23:00:00Z,84.63441888399939,92.1675
2025-10-12T00:00:00Z,76.64726112149069,88.86
2025-10-12T01:00:00Z,70.2882391503111,85.13
2025-10-12T02:00:00Z,66.44746647807114,86.4125
2025-10-12T03:00:00Z,67.42715665665814,86.6575
2025-10-12T04:00:00Z,72.43690263074912,88.3
2025-10-12T05:00:00Z,76.46355223644659,89.1725
2025-10-12T06:00:00Z,79.28951093389084,88.66
2025-10-12T07:00:00Z,70.53586700402283,83.0625
2025-10-12T08:00:00Z,58.67471261439402,76.205
2025-10-12T09:00:00Z,51.822158869855144,71.9
2025-10-12T10:00:00Z,48.35896381890326,66.8875
2025-10-12T11:00:00Z,45.207394701772145,52.16
2025-10-12T12:00:00Z,45.53574700018369,62.475
2025-10-12T13:00:00Z,52.5769511394603,79.985
2025-10-12T14:00:00Z,73.06324955396589,88.0025
2025-10-12T15:00:00Z,97.34921058692721,105.55
2025-10-12T16:00:00Z,119.00581318389796,108.9
2025-10-12T17:00:00Z,120.96199984734548,116.64
2025-10-12T18:00:00Z,117.64901778687305,115.5275
2025-10-12T19:00:00Z,111.30719802195794,110.4475
2025-10-12T20:00:00Z,107.33308333892155,107.79
2025-10-12T21:00:00Z,100.4054828746895,93.445
2025-10-12T22:00:00Z,91.82120780267583,93.4525
2025-10-12T23:00:00Z,92.42095084906366,90.26
2025-10-13T00:00:00Z,88.41956422066086,90.8325
2025-10-13T01:00:00Z,88.9022777319527,89.1225
2025-10-13T02:00:00Z,95.06613286860856,93.4525
2025-10-13T03:00:00Z,100.52755264807756,98.095
2025-10-13T04:00:00Z,139.1690258551413,131.41
2025-10-13T05:00:00Z,166.6919142671104,218.6375
2025-10-13T06:00:00Z,181.3291413000337,199.5575
2025-10-13T07:00:00Z,163.4801859879762,150.185
2025-10-13T08:00:00Z,133.54130906135723,125.0975
2025-10-13T09:00:00Z,114.88075701277435,110.0
2025-10-13T10:00:00Z,99.2238500441105,95.1
2025-10-13T11:00:00Z,94.91293188765006,89.8575
2025-10-13T12:00:00Z,95.4543281141178,92.0975
2025-10-13T13:00:00Z,99.7830281589119,101.8425
2025-10-13T14:00:00Z,116.13922686444366,117.9025
2025-10-13T15:00:00Z,163.6358237017995,180.6
2025-10-13T16:00:00Z,209.4706910807912,305.74
2025-10-13T17:00:00Z,215.98109003636264,306.575
2025-10-13T18:00:00Z,188.1545169989206,186.9525
2025-10-13T19:00:00Z,161.1776106489301,137.175
2025-10-13T20:00:00Z,131.26110836150056,121.9875
2025-10-13T21:00:00Z,111.6704019506951,111.275
2025-10-13T22:00:00Z,101.00859387159294,109.1825
2025-10-13T23:00:00Z,98.35548032109776,103.015
2025-10-14T00:00:00Z,92.80865589826855,99.52
2025-10-14T01:00:00Z,92.88069898929524,98.8675
2025-10-14T02:00:00Z,94.08809111362173,100.0475
2025-10-14T03:00:00Z,96.76459668191447,101.4475
2025-10-14T04:00:00Z,131.22461629997827,123.2925
2025-10-14T05:00:00Z,169.45730700346664,160.195
2025-10-14T06:00:00Z,171.02027619314924,190.82
2025-10-14T07:00:00Z,142.2699540968793,156.445
2025-10-14T08:00:00Z,130.68372107186906,134.725
2025-10-14T09:00:00Z,118.13637965653474,119.845
2025-10-14T10:00:00Z,104.69424397266702,107.6475
2025-10-14T11:00:00Z,99.65720931568192,102.9975
2025-10-14T12:00:00Z,102.69854341855695,105.265
2025-10-14T13:00:00Z,106.65333302186893,122.275
2025-10-14T14:00:00Z,123.18770934611042,146.6
2025-10-14T15:00:00Z,173.95106134386458,219.195
2025-10-14T16:00:00Z,236.8290976029934,404.9575
2025-10-14T17:00:00Z,236.19651260006907,407.205
2025-10-14T18:00:00Z,224.04543966040768,225.48
2025-10-14T19:00:00Z,183.4831836941961,163.04
2025-10-14T20:00:00Z,139.5060411187459,129.85750000000002
2025-10-14T21:00:00Z,120.45144757329146,115.36
2025-10-14T22:00:00Z,122.33186451253322,115.4625
2025-10-14T23:00:00Z,121.49929300547039,111.865
2025-10-15T00:00:00Z,104.89397875331143,107.68
2025-10-15T01:00:00Z,103.64729556437626,103.6175
2025-10-15T02:00:00Z,105.99607311704614,106.48
2025-10-15T03:00:00Z,112.42193181358414,114.3975
2025-10-15T04:00:00Z,163.90488413394831,151.96
2025-10-15T05:00:00Z,206.5701925494422,278.74
2025-10-15T06:00:00Z,222.81383936934594,276.1975
2025-10-15T07:00:00Z,186.6984005882847,181.0525
2025-10-15T08:00:00Z,142.83117003387477,142.3575
2025-10-15T09:00:00Z,120.39319804887474,126.105
2025-10-15T10:00:00Z,113.07177792102654,119.425
2025-10-15T11:00:00Z,105.23967736045518,112.8775
2025-10-15T12:00:00Z,104.00972819313719,115.3925
2025-10-15T13:00:00Z,117.02603224877757,122.6425
2025-10-15T14:00:00Z,141.75549877615674,135.6925
2025-10-15T15:00:00Z,197.52114503757957,170.0
2025-10-15T16:00:00Z,263.87835028291886,221.8775
2025-10-15T17:00:00Z,224.5329056661762,220.0
2025-10-15T18:00:00Z,156.39065669775835,152.845
2025-10-15T19:00:00Z,135.21173910073378,124.3425
2025-10-15T20:00:00Z,119.17235204150214,98.21
2025-10-15T21:00:00Z,109.26623518269919,88.17
2025-10-15T22:00:00Z,102.8812087879414,88.16499999999999
2025-10-15T23:00:00Z,97.21439497023546,85.8075
2025-10-16T00:00:00Z,84.67341026752986,88.0
2025-10-16T01:00:00Z,83.78119795444482,86.655
2025-10-16T02:00:00Z,84.88713280296597,88.335
2025-10-16T03:00:00Z,101.68123461723327,85.045
2025-10-16T04:00:00Z,120.65746039951115,96.1925
2025-10-16T05:00:00Z,149.57739091099177,116.1225
2025-10-16T06:00:00Z,154.93419144153853,132.76749999999998
2025-10-16T07:00:00Z,138.1760608639561,119.93
2025-10-16T08:00:00Z,121.57952624957856,92.2375
2025-10-16T09:00:00Z,109.6689968826625,88.3075
2025-10-16T10:00:00Z,102.12098434560171,83.4025
2025-10-16T11:00:00Z,94.78921411667949,81.47500000000001
2025-10-16T12:00:00Z,88.79375887961076,82.98
2025-10-16T13:00:00Z,99.21837410436105,83.0275
2025-10-16T14:00:00Z,110.27227159747586,89.0275
2025-10-16T15:00:00Z,127.51952957434641,120.915
2025-10-16T16:00:00Z,142.9068885084194,130.0
2025-10-16T17:00:00Z,142.32086902055235,140.59
2025-10-16T18:00:00Z,128.048165879587,125.595
2025-10-16T19:00:00Z,115.74735704369655,102.2325
2025-10-16T20:00:00Z,95.15678778986387,99.855
2025-10-16T21:00:00Z,90.90783993388274,93.3625
2025-10-16T22:00:00Z,86.33246122658242,88.14750000000001
2025-10-16T23:00:00Z,85.27077804647612,88.3125
2025-10-17T00:00:00Z,82.6773452394954,89.0575
2025-10-17T01:00:00Z,83.7634997546215,88.4575
2025-10-17T02:00:00Z,83.24398041560157,90.5875
2025-10-17T03:00:00Z,87.29750687019494,94.51
2025-10-17T04:00:00Z,101.61297753615587,107.91
2025-10-17T05:00:00Z,127.81045461118144,129.485
2025-10-17T06:00:00Z,145.29191818696575,144.835
2025-10-17T07:00:00Z,125.40101213989834,129.02
2025-10-17T08:00:00Z,98.54272878439205,117.18
2025-10-17T09:00:00Z,88.22783866579907,99.0375
2025-10-17T10:00:00Z,82.73249617220104,88.14
2025-10-17T11:00:00Z,75.38042399925563,86.7175
2025-10-17T12:00:00Z,76.20497734673695,87.805
2025-10-17T13:00:00Z,81.67022262255117,88.6425
2025-10-17T14:00:00Z,90.8978619179798,95.0
2025-10-17T15:00:00Z,119.24417981213035,117.1675
2025-10-17T16:00:00Z,129.2460034300085,129.31
2025-10-17T17:00:00Z,136.47668074317008,130.69
2025-10-17T18:00:00Z,125.84307147399284,116.9875
2025-10-17T19:00:00Z,107.29634081409176,104.055
2025-10-17T20:00:00Z,96.73768521952678,102.1825
2025-10-17T21:00:00Z,93.2797736271128,92.4975
2025-10-17T22:00:00Z,86.51503961113414,94.615
2025-10-17T23:00:00Z,85.89373514417647,89.86
2025-10-18T00:00:00Z,83.05641652187973,89.8125
2025-10-18T01:00:00Z,84.030638167916,88.33500000000001
2025-10-18T02:00:00Z,85.02161023068759,88.35
2025-10-18T03:00:00Z,89.66607915697683,88.315
2025-10-18T04:00:00Z,94.39689298878726,91.955
2025-10-18T05:00:00Z,112.95791083844209,109.4725
2025-10-18T06:00:00Z,114.99235288662993,114.545
2025-10-18T07:00:00Z,100.79209910557942,102.2425
2025-10-18T08:00:00Z,79.2212732573751,91.4675
2025-10-18T09:00:00Z,54.7053967111403,80.7875
2025-10-18T10:00:00Z,42.46063647059929,73.94
2025-10-18T11:00:00Z,28.630088824947634,67.5325
2025-10-18T12:00:00Z,41.16903059834558,72.2975
2025-10-18T13:00:00Z,58.516653696372515,83.5
2025-10-18T14:00:00Z,86.74034520595642,96.55
2025-10-18T15:00:00Z,117.81551647133664,120.64
2025-10-18T16:00:00Z,152.87859968325532,133.235
2025-10-18T17:00:00Z,138.27413790514197,124.8225
2025-10-18T18:00:00Z,124.34868312885172,112.995
2025-10-18T19:00:00Z,105.11097507054001,92.5525
2025-10-18T20:00:00Z,95.65434014313476,95.5775
2025-10-18T21:00:00Z,80.49622781607073,94.355
2025-10-18T22:00:00Z,77.90304345033763,92.3425
2025-10-18T23:00:00Z,71.53982220108291,87.58500000000001
2025-10-19T00:00:00Z,69.61959959389567,82.2925
2025-10-19T01:00:00Z,67.43250637820636,82.14
2025-10-19T02:00:00Z,64.17765647986553,83.2125
2025-10-19T03:00:00Z,62.82193765130791,83.4975
2025-10-19T04:00:00Z,67.5323902077801,85.25
2025-10-19T05:00:00Z,70.93362311344322,85.255
2025-10-19T06:00:00Z,68.3892307106731,87.1575
2025-10-19T07:00:00Z,57.85952693055093,78.4325
2025-10-19T08:00:00Z,49.27076835208872,69.6375
2025-10-19T09:00:00Z,36.86419018328703,60.3
2025-10-19T10:00:00Z,32.059758231264254,34.567499999999995
2025-10-19T11:00:00Z,19.909665472888648,20.295
2025-10-19T12:00:00Z,21.746542716735377,36.2175
2025-10-19T13:00:00Z,44.99153041610475,66.77250000000001
2025-10-19T14:00:00Z,57.14666271658772,89.93
2025-10-19T15:00:00Z,83.46808864259705,106.0725
2025-10-19T16:00:00Z,87.37332038325331,107.6875
2025-10-19T17:00:00Z,78.89183473654417,85.62
2025-10-19T18:00:00Z,60.88558551256249,75.5025
2025-10-19T19:00:00Z,52.95363456342455,73.15
2025-10-19T20:00:00Z,57.28963697543591,74.74249999999999
2025-10-19T21:00:00Z,56.627949184025944,60.855
2025-10-19T22:00:00Z,53.134664676836486,70.03750000000001
2025-10-19T23:00:00Z,43.52577914713385,63.975
2025-10-20T00:00:00Z,40.53723759778226,60.98
2025-10-20T01:00:00Z,40.37196371057491,60.0025
2025-10-20T02:00:00Z,40.31004037421897,60.6025
2025-10-20T03:00:00Z,51.84562770765478,74.81
2025-10-20T04:00:00Z,53.93092065974116,76.2525
2025-10-20T05:00:00Z,72.51355731612152,91.8675
2025-10-20T06:00:00Z,76.35280993067981,125.0975
2025-10-20T07:00:00Z,62.08138959886626,92.185
2025-10-20T08:00:00Z,54.36486837299268,73.15
2025-10-20T09:00:00Z,52.62442750653172,69.935
2025-10-20T10:00:00Z,50.2282531890553,60.2875
2025-10-20T11:00:00Z,48.447788460959806,65.27250000000001
2025-10-20T12:00:00Z,56.881050708363034,76.08500000000001
2025-10-20T13:00:00Z,67.91115572546857,97.14
2025-10-20T14:00:00Z,85.81174298556023,119.51
2025-10-20T15:00:00Z,102.05504991259772,131.1225
2025-10-20T16:00:00Z,104.83733328146846,125.09
2025-10-20T17:00:00Z,95.08878412541539,103.0
2025-10-20T18:00:00Z,77.08726929663685,82.29
2025-10-20T19:00:00Z,60.13739608463731,76.2525
2025-10-20T20:00:00Z,56.06049938996028,68.3775
2025-10-20T21:00:00Z,43.449749541284795,51.0
2025-11-03T23:00:00Z,49.366093308186045,16.53
2025-11-04T00:00:00Z,46.985978840578476,7.2575
2025-11-04T01:00:00Z,44.33409642861052,4.925
2025-11-04T02:00:00Z,46.95987898405054,6.3125
2025-11-04T03:00:00Z,50.65403039774527,21.1975
2025-11-04T04:00:00Z,51.88047487842698,58.4325
2025-11-04T05:00:00Z,66.85161079494097,81.0375
2025-11-04T06:00:00Z,81.9159457706423,114.3075
2025-11-04T07:00:00Z,75.47411896380088,110.0
2025-11-04T08:00:00Z,60.01835924280961,80.8475
2025-11-04T09:00:00Z,50.01800419759688,60.6475
2025-11-04T10:00:00Z,43.70363651900916,52.87
2025-11-04T11:00:00Z,41.326997705120576,50.1525
2025-11-04T12:00:00Z,48.637484818102905,66.9375
2025-11-04T13:00:00Z,63.37313525981597,81.05
2025-11-04T14:00:00Z,85.99832109869396,116.265
2025-11-04T15:00:00Z,101.68426579269557,127.475
2025-11-04T16:00:00Z,109.52386124307606,129.1
2025-11-04T17:00:00Z,116.00616582051065,122.7625
2025-11-04T18:00:00Z,108.81439582607301,106.6975
2025-11-04T19:00:00Z,87.0342593418032,96.7525
2025-11-04T20:00:00Z,76.99587072040599,91.365
2025-11-04T21:00:00Z,67.43112821251562,86.2375
2025-11-04T22:00:00Z,58.18967917459114,76.1225
2025-11-04T23:00:00Z,50.00104278160254,77.33
2025-11-05T00:00:00Z,48.9759267573693,75.8225
2025-11-05T01:00:00Z,45.949637853642436,74.35499999999999
2025-11-05T02:00:00Z,44.92011936880866,74.6825
2025-11-05T03:00:00Z,48.53239852641645,78.885
2025-11-05T04:00:00Z,58.019758410473656,85.0
2025-11-05T05:00:00Z,77.19643934255518,91.3625
2025-11-05T06:00:00Z,100.35659658929143,115.9
2025-11-05T07:00:00Z,83.71671892414473,107.115
2025-11-05T08:00:00Z,62.202218938858614,74.54
2025-11-05T09:00:00Z,50.341733018289155,62.8825
2025-11-05T10:00:00Z,44.99018609706758,62.0075
2025-11-05T11:00:00Z,49.39918696654296,62.07
2025-11-05T12:00:00Z,63.759682567834645,77.3325
2025-11-05T13:00:00Z,78.16807588369507,96.1925
2025-11-05T14:00:00Z,117.21297231342395,115.395
2025-11-05T15:00:00Z,132.50773151709393,141.3825
2025-11-05T16:00:00Z,147.36683358467153,147.4175
2025-11-05T17:00:00Z,136.4243278591028,127.58
2025-11-05T18:00:00Z,120.86941169377474,114.755
2025-11-05T19:00:00Z,104.31821096217331,104.79
2025-11-05T20:00:00Z,91.48088939527952,98.9175
2025-11-05T21:00:00Z,88.11723559785915,88.8475
2025-11-05T22:00:00Z,80.84623342845892,87.7
2025-11-05T23:00:00Z,81.87824887921388,93.3725
2025-11-06T00:00:00Z,79.48080654069639,90.83
2025-11-06T01:00:00Z,79.33534809934444,91.3975
2025-11-06T02:00:00Z,79.66144950843605,90.505
2025-11-06T03:00:00Z,80.20407126085894,91.9
2025-11-06T04:00:00Z,86.9339589043139,92.17
2025-11-06T05:00:00Z,105.60418819926427,118.35
2025-11-06T06:00:00Z,123.82880644516328,130.2325
2025-11-06T07:00:00Z,112.74591184061566,119.68
2025-11-06T08:00:00Z,85.13852049303219,93.2125
2025-11-06T09:00:00Z,76.65227664955985,85.1575
2025-11-06T10:00:00Z,75.55829533641112,83.7
2025-11-06T11:00:00Z,75.01000463979314,83.9925
2025-11-06T12:00:00Z,78.87005535885287,87.17999999999999
2025-11-06T13:00:00Z,94.38891435299465,99.485
2025-11-06T14:00:00Z,114.24530954320402,128.24
2025-11-06T15:00:00Z,173.8098980945627,147.495
2025-11-06T16:00:00Z,181.43816738305432,154.255
2025-11-06T17:00:00Z,163.52479993891342,137.4475
2025-11-06T18:00:00Z,136.76924784379,126.4625
2025-11-06T19:00:00Z,115.71062843365857,114.97
2025-11-06T20:00:00Z,104.20510155215983,100.98
2025-11-06T21:00:00Z,97.83483445048756,97.485
2025-11-06T22:00:00Z,93.93028488984334,90.5525
2025-11-06T23:00:00Z,97.14126102246613,90.1775
2025-11-07T00:00:00Z,94.5720223670489,88.8225
2025-11-07T01:00:00Z,94.5720223670489,89.6
2025-11-07T02:00:00Z,94.13806210554176,89.61250000000001
2025-11-07T03:00:00Z,94.95810774271865,90.41
2025-11-07T04:00:00Z,102.69606725908604,94.21
2025-11-07T05:00:00Z,134.81846967131517,112.265
2025-11-07T06:00:00Z,145.2454106880264,133.8825
2025-11-07T07:00:00Z,144.82039055802414,128.0475
2025-11-07T08:00:00Z,122.24540519248697,108.105
2025-11-07T09:00:00Z,105.98786554388806,93.38
2025-11-07T10:00:00Z,96.85115649172306,89.9875
2025-11-07T11:00:00Z,97.24169699528223,88.80250000000001
2025-11-07T12:00:00Z,95.94551803692798,92.0525
2025-11-07T13:00:00Z,107.98818765731168,103.1
2025-11-07T14:00:00Z,157.13162457548492,129.6225
2025-11-07T15:00:00Z,191.0904487096882,165.1225
2025-11-07T16:00:00Z,197.56819651237132,178.5375
2025-11-07T17:00:00Z,184.97378945433405,145.6825
2025-11-07T18:00:00Z,158.29526610646147,131.4825
2025-11-07T19:00:00Z,137.7116331009447,119.4275
2025-11-07T20:00:00Z,134.57175102527032,106.6525
2025-11-07T21:00:00Z,123.58997673636631,98.275
2025-11-07T22:00:00Z,106.87893091725886,92.0525
2025-11-07T23:00:00Z,104.25823734501098,96.53
2025-11-08T00:00:00Z,99.4831629993158,96.325
2025-11-08T01:00:00Z,96.81487344490068,93.9975
2025-11-08T02:00:00Z,96.81487344490068,93.9725
2025-11-08T03:00:00Z,97.81857157394114,95.0375
2025-11-08T04:00:00Z,101.57908905743238,94.195
2025-11-08T05:00:00Z,111.4123654457214,95.2775
2025-11-08T06:00:00Z,123.92876741724554,103.8425
2025-11-08T07:00:00Z,128.24797321089048,105.5
2025-11-08T08:00:00Z,110.72955237927758,103.62
2025-11-08T09:00:00Z,101.97572900882543,102.1775
2025-11-08T10:00:00Z,101.4640039943363,96.9475
2025-11-08T11:00:00Z,104.93073867570907,95.16
2025-11-08T12:00:00Z,104.83106570481108,95.9125
2025-11-08T13:00:00Z,110.79511440562456,101.5425
2025-11-08T14:00:00Z,137.1954761993314,117.6175
2025-11-08T15:00:00Z,157.910181384881,124.635
2025-11-08T16:00:00Z,171.71491692051225,134.915
2025-11-08T17:00:00Z,163.9348549006633,136.5325
2025-11-08T18:00:00Z,150.4508155851597,131.98000000000002
2025-11-08T19:00:00Z,143.58081310733883,122.9675
2025-11-08T20:00:00Z,123.43146766109018,113.305
2025-11-08T21:00:00Z,111.24628473042206,106.26
2025-11-08T22:00:00Z,104.39576298115554,96.905
2025-11-08T23:00:00Z,102.35530236123684,96.345
2025-11-09T00:00:00Z,96.9855475260308,94.555
2025-11-09T01:00:00Z,96.60089784566405,92.8325
2025-11-09T02:00:00Z,96.04953858278695,91.1325
2025-11-09T03:00:00Z,95.76262324122533,91.6475
2025-11-09T04:00:00Z,95.76262324122533,91.685
2025-11-09T05:00:00Z,97.03523374813453,89.9375
2025-11-09T06:00:00Z,103.92651160094238,88.615
2025-11-09T07:00:00Z,105.87727275021413,97.2725
2025-11-09T08:00:00Z,105.51129839236673,97.6175
2025-11-09T09:00:00Z,109.10570725886177,97.0325
2025-11-09T10:00:00Z,108.2569283112182,97.305
2025-11-09T11:00:00Z,103.46326000431053,97.8375
2025-11-09T12:00:00Z,104.72919405283962,96.4025
2025-11-09T13:00:00Z,106.1263483960141,97.315
2025-11-09T14:00:00Z,123.92126047548653,97.795
2025-11-09T15:00:00Z,141.69316769275326,109.8475
2025-11-09T16:00:00Z,154.35247956041258,125.1
2025-11-09T17:00:00Z,152.23009638427038,126.1
2025-11-09T18:00:00Z,149.6611293014977,117.955
2025-11-09T19:00:00Z,137.77841215855867,106.0
2025-11-09T20:00:00Z,121.4033330077376,93.5375
2025-11-09T21:00:00Z,110.1942731346694,92.315
2025-11-09T22:00:00Z,101.51772960755838,89.93
2025-11-09T23:00:00Z,97.68495897741488,88.98
2025-11-10T00:00:00Z,95.74594530816003,87.63499999999999
2025-11-10T01:00:00Z,95.16131550111935,88.9025
2025-11-10T02:00:00Z,94.78879481976509,87.5225
2025-11-10T03:00:00Z,94.658980745668,87.1775
2025-11-10T04:00:00Z,109.92179730462047,92.3125
2025-11-10T05:00:00Z,133.18801751147163,113.4525
2025-11-10T06:00:00Z,149.06537034375188,142.995
2025-11-10T07:00:00Z,150.7740020827859,157.875
2025-11-10T08:00:00Z,135.26424466953958,144.2975
2025-11-10T09:00:00Z,133.05099387451438,126.2725
2025-11-10T10:00:00Z,133.9646615085149,115.245
2025-11-10T11:00:00Z,128.41409108503274,105.9225
2025-11-10T12:00:00Z,128.70253750833348,108.41
2025-11-10T13:00:00Z,132.24363512004138,115.565
2025-11-10T14:00:00Z,133.2073819397312,126.2525
2025-11-10T15:00:00Z,137.6793784627128,133.35500000000002
2025-11-10T16:00:00Z,155.66328130007957,139.4025
2025-11-10T17:00:00Z,149.95908124655224,120.725
2025-11-10T18:00:00Z,135.98538036566362,103.6625
2025-11-10T19:00:00Z,117.22857175190425,90.11
2025-11-10T20:00:00Z,103.08949498373626,88.9875
2025-11-10T21:00:00Z,96.40706860292451,88.39250000000001
2025-11-10T22:00:00Z,90.66043075271939,83.87
2025-11-10T23:00:00Z,80.53794007783517,83.19
2025-11-11T00:00:00Z,70.04627754236724,79.9825
2025-11-11T01:00:00Z,67.69179915460819,75.80250000000001
2025-11-11T02:00:00Z,64.1345636355391,74.87
2025-11-11T03:00:00Z,65.46814248609029,75.495
2025-11-11T04:00:00Z,78.6372681716913,77.07249999999999
2025-11-11T05:00:00Z,101.40668368296502,86.7875
2025-11-11T06:00:00Z,123.80002482079189,105.21
2025-11-11T07:00:00Z,123.85985418983181,113.7975
2025-11-11T08:00:00Z,117.4828411065189,103.115
2025-11-11T09:00:00Z,106.31976596103078,91.4725
2025-11-11T10:00:00Z,94.42182910189429,87.9225
2025-11-11T11:00:00Z,92.65471079347586,86.66
2025-11-11T12:00:00Z,95.69312435729444,89.93
2025-11-11T13:00:00Z,107.63703241178702,101.235
2025-11-11T14:00:00Z,127.97329956368543,124.275
2025-11-11T15:00:00Z,160.2167501969995,143.0725
2025-11-11T16:00:00Z,151.10439418303594,143.2575
2025-11-11T17:00:00Z,139.32334143396125,114.9975
2025-11-11T18:00:00Z,119.25714493197046,105.0325
2025-11-11T19:00:00Z,99.07883416482599,98.175
2025-11-11T20:00:00Z,95.47623201758694,96.3825
2025-11-11T21:00:00Z,90.15850046007787,92.06
2025-11-11T22:00:00Z,83.74296834970109,75.5
2025-11-11T23:00:00Z,69.5937162665801,74.9775
2025-11-12T00:00:00Z,64.15095908814968,68.315
2025-11-12T01:00:00Z,56.79939380081178,64.41
2025-11-12T02:00:00Z,57.38329544607872,62.4
2025-11-12T03:00:00Z,55.83085748129788,62.3
2025-11-12T04:00:00Z,64.18104028284566,69.30000000000001
2025-11-12T05:00:00Z,78.26116347508089,76.9975
2025-11-12T06:00:00Z,100.11321928452031,107.26
2025-11-12T07:00:00Z,97.22918176458808,100.7225
2025-11-12T08:00:00Z,75.01385988320241,78.1125
2025-11-12T09:00:00Z,57.71979504400737,71.5275
2025-11-12T10:00:00Z,51.13984437175552,60.005
2025-11-12T11:00:00Z,52.55736077742765,59.135
2025-11-12T12:00:00Z,56.00424552935741,73.7675
2025-11-12T13:00:00Z,72.22482498905906,80.425
2025-11-12T14:00:00Z,90.3120719895368,104.97
2025-11-12T15:00:00Z,112.842283674273,113.625
2025-11-12T16:00:00Z,116.26312302609425,115.395
2025-11-12T17:00:00Z,100.05200841007334,104.8675
2025-11-12T18:00:00Z,91.84470963106057,88.9275
2025-11-12T19:00:00Z,79.22540640578838,80.945
2025-11-12T20:00:00Z,65.22223989649434,76.905
2025-11-12T21:00:00Z,62.593217552396716,75.545
2025-11-12T22:00:00Z,54.720355319991306,56.935
2025-11-12T23:00:00Z,45.72983765603278,32.917500000000004
2025-11-13T00:00:00Z,36.2887768433072,18.9725
2025-11-13T01:00:00Z,33.38897484178771,11.1875
2025-11-13T02:00:00Z,31.072245019458254,7.78
2025-11-13T03:00:00Z,33.29941808354181,6.0
2025-11-13T04:00:00Z,47.60330446235188,25.9725
2025-11-13T05:00:00Z,64.90852591843233,50.885000000000005
2025-11-13T06:00:00Z,73.51797887333123,76.845
2025-11-13T07:00:00Z,67.23546924902155,66.0825
2025-11-13T08:00:00Z,56.264598700450435,53.61
2025-11-13T09:00:00Z,32.48630929772465,50.3225
2025-11-13T10:00:00Z,20.058382606348545,42.96
2025-11-13T11:00:00Z,23.94321581363731,48.09
2025-11-13T12:00:00Z,39.82571078369693,60.5725
2025-11-13T13:00:00Z,57.98362441299748,77.33500000000001
2025-11-13T14:00:00Z,82.44406226724556,101.665
2025-11-13T15:00:00Z,111.21487027840251,111.5125
2025-11-13T16:00:00Z,126.81920623003037,130.1
2025-11-13T17:00:00Z,134.6598661240965,131.8025
2025-11-13T18:00:00Z,132.90370368249287,129.8875
2025-11-13T19:00:00Z,117.55892579062731,111.845
2025-11-13T20:00:00Z,101.49914682477777,116.6075
2025-11-13T21:00:00Z,95.58015377546471,110.585
2025-11-13T22:00:00Z,94.43359067518917,102.7725
2025-11-13T23:00:00Z,90.9217343715428,98.4425
2025-11-14T00:00:00Z,87.7897412679637,95.8025
2025-11-14T01:00:00Z,88.01089633591216,94.9325
2025-11-14T02:00:00Z,88.83979245454347,91.53
2025-11-14T03:00:00Z,90.15723176250619,92.13
2025-11-14T04:00:00Z,92.83991402783346,91.6025
2025-11-14T05:00:00Z,115.78469776496246,112.7775
2025-11-14T06:00:00Z,142.42105699472808,138.3475
2025-11-14T07:00:00Z,134.0189939525204,136.385
2025-11-14T08:00:00Z,115.19128014315851,120.9025
2025-11-14T09:00:00Z,92.95846718924503,112.0275
2025-11-14T10:00:00Z,88.80089435924091,106.035
2025-11-14T11:00:00Z,87.58918284676778,101.225
2025-11-14T12:00:00Z,88.59379643938168,105.4225
2025-11-14T13:00:00Z,99.87525328112778,107.0625
2025-11-14T14:00:00Z,124.21216661321718,115.3925
2025-11-14T15:00:00Z,144.38509726465756,115.965
2025-11-14T16:00:00Z,151.71464590214148,131.57
2025-11-14T17:00:00Z,144.23238138602923,119.81
2025-11-14T18:00:00Z,131.33462123536637,106.49
2025-11-14T19:00:00Z,114.71453659871491,98.915
2025-11-14T20:00:00Z,108.76252459550521,93.1625
2025-11-14T21:00:00Z,95.20006651821605,97.015
2025-11-14T22:00:00Z,82.33738363712982,78.65
2025-11-14T23:00:00Z,64.33560679658031,77.3775
2025-11-15T00:00:00Z,57.69546226112225,77.95
2025-11-15T01:00:00Z,57.74455542651372,74.7175
2025-11-15T02:00:00Z,56.14466403820537,73.03
2025-11-15T03:00:00Z,60.663121847079154,72.2
2025-11-15T04:00:00Z,59.50030963551366,70.615
2025-11-15T05:00:00Z,61.89212617129077,68.1575
2025-11-15T06:00:00Z,66.23535025545509,77.055
2025-11-15T07:00:00Z,75.92262456406253,80.065
2025-11-15T08:00:00Z,81.99126713377292,85.235
2025-11-15T09:00:00Z,76.96581803524663,85.6125
2025-11-15T10:00:00Z,75.21943654925543,85.4225
2025-11-15T11:00:00Z,76.38094770995653,84.1925
2025-11-15T12:00:00Z,76.29049391890376,90.6675
2025-11-15T13:00:00Z,82.92973579036986,94.6525
2025-11-15T14:00:00Z,90.05986433558402,101.1925
2025-11-15T15:00:00Z,108.69014521995842,109.7925
2025-11-15T16:00:00Z,122.29413684088475,121.8
2025-11-15T17:00:00Z,122.21149489065624,121.5225
2025-11-15T18:00:00Z,116.20984548606553,114.065
2025-11-15T19:00:00Z,106.13309265541467,109.125
2025-11-15T20:00:00Z,96.8420299708322,102.885
2025-11-15T21:00:00Z,94.44642721102855,101.7175
2025-11-15T22:00:00Z,88.0111439024101,97.8675
2025-11-15T23:00:00Z,85.05584955487431,93.7475
2025-11-16T00:00:00Z,82.29747131051886,95.0
2025-11-16T01:00:00Z,81.79697257139537,93.35
2025-11-16T02:00:00Z,80.19318833819334,91.45
2025-11-16T03:00:00Z,80.02791445098599,88.215
2025-11-16T04:00:00Z,80.02791445098599,91.13
2025-11-16T05:00:00Z,85.12501476074087,85.6725
2025-11-16T06:00:00Z,88.82878975635526,92.4875
2025-11-16T07:00:00Z,90.83862739869424,98.49
2025-11-16T08:00:00Z,92.58811710307435,101.185
2025-11-16T09:00:00Z,90.58754799268678,99.2775
2025-11-16T10:00:00Z,91.9955508720312,102.5675
2025-11-16T11:00:00Z,92.92348466265769,102.4675
2025-11-16T12:00:00Z,95.05800465876973,103.9975
2025-11-16T13:00:00Z,98.83996661689699,109.265
2025-11-16T14:00:00Z,106.72040494925699,116.72
2025-11-16T15:00:00Z,119.29167687291736,124.495
2025-11-16T16:00:00Z,143.50593479525236,129.3725
2025-11-16T17:00:00Z,143.54348898868184,125.21
2025-11-16T18:00:00Z,127.46521718892028,115.33
2025-11-16T19:00:00Z,111.79206274814568,102.7175
2025-11-16T20:00:00Z,100.82136602790223,91.41
2025-11-16T21:00:00Z,99.11462079858026,94.385
2025-11-16T22:00:00Z,87.44848226957376,86.5275
2025-11-16T23:00:00Z,78.98115867968848,88.29
2025-11-17T00:00:00Z,68.14415838912637,80.5575
2025-11-17T01:00:00Z,65.45636336722595,74.0875
2025-11-17T02:00:00Z,65.89520190118499,71.32249999999999
2025-11-17T03:00:00Z,65.55030523619172,74.095
2025-11-17T04:00:00Z,79.48448717567449,83.6
2025-11-17T05:00:00Z,105.89272269419163,89.59
2025-11-17T06:00:00Z,140.1397011411144,114.8675
2025-11-17T07:00:00Z,145.80455319269188,126.9925
2025-11-17T08:00:00Z,134.86917227495243,121.6875
2025-11-17T09:00:00Z,108.72916552592373,105.215
2025-11-17T10:00:00Z,98.95747088281196,84.3925
2025-11-17T11:00:00Z,84.38126159282871,77.805
2025-11-17T12:00:00Z,87.39261217954625,77.785
2025-11-17T13:00:00Z,89.02672308678304,87.035
2025-11-17T14:00:00Z,109.87113235507674,97.52
2025-11-17T15:00:00Z,127.7894069113047,107.32
2025-11-17T16:00:00Z,135.6467794736937,117.355
2025-11-17T17:00:00Z,129.48851988483344,116.4925
2025-11-17T18:00:00Z,115.44942452896036,110.7025
2025-11-17T19:00:00Z,101.64488867655884,102.89
2025-11-17T20:00:00Z,94.62082640339067,92.6975
2025-11-17T21:00:00Z,90.13207512707173,89.7075
2025-11-17T22:00:00Z,78.03598702165036,81.14
2025-11-17T23:00:00Z,76.10899854797569,84.88499999999999
2025-11-18T00:00:00Z,67.58260243736177,82.83
2025-11-18T01:00:00Z,65.15704418705371,79.0375
2025-11-18T02:00:00Z,65.0192357878886,77.7175
2025-11-18T03:00:00Z,66.88770597584555,80.5125
2025-11-18T04:00:00Z,76.04624903511102,83.4725
2025-11-18T05:00:00Z,95.70028061256133,91.0475
2025-11-18T06:00:00Z,115.4436186079151,104.735
2025-11-18T07:00:00Z,126.05479834656539,119.84
2025-11-18T08:00:00Z,113.63405702993832,107.45
2025-11-18T09:00:00Z,97.96966020959482,92.1275
2025-11-18T10:00:00Z,89.5365346968431,88.7975
2025-11-18T11:00:00Z,89.25078422525108,89.2
2025-11-18T12:00:00Z,89.71241790758188,90.6
2025-11-18T13:00:00Z,95.12502134580875,96.575
2025-11-18T14:00:00Z,127.89820181610234,120.595
2025-11-18T15:00:00Z,144.73656725354542,141.9125
2025-11-18T16:00:00Z,154.82116477247288,151.66
2025-11-18T17:00:00Z,136.8928009283452,143.8025
2025-11-18T18:00:00Z,121.71065508930826,131.15
2025-11-18T19:00:00Z,106.28406338099924,107.13
2025-11-18T20:00:00Z,100.88675808327305,94.6425
2025-11-18T21:00:00Z,97.52222724152807,97.4825
2025-11-18T22:00:00Z,88.93183436000884,89.9625
2025-11-18T23:00:00Z,78.12770319988499,87.3775
2025-11-19T00:00:00Z,70.09230305609661,86.225
2025-11-19T01:00:00Z,68.49294942992928,84.1675
2025-11-19T02:00:00Z,71.23070724200912,83.185
2025-11-19T03:00:00Z,76.18011084037536,84.3925
2025-11-19T04:00:00Z,82.53464665001235,87.0025
2025-11-19T05:00:00Z,90.00983750293919,99.03
2025-11-19T06:00:00Z,107.9162469028085,127.03
2025-11-19T07:00:00Z,115.94487576919565,136.67000000000002
2025-11-19T08:00:00Z,92.25887462494596,115.1625
2025-11-19T09:00:00Z,82.38987224886385,97.5225
2025-11-19T10:00:00Z,79.87249440645577,91.62
2025-11-19T11:00:00Z,79.19011716633854,89.59
2025-11-19T12:00:00Z,83.44987257589366,93.5975
2025-11-19T13:00:00Z,88.26176893868023,104.62
2025-11-19T14:00:00Z,113.04744861059078,113.05
2025-11-19T15:00:00Z,124.34353574601799,117.8075
2025-11-19T16:00:00Z,130.55670794701487,127.5675
2025-11-19T17:00:00Z,128.5186664692243,119.19
2025-11-19T18:00:00Z,117.05233565375431,119.05
2025-11-19T19:00:00Z,103.8831854817993,105.6875
2025-11-19T20:00:00Z,97.62677683609802,100.225
2025-11-19T21:00:00Z,90.54534775058886,99.17
2025-11-19T22:00:00Z,87.91924486536041,91.885
2025-11-19T23:00:00Z,80.31187073802442,90.6275
2025-11-20T00:00:00Z,73.96831356894877,88.0925
2025-11-20T01:00:00Z,72.91918440304329,87.0325
2025-11-20T02:00:00Z,72.75391051583594,86.795
2025-11-20T03:00:00Z,79.67725899358368,87.125
2025-11-20T04:00:00Z,89.86236985325972,90.5025
2025-11-20T05:00:00Z,104.92594172794666,103.6825
2025-11-20T06:00:00Z,140.34801631076468,144.4075
2025-11-20T07:00:00Z,148.6140245116431,155.715
2025-11-20T08:00:00Z,121.82771551044956,153.655
2025-11-20T09:00:00Z,113.76981710430783,141.27
2025-11-20T10:00:00Z,109.99118493458074,129.3025
2025-11-20T11:00:00Z,107.9110485561729,125.055
2025-11-20T12:00:00Z,107.52781691811587,126.1
2025-11-20T13:00:00Z,116.1221216340844,134.2025
2025-11-20T14:00:00Z,133.03987928926742,149.685
2025-11-20T15:00:00Z,139.59831483331843,175.82999999999998
2025-11-20T16:00:00Z,161.32078715528348,175.4725
2025-11-20T17:00:00Z,171.18212089816035,163.25
2025-11-20T18:00:00Z,155.7352252619027,156.01749999999998
2025-11-20T19:00:00Z,138.99149035177513,137.1025
2025-11-20T20:00:00Z,130.58129095792052,120.7525
2025-11-20T21:00:00Z,118.18996750990969,108.235
2025-11-20T22:00:00Z,108.49775683884855,93.7625
2025-11-20T23:00:00Z,107.551023233329,101.5525
2025-11-21T00:00:00Z,99.59691443697551,94.14
2025-11-21T01:00:00Z,99.7569639244369,90.2825
2025-11-21T02:00:00Z,99.21178327246396,90.185
2025-11-21T03:00:00Z,102.8422093958493,93.625
2025-11-21T04:00:00Z,114.657544372662,101.865
2025-11-21T05:00:00Z,132.46975128786116,133.525
2025-11-21T06:00:00Z,167.62168299812367,180.42
2025-11-21T07:00:00Z,168.7842267140591,205.3825
2025-11-21T08:00:00Z,151.65197978371037,181.83
2025-11-21T09:00:00Z,141.6217824043116,151.015
2025-11-21T10:00:00Z,124.89753659115131,137.72
2025-11-21T11:00:00Z,122.61703990441347,130.3425
2025-11-21T12:00:00Z,125.1483337844799,135.57500000000002
2025-11-21T13:00:00Z,136.7703779418025,153.7525
2025-11-21T14:00:00Z,150.37216769614085,196.8375
2025-11-21T15:00:00Z,165.24643526933258,251.87
2025-11-21T16:00:00Z,172.88359387938988,250.0075
2025-11-21T17:00:00Z,169.32267833726505,205.0875
2025-11-21T18:00:00Z,163.70704672508953,171.3675
2025-11-21T19:00:00Z,152.96413460460263,141.95
2025-11-21T20:00:00Z,131.92860999104184,117.3075
2025-11-21T21:00:00Z,116.33923058420758,104.9
2025-11-21T22:00:00Z,103.19716230296372,95.0325
2025-11-21T23:00:00Z,100.65059715406377,102.2475
2025-11-22T00:00:00Z,96.46540413795526,94.6
2025-11-22T01:00:00Z,93.8099992534561,88.44
2025-11-22T02:00:00Z,91.56165723622293,85.2775
2025-11-22T03:00:00Z,88.75239389206475,86.0975
2025-11-22T04:00:00Z,91.28537155535903,85.2775
2025-11-22T05:00:00Z,106.77455304317816,90.5225
2025-11-22T06:00:00Z,110.86255283967125,106.7475
2025-11-22T07:00:00Z,111.9697195570848,104.21
2025-11-22T08:00:00Z,85.24830465911634,89.1175
2025-11-22T09:00:00Z,65.05048335997243,82.00999999999999
2025-11-22T10:00:00Z,60.52913199584366,78.58
2025-11-22T11:00:00Z,58.97733981269717,76.2825
2025-11-22T12:00:00Z,65.20528035557359,75.3675
2025-11-22T13:00:00Z,78.31426187363299,81.645
2025-11-22T14:00:00Z,99.66840843616802,88.965
2025-11-22T15:00:00Z,119.10180657205703,105.0
2025-11-22T16:00:00Z,122.84388874262163,114.455
2025-11-22T17:00:00Z,119.80958279736026,109.2525
2025-11-22T18:00:00Z,108.7625620893078,98.33
2025-11-22T19:00:00Z,89.98886426029823,86.61
2025-11-22T20:00:00Z,78.18314878608065,89.2475
2025-11-22T21:00:00Z,74.0640165432583,89.4275
2025-11-22T22:00:00Z,59.489780615093665,82.23
2025-11-22T23:00:00Z,62.549426218054826,81.5275
2025-11-23T00:00:00Z,59.05779563414561,74.35249999999999
2025-11-23T01:00:00Z,56.89405361738235,70.44
2025-11-23T02:00:00Z,56.634202728453026,63.23
2025-11-23T03:00:00Z,55.618969383243034,60.885
2025-11-23T04:00:00Z,55.618969383243034,64.21
2025-11-23T05:00:00Z,61.62502366104538,62.03
2025-11-23T06:00:00Z,65.07562793613332,67.9825
2025-11-23T07:00:00Z,66.6108936672651,67.8325
2025-11-23T08:00:00Z,57.39359581597807,65.96
2025-11-23T09:00:00Z,39.12055059066888,65.985
2025-11-23T10:00:00Z,35.81917985732109,66.69
2025-11-23T11:00:00Z,39.73335415986475,67.8625
2025-11-23T12:00:00Z,53.9237831414231,65.45750000000001
2025-11-23T13:00:00Z,65.39144562246395,69.42750000000001
2025-11-23T14:00:00Z,65.71053061433423,77.28999999999999
2025-11-23T15:00:00Z,69.78681662317109,77.8875
2025-11-23T16:00:00Z,72.72274115105843,80.84
2025-11-23T17:00:00Z,72.32603203678717,82.54249999999999
2025-11-23T18:00:00Z,69.51067972438831,83.7975
2025-11-23T19:00:00Z,69.4394392153778,77.4125
2025-11-23T20:00:00Z,66.3386082734045,74.16
2025-11-23T21:00:00Z,66.469504943686,75.1675
2025-11-23T22:00:00Z,65.18684931628627,71.2625
2025-11-23T23:00:00Z,64.64640489852447,72.4575
2025-11-24T00:00:00Z,63.87852901783797,70.0625
2025-11-24T01:00:00Z,64.617057604157,72.255
2025-11-24T02:00:00Z,62.170961589108025,73.275
2025-11-24T03:00:00Z,63.894393829086916,73.755
2025-11-24T04:00:00Z,70.7933699612873,80.065
2025-11-24T05:00:00Z,93.63816379341729,90.3075
2025-11-24T06:00:00Z,125.79745444326244,104.3925
2025-11-24T07:00:00Z,137.07902465937582,107.785
2025-11-24T08:00:00Z,130.438831124158,110.26
2025-11-24T09:00:00Z,120.03369566300519,117.4475
2025-11-24T10:00:00Z,121.02061995293374,128.0375
2025-11-24T11:00:00Z,123.48666350823588,134.235
2025-11-24T12:00:00Z,130.20274500769602,149.9925
2025-11-24T13:00:00Z,134.06017782945258,173.5375
2025-11-24T14:00:00Z,137.13603101793387,195.8125
2025-11-24T15:00:00Z,141.41291810969454,225.775
2025-11-24T16:00:00Z,165.46136513121033,263.4825
2025-11-24T17:00:00Z,173.67837832221323,230.5875
2025-11-24T18:00:00Z,156.2914401285418,188.305
2025-11-24T19:00:00Z,141.02431662317937,151.185
2025-11-24T20:00:00Z,133.03175700076724,135.235
2025-11-24T21:00:00Z,123.92884286747245,123.035
2025-11-24T22:00:00Z,108.8261075126731,105.405
2025-11-24T23:00:00Z,100.03333656774245,100.9
2025-11-25T00:00:00Z,97.49492000977955,99.1525
2025-11-25T01:00:00Z,97.12285202246605,97.5875
2025-11-25T02:00:00Z,97.09783645269623,96.0975
2025-11-25T03:00:00Z,105.42351138216877,99.51
2025-11-25T04:00:00Z,118.4543067362677,106.73
2025-11-25T05:00:00Z,118.7431732232397,122.4075
2025-11-25T06:00:00Z,217.54955317879308,291.02
2025-11-25T07:00:00Z,256.44106530185655,333.275
2025-11-25T08:00:00Z,242.852510384791,292.65
2025-11-25T09:00:00Z,231.92209932053782,273.085
2025-11-25T10:00:00Z,240.3877442826537,326.6275
2025-11-25T11:00:00Z,238.85750090300584,351.0
2025-11-25T12:00:00Z,256.36764840642576,317.65250000000003
2025-11-25T13:00:00Z,256.5720073177908,300.0
2025-11-25T14:00:00Z,262.9925847783886,309.995
2025-11-25T15:00:00Z,273.373132962274,325.0825
2025-11-25T16:00:00Z,311.72189055115973,373.3125
2025-11-25T17:00:00Z,254.6552096710335,297.905
2025-11-25T18:00:00Z,250.84338151001018,249.3725
2025-11-25T19:00:00Z,166.5956492771598,172.835
2025-11-25T20:00:00Z,134.94554098906468,135.02
2025-11-25T21:00:00Z,130.05381070354275,119.155
2025-11-25T22:00:00Z,120.2143326383147,102.035
2025-11-25T23:00:00Z,110.37230404521141,92.855
2025-11-26T00:00:00Z,104.69497381157828,89.94999999999999
2025-11-26T01:00:00Z,102.6451883518968,88.325
2025-11-26T02:00:00Z,102.62017278212699,89.435
2025-11-26T03:00:00Z,107.71090364756127,89.80250000000001
2025-11-26T04:00:00Z,124.01089040682088,97.25
2025-11-26T05:00:00Z,143.18788929912878,129.8225
2025-11-26T06:00:00Z,314.6731387837425,191.17
2025-11-26T07:00:00Z,331.90848932008674,237.2225
2025-11-26T08:00:00Z,328.94750591190734,211.8475
2025-11-26T09:00:00Z,275.06602425207757,197.1375
2025-11-26T10:00:00Z,274.6629764496006,170.4975
2025-11-26T11:00:00Z,274.5993772225412,164.6825
2025-11-26T12:00:00Z,273.95093983760376,168.2375
2025-11-26T13:00:00Z,274.603745913412,184.49
2025-11-26T14:00:00Z,324.63889817533425,223.7225
2025-11-26T15:00:00Z,316.994090591804,294.3775
2025-11-26T16:00:00Z,320.8659945568251,294.61
2025-11-26T17:00:00Z,312.3117781515308,228.93
2025-11-26T18:00:00Z,255.81884418337307,183.675
2025-11-26T19:00:00Z,156.3023561471234,141.26
2025-11-26T20:00:00Z,138.5934406500344,114.9475
2025-11-26T21:00:00Z,125.09373754552036,101.9925
2025-11-26T22:00:00Z,103.23137180645216,90.1875
2025-11-26T23:00:00Z,96.3818067312229,89.945
2025-11-27T00:00:00Z,92.10577887099167,84.275
2025-11-27T01:00:00Z,90.54718731201153,79.9475
2025-11-27T02:00:00Z,88.3616461455273,77.3425
2025-11-27T03:00:00Z,87.68047280855312,79.94749999999999
2025-11-27T04:00:00Z,93.68891933070681,82.0775
2025-11-27T05:00:00Z,116.74546386255128,112.22
2025-11-27T06:00:00Z,144.16073608051727,122.0
2025-11-27T07:00:00Z,151.40654086327459,123.105
2025-11-27T08:00:00Z,139.99486135620873,106.9525
2025-11-27T09:00:00Z,123.74286417391018,90.9475
2025-11-27T10:00:00Z,113.431972519041,88.66499999999999
2025-11-27T11:00:00Z,105.76914851909221,87.0625
2025-11-27T12:00:00Z,104.56957529164175,85.75999999999999
2025-11-27T13:00:00Z,116.01494989198616,89.2475
2025-11-27T14:00:00Z,122.92103200584884,90.6
2025-11-27T15:00:00Z,122.49098243434891,90.43
2025-11-27T16:00:00Z,120.1187500770522,97.5075
2025-11-27T17:00:00Z,121.97172865424162,101.3925
2025-11-27T18:00:00Z,112.53640359127102,88.27
2025-11-27T19:00:00Z,90.02592336360327,85.39750000000001
2025-11-27T20:00:00Z,82.11346884367829,80.625
2025-11-27T21:00:00Z,69.8586058352447,85.105
2025-11-27T22:00:00Z,59.51497067168295,69.45750000000001
2025-11-27T23:00:00Z,58.36681160800207,60.84
2025-11-28T00:00:00Z,56.568235406256335,55.0
2025-11-28T01:00:00Z,55.631513284906354,52.93
2025-11-28T02:00:00Z,56.25927558070403,47.8825
2025-11-28T03:00:00Z,57.98947311639253,58.375
2025-11-28T04:00:00Z,65.21714499704356,61.04
2025-11-28T05:00:00Z,93.57250492266988,82.8625
2025-11-28T06:00:00Z,125.92739021124976,87.82
2025-11-28T07:00:00Z,133.62115969729737,100.475
2025-11-28T08:00:00Z,130.14442587723786,103.4
2025-11-28T09:00:00Z,125.18319374105255,97.845
2025-11-28T10:00:00Z,121.51802898960543,102.82
2025-11-28T11:00:00Z,119.50215974845891,98.7125
2025-11-28T12:00:00Z,120.93707341959319,99.45
2025-11-28T13:00:00Z,127.54641426323352,98.79
2025-11-28T14:00:00Z,136.190375141005,104.67
2025-11-28T15:00:00Z,140.96188392103724,103.4
2025-11-28T16:00:00Z,141.1297673901508,96.1575
2025-11-28T17:00:00Z,132.822458762366,98.125
2025-11-28T18:00:00Z,121.48493934412866,93.32
2025-11-28T19:00:00Z,104.48229983252996,88.45750000000001
2025-11-28T20:00:00Z,88.11148630645718,85.41
2025-11-28T21:00:00Z,75.6786359385179,85.545
2025-11-28T22:00:00Z,62.62661607993992,77.83
2025-11-28T23:00:00Z,64.33830608633846,81.72999999999999
2025-11-29T00:00:00Z,55.92487913240161,80.89750000000001
2025-11-29T01:00:00Z,58.05050079136857,81.33500000000001
2025-11-29T02:00:00Z,56.275367605759406,82.5575
2025-11-29T03:00:00Z,61.233302876631186,85.6975
2025-11-29T04:00:00Z,69.14562677901519,89.9975
2025-11-29T05:00:00Z,81.76817730195347,90.8875
2025-11-29T06:00:00Z,94.10143086563598,96.175
2025-11-29T07:00:00Z,98.76403884177577,89.15
2025-11-29T08:00:00Z,97.8005969380157,101.5825
2025-11-29T09:00:00Z,94.96341557496966,101.44
2025-11-29T10:00:00Z,93.42631353863513,95.2625
2025-11-29T11:00:00Z,89.46034413047249,86.0975
2025-11-29T12:00:00Z,90.58385439326209,87.9575
2025-11-29T13:00:00Z,90.43929405174597,91.7275
2025-11-29T14:00:00Z,96.54299322352726,102.7225
2025-11-29T15:00:00Z,102.69985548308384,102.645
2025-11-29T16:00:00Z,111.37529933537023,107.085
2025-11-29T17:00:00Z,106.11238768012518,98.13
2025-11-29T18:00:00Z,93.5449627072147,88.43
2025-11-29T19:00:00Z,80.85307232822304,81.1125
2025-11-29T20:00:00Z,73.26787102141628,80.8
2025-11-29T21:00:00Z,67.57179027814426,83.49000000000001
2025-11-29T22:00:00Z,64.08309094234012,77.72749999999999
2025-11-29T23:00:00Z,58.80508678765065,75.9725
2025-11-30T00:00:00Z,55.824188167920376,69.7825
2025-11-30T01:00:00Z,56.11349017603137,67.4375
2025-11-30T02:00:00Z,51.90033141267907,65.355
2025-11-30T03:00:00Z,50.43793138946945,67.0
2025-11-30T04:00:00Z,48.96253832957429,74.2925
2025-11-30T05:00:00Z,53.34973339978802,75.5775
2025-11-30T06:00:00Z,64.6059511931766,75.975
2025-11-30T07:00:00Z,67.31875445896159,79.84
2025-11-30T08:00:00Z,71.04764201711463,80.65
2025-11-30T09:00:00Z,71.67766410616817,84.4225
2025-11-30T10:00:00Z,68.24806240712901,81.5425
2025-11-30T11:00:00Z,71.12775541638993,80.695
2025-11-30T12:00:00Z,72.84926670517251,82.5175
2025-11-30T13:00:00Z,76.12080103177374,87.5475
2025-11-30T14:00:00Z,88.87300552758389,93.5775
2025-11-30T15:00:00Z,92.2876311915496,92.81
2025-11-30T16:00:00Z,100.51699449777131,104.0475
2025-11-30T17:00:00Z,97.11423238694756,106.2125
2025-11-30T18:00:00Z,89.47175241516778,104.1275
2025-11-30T19:00:00Z,84.30031042244237,97.525
2025-11-30T20:00:00Z,83.20044923686316,92.93
2025-11-30T21:00:00Z,84.3169229222887,92.5975
2025-11-30T22:00:00Z,79.07451279061303,87.1275
2025-11-30T23:00:00Z,71.71249700461841,87.995
2025-12-01T00:00:00Z,68.93069042367404,86.02250000000001
2025-12-01T01:00:00Z,69.31147154561636,81.34
2025-12-01T02:00:00Z,69.05039764249314,85.14
2025-12-01T03:00:00Z,71.88903754674708,80.2575
2025-12-01T04:00:00Z,82.69774962130553,88.745
2025-12-01T05:00:00Z,100.5919285801707,88.625
2025-12-01T06:00:00Z,117.33217116375079,127.86
2025-12-01T07:00:00Z,122.30592247005653,139.3325
2025-12-01T08:00:00Z,110.40637849000221,105.095
2025-12-01T09:00:00Z,107.10206876926621,93.7325
2025-12-01T10:00:00Z,108.82519919009872,85.96
2025-12-01T11:00:00Z,109.6499201186891,85.01750000000001
2025-12-01T12:00:00Z,116.50253821058871,90.07
2025-12-01T13:00:00Z,119.24959893567613,107.2175
2025-12-01T14:00:00Z,125.52593980535957,120.3225
2025-12-01T15:00:00Z,133.45575502705972,112.965
2025-12-01T16:00:00Z,121.63926380802134,94.4125
2025-12-01T17:00:00Z,119.62892142766192,88.9925
2025-12-01T18:00:00Z,112.61943663274978,86.7675
2025-12-01T19:00:00Z,89.57642508764182,82.3
2025-12-01T20:00:00Z,78.99481346673268,75.95
2025-12-01T21:00:00Z,63.171807701648625,76.43
2025-12-01T22:00:00Z,58.063040562077234,71.80250000000001
2025-12-08T23:00:00Z,55.69217883573848,73.69749999999999
2025-12-09T00:00:00Z,52.045818117529485,72.785
2025-12-09T01:00:00Z,53.55354519436111,73.7125
2025-12-09T02:00:00Z,55.77138438077811,74.845
2025-12-09T03:00:00Z,59.14780678025794,73.72
2025-12-09T04:00:00Z,70.25365043588138,80.205
2025-12-09T05:00:00Z,85.51558643268257,98.8475
2025-12-09T06:00:00Z,96.18115390732515,105.79
2025-12-09T07:00:00Z,102.70158200925165,129.75
2025-12-09T08:00:00Z,98.23872906793947,111.335
2025-12-09T09:00:00Z,86.78619131376823,103.06
2025-12-09T10:00:00Z,83.92009128866209,103.34
2025-12-09T11:00:00Z,82.78026926023213,97.83
2025-12-09T12:00:00Z,85.24609988262786,101.1
2025-12-09T13:00:00Z,97.29757053199934,100.22
2025-12-09T14:00:00Z,127.00584216665763,110.885
2025-12-09T15:00:00Z,125.5603641387055,108.3
2025-12-09T16:00:00Z,124.64629253753024,104.5675
2025-12-09T17:00:00Z,118.13519540594581,96.91
2025-12-09T18:00:00Z,106.07748070636323,85.1025
2025-12-09T19:00:00Z,87.57781471811926,83.67
2025-12-09T20:00:00Z,66.91522300208054,79.35499999999999
2025-12-09T21:00:00Z,59.62774566809194,73.3325
2025-12-09T22:00:00Z,49.387937853330186,55.42
2025-12-09T23:00:00Z,51.89286075728464,43.9
2025-12-10T00:00:00Z,46.154631432955306,36.48
2025-12-10T01:00:00Z,45.82523177817291,31.0
2025-12-10T02:00:00Z,45.97678498626224,35.1125
2025-12-10T03:00:00Z,54.15403300053458,48.09
2025-12-10T04:00:00Z,55.90747832343915,69.65
2025-12-10T05:00:00Z,88.48701214412922,79.12
2025-12-10T06:00:00Z,116.53726955298264,87.505
2025-12-10T07:00:00Z,134.96274077759406,94.3325
2025-12-10T08:00:00Z,126.69868748846918,94.225
2025-12-10T09:00:00Z,115.45579888388505,87.72749999999999
2025-12-10T10:00:00Z,113.93425330366827,80.9975
2025-12-10T11:00:00Z,113.12133163479326,79.5
2025-12-10T12:00:00Z,115.18345437350143,81.4425
2025-12-10T13:00:00Z,120.15662306164612,90.2225
2025-12-10T14:00:00Z,133.79394141753946,100.665
2025-12-10T15:00:00Z,137.20504092246753,104.0025
2025-12-10T16:00:00Z,137.66334511669146,105.6725
2025-12-10T17:00:00Z,129.34392328664256,104.695
2025-12-10T18:00:00Z,116.94798730402698,96.7725
2025-12-10T19:00:00Z,100.74356417592409,87.75
2025-12-10T20:00:00Z,91.7209272745865,86.31
2025-12-10T21:00:00Z,80.29830247639694,82.485
2025-12-10T22:00:00Z,67.50360157292823,76.425
2025-12-10T23:00:00Z,61.54467453067597,73.975
2025-12-11T00:00:00Z,58.16011318088378,73.41749999999999
2025-12-11T01:00:00Z,56.18095448068365,72.515
2025-12-11T02:00:00Z,58.24042813285671,75.2075
2025-12-11T03:00:00Z,61.34986946507403,76.9125
2025-12-11T04:00:00Z,69.96528090312755,80.5925
2025-12-11T05:00:00Z,97.94319910141051,90.09
2025-12-11T06:00:00Z,116.0957063321376,98.11
2025-12-11T07:00:00Z,138.8859421563879,110.3575
2025-12-11T08:00:00Z,135.20466032203046,106.1675
2025-12-11T09:00:00Z,111.12465989025179,93.18
2025-12-11T10:00:00Z,109.72176724418613,91.9175
2025-12-11T11:00:00Z,107.87705551399769,89.4
2025-12-11T12:00:00Z,109.30910651880438,90.22
2025-12-11T13:00:00Z,118.57402822779257,97.7875
2025-12-11T14:00:00Z,128.03322624951093,111.265
2025-12-11T15:00:00Z,128.23349118831592,114.7
2025-12-11T16:00:00Z,133.8124442249599,115.405
2025-12-11T17:00:00Z,134.8320232757549,112.5675
2025-12-11T18:00:00Z,128.78702523700562,107.79
2025-12-11T19:00:00Z,115.34940506413409,103.6425
2025-12-11T20:00:00Z,101.7172685787163,94.3925
2025-12-11T21:00:00Z,103.70565646860712,93.585
2025-12-11T22:00:00Z,90.17496013900008,93.735
2025-12-11T23:00:00Z,84.71083998309754,83.78
2025-12-12T00:00:00Z,83.3747822797775,86.22
2025-12-12T01:00:00Z,83.7137490179532,87.9
2025-12-12T02:00:00Z,83.54847513074586,90.1825
2025-12-12T03:00:00Z,86.99434091275442,90.7075
2025-12-12T04:00:00Z,99.59530774744383,92.2125
2025-12-12T05:00:00Z,129.3883632788955,101.2275
2025-12-12T06:00:00Z,143.22039680345807,121.325
2025-12-12T07:00:00Z,151.31053254415892,130.8525
2025-12-12T08:00:00Z,146.58739371635676,126.9025
2025-12-12T09:00:00Z,141.15357431698894,121.955
2025-12-12T10:00:00Z,140.47889798973804,118.305
2025-12-12T11:00:00Z,141.7711377962179,113.0675
2025-12-12T12:00:00Z,137.13406789458685,118.26
2025-12-12T13:00:00Z,140.6119585411207,126.8225
2025-12-12T14:00:00Z,162.62845436864671,131.9475
2025-12-12T15:00:00Z,180.6685339432177,145.4875
2025-12-12T16:00:00Z,177.58054514849783,146.825
2025-12-12T17:00:00Z,180.09967186552774,133.1
2025-12-12T18:00:00Z,155.78276355214365,128.0575
2025-12-12T19:00:00Z,128.58010929882425,117.0025
2025-12-12T20:00:00Z,121.28802007884225,114.93
2025-12-12T21:00:00Z,106.29614957743637,103.82
2025-12-12T22:00:00Z,96.6888283094219,91.7525
2025-12-12T23:00:00Z,87.93703479970303,92.2825
2025-12-13T00:00:00Z,85.07368749893341,90.5025
2025-12-13T01:00:00Z,83.2042055332324,87.39
2025-12-13T02:00:00Z,80.9059515755929,87.0425
2025-12-13T03:00:00Z,80.39250256116968,85.0
2025-12-13T04:00:00Z,87.83330395786228,84.66749999999999
2025-12-13T05:00:00Z,95.764963332696,79.1425
2025-12-13T06:00:00Z,108.69109326273163,81.135
2025-12-13T07:00:00Z,113.6549846481188,95.9525
2025-12-13T08:00:00Z,113.49827604860033,106.77
2025-12-13T09:00:00Z,111.3104037191493,102.585
2025-12-13T10:00:00Z,107.20847476750352,98.0925
2025-12-13T11:00:00Z,104.69092784722339,93.7575
2025-12-13T12:00:00Z,107.29114100833229,92.935
2025-12-13T13:00:00Z,111.82910473586885,95.7575
2025-12-13T14:00:00Z,115.65266345435577,114.6575
2025-12-13T15:00:00Z,131.26734423557116,119.7075
2025-12-13T16:00:00Z,137.622318889047,118.4475
2025-12-13T17:00:00Z,125.39666897184775,112.255
2025-12-13T18:00:00Z,118.9105347506836,103.63
2025-12-13T19:00:00Z,107.0617525323316,91.7075
2025-12-13T20:00:00Z,101.40188061771667,90.5575
2025-12-13T21:00:00Z,95.05271085705003,93.685
2025-12-13T22:00:00Z,82.1221892829338,84.3875
2025-12-13T23:00:00Z,80.28603345363742,91.195
2025-12-14T00:00:00Z,76.37441900066288,90.5225
2025-12-14T01:00:00Z,74.45810613816103,81.9
2025-12-14T02:00:00Z,71.61604114352427,79.95
2025-12-14T03:00:00Z,70.13900398143271,77.305
2025-12-14T04:00:00Z,65.78403490731841,78.7625
2025-12-14T05:00:00Z,65.95335965605001,77.175
2025-12-14T06:00:00Z,69.38951432749529,77.4725
2025-12-14T07:00:00Z,75.4420539599729,81.76
2025-12-14T08:00:00Z,79.3025714354372,82.345
2025-12-14T09:00:00Z,76.76313092892761,80.005
2025-12-14T10:00:00Z,73.58511200153261,84.0775
2025-12-14T11:00:00Z,74.61536577900438,87.27250000000001
2025-12-14T12:00:00Z,75.38034271649633,86.95750000000001
2025-12-14T13:00:00Z,78.74630621781854,88.65
2025-12-14T14:00:00Z,91.78785905143566,92.0975
2025-12-14T15:00:00Z,103.62489183575896,99.2825
2025-12-14T16:00:00Z,104.96366421487453,102.785
2025-12-14T17:00:00Z,95.71871894619083,103.2925
2025-12-14T18:00:00Z,91.66237390081682,92.99
2025-12-14T19:00:00Z,77.63980341849516,90.3975
2025-12-14T20:00:00Z,73.05410754081468,84.4025
2025-12-14T21:00:00Z,68.88102924681935,82.65
2025-12-14T22:00:00Z,59.88565389854152,75.75
2025-12-14T23:00:00Z,57.45109917578187,72.5
2025-12-15T00:00:00Z,51.39408086924411,71.8775
2025-12-15T01:00:00Z,48.49769154482597,71.0375
2025-12-15T02:00:00Z,48.39594877879591,70.6675
2025-12-15T03:00:00Z,59.312252850183974,75.28
2025-12-15T04:00:00Z,67.11745315760996,76.8025
2025-12-15T05:00:00Z,86.24934247845597,86.525
2025-12-15T06:00:00Z,95.26638030655937,98.79
2025-12-15T07:00:00Z,108.91100255972097,101.1275
2025-12-15T08:00:00Z,93.30357736675937,96.65
2025-12-15T09:00:00Z,84.93207371701482,89.61500000000001
2025-12-15T10:00:00Z,82.66103884372369,79.7225
2025-12-15T11:00:00Z,82.93816510917382,79.77
2025-12-15T12:00:00Z,83.98815155963662,88.26
2025-12-15T13:00:00Z,90.26180388989111,95.4375
2025-12-15T14:00:00Z,106.5279062684097,107.3
2025-12-15T15:00:00Z,106.83799229550516,108.655
2025-12-15T16:00:00Z,113.57818616754321,104.2125
2025-12-15T17:00:00Z,108.9043312491657,98.1575
2025-12-15T18:00:00Z,98.11854441392231,90.4175
2025-12-15T19:00:00Z,86.7023549555021,84.25
2025-12-15T20:00:00Z,78.6663564748866,85.17
2025-12-15T21:00:00Z,77.94255981155388,84.9775
2025-12-15T22:00:00Z,70.01376208575476,80.4625
2025-12-15T23:00:00Z,70.52010198986922,80.67
2025-12-16T00:00:00Z,67.16123536190534,79.05250000000001
2025-12-16T01:00:00Z,68.45594000952828,77.0975
2025-12-16T02:00:00Z,68.41391583392058,79.0525
2025-12-16T03:00:00Z,72.88052731371525,80.3875
2025-12-16T04:00:00Z,81.8160749622169,82.3125
2025-12-16T05:00:00Z,95.023918116493,88.4
2025-12-16T06:00:00Z,111.931438146202,91.385
2025-12-16T07:00:00Z,135.4749973537026,100.4675
2025-12-16T08:00:00Z,116.59070721765066,101.265
2025-12-16T09:00:00Z,103.0426735697418,92.345
2025-12-16T10:00:00Z,97.92694961785847,90.6075
2025-12-16T11:00:00Z,96.68948612500581,91.5125
2025-12-16T12:00:00Z,108.97156108918544,99.885
2025-12-16T13:00:00Z,123.95850380342301,124.3975
2025-12-16T14:00:00Z,127.74044840423076,139.3775
2025-12-16T15:00:00Z,142.3962580057198,155.3125
2025-12-16T16:00:00Z,137.82524261355826,162.20499999999998
2025-12-16T17:00:00Z,133.49565768738276,142.25
2025-12-16T18:00:00Z,125.60618878243453,137.0975
2025-12-16T19:00:00Z,121.090024809713,128.85
2025-12-16T20:00:00Z,119.86540935642131,118.9425
2025-12-16T21:00:00Z,114.45749391379171,115.575
2025-12-16T22:00:00Z,98.04836662314027,103.42
2025-12-16T23:00:00Z,84.4255717754262,89.0025
2025-12-17T00:00:00Z,83.86855289859837,89.79
2025-12-17T01:00:00Z,83.65084671256805,86.4925
2025-12-17T02:00:00Z,83.70327901139102,85.025
2025-12-17T03:00:00Z,85.41397076464266,88.0775
2025-12-17T04:00:00Z,87.78413471425532,90.4975
2025-12-17T05:00:00Z,111.79652244120948,95.4875
2025-12-17T06:00:00Z,120.26111800311016,108.825
2025-12-17T07:00:00Z,127.82586862495354,133.46
2025-12-17T08:00:00Z,122.60964555289894,126.295
2025-12-17T09:00:00Z,108.03572081455874,124.535
2025-12-17T10:00:00Z,106.29041321594414,118.15
2025-12-17T11:00:00Z,104.91238868112924,111.895
2025-12-17T12:00:00Z,114.47854357983005,122.6575
2025-12-17T13:00:00Z,133.66576454139982,129.97
2025-12-17T14:00:00Z,143.78742442222307,127.5025
2025-12-17T15:00:00Z,148.5867661388315,126.4975
2025-12-17T16:00:00Z,154.71170179588,122.825
2025-12-17T17:00:00Z,145.34597532508232,111.4
2025-12-17T18:00:00Z,143.75688221827568,97.505
2025-12-17T19:00:00Z,114.85475528317505,94.71
2025-12-17T20:00:00Z,105.34138313069874,94.7025
2025-12-17T21:00:00Z,99.48491910075025,93.2175
2025-12-17T22:00:00Z,77.63333930109692,85.0
2025-12-17T23:00:00Z,67.65557545945998,77.755
2025-12-18T00:00:00Z,58.068132186225654,69.065
2025-12-18T01:00:00Z,56.52765138600766,60.1275
2025-12-18T02:00:00Z,52.570157235306915,48.89
2025-12-18T03:00:00Z,52.425836769119705,44.8175
2025-12-18T04:00:00Z,51.8835003143179,50.8275
2025-12-18T05:00:00Z,62.06916976886578,63.24250000000001
2025-12-18T06:00:00Z,75.74041132249351,81.525
2025-12-18T07:00:00Z,89.50801737854897,90.7425
2025-12-18T08:00:00Z,79.8869824678273,88.5575
2025-12-18T09:00:00Z,62.75309024539573,78.2825
2025-12-18T10:00:00Z,61.81709373309899,78.2875
2025-12-18T11:00:00Z,61.637791171678664,77.4225
2025-12-18T12:00:00Z,66.27196976114209,79.47749999999999
2025-12-18T13:00:00Z,79.69213102204881,103.755
2025-12-18T14:00:00Z,98.67516145379722,114.4925
2025-12-18T15:00:00Z,106.22520638706041,110.8825
2025-12-18T16:00:00Z,99.62231811943073,103.4175
2025-12-18T17:00:00Z,87.7109116335868,88.255
2025-12-18T18:00:00Z,75.89812740083914,80.14
2025-12-18T19:00:00Z,57.23334588193952,67.6825
2025-12-18T20:00:00Z,53.154275016120714,53.255
2025-12-18T21:00:00Z,42.625038764961516,51.8
2025-12-18T22:00:00Z,33.6399247570608,18.6525
2025-12-18T23:00:00Z,25.581323947422224,9.84
2025-12-19T00:00:00Z,18.59502199093993,5.8575
2025-12-19T01:00:00Z,17.42796156226511,4.33
2025-12-19T02:00:00Z,14.311331569808319,3.515
2025-12-19T03:00:00Z,19.7154083656611,4.115
2025-12-19T04:00:00Z,36.206517439019485,10.775
2025-12-19T05:00:00Z,57.461058826928614,40.28
2025-12-19T06:00:00Z,81.74879527224466,76.7125
2025-12-19T07:00:00Z,96.57422006085704,89.5425
2025-12-19T08:00:00Z,94.2660759885834,89.38499999999999
2025-12-19T09:00:00Z,91.63129407357171,89.23
2025-12-19T10:00:00Z,92.63314420161878,87.49000000000001
2025-12-19T11:00:00Z,92.46626352115196,84.57249999999999
2025-12-19T12:00:00Z,98.04216777994829,87.625
2025-12-19T13:00:00Z,109.56556117407526,93.3475
2025-12-19T14:00:00Z,122.2604994478326,97.4025
2025-12-19T15:00:00Z,130.40056906152603,100.3325
2025-12-19T16:00:00Z,130.1047903922881,106.905
2025-12-19T17:00:00Z,128.46279435002265,107.48
2025-12-19T18:00:00Z,114.80558687066282,105.1225
2025-12-19T19:00:00Z,103.19259327362282,102.91
2025-12-19T20:00:00Z,101.61307937324882,98.4625
2025-12-19T21:00:00Z,93.47184869406824,96.2775
2025-12-19T22:00:00Z,81.36833805956103,90.18
2025-12-19T23:00:00Z,81.94872888863317,84.8125
2025-12-20T00:00:00Z,77.91242652387795,83.4
2025-12-20T01:00:00Z,78.48325256818961,85.0025
2025-12-20T02:00:00Z,80.98501856782352,87.4875
2025-12-20T03:00:00Z,80.33854214237302,88.46000000000001
2025-12-20T04:00:00Z,84.96874373208536,89.915
2025-12-20T05:00:00Z,86.11651049527494,95.975
2025-12-20T06:00:00Z,93.15296011906982,104.0
2025-12-20T07:00:00Z,103.77856744366926,113.2075
2025-12-20T08:00:00Z,106.5017763727207,114.8
2025-12-20T09:00:00Z,99.90514560116561,112.6675
2025-12-20T10:00:00Z,98.63721964504529,110.9875
2025-12-20T11:00:00Z,96.55570534359975,110.2675
2025-12-20T12:00:00Z,96.36020353065699,114.9825
2025-12-20T13:00:00Z,98.68740804809066,119.4825
2025-12-20T14:00:00Z,119.77157046774869,120.6375
2025-12-20T15:00:00Z,125.73467361694595,120.205
2025-12-20T16:00:00Z,129.32125546099235,122.3925
2025-12-20T17:00:00Z,119.33191568540794,118.265
2025-12-20T18:00:00Z,109.84150604401142,104.11
2025-12-20T19:00:00Z,99.34291845434475,96.3825
2025-12-20T20:00:00Z,93.22574729145349,93.01
2025-12-20T21:00:00Z,91.47816459652361,92.245
2025-12-20T22:00:00Z,83.97429830338389,90.6725
2025-12-20T23:00:00Z,85.06431206454353,95.7
2025-12-21T00:00:00Z,79.40361046829683,90.045
2025-12-21T01:00:00Z,78.82900659994623,86.485
2025-12-21T02:00:00Z,78.8304646931813,85.39500000000001
2025-12-21T03:00:00Z,76.17157027332931,85.6275
2025-12-21T04:00:00Z,78.12847418346426,86.825
2025-12-21T05:00:00Z,83.84519055987009,88.14
2025-12-21T06:00:00Z,91.07117819338103,92.8525
2025-12-21T07:00:00Z,95.13375814564472,102.1475
2025-12-21T08:00:00Z,94.5652148615407,107.01
2025-12-21T09:00:00Z,94.91496722345939,102.5825
2025-12-21T10:00:00Z,88.41712810829405,101.3
2025-12-21T11:00:00Z,85.5306538470245,98.4825
2025-12-21T12:00:00Z,88.64028845552834,94.8675
2025-12-21T13:00:00Z,96.98177734247508,98.8925
2025-12-21T14:00:00Z,101.17591366766032,100.87
2025-12-21T15:00:00Z,101.82948376419185,97.515
2025-12-21T16:00:00Z,103.25374937097128,97.0675
2025-12-21T17:00:00Z,94.58874326559454,90.795
2025-12-21T18:00:00Z,81.48966335758038,86.14
2025-12-21T19:00:00Z,73.91028057124313,81.655
2025-12-21T20:00:00Z,66.55861272038368,78.8625
2025-12-21T21:00:00Z,64.13791741432863,77.495
2025-12-21T22:00:00Z,62.32156764189059,70.905
2025-12-21T23:00:00Z,60.82273919180786,70.22749999999999
2025-12-22T00:00:00Z,57.051616774611574,68.8275
2025-12-22T01:00:00Z,56.52889332286858,67.785
2025-12-22T02:00:00Z,57.59709463661021,66.31
2025-12-22T03:00:00Z,59.146807589627805,71.5175
2025-12-22T04:00:00Z,61.59864174155465,74.1125
2025-12-22T05:00:00Z,81.14901105316751,78.1875
2025-12-22T06:00:00Z,93.40592871680795,90.4475
2025-12-22T07:00:00Z,103.56693389716189,93.3425
2025-12-22T08:00:00Z,102.6378098061207,90.7925
2025-12-22T09:00:00Z,95.45331272420341,89.2475
2025-12-22T10:00:00Z,94.80570326868096,85.0
2025-12-22T11:00:00Z,92.68093195003772,86.34
2025-12-22T12:00:00Z,93.13120733476919,88.615
2025-12-22T13:00:00Z,92.0743915407689,92.1225
2025-12-22T14:00:00Z,103.86265982808534,99.5375
2025-12-22T15:00:00Z,106.2736481318412,101.18
2025-12-22T16:00:00Z,104.4633685272189,107.8925
2025-12-22T17:00:00Z,95.09517269476463,100.9
2025-12-22T18:00:00Z,93.05742353315361,93.79
2025-12-22T19:00:00Z,85.41399822038551,89.47749999999999
2025-12-22T20:00:00Z,80.29884016105598,84.86
2025-12-22T21:00:00Z,76.5965626890165,84.8225
2025-12-22T22:00:00Z,71.07066966722986,77.9675
2025-12-22T23:00:00Z,65.73986901272885,72.2325
2025-12-23T00:00:00Z,65.90173946973137,65.0325
2025-12-23T01:00:00Z,63.19642685505716,62.005
2025-12-23T02:00:00Z,63.03115296784981,59.06
2025-12-23T03:00:00Z,65.41162590683858,58.1125
2025-12-23T04:00:00Z,67.64407156972433,59.0225
2025-12-23T05:00:00Z,72.21511802987328,67.8475
2025-12-23T06:00:00Z,81.84783419912655,78.0175
2025-12-23T07:00:00Z,90.57835975338459,83.875
2025-12-23T08:00:00Z,83.48105685054146,85.465
2025-12-23T09:00:00Z,78.93351872519716,83.8375
2025-12-23T10:00:00Z,76.7613176707179,81.86749999999999
2025-12-23T11:00:00Z,73.92775072563641,80.485
2025-12-23T12:00:00Z,74.84589773536652,79.2125
2025-12-23T13:00:00Z,81.10688547346078,79.215
2025-12-23T14:00:00Z,88.9711469738396,81.8275
2025-12-23T15:00:00Z,89.86121151353711,83.6875
2025-12-23T16:00:00Z,93.4386091188052,82.4675
2025-12-23T17:00:00Z,88.15483250060426,83.945
2025-12-23T18:00:00Z,83.54211464450887,82.465
2025-12-23T19:00:00Z,69.88777949826274,78.005
2025-12-23T20:00:00Z,68.11794823278207,69.93
2025-12-23T21:00:00Z,70.29018550350156,71.83500000000001
2025-12-23T22:00:00Z,69.72350233651558,64.0925
2025-12-23T23:00:00Z,59.51811102656123,60.2475
2025-12-24T00:00:00Z,59.830231519084855,55.8625
2025-12-24T01:00:00Z,59.15936503990313,56.8
2025-12-24T02:00:00Z,59.82511107169899,55.84
2025-12-24T03:00:00Z,59.82511107169899,55.8475
2025-12-24T04:00:00Z,59.8617252528251,55.85
2025-12-24T05:00:00Z,64.68890476310693,57.215
2025-12-24T06:00:00Z,68.21843164541679,67.44500000000001
2025-12-24T07:00:00Z,70.13416639409124,81.0
2025-12-24T08:00:00Z,70.32259906520271,82.47
2025-12-24T09:00:00Z,70.35433470101744,76.02250000000001
2025-12-24T10:00:00Z,71.23308307130323,69.2875
2025-12-24T11:00:00Z,70.93642530558324,68.5125
2025-12-24T12:00:00Z,69.0651161020416,67.9875
2025-12-24T13:00:00Z,70.93642530558324,73.7575
2025-12-24T14:00:00Z,69.93991329069482,83.0525
2025-12-24T15:00:00Z,69.42763906709813,87.9
2025-12-24T16:00:00Z,71.15192767363622,89.1325
2025-12-24T17:00:00Z,71.77092225816904,78.9075
2025-12-24T18:00:00Z,72.72886122470894,71.77250000000001
2025-12-24T19:00:00Z,70.33648194859985,68.1575
2025-12-24T20:00:00Z,70.9451387786316,67.9875
2025-12-24T21:00:00Z,69.06063255180356,69.0075
2025-12-24T22:00:00Z,63.82880341793816,65.1625
2025-12-24T23:00:00Z,57.82419972740007,63.22
2025-12-25T00:00:00Z,46.01677522196555,58.4425
2025-12-25T01:00:00Z,44.70907630956764,56.8575
2025-12-25T02:00:00Z,47.94842798748602,55.845
2025-12-25T03:00:00Z,51.047810743299756,54.53
2025-12-25T04:00:00Z,51.047810743299756,52.605
2025-12-25T05:00:00Z,53.64306956705324,49.165
2025-12-25T06:00:00Z,60.25565889291989,54.0275
2025-12-25T07:00:00Z,66.15195365739788,64.205
2025-12-25T08:00:00Z,66.57302343971988,64.7075
2025-12-25T09:00:00Z,54.19406842349843,53.765
2025-12-25T10:00:00Z,45.57659971158656,48.9825
2025-12-25T11:00:00Z,42.449892944888155,48.4875
2025-12-25T12:00:00Z,56.4765890428722,47.865
2025-12-25T13:00:00Z,65.00245475163736,68.5475
2025-12-25T14:00:00Z,69.18399919772766,89.41499999999999
2025-12-25T15:00:00Z,80.42026851107039,92.235
2025-12-25T16:00:00Z,82.1782178270362,94.005
2025-12-25T17:00:00Z,75.394771298596,94.055
2025-12-25T18:00:00Z,76.42233018355171,91.715
2025-12-25T19:00:00Z,73.50256368338914,91.0325
2025-12-25T20:00:00Z,73.5007940513453,92.7
2025-12-25T21:00:00Z,73.14235645218015,96.1525
2025-12-25T22:00:00Z,73.95083757015932,91.47
2025-12-25T23:00:00Z,74.88789219953348,97.1
2025-12-26T00:00:00Z,72.84356821728615,91.0525
2025-12-26T01:00:00Z,71.85694490600928,85.8175
2025-12-26T02:00:00Z,71.85694490600928,83.05250000000001
2025-12-26T03:00:00Z,72.62872564817609,82.3925
2025-12-26T04:00:00Z,74.56209101143783,82.83500000000001
2025-12-26T05:00:00Z,73.52146463849185,85.02
2025-12-26T06:00:00Z,80.61187955028694,93.115
2025-12-26T07:00:00Z,80.64358045653799,98.9
2025-12-26T08:00:00Z,78.17131763389838,96.73
2025-12-26T09:00:00Z,69.88167014614933,89.25
2025-12-26T10:00:00Z,68.2733214209217,84.9925
2025-12-26T11:00:00Z,68.91401527110808,82.3125
2025-12-26T12:00:00Z,71.9190537989129,83.0975
2025-12-26T13:00:00Z,80.00415724419162,92.7
2025-12-26T14:00:00Z,90.80787186844644,109.1425
2025-12-26T15:00:00Z,98.9378007936396,116.7725
2025-12-26T16:00:00Z,113.70433846544472,120.47
2025-12-26T17:00:00Z,116.26522493359735,116.9725
2025-12-26T18:00:00Z,110.24260857310023,116.2625
2025-12-26T19:00:00Z,104.90187318560578,113.725
2025-12-26T20:00:00Z,97.95632063395057,111.5
2025-12-26T21:00:00Z,93.72389050390692,108.255
2025-12-26T22:00:00Z,91.79716172052896,99.3675
2025-12-26T23:00:00Z,94.73100236507393,96.69
2025-12-27T00:00:00Z,89.00649487591456,91.725
2025-12-27T01:00:00Z,83.44437521000367,84.7075
2025-12-27T02:00:00Z,83.62491461817929,82.7175
2025-12-27T03:00:00Z,81.2857491767263,83.9975
2025-12-27T04:00:00Z,81.72948731858166,83.17
2025-12-27T05:00:00Z,82.9617516749327,88.015
2025-12-27T06:00:00Z,90.2212879426156,99.505
2025-12-27T07:00:00Z,98.59584081515057,102.32
2025-12-27T08:00:00Z,88.96765479291301,93.81
2025-12-27T09:00:00Z,81.26784027869535,80.0325
2025-12-27T10:00:00Z,62.459409423648154,75.395
2025-12-27T11:00:00Z,59.36815817952386,74.54
2025-12-27T12:00:00Z,60.829234687270954,76.7375
2025-12-27T13:00:00Z,66.09567592380773,81.19999999999999
2025-12-27T14:00:00Z,81.0277841664352,94.5425
2025-12-27T15:00:00Z,90.74631687223379,103.0075
2025-12-27T16:00:00Z,95.22696338526626,105.925
2025-12-27T17:00:00Z,103.8148270873448,108.4275
2025-12-27T18:00:00Z,95.20427452905639,105.0
2025-12-27T19:00:00Z,83.81083647670627,102.5875
2025-12-27T20:00:00Z,85.65591293857038,93.895
2025-12-27T21:00:00Z,85.49704072748547,95.4175
2025-12-27T22:00:00Z,83.11397362146988,91.295
2025-12-27T23:00:00Z,80.24616948694946,84.33500000000001
2025-12-28T00:00:00Z,78.7316835731384,83.37
2025-12-28T01:00:00Z,76.51722099301566,79.96000000000001
2025-12-28T02:00:00Z,79.26894656441412,78.8175
2025-12-28T03:00:00Z,79.70610822113538,80.4475
2025-12-28T04:00:00Z,83.10876170532624,83.61
2025-12-28T05:00:00Z,87.74694198176356,86.47749999999999
2025-12-28T06:00:00Z,94.40251970967147,92.15
2025-12-28T07:00:00Z,104.25688161200692,97.3625
2025-12-28T08:00:00Z,103.16643071480425,96.565
2025-12-28T09:00:00Z,89.56633875267381,88.2125
2025-12-28T10:00:00Z,84.86560175460002,88.3675
2025-12-28T11:00:00Z,81.64084285962656,80.0225
2025-12-28T12:00:00Z,81.88236249280659,80.025
2025-12-28T13:00:00Z,87.17005645273927,86.6775
2025-12-28T14:00:00Z,97.19282897436804,100.87
2025-12-28T15:00:00Z,99.51190193261675,110.8825
2025-12-28T16:00:00Z,104.80353430260152,113.7025
2025-12-28T17:00:00Z,105.99411115158946,114.455
2025-12-28T18:00:00Z,103.8705944126016,109.3325
2025-12-28T19:00:00Z,98.16371508869743,105.01
2025-12-28T20:00:00Z,84.052028022853,99.0275
2025-12-28T21:00:00Z,80.52180956977523,98.2825
2025-12-28T22:00:00Z,76.27367724067022,88.44
2025-12-28T23:00:00Z,67.59927008823115,89.88
2025-12-29T00:00:00Z,62.65693220804475,84.98249999999999
2025-12-29T01:00:00Z,59.25326671561048,84.1825
2025-12-29T02:00:00Z,60.06431987067164,82.19
2025-12-29T03:00:00Z,62.81554951973726,83.6225
2025-12-29T04:00:00Z,70.85418437864494,90.7925
2025-12-29T05:00:00Z,88.25874526135836,96.3325
2025-12-29T06:00:00Z,100.07518993270827,104.7175
2025-12-29T07:00:00Z,104.34637127477649,113.8775
2025-12-29T08:00:00Z,98.41386176289399,111.01
2025-12-29T09:00:00Z,88.25872267428053,97.645
2025-12-29T10:00:00Z,87.16685876403608,90.345
2025-12-29T11:00:00Z,81.95495370757317,87.6575
2025-12-29T12:00:00Z,80.84973744560799,88.52250000000001
2025-12-29T13:00:00Z,84.44038190407805,96.1025
2025-12-29T14:00:00Z,92.67383296994684,103.5075
2025-12-29T15:00:00Z,100.45836520892595,108.655
2025-12-29T16:00:00Z,107.2349756430415,107.0075
2025-12-29T17:00:00Z,104.82609700989795,103.3075
2025-12-29T18:00:00Z,97.26148799502047,95.1475
2025-12-29T19:00:00Z,93.71387737041672,90.3725
2025-12-29T20:00:00Z,81.97244707804956,83.245
2025-12-29T21:00:00Z,81.61295640521797,87.91499999999999
2025-12-29T22:00:00Z,75.34409987819703,83.3425
2025-12-29T23:00:00Z,70.4457528544155,77.8625
2025-12-30T00:00:00Z,63.883552865983276,73.215
2025-12-30T01:00:00Z,64.67531072666326,71.855
2025-12-30T02:00:00Z,64.5100368394559,69.3575
2025-12-30T03:00:00Z,64.41041467993098,68.5375
2025-12-30T04:00:00Z,71.10286673067249,71.99
2025-12-30T05:00:00Z,78.73780712314657,80.02
2025-12-30T06:00:00Z,98.1536577369465,87.97
2025-12-30T07:00:00Z,107.71921802321799,94.8775
2025-12-30T08:00:00Z,97.01812117341771,94.3925
2025-12-30T09:00:00Z,84.89650712402575,85.82
2025-12-30T10:00:00Z,82.5398128185324,79.38
2025-12-30T11:00:00Z,79.40382517359406,76.155
2025-12-30T12:00:00Z,80.57451507985024,76.7575
2025-12-30T13:00:00Z,89.80363847348467,88.9675
2025-12-30T14:00:00Z,99.95755324622733,102.325
2025-12-30T15:00:00Z,105.26951981655267,109.1
2025-12-30T16:00:00Z,107.87679726915432,110.715
2025-12-30T17:00:00Z,104.96078827882233,109.12
2025-12-30T18:00:00Z,104.11079486172547,105.6075
2025-12-30T19:00:00Z,99.49678630277552,101.04
2025-12-30T20:00:00Z,93.50270922092345,93.3225
2025-12-30T21:00:00Z,90.10701686413891,92.045
2025-12-30T22:00:00Z,84.58143428726083,85.8075
2025-12-30T23:00:00Z,74.90442386402906,88.0825
2025-12-31T00:00:00Z,69.36176786436214,84.3375
2025-12-31T01:00:00Z,65.96597047365859,80.2125
2025-12-31T02:00:00Z,64.13897891626648,76.58
2025-12-31T03:00:00Z,64.69818313231684,74.9325
2025-12-31T04:00:00Z,65.064890334667,77.3775
2025-12-31T05:00:00Z,64.31276167807756,81.86749999999999
2025-12-31T06:00:00Z,70.83421318157914,85.2825
2025-12-31T07:00:00Z,77.30727970636974,95.7925
2025-12-31T08:00:00Z,74.7506579213054,95.335
2025-12-31T09:00:00Z,69.0336351997911,89.26249999999999
2025-12-31T10:00:00Z,65.11057661915808,83.48
2025-12-31T11:00:00Z,64.9274467722189,83.0475
2025-12-31T12:00:00Z,61.16495744300976,85.17
2025-12-31T13:00:00Z,66.55457754715097,85.17750000000001
2025-12-31T14:00:00Z,78.26869376837354,90.8325
2025-12-31T15:00:00Z,83.45232532433533,100.705
2025-12-31T16:00:00Z,86.96713824581066,110.1
2025-12-31T17:00:00Z,84.20166337436231,107.5275
2025-12-31T18:00:00Z,82.94224479161151,95.99
2025-12-31T19:00:00Z,77.40804174813063,86.8025
2025-12-31T20:00:00Z,64.88378282710248,79.7975
2025-12-31T21:00:00Z,61.299131995898435,81.39
2025-12-31T22:00:00Z,52.51287135742812,76.4475
2025-12-31T23:00:00Z,34.5407961700515,58.2775
2026-01-19T23:00:00Z,108.56079736560666,115.06
2026-01-20T00:00:00Z,107.22268693480784,114.335
2026-01-20T01:00:00Z,105.58564250387805,110.355
2026-01-20T02:00:00Z,105.4203686166707,109.8675
2026-01-20T03:00:00Z,110.91605720737667,113.1725
2026-01-20T04:00:00Z,119.39756737787536,125.28
2026-01-20T05:00:00Z,145.09669551669822,190.105
2026-01-20T06:00:00Z,194.96047865220172,240.8775
2026-01-20T07:00:00Z,189.5876046237913,262.785
2026-01-20T08:00:00Z,160.09483425446828,179.535
2026-01-20T09:00:00Z,137.22702349337507,132.17
2026-01-20T10:00:00Z,118.85170527640351,107.9525
2026-01-20T11:00:00Z,114.96299113132304,103.6225
2026-01-20T12:00:00Z,124.45476215460315,105.755
2026-01-20T13:00:00Z,138.1622693728322,136.7225
2026-01-20T14:00:00Z,161.28455080783988,178.26
2026-01-20T15:00:00Z,187.9379145363853,276.735
2026-01-20T16:00:00Z,238.73744956530493,249.63
2026-01-20T17:00:00Z,189.11613024214702,193.925
2026-01-20T18:00:00Z,169.89535049753727,181.9175
2026-01-20T19:00:00Z,154.58331869036664,155.10000000000002
2026-01-20T20:00:00Z,140.2890372517274,139.89
2026-01-20T21:00:00Z,134.62100577760452,117.1925
2026-01-20T22:00:00Z,115.43390578836724,107.8375
2026-01-20T23:00:00Z,111.21714664018606,101.49
2026-01-21T00:00:00Z,109.30542359045765,101.7175
2026-01-21T01:00:00Z,106.03846223104111,98.7575
2026-01-21T02:00:00Z,106.19760395401646,100.91
2026-01-21T03:00:00Z,109.08356249031816,98.845
2026-01-21T04:00:00Z,118.02549818475121,98.6925
2026-01-21T05:00:00Z,147.1662638295102,107.8725
2026-01-21T06:00:00Z,168.9702906069665,160.0
2026-01-21T07:00:00Z,204.32305402108437,176.3975
2026-01-21T08:00:00Z,147.90426233171274,142.89249999999998
2026-01-21T09:00:00Z,119.74269176746819,118.3
2026-01-21T10:00:00Z,106.18929340236605,100.9925
2026-01-21T11:00:00Z,97.91729775663286,99.13
2026-01-21T12:00:00Z,100.3376251410211,103.475
2026-01-21T13:00:00Z,115.65246090833936,108.6225
2026-01-21T14:00:00Z,134.01885831940083,126.9275
2026-01-21T15:00:00Z,190.3956576991531,145.035
2026-01-21T16:00:00Z,159.3599480511826,139.11
2026-01-21T17:00:00Z,156.83834752137895,138.9075
2026-01-21T18:00:00Z,147.81692231499937,127.83
2026-01-21T19:00:00Z,134.78247099647155,105.4475
2026-01-21T20:00:00Z,122.85422047035486,102.44
2026-01-21T21:00:00Z,110.06073787500169,104.76
2026-01-21T22:00:00Z,95.04546331949132,99.375
2026-01-21T23:00:00Z,91.83046913206121,92.7975
2026-01-22T00:00:00Z,86.43406700549056,92.5275
2026-01-22T01:00:00Z,84.77573419585366,91.45
2026-01-22T02:00:00Z,87.00561307016739,91.82
2026-01-22T03:00:00Z,86.47862433529926,92.85
2026-01-22T04:00:00Z,89.15661238565802,93.1875
2026-01-22T05:00:00Z,108.08137963665128,100.6775
2026-01-22T06:00:00Z,135.92996280902432,125.52
2026-01-22T07:00:00Z,141.4726236375856,137.1225
2026-01-22T08:00:00Z,124.69219216126895,114.4175
2026-01-22T09:00:00Z,103.95129874244444,95.2575
2026-01-22T10:00:00Z,92.6547648387299,89.075
2026-01-22T11:00:00Z,85.85422107622394,83.8575
2026-01-22T12:00:00Z,89.52338464557454,88.065
2026-01-22T13:00:00Z,100.86557297692711,94.91
2026-01-22T14:00:00Z,122.11407652399757,107.78
2026-01-22T15:00:00Z,136.08066748167684,130.8975
2026-01-22T16:00:00Z,142.51262960068698,136.365
2026-01-22T17:00:00Z,140.60526921009335,129.6675
2026-01-22T18:00:00Z,130.289835034079,121.5675
2026-01-22T19:00:00Z,112.43029832182518,109.35
2026-01-22T20:00:00Z,106.05281270270329,106.945
2026-01-22T21:00:00Z,106.72029364929683,103.3225
2026-01-22T22:00:00Z,98.85032993978213,97.3075
2026-01-22T23:00:00Z,93.80099779596041,97.8875
2026-01-23T00:00:00Z,89.325366734108,97.245
2026-01-23T01:00:00Z,87.32711060795327,95.9475
2026-01-23T02:00:00Z,86.9870176111305,95.0025
2026-01-23T03:00:00Z,89.72694661552158,95.6225
2026-01-23T04:00:00Z,92.83976860941743,96.9975
2026-01-23T05:00:00Z,105.2098256411375,108.1975
2026-01-23T06:00:00Z,132.05830490813716,133.0
2026-01-23T07:00:00Z,142.1422858114511,152.9375
2026-01-23T08:00:00Z,120.52042393556204,142.4875
2026-01-23T09:00:00Z,100.99825800945071,115.3775
2026-01-23T10:00:00Z,95.02712388936551,100.1275
2026-01-23T11:00:00Z,89.12668904795092,96.2125
2026-01-23T12:00:00Z,90.26405827049864,95.76
2026-01-23T13:00:00Z,99.44340565342293,97.08
2026-01-23T14:00:00Z,113.27222119580486,108.7675
2026-01-23T15:00:00Z,125.76059566110673,124.0475
2026-01-23T16:00:00Z,129.9005494128607,136.08499999999998
2026-01-23T17:00:00Z,127.24588009951476,128.48250000000002
2026-01-23T18:00:00Z,123.62121869282863,116.8025
2026-01-23T19:00:00Z,110.99260201334486,107.2225
2026-01-23T20:00:00Z,102.96242284594427,103.96
2026-01-23T21:00:00Z,102.33051908159865,104.79
2026-01-23T22:00:00Z,95.84672138622395,96.995
2026-01-23T23:00:00Z,93.87822175167884,99.8
2026-01-24T00:00:00Z,85.97863814840665,99.035
2026-01-24T01:00:00Z,84.11157500789982,98.315
2026-01-24T02:00:00Z,84.77546818099471,97.825
2026-01-24T03:00:00Z,87.60810880588835,97.5475
2026-01-24T04:00:00Z,87.69334373029932,98.91
2026-01-24T05:00:00Z,93.60680566963202,100.3975
2026-01-24T06:00:00Z,101.23478498518146,104.06
2026-01-24T07:00:00Z,115.26751452922751,110.9975
2026-01-24T08:00:00Z,119.51817634185542,123.0925
2026-01-24T09:00:00Z,111.95913613562792,119.24
2026-01-24T10:00:00Z,105.29924940376657,110.2975
2026-01-24T11:00:00Z,101.03011460912343,106.2175
2026-01-24T12:00:00Z,99.92054571818721,101.8725
2026-01-24T13:00:00Z,99.7137828994821,105.12
2026-01-24T14:00:00Z,112.54759304863241,118.2275
2026-01-24T15:00:00Z,127.97832199883571,131.905
2026-01-24T16:00:00Z,141.42088364402773,146.7225
2026-01-24T17:00:00Z,137.290416681934,141.7475
2026-01-24T18:00:00Z,129.16721823765013,131.9325
2026-01-24T19:00:00Z,115.9445553510192,118.6725
2026-01-24T20:00:00Z,111.66900567405767,110.5375
2026-01-24T21:00:00Z,107.81460076544707,110.31
2026-01-24T22:00:00Z,102.16595465223197,104.15
2026-01-24T23:00:00Z,102.2092531366054,101.4425
2026-01-25T00:00:00Z,99.33014917073697,101.7575
2026-01-25T01:00:00Z,97.8742517120701,101.315
2026-01-25T02:00:00Z,94.93660097112851,101.77
2026-01-25T03:00:00Z,96.36962235089145,100.8625
2026-01-25T04:00:00Z,96.54675079582856,100.5125
2026-01-25T05:00:00Z,100.18029644217562,99.965
2026-01-25T06:00:00Z,105.18921002464494,102.06
2026-01-25T07:00:00Z,110.47065013812535,103.7575
2026-01-25T08:00:00Z,120.10826296839852,108.8875
2026-01-25T09:00:00Z,114.54351831996817,113.1925
2026-01-25T10:00:00Z,107.82492984924005,116.0175
2026-01-25T11:00:00Z,106.07738190554682,120.03
2026-01-25T12:00:00Z,102.916120795254,116.1075
2026-01-25T13:00:00Z,102.26249077503397,114.315
2026-01-25T14:00:00Z,108.69549687398549,111.7525
2026-01-25T15:00:00Z,119.41418539490836,116.9
2026-01-25T16:00:00Z,129.58000414999685,131.2125
2026-01-25T17:00:00Z,136.88504139393527,137.375
2026-01-25T18:00:00Z,128.39363037867435,132.575
2026-01-25T19:00:00Z,119.3619158828646,124.0175
2026-01-25T20:00:00Z,110.5491314282284,114.0225
2026-01-25T21:00:00Z,109.15732548523336,111.9425
2026-01-25T22:00:00Z,104.41156673061833,104.49
2026-01-25T23:00:00Z,101.0299456336128,103.925
2026-01-26T00:00:00Z,94.62665985680479,101.1125
2026-01-26T01:00:00Z,91.88111017877144,98.7275
2026-01-26T02:00:00Z,91.1114354608272,95.8525
2026-01-26T03:00:00Z,92.36636432925708,95.0325
2026-01-26T04:00:00Z,98.18261505235056,97.1925
2026-01-26T05:00:00Z,126.76538287230893,114.2775
2026-01-26T06:00:00Z,150.65211698937577,153.1975
2026-01-26T07:00:00Z,152.49832457451967,175.1325
2026-01-26T08:00:00Z,148.22569313892376,177.9675
2026-01-26T09:00:00Z,138.82284190626368,178.0125
2026-01-26T10:00:00Z,131.38070915767864,170.3425
2026-01-26T11:00:00Z,132.12066427317808,156.03
2026-01-26T12:00:00Z,128.89056825650715,149.39499999999998
2026-01-26T13:00:00Z,137.5171927080385,147.78
2026-01-26T14:00:00Z,148.25036310378186,159.97
2026-01-26T15:00:00Z,153.27649289524496,166.32999999999998
2026-01-26T16:00:00Z,163.11100466741001,178.6975
2026-01-26T17:00:00Z,169.52463944559165,178.0225
2026-01-26T18:00:00Z,169.16395697823987,169.9725
2026-01-26T19:00:00Z,157.5694003520753,154.16500000000002
2026-01-26T20:00:00Z,145.63511148483684,137.1125
2026-01-26T21:00:00Z,132.91414290206737,121.5
2026-01-26T22:00:00Z,117.39119000030009,111.685
2026-01-26T23:00:00Z,121.95065793577898,118.7675
2026-01-27T00:00:00Z,118.98108157965946,113.7025
2026-01-27T01:00:00Z,117.2483597873718,112.1575
2026-01-27T02:00:00Z,115.29352751075828,111.4875
2026-01-27T03:00:00Z,120.8551251856387,110.545
2026-01-27T04:00:00Z,126.32588650668532,111.65
2026-01-27T05:00:00Z,152.5233196498357,133.61
2026-01-27T06:00:00Z,170.70175251075568,159.875
2026-01-27T07:00:00Z,195.18651980589803,176.635
2026-01-27T08:00:00Z,170.23916548612146,171.195
2026-01-27T09:00:00Z,157.9513307312755,148.45749999999998
2026-01-27T10:00:00Z,144.69532265490852,133.29
2026-01-27T11:00:00Z,138.6728737280046,123.03
2026-01-27T12:00:00Z,131.68547026737582,112.4875
2026-01-27T13:00:00Z,136.26405613677963,131.0825
2026-01-27T14:00:00Z,143.74553771423956,127.4475
2026-01-27T15:00:00Z,145.16111027270983,132.98
2026-01-27T16:00:00Z,153.29100940102137,152.62
2026-01-27T17:00:00Z,154.4675771390576,141.14
2026-01-27T18:00:00Z,147.3180817956526,138.8825
2026-01-27T19:00:00Z,140.32377494335262,121.5875
2026-01-27T20:00:00Z,129.31253669312346,119.3675
2026-01-27T21:00:00Z,115.56523580652681,120.7
2026-01-27T22:00:00Z,107.93984698638972,111.85
2026-01-27T23:00:00Z,104.44935680685131,105.475
2026-01-28T00:00:00Z,99.7023142501658,104.465
2026-01-28T01:00:00Z,94.46533356368133,104.465
2026-01-28T02:00:00Z,94.7810968323473,102.24
2026-01-28T03:00:00Z,96.63776464173002,104.7125
2026-01-28T04:00:00Z,104.8300844060002,106.6
2026-01-28T05:00:00Z,125.4798039418948,113.6975
2026-01-28T06:00:00Z,157.3214142852163,143.5975
2026-01-28T07:00:00Z,163.74504941601538,171.0025
2026-01-28T08:00:00Z,157.88386009601965,173.64499999999998
2026-01-28T09:00:00Z,147.7362673672641,172.325
2026-01-28T10:00:00Z,133.42388709980384,166.24
2026-01-28T11:00:00Z,125.34910082959397,157.0875
2026-01-28T12:00:00Z,122.77645168153025,147.9125
2026-01-28T13:00:00Z,130.43344760391935,145.035
2026-01-28T14:00:00Z,134.40589415876084,141.13750000000002
2026-01-28T15:00:00Z,143.845349264076,147.1275
2026-01-28T16:00:00Z,151.6658191859103,164.2225
2026-01-28T17:00:00Z,150.30243148980838,170.425
2026-01-28T18:00:00Z,146.30038556096193,161.225
2026-01-28T19:00:00Z,124.23069601365738,134.265
2026-01-28T20:00:00Z,115.05442897388536,119.01
2026-01-28T21:00:00Z,114.46047852576271,117.0
2026-01-28T22:00:00Z,102.23012125394297,110.9575
2026-01-28T23:00:00Z,96.21708752916742,104.55
2026-01-29T00:00:00Z,93.06095647283871,104.0
2026-01-29T01:00:00Z,92.84873361679185,101.88
2026-01-29T02:00:00Z,94.7222992419841,100.0225
2026-01-29T03:00:00Z,95.7654943878349,100.9325
2026-01-29T04:00:00Z,103.50200935054397,104.6375
2026-01-29T05:00:00Z,121.3878819406116,116.12
2026-01-29T06:00:00Z,147.70422638354938,149.595
2026-01-29T07:00:00Z,160.52931153405848,165.6825
2026-01-29T08:00:00Z,152.44979535175165,168.035
2026-01-29T09:00:00Z,147.2813114097321,160.675
2026-01-29T10:00:00Z,145.5157954465447,152.7925
2026-01-29T11:00:00Z,144.30494689720118,143.035
2026-01-29T12:00:00Z,138.67163541873074,142.815
2026-01-29T13:00:00Z,137.90869067069502,142.9925
2026-01-29T14:00:00Z,145.84481387763043,147.6125
2026-01-29T15:00:00Z,153.22146863739508,153.1025
2026-01-29T16:00:00Z,159.49835771510894,159.4775
2026-01-29T17:00:00Z,158.8327681011969,157.24
2026-01-29T18:00:00Z,151.16375285216245,150.0375
2026-01-29T19:00:00Z,130.96043891883517,126.5575
2026-01-29T20:00:00Z,119.44255992098921,113.57
2026-01-29T21:00:00Z,115.6724650056858,109.315
2026-01-29T22:00:00Z,104.35406738561068,102.9775
2026-01-29T23:00:00Z,100.24364171629269,111.065
2026-01-30T00:00:00Z,94.31584907697443,103.3125
2026-01-30T01:00:00Z,93.45953423614402,100.8525
2026-01-30T02:00:00Z,92.96181249904912,97.3875
2026-01-30T03:00:00Z,93.81101527679495,97.3
2026-01-30T04:00:00Z,101.06245270309829,96.2775
2026-01-30T05:00:00Z,119.77593902785655,111.125
2026-01-30T06:00:00Z,142.31108736355722,131.7775
2026-01-30T07:00:00Z,149.87448481240838,143.755
2026-01-30T08:00:00Z,147.6768929012241,147.035
2026-01-30T09:00:00Z,134.23220299812868,132.63
2026-01-30T10:00:00Z,127.59360086981242,126.1
2026-01-30T11:00:00Z,120.04077940264182,118.205
2026-01-30T12:00:00Z,118.87204066322249,110.39
2026-01-30T13:00:00Z,116.56326131922224,110.3175
2026-01-30T14:00:00Z,122.35342486955705,111.195
2026-01-30T15:00:00Z,127.59665583168139,114.9375
2026-01-30T16:00:00Z,128.83294054312825,124.81
2026-01-30T17:00:00Z,126.09170002573804,122.8875
2026-01-30T18:00:00Z,119.41182439166768,113.0875
2026-01-30T19:00:00Z,109.55832507867156,108.5975
2026-01-30T20:00:00Z,98.2487737421489,101.6825
2026-01-30T21:00:00Z,93.92245799460599,101.09
2026-01-30T22:00:00Z,83.94647128694152,92.695
2026-01-30T23:00:00Z,85.85653342911374,96.9525
2026-01-31T00:00:00Z,80.20011985415147,97.3775
2026-01-31T01:00:00Z,74.01083039353414,94.5075
2026-01-31T02:00:00Z,72.88415730204132,94.08
2026-01-31T03:00:00Z,68.25847345086402,93.325
2026-01-31T04:00:00Z,72.8696323895175,94.0575
2026-01-31T05:00:00Z,81.3264235881178,93.45
2026-01-31T06:00:00Z,92.09828506692652,92.9025
2026-01-31T07:00:00Z,99.85574032455825,103.955
2026-01-31T08:00:00Z,102.42864702068833,109.0625
2026-01-31T09:00:00Z,101.92966995666889,114.215
2026-01-31T10:00:00Z,100.40027474520171,113.47
2026-01-31T11:00:00Z,95.9050154558289,111.2775
2026-01-31T12:00:00Z,92.93852595940758,107.39
2026-01-31T13:00:00Z,94.31077148703937,110.305
2026-01-31T14:00:00Z,103.15211183119722,113.1675
2026-01-31T15:00:00Z,113.88903782249655,119.3575
2026-01-31T16:00:00Z,130.38084590209323,134.605
2026-01-31T17:00:00Z,127.64552998098961,138.0375
2026-01-31T18:00:00Z,119.00337741485413,133.95
2026-01-31T19:00:00Z,107.97711613593836,125.645
2026-01-31T20:00:00Z,100.33019718169493,114.2075
2026-01-31T21:00:00Z,98.2842905378474,114.145
2026-01-31T22:00:00Z,95.58292950873344,105.9
2026-01-31T23:00:00Z,89.9873249840547,96.09
2026-02-01T00:00:00Z,86.78643670471865,94.0075
2026-02-01T01:00:00Z,84.83521175756641,98.4025
2026-02-01T02:00:00Z,86.78643670471865,96.0575
2026-02-01T03:00:00Z,86.23377232864497,98.3125
2026-02-01T04:00:00Z,86.72390205593253,98.2225
2026-02-01T05:00:00Z,89.57990295470003,96.015
2026-02-01T06:00:00Z,92.0252521809649,99.5
2026-02-01T07:00:00Z,99.90952390832793,105.255
2026-02-01T08:00:00Z,104.78918222259514,109.235
2026-02-01T09:00:00Z,104.07771975134078,109.845
2026-02-01T10:00:00Z,104.70277064731249,108.1575
2026-02-01T11:00:00Z,104.52665029045986,107.125
2026-02-01T12:00:00Z,100.21446547783506,100.3875
2026-02-01T13:00:00Z,96.05079781424281,102.235
2026-02-01T14:00:00Z,101.82718722650701,108.9575
2026-02-01T15:00:00Z,112.80028222837208,114.6675
2026-02-01T16:00:00Z,126.68121290331467,129.4875
2026-02-01T17:00:00Z,127.46798319412198,136.8425
2026-02-01T18:00:00Z,121.04942741507928,137.39
2026-02-01T19:00:00Z,112.39546314389625,125.5925
2026-02-01T20:00:00Z,100.67398567353499,113.8575
2026-02-01T21:00:00Z,100.34691753949834,113.885
2026-02-01T22:00:00Z,93.25663796923884,106.5525
2026-02-01T23:00:00Z,77.54686703084587,99.5925
2026-02-02T00:00:00Z,68.58371846153874,97.9925
2026-02-02T01:00:00Z,69.71472877163824,95.0925
2026-02-02T02:00:00Z,69.34891307844964,91.0
2026-02-02T03:00:00Z,69.10187443530587,91.7325
2026-02-02T04:00:00Z,80.79794425034783,94.7225
2026-02-02T05:00:00Z,101.53862380445169,106.575
2026-02-02T06:00:00Z,128.09740567710617,122.885
2026-02-02T07:00:00Z,133.7740423932912,136.8675
2026-02-02T08:00:00Z,124.88974271514604,140.155
2026-02-02T09:00:00Z,113.39196316071612,124.54
2026-02-02T10:00:00Z,104.65133270748998,114.6675
2026-02-02T11:00:00Z,94.8904338574416,109.2125
2026-02-02T12:00:00Z,95.25744190952847,104.0
2026-02-02T13:00:00Z,97.40047465836159,102.9025
2026-02-02T14:00:00Z,103.86918964694806,105.0775
2026-02-02T15:00:00Z,113.28912191676562,109.7775
2026-02-02T16:00:00Z,122.75159304555359,118.1975
2026-02-02T17:00:00Z,124.5654390853177,118.9675
2026-02-02T18:00:00Z,117.03055752416046,105.0
2026-02-02T19:00:00Z,104.01474945041845,102.255
2026-02-02T20:00:00Z,94.58191062220332,102.015
2026-02-02T21:00:00Z,85.4295506045762,101.2275
2026-02-02T22:00:00Z,74.93157561515389,91.385
2026-02-02T23:00:00Z,69.58224665502313,91.7175
2026-02-03T00:00:00Z,69.06533579737018,89.36500000000001
2026-02-03T01:00:00Z,66.59187713549372,84.0075
2026-02-03T02:00:00Z,66.09249292930808,79.9375
2026-02-03T03:00:00Z,66.46098046521222,76.84
2026-02-03T04:00:00Z,68.39782231133691,82.16
2026-02-03T05:00:00Z,77.01794703724927,91.16
2026-02-03T06:00:00Z,102.37574474760625,97.6925
2026-02-03T07:00:00Z,107.24274626451987,106.2725
2026-02-03T08:00:00Z,102.52994082164261,108.225
2026-02-03T09:00:00Z,92.56392295141828,99.94
2026-02-03T10:00:00Z,82.42271808362104,90.83
2026-02-03T11:00:00Z,79.76388289717384,87.94749999999999
2026-02-03T12:00:00Z,79.81108289826365,89.905
2026-02-03T13:00:00Z,84.10539163360247,93.1525
2026-02-03T14:00:00Z,91.76368998281235,100.41
2026-02-03T15:00:00Z,95.88538235703521,106.615
2026-02-03T16:00:00Z,113.02174321872128,125.7725
2026-02-03T17:00:00Z,117.17962120418224,126.3475
2026-02-03T18:00:00Z,111.11919030956562,123.2275
2026-02-03T19:00:00Z,99.23820919704951,112.9
2026-02-03T20:00:00Z,97.02888010486076,103.2925
2026-02-03T21:00:00Z,93.76220108910648,100.895
2026-02-03T22:00:00Z,78.52808398911384,94.8125
2026-02-03T23:00:00Z,77.03120126956519,95.0025
2026-02-04T00:00:00Z,74.91191054108751,92.7875
2026-02-04T01:00:00Z,75.03224119131397,92.9625
2026-02-04T02:00:00Z,81.30102648197814,94.6225
2026-02-04T03:00:00Z,88.99544400302128,93.9575
2026-02-04T04:00:00Z,91.8474421834884,96.585
2026-02-04T05:00:00Z,111.38347635983285,105.285
2026-02-04T06:00:00Z,140.22336940921537,122.935
2026-02-04T07:00:00Z,147.21490313484358,131.605
2026-02-04T08:00:00Z,136.46484624452873,122.6725
2026-02-04T09:00:00Z,123.55403159520577,110.0
2026-02-04T10:00:00Z,118.71036981742395,98.7075
2026-02-04T11:00:00Z,117.51693335081396,91.915
2026-02-04T12:00:00Z,118.20600063037614,91.3825
2026-02-04T13:00:00Z,120.7761911752716,96.0775
2026-02-04T14:00:00Z,128.9439546081955,102.875
2026-02-04T15:00:00Z,138.07174228225367,114.185
2026-02-04T16:00:00Z,146.61239413077897,124.6175
2026-02-04T17:00:00Z,139.2971930978323,117.04
2026-02-04T18:00:00Z,131.9711709428156,104.52
2026-02-04T19:00:00Z,116.7336139636064,96.2875
2026-02-04T20:00:00Z,104.1701708721756,94.7525
2026-02-04T21:00:00Z,96.24917132551921,93.8225
2026-02-04T22:00:00Z,90.2658305572457,86.3075
2026-02-04T23:00:00Z,91.09049654605076,90.3025
2026-02-05T00:00:00Z,87.56128260223704,88.4375
2026-02-05T01:00:00Z,87.70147694993402,87.4325
2026-02-05T02:00:00Z,88.52693378845093,87.795
2026-02-05T03:00:00Z,90.51131879742891,89.565
2026-02-05T04:00:00Z,98.99142426140816,91.51
2026-02-05T05:00:00Z,116.4844623095715,102.845
2026-02-05T06:00:00Z,149.46219580681034,113.32
2026-02-05T07:00:00Z,154.7543565063975,125.365
2026-02-05T08:00:00Z,151.7980598189475,121.52
2026-02-05T09:00:00Z,147.83868306447377,118.1925
2026-02-05T10:00:00Z,135.94180977601815,121.0675
2026-02-05T11:00:00Z,134.89587182399814,108.2525
2026-02-05T12:00:00Z,131.1348015849083,109.7575
2026-02-05T13:00:00Z,129.41906802471865,110.1025
2026-02-05T14:00:00Z,135.1054331880235,116.98
2026-02-05T15:00:00Z,139.94318323600206,126.0
2026-02-05T16:00:00Z,150.28121421331073,140.5
2026-02-05T17:00:00Z,153.05950277141602,136.64499999999998
2026-02-05T18:00:00Z,147.93759305387422,132.9075
2026-02-05T19:00:00Z,132.43344144940974,120.81
2026-02-05T20:00:00Z,124.11702905197234,107.7825
2026-02-05T21:00:00Z,118.46483349634066,105.88
2026-02-05T22:00:00Z,108.86609317219215,100.0375
2026-02-05T23:00:00Z,109.63658943289006,99.31
2026-02-06T00:00:00Z,100.58888074027979,99.1275
2026-02-06T01:00:00Z,97.54349408131954,98.0875
2026-02-06T02:00:00Z,97.55358421895447,98.2275
2026-02-06T03:00:00Z,100.06844206770228,98.7425
2026-02-06T04:00:00Z,109.43192637521616,102.3325
2026-02-06T05:00:00Z,136.13907060801984,115.4225
2026-02-06T06:00:00Z,179.03113037638292,139.4625
2026-02-06T07:00:00Z,178.8143275753471,144.74
2026-02-06T08:00:00Z,156.44770717996502,144.2025
2026-02-06T09:00:00Z,150.92804596679727,142.0925
2026-02-06T10:00:00Z,150.27532002750385,138.91
2026-02-06T11:00:00Z,149.68464657307217,136.21
2026-02-06T12:00:00Z,144.32995863186107,135.89249999999998
2026-02-06T13:00:00Z,143.77016943172598,135.66750000000002
2026-02-06T14:00:00Z,147.01465511355744,139.4725
2026-02-06T15:00:00Z,172.16697568094114,133.9625
2026-02-06T16:00:00Z,176.34671786107396,137.1875
2026-02-06T17:00:00Z,169.187515667524,132.19
2026-02-06T18:00:00Z,157.94817074133658,125.6275
2026-02-06T19:00:00Z,141.02635907867645,110.9825
2026-02-06T20:00:00Z,125.2075810080867,108.85
2026-02-06T21:00:00Z,117.9697914605456,106.2625
2026-02-06T22:00:00Z,107.74157199436144,102.2375
2026-02-06T23:00:00Z,102.91417966844617,101.4925
2026-02-07T00:00:00Z,99.3599533854233,100.0
2026-02-07T01:00:00Z,98.0011797860816,98.0425
2026-02-07T02:00:00Z,97.47398219420825,96.885
2026-02-07T03:00:00Z,98.6499754545236,96.395
2026-02-07T04:00:00Z,102.02876947685118,96.725
2026-02-07T05:00:00Z,111.07558755856091,97.095
2026-02-07T06:00:00Z,128.7160025128086,105.5475
2026-02-07T07:00:00Z,138.99456104148902,114.08
2026-02-07T08:00:00Z,143.48193699140273,117.975
2026-02-07T09:00:00Z,141.68967985397907,110.0625
2026-02-07T10:00:00Z,134.6412143558335,104.5325
2026-02-07T11:00:00Z,125.65920750662839,100.1175
2026-02-07T12:00:00Z,122.932157407689,97.3875
2026-02-07T13:00:00Z,122.79213794727923,99.9275
2026-02-07T14:00:00Z,132.2549006611339,106.3325
2026-02-07T15:00:00Z,137.98701410187218,120.29
2026-02-07T16:00:00Z,155.94807504302955,134.03750000000002
2026-02-07T17:00:00Z,151.1417954397168,135.33249999999998
2026-02-07T18:00:00Z,145.41589662985106,127.4975
2026-02-07T19:00:00Z,125.76797567248174,113.395
2026-02-07T20:00:00Z,119.39367153414058,104.39
2026-02-07T21:00:00Z,115.80198133695643,104.0725
2026-02-07T22:00:00Z,108.36276061823149,98.76
2026-02-07T23:00:00Z,102.30458157406416,102.035
2026-02-08T00:00:00Z,96.77487288179016,99.045
2026-02-08T01:00:00Z,96.0931668668424,97.5675
2026-02-08T02:00:00Z,95.33574988220451,96.425
2026-02-08T03:00:00Z,95.02009416767145,94.86
2026-02-08T04:00:00Z,95.02009416767145,95.75
2026-02-08T05:00:00Z,94.22616342561608,95.0
2026-02-08T06:00:00Z,101.70666386433761,95.805
2026-02-08T07:00:00Z,107.53237634079194,100.3475
2026-02-08T08:00:00Z,113.37176890268789,101.9875
2026-02-08T09:00:00Z,109.55170013853552,102.645
2026-02-08T10:00:00Z,109.33010468237518,99.6
2026-02-08T11:00:00Z,106.23321042227755,96.5725
2026-02-08T12:00:00Z,99.48729718987018,95.45
2026-02-08T13:00:00Z,99.42163546416123,97.22
2026-02-08T14:00:00Z,110.09085643416496,103.3225
2026-02-08T15:00:00Z,120.82227785696473,111.785
2026-02-08T16:00:00Z,134.82065409509326,127.6325
2026-02-08T17:00:00Z,135.7852294257022,131.26749999999998
2026-02-08T18:00:00Z,132.33387449747718,126.9075
2026-02-08T19:00:00Z,123.06421212038131,113.2825
2026-02-08T20:00:00Z,112.68390246864969,107.6275
2026-02-08T21:00:00Z,113.06405514057752,105.14
2026-02-08T22:00:00Z,105.80501409284457,99.9825
2026-02-08T23:00:00Z,101.71237027163339,96.745
2026-02-09T00:00:00Z,98.13964606523493,95.4525
2026-02-09T01:00:00Z,96.49356293951823,95.7025
2026-02-09T02:00:00Z,96.53156798681191,95.4675
2026-02-09T03:00:00Z,98.10827583739297,96.565
2026-02-09T04:00:00Z,106.47771527745344,104.735
2026-02-09T05:00:00Z,144.54030229773912,132.235
2026-02-09T06:00:00Z,175.8851507958101,158.595
2026-02-09T07:00:00Z,181.39497684049462,182.71
2026-02-09T08:00:00Z,182.17508233318782,169.2075
2026-02-09T09:00:00Z,149.28016835023863,157.29
2026-02-09T10:00:00Z,144.87819467707772,144.38
2026-02-09T11:00:00Z,141.18429204011525,137.0725
2026-02-09T12:00:00Z,139.4010875837771,135.025
2026-02-09T13:00:00Z,138.97823363294322,137.6575
2026-02-09T14:00:00Z,141.07488230071164,149.0775
2026-02-09T15:00:00Z,169.6457269903586,168.9825
2026-02-09T16:00:00Z,178.02079592743073,227.2125
2026-02-09T17:00:00Z,177.51111329072654,182.225
2026-02-09T18:00:00Z,175.84757307427662,165.81
2026-02-09T19:00:00Z,144.92007634871607,144.1275
2026-02-09T20:00:00Z,141.3644871076684,134.6
2026-02-09T21:00:00Z,126.97022620466467,122.895
2026-02-09T22:00:00Z,117.97624890969777,108.9225
2026-02-09T23:00:00Z,107.47312958826042,104.6425
2026-02-10T00:00:00Z,103.1370583092878,103.745
2026-02-10T01:00:00Z,103.1370583092878,102.7475
2026-02-10T02:00:00Z,103.34136884088598,102.435
2026-02-10T03:00:00Z,103.22193279473373,102.435
2026-02-10T04:00:00Z,112.52105095262077,105.4275
2026-02-10T05:00:00Z,144.08721976480285,119.9175
2026-02-10T06:00:00Z,164.02020677932845,134.89
2026-02-10T07:00:00Z,178.26175934836155,143.8275
2026-02-10T08:00:00Z,157.52744084296708,132.08249999999998
2026-02-10T09:00:00Z,144.3097419245016,129.0875
2026-02-10T10:00:00Z,134.77394693089107,119.4425
2026-02-10T11:00:00Z,130.3300596324075,109.2225
2026-02-10T12:00:00Z,123.11025335675353,109.47
2026-02-10T13:00:00Z,134.9038737743493,116.2225
2026-02-10T14:00:00Z,140.54279366177326,128.115
2026-02-10T15:00:00Z,155.83550373315884,127.6625
2026-02-10T16:00:00Z,167.6205139103553,135.2425
2026-02-10T17:00:00Z,162.05485484544263,131.7125
2026-02-10T18:00:00Z,151.716997439212,120.3275
2026-02-10T19:00:00Z,138.31386957931096,111.2525
2026-02-10T20:00:00Z,122.75559805878147,107.1575
2026-02-10T21:00:00Z,117.97030896519242,106.69
2026-02-10T22:00:00Z,107.10507309735921,100.5275
2026-02-10T23:00:00Z,96.45214159934622,96.7825
2026-02-11T00:00:00Z,91.20638814754861,96.63
2026-02-11T01:00:00Z,90.91564378930147,95.605
2026-02-11T02:00:00Z,90.91564378930147,94.68
2026-02-11T03:00:00Z,91.52681083745107,94.845
2026-02-11T04:00:00Z,93.88998608314067,99.1425
2026-02-11T05:00:00Z,111.07232979757178,110.4775
2026-02-11T06:00:00Z,129.93608974466363,129.0
2026-02-11T07:00:00Z,147.1747621886355,137.0675
2026-02-11T08:00:00Z,135.144919095858,131.4375
2026-02-11T09:00:00Z,123.03188280956483,127.5
2026-02-11T10:00:00Z,113.62910659409732,125.94
2026-02-11T11:00:00Z,108.1918518213605,115.8625
2026-02-11T12:00:00Z,106.19447363724012,116.7
2026-02-11T13:00:00Z,108.37540335067415,116.7
2026-02-11T14:00:00Z,118.78545930149272,118.185
2026-02-11T15:00:00Z,124.40990779857779,122.315
2026-02-11T16:00:00Z,137.57038764561267,127.9
2026-02-11T17:00:00Z,133.3273284899683,125.465
2026-02-11T18:00:00Z,116.05409574224579,112.02
2026-02-11T19:00:00Z,105.41474717287403,104.9275
2026-02-11T20:00:00Z,98.51212277947192,104.38
2026-02-11T21:00:00Z,94.8299808123369,101.9975
2026-02-11T22:00:00Z,85.98927974406814,95.3075
2026-02-11T23:00:00Z,77.35746066021107,88.1925
2026-02-12T00:00:00Z,70.73231667518617,87.58
2026-02-12T01:00:00Z,71.00302289307362,86.2025
2026-02-12T02:00:00Z,70.5587278300208,84.8925
2026-02-12T03:00:00Z,72.07498606245761,86.0125
2026-02-12T04:00:00Z,78.93911021451042,89.43
2026-02-12T05:00:00Z,95.35718107007943,99.8625
2026-02-12T06:00:00Z,123.10903522855152,116.0075
2026-02-12T07:00:00Z,135.36857636595605,123.0725
2026-02-12T08:00:00Z,126.69285495711603,121.205
2026-02-12T09:00:00Z,121.36010739907698,117.52
2026-02-12T10:00:00Z,116.52705581600777,111.1525
2026-02-12T11:00:00Z,110.6743036721488,105.515
2026-02-12T12:00:00Z,110.6743036721488,103.555
2026-02-12T13:00:00Z,113.11685753018725,105.2125
2026-02-12T14:00:00Z,114.0294119920965,107.98
2026-02-12T15:00:00Z,120.36129366119788,110.785
2026-02-12T16:00:00Z,129.64510822870207,123.05
2026-02-12T17:00:00Z,128.99489490633997,125.6625
2026-02-12T18:00:00Z,123.7482708022158,120.8725
2026-02-12T19:00:00Z,107.18270181274733,109.1025
2026-02-12T20:00:00Z,99.67198635775848,99.6925
2026-02-12T21:00:00Z,92.82656476440732,97.175
2026-02-12T22:00:00Z,82.01226928224482,89.33250000000001
2026-02-12T23:00:00Z,70.31272369749867,83.8575
2026-02-13T00:00:00Z,65.37688991378812,83.66
2026-02-13T01:00:00Z,66.97835393104019,82.2175
2026-02-13T02:00:00Z,68.12028414548206,81.855
2026-02-13T03:00:00Z,72.31512361767679,83.35
2026-02-13T04:00:00Z,85.06189547797918,87.1875
2026-02-13T05:00:00Z,104.82065295139796,98.7275
2026-02-13T06:00:00Z,131.80018904447113,117.7275
2026-02-13T07:00:00Z,140.46677359667197,123.85
2026-02-13T08:00:00Z,137.1168686998085,119.15
2026-02-13T09:00:00Z,128.06731605234003,106.3925
2026-02-13T10:00:00Z,126.10407467402258,101.03
2026-02-13T11:00:00Z,124.0727829550692,97.3
2026-02-13T12:00:00Z,123.82578249565113,97.495
2026-02-13T13:00:00Z,126.93954542919468,102.09
2026-02-13T14:00:00Z,133.58034016810507,118.0975
2026-02-13T15:00:00Z,139.1958177351327,125.905
2026-02-13T16:00:00Z,155.99861014708463,131.985
2026-02-13T17:00:00Z,163.84464152970892,136.02249999999998
2026-02-13T18:00:00Z,164.66230622805,131.89249999999998
2026-02-13T19:00:00Z,130.56613156564788,126.0
2026-02-13T20:00:00Z,122.02620452988232,117.58
2026-02-13T21:00:00Z,114.46314599332653,109.9475
2026-02-13T22:00:00Z,106.97527047894582,100.8575
2026-02-13T23:00:00Z,94.01810538017658,96.9925
2026-02-14T00:00:00Z,88.94777749515184,91.83
2026-02-14T01:00:00Z,86.5381372578342,89.09
2026-02-14T02:00:00Z,85.99122724240732,88.6725
2026-02-14T03:00:00Z,86.23962954443138,87.5075
2026-02-14T04:00:00Z,87.69692943802062,88.75
2026-02-14T05:00:00Z,91.71496240898101,90.2175
2026-02-14T06:00:00Z,104.96707966766267,93.1175
2026-02-14T07:00:00Z,121.23904613403133,101.8325
2026-02-14T08:00:00Z,120.72104102194676,107.49
2026-02-14T09:00:00Z,112.06836420896498,103.97
2026-02-14T10:00:00Z,105.24898515636164,98.1625
2026-02-14T11:00:00Z,97.54333208783373,95.16
2026-02-14T12:00:00Z,94.57867360512924,93.9725
2026-02-14T13:00:00Z,97.79798691231825,97.1125
2026-02-14T14:00:00Z,107.92254671611491,104.9525
2026-02-14T15:00:00Z,125.35486888216244,116.8875
2026-02-14T16:00:00Z,145.2176352116277,126.1
2026-02-14T17:00:00Z,142.24309365728433,131.9275
2026-02-14T18:00:00Z,139.23581916798062,128.72
2026-02-14T19:00:00Z,135.06688942014858,123.1925
2026-02-14T20:00:00Z,114.00852102048067,116.98
2026-02-14T21:00:00Z,108.43606567784879,111.2025
2026-02-14T22:00:00Z,101.22146178857766,101.1
2026-02-14T23:00:00Z,98.41330235489357,101.7775
2026-02-15T00:00:00Z,94.04532035367062,99.9475
2026-02-15T01:00:00Z,92.17416122537605,100.755
2026-02-15T02:00:00Z,90.58361380187945,98.025
2026-02-15T03:00:00Z,89.99808618509813,96.52
2026-02-15T04:00:00Z,91.01110932299841,94.355
2026-02-15T05:00:00Z,91.37851291939758,94.1675
2026-02-15T06:00:00Z,93.60596739477731,96.115
2026-02-15T07:00:00Z,95.38500367677175,96.8
2026-02-15T08:00:00Z,94.6963098601458,93.065
2026-02-15T09:00:00Z,80.14946423563613,83.0175
2026-02-15T10:00:00Z,63.74805506563398,74.7225
2026-02-15T11:00:00Z,55.236690640420875,67.37
2026-02-15T12:00:00Z,51.93241856381499,64.4075
2026-02-15T13:00:00Z,54.56351441866856,64.4225
2026-02-15T14:00:00Z,68.99565270170051,71.9525
2026-02-15T15:00:00Z,83.47301383164256,84.205
2026-02-15T16:00:00Z,98.25352304063983,96.385
2026-02-15T17:00:00Z,87.63060648848041,98.2025
2026-02-15T18:00:00Z,70.71353687353668,83.6125
2026-02-15T19:00:00Z,63.889444285850765,71.0025
2026-02-15T20:00:00Z,60.97817320175671,67.2625
2026-02-15T21:00:00Z,62.0928058313075,65.61500000000001
2026-02-15T22:00:00Z,54.59001433840293,58.04
2026-02-15T23:00:00Z,46.640364647712495,68.93
2026-02-16T00:00:00Z,36.38560717018665,65.375
2026-02-16T01:00:00Z,36.35581730515482,64.41
2026-02-16T02:00:00Z,45.65383449431651,64.4125
2026-02-16T03:00:00Z,49.63594849096937,66.0525
2026-02-16T04:00:00Z,60.09192944346852,69.985
2026-02-16T05:00:00Z,62.79950548508556,79.3275
2026-02-16T06:00:00Z,85.34709622902497,94.0725
2026-02-16T07:00:00Z,94.2640016611437,101.0325
2026-02-16T08:00:00Z,94.11598816756054,104.425
2026-02-16T09:00:00Z,92.18854021862526,101.54
2026-02-16T10:00:00Z,93.60505795592819,94.86
2026-02-16T11:00:00Z,96.68161163494419,92.0025
2026-02-16T12:00:00Z,97.68822550610633,94.4025
2026-02-16T13:00:00Z,102.78912900203524,96.0125
2026-02-16T14:00:00Z,117.27472633894884,104.075
2026-02-16T15:00:00Z,133.47215565460542,115.3025
2026-02-16T16:00:00Z,143.8326181429417,130.355
2026-02-16T17:00:00Z,141.47183928331788,129.1175
2026-02-16T18:00:00Z,140.67105623664082,126.355
2026-02-16T19:00:00Z,126.48881501701572,115.6325
2026-02-16T20:00:00Z,114.1359743328683,103.8975
2026-02-16T21:00:00Z,103.83631480973436,101.92
2026-02-16T22:00:00Z,94.99750134116073,92.755
2026-02-23T23:00:00Z,62.36023487968277,82.3575
2026-02-24T00:00:00Z,61.430677537292624,83.9625
2026-02-24T01:00:00Z,69.49971755592182,85.975
2026-02-24T02:00:00Z,78.28426712624307,86.45
2026-02-24T03:00:00Z,84.3390334977466,88.205
2026-02-24T04:00:00Z,91.3227466608112,94.17
2026-02-24T05:00:00Z,120.30784393828134,111.1225
2026-02-24T06:00:00Z,141.8533757006494,133.0975
2026-02-24T07:00:00Z,157.71937598314707,147.475
2026-02-24T08:00:00Z,152.86508728058806,140.72
2026-02-24T09:00:00Z,134.31570225296477,128.7675
2026-02-24T10:00:00Z,129.76322965915963,111.395
2026-02-24T11:00:00Z,127.87642478629168,100.19
2026-02-24T12:00:00Z,119.80616515322978,99.3
2026-02-24T13:00:00Z,123.62321702856664,95.005
2026-02-24T14:00:00Z,124.85312149914203,107.0725
2026-02-24T15:00:00Z,131.26260336191456,125.8075
2026-02-24T16:00:00Z,181.69142421065405,182.22
2026-02-24T17:00:00Z,200.3325456048364,184.0475
2026-02-24T18:00:00Z,167.99905006703372,144.4175
2026-02-24T19:00:00Z,144.655740594686,118.9575
2026-02-24T20:00:00Z,130.9377451634946,108.725
2026-02-24T21:00:00Z,117.83231012376407,101.705
2026-02-24T22:00:00Z,103.63369360009887,93.9025
2026-02-24T23:00:00Z,96.41191586071788,92.1425
2026-02-25T00:00:00Z,94.43960889685411,87.4025
2026-02-25T01:00:00Z,90.92675767216775,84.83250000000001
2026-02-25T02:00:00Z,93.88842528729792,88.095
2026-02-25T03:00:00Z,95.0363882255825,88.61
2026-02-25T04:00:00Z,100.37352834387197,93.1725
2026-02-25T05:00:00Z,112.65908050815483,113.8175
2026-02-25T06:00:00Z,131.7394441378783,130.7325
2026-02-25T07:00:00Z,132.60947804841877,119.8525
2026-02-25T08:00:00Z,122.60199423637582,107.175
2026-02-25T09:00:00Z,109.81173814266342,90.83
2026-02-25T10:00:00Z,96.32635092799836,79.8475
2026-02-25T11:00:00Z,73.01959461802242,65.80250000000001
2026-02-25T12:00:00Z,69.69455773660857,60.1975
2026-02-25T13:00:00Z,71.78901969275749,67.8475
2026-02-25T14:00:00Z,96.64595798350157,80.9825
2026-02-25T15:00:00Z,115.12740569020639,101.37
2026-02-25T16:00:00Z,138.1205923951573,118.6425
2026-02-25T17:00:00Z,143.12881235145736,121.77
2026-02-25T18:00:00Z,124.59866156896433,107.1525
2026-02-25T19:00:00Z,106.10514926725165,94.255
2026-02-25T20:00:00Z,91.81980901520292,87.28
2026-02-25T21:00:00Z,81.28006201884861,86.8275
2026-02-25T22:00:00Z,72.4270500981331,79.12
2026-02-25T23:00:00Z,67.10002463094868,76.4225
2026-02-26T00:00:00Z,58.04754240921866,72.39
2026-02-26T01:00:00Z,55.887351514674044,68.74249999999999
2026-02-26T02:00:00Z,55.60117114742833,67.9325
2026-02-26T03:00:00Z,59.1597909255989,67.3775
2026-02-26T04:00:00Z,68.97526043720623,75.855
2026-02-26T05:00:00Z,90.00820619803424,100.8175
2026-02-26T06:00:00Z,105.78882751370664,110.1
2026-02-26T07:00:00Z,104.27230488215119,97.4475
2026-02-26T08:00:00Z,82.70916948207643,80.42500000000001
2026-02-26T09:00:00Z,67.9010597848331,67.85
2026-02-26T10:00:00Z,51.95028748295589,53.345
2026-02-26T11:00:00Z,33.401043460686964,20.0375
2026-02-26T12:00:00Z,33.157313834350795,14.0525
2026-02-26T13:00:00Z,50.561168748969536,44.6375
2026-02-26T14:00:00Z,75.84686471576282,71.3075
2026-02-26T15:00:00Z,94.1058160641905,94.7325
2026-02-26T16:00:00Z,108.996772056002,111.1375
2026-02-26T17:00:00Z,117.28260464775722,113.095
2026-02-26T18:00:00Z,107.13248710613297,107.985
2026-02-26T19:00:00Z,91.51252193152648,93.4475
2026-02-26T20:00:00Z,81.70220712732088,84.0775
2026-02-26T21:00:00Z,74.048782502599,80.45750000000001
2026-02-26T22:00:00Z,63.25654815803391,71.575
2026-02-26T23:00:00Z,47.752255682589066,55.1475
2026-02-27T00:00:00Z,46.910654792744936,56.0075
2026-02-27T01:00:00Z,45.725787711189874,57.3025
2026-02-27T02:00:00Z,49.46500997469184,60.0
2026-02-27T03:00:00Z,48.08702586362929,61.795
2026-02-27T04:00:00Z,55.46279310892469,65.9925
2026-02-27T05:00:00Z,78.583875636522,76.565
2026-02-27T06:00:00Z,89.24902814621963,88.525
2026-02-27T07:00:00Z,79.1338953606707,79.33
2026-02-27T08:00:00Z,49.70628576939885,64.415
2026-02-27T09:00:00Z,19.420851998817483,31.5475
2026-02-27T10:00:00Z,12.588825525341893,0.97
2026-02-27T11:00:00Z,-3.1656044284549214,-0.0125
2026-02-27T12:00:00Z,-3.8851809339895977,-0.01
2026-02-27T13:00:00Z,8.840927317485932,7.7375
2026-02-27T14:00:00Z,35.99834423460717,59.755
2026-02-27T15:00:00Z,81.05373084267879,92.0
2026-02-27T16:00:00Z,111.29230398501042,115.195
2026-02-27T17:00:00Z,113.5311197030919,118.1
2026-02-27T18:00:00Z,105.61566716388666,109.2525
2026-02-27T19:00:00Z,92.3084257355753,100.03
2026-02-27T20:00:00Z,82.27483831584894,90.9625
2026-02-27T21:00:00Z,76.93103243455356,87.51
2026-02-27T22:00:00Z,67.66119694261525,80.0025
2026-02-27T23:00:00Z,66.78220328194564,80.02
2026-02-28T00:00:00Z,61.13686927947134,76.305
2026-02-28T01:00:00Z,58.345927926260224,74.7275
2026-02-28T02:00:00Z,56.77766713016694,71.775
2026-02-28T03:00:00Z,55.684449012562624,71.8925
2026-02-28T04:00:00Z,59.613783232307384,72.25
2026-02-28T05:00:00Z,63.89472252226554,72.9225
2026-02-28T06:00:00Z,68.36528902157748,76.29
2026-02-28T07:00:00Z,55.7781296139988,57.115
2026-02-28T08:00:00Z,31.099460108457397,17.7975
2026-02-28T09:00:00Z,5.491206370022297,-0.01
2026-02-28T10:00:00Z,0.646210759678611,-0.0275
2026-02-28T11:00:00Z,-5.711882437041592,-0.2525
2026-02-28T12:00:00Z,-5.500904732361487,-0.2225
2026-02-28T13:00:00Z,-2.513529457981804,-0.0075
2026-02-28T14:00:00Z,10.051909518688092,14.8625
2026-02-28T15:00:00Z,51.60380424390394,65.6475
2026-02-28T16:00:00Z,70.67086796131,89.935
2026-02-28T17:00:00Z,71.87464252635817,95.1925
2026-02-28T18:00:00Z,67.32798779450575,85.1675
2026-02-28T19:00:00Z,57.924085029371874,69.1175
2026-02-28T20:00:00Z,51.38568685355316,64.6675
2026-02-28T21:00:00Z,50.895233152099316,64.6625
2026-02-28T22:00:00Z,44.08325874703854,60.6725
2026-02-28T23:00:00Z,33.76199324768752,47.6475
2026-03-01T00:00:00Z,31.349155899470738,51.55
2026-03-01T01:00:00Z,36.168057359408905,54.2475
2026-03-01T02:00:00Z,49.141218971869925,57.072500000000005
2026-03-01T03:00:00Z,53.28443709875709,61.085
2026-03-01T04:00:00Z,59.327865343274894,65.18
2026-03-01T05:00:00Z,66.0983879703682,66.00750000000001
2026-03-01T06:00:00Z,74.1858679989146,64.9975
2026-03-01T07:00:00Z,67.34924284361591,52.535
2026-03-01T08:00:00Z,53.10921032642302,19.98
2026-03-01T09:00:00Z,25.39168638476456,0.0
2026-03-01T10:00:00Z,16.994638048054945,-0.025
2026-03-01T11:00:00Z,5.617387968989743,-0.365
2026-03-01T12:00:00Z,2.3979712009481187,-0.7875
2026-03-01T13:00:00Z,13.620126021550975,-0.005
2026-03-01T14:00:00Z,38.09693384675816,25.9525
2026-03-01T15:00:00Z,75.21215499837581,74.84
2026-03-01T16:00:00Z,95.26129564214393,103.76
2026-03-01T17:00:00Z,104.16353464659117,110.2025
2026-03-01T18:00:00Z,95.39073685918142,101.685
2026-03-01T19:00:00Z,87.22979607831532,90.735
2026-03-01T20:00:00Z,79.63975515087837,81.315
2026-03-01T21:00:00Z,75.37643649222807,74.66499999999999
2026-03-01T22:00:00Z,66.28056567197426,68.1475
2026-03-01T23:00:00Z,53.993221429202144,65.13
2026-03-02T00:00:00Z,50.69233163755869,66.94500000000001
2026-03-02T01:00:00Z,55.10673317798959,69.0075
2026-03-02T02:00:00Z,57.9348680663428,69.5675
2026-03-02T03:00:00Z,68.98310280589543,74.03
2026-03-02T04:00:00Z,81.82939661087553,85.03
2026-03-02T05:00:00Z,93.34885222948704,100.1675
2026-03-02T06:00:00Z,111.36577805530932,138.6525
2026-03-02T07:00:00Z,101.63421399235659,124.8625
2026-03-02T08:00:00Z,82.48746648447131,89.4625
2026-03-02T09:00:00Z,61.18525754333527,69.9
2026-03-02T10:00:00Z,30.295304396021315,53.5625
2026-03-02T11:00:00Z,7.72496414991744,29.067500000000003
2026-03-02T12:00:00Z,7.924411034878565,40.2525
2026-03-02T13:00:00Z,36.1651038351696,64.03
2026-03-02T14:00:00Z,75.98699364509619,84.9875
2026-03-02T15:00:00Z,100.31644197429705,109.1525
2026-03-02T16:00:00Z,134.98870869127225,173.5
2026-03-02T17:00:00Z,140.19709173101512,187.995
2026-03-02T18:00:00Z,134.79991034767824,143.61
2026-03-02T19:00:00Z,113.7580334363156,107.685
2026-03-02T20:00:00Z,90.58652716888977,96.4675
2026-03-02T21:00:00Z,87.1968129640496,96.8
2026-03-02T22:00:00Z,85.69491813145314,88.89500000000001
2026-03-02T23:00:00Z,92.53565411048557,89.0625
2026-03-03T00:00:00Z,90.69883923505115,90.1225
2026-03-03T01:00:00Z,90.69883923505115,89.425
2026-03-03T02:00:00Z,90.38787949239278,92.815
2026-03-03T03:00:00Z,93.00691425757012,95.7225
2026-03-03T04:00:00Z,103.37909703683009,103.32
2026-03-03T05:00:00Z,126.3862353678151,136.0475
2026-03-03T06:00:00Z,155.08033857108146,156.3975
2026-03-03T07:00:00Z,139.30295396842072,136.78
2026-03-03T08:00:00Z,118.05674423541741,99.52
2026-03-03T09:00:00Z,91.65606531282825,78.17
2026-03-03T10:00:00Z,60.83712549539999,55.9225
2026-03-03T11:00:00Z,23.561742667674977,32.365
2026-03-03T12:00:00Z,25.51130360607003,35.6625
2026-03-03T13:00:00Z,63.12229796954671,64.14500000000001
2026-03-03T14:00:00Z,92.17196116659537,86.7675
2026-03-03T15:00:00Z,121.30646430796037,114.18
2026-03-03T16:00:00Z,170.7506075579205,158.615
2026-03-03T17:00:00Z,193.8022431635877,204.2575
2026-03-03T18:00:00Z,167.15907195540714,173.37
2026-03-03T19:00:00Z,144.30431054428044,131.725
2026-03-03T20:00:00Z,128.47607867382536,116.18
2026-03-03T21:00:00Z,122.6313941087454,111.32
2026-03-03T22:00:00Z,113.13950581311029,104.695
2026-03-03T23:00:00Z,120.14139100851524,129.01
2026-03-04T00:00:00Z,116.77378623959667,127.8225
2026-03-04T01:00:00Z,114.56335973971143,125.3225
2026-03-04T02:00:00Z,118.19404356111932,124.735
2026-03-04T03:00:00Z,117.78055099681072,128.2025
2026-03-04T04:00:00Z,133.33335753697526,141.16
2026-03-04T05:00:00Z,150.95697834024168,200.2975
2026-03-04T06:00:00Z,166.65911949588778,267.485
2026-03-04T07:00:00Z,151.9303675806922,193.3475
2026-03-04T08:00:00Z,134.63995127161547,150.76
2026-03-04T09:00:00Z,108.76518074171476,110.4175
2026-03-04T10:00:00Z,85.35337337199955,78.2975
2026-03-04T11:00:00Z,35.66916021863408,42.495
2026-03-04T12:00:00Z,31.65064771197566,32.975
2026-03-04T13:00:00Z,62.47987581629581,65.405
2026-03-04T14:00:00Z,98.9215561155069,99.1125
2026-03-04T15:00:00Z,122.2475973198776,137.21
2026-03-04T16:00:00Z,163.0200649726293,244.265
2026-03-04T17:00:00Z,216.90048707634412,310.86
2026-03-04T18:00:00Z,166.80934695582152,239.6275
2026-03-04T19:00:00Z,153.4556023023719,169.86
2026-03-04T20:00:00Z,128.47242285715345,151.8775
2026-03-04T21:00:00Z,119.66763312825914,142.24
2026-03-04T22:00:00Z,114.4443078540453,124.8075
2026-03-04T23:00:00Z,118.49619138807752,116.485
2026-03-05T00:00:00Z,115.78941364248362,109.9325
2026-03-05T01:00:00Z,115.47818933179911,109.2625
2026-03-05T02:00:00Z,115.80316589969124,108.785
2026-03-05T03:00:00Z,118.7319639748722,111.0625
2026-03-05T04:00:00Z,122.65146606352491,126.9325
2026-03-05T05:00:00Z,138.96435455589722,154.3875
2026-03-05T06:00:00Z,167.71139274439426,175.54500000000002
2026-03-05T07:00:00Z,124.92038594758137,139.32999999999998
2026-03-05T08:00:00Z,109.34611477635896,97.0925
2026-03-05T09:00:00Z,68.86442858330484,64.145
2026-03-05T10:00:00Z,19.946292659301612,22.955
2026-03-05T11:00:00Z,4.547640500426543,2.1225
2026-03-05T12:00:00Z,0.5273586252196707,2.825
2026-03-05T13:00:00Z,13.0144640937609,38.835
2026-03-05T14:00:00Z,81.87933642891535,90.0025
2026-03-05T15:00:00Z,122.96186225299846,137.75
2026-03-05T16:00:00Z,175.88987509701772,180.375
2026-03-05T17:00:00Z,176.06821950567556,192.02
2026-03-05T18:00:00Z,139.989009454139,165.0
2026-03-05T19:00:00Z,127.61574216933936,135.245
2026-03-05T20:00:00Z,117.75799551544216,130.59
2026-03-05T21:00:00Z,116.19397719533687,130.1425
2026-03-05T22:00:00Z,113.92478389960804,119.7
2026-03-05T23:00:00Z,101.19562338495987,104.125
2026-03-06T00:00:00Z,105.13528559531558,106.0
2026-03-06T01:00:00Z,112.41256796193213,108.5225
2026-03-06T02:00:00Z,112.98862405441916,109.525
2026-03-06T03:00:00Z,119.02664236240906,115.5
2026-03-06T04:00:00Z,120.73671956529262,129.6575
2026-03-06T05:00:00Z,143.63508184307972,157.285
2026-03-06T06:00:00Z,153.8594156384404,177.025
2026-03-06T07:00:00Z,131.54534466728313,138.2875
2026-03-06T08:00:00Z,107.48490545120733,111.9625
2026-03-06T09:00:00Z,74.9773857552721,96.5
2026-03-06T10:00:00Z,23.991977653672556,66.7125
2026-03-06T11:00:00Z,11.011979575771344,52.64
2026-03-06T12:00:00Z,11.627321677110654,48.6525
2026-03-06T13:00:00Z,34.66446303411621,73.9375
2026-03-06T14:00:00Z,94.48895331724539,107.0675
2026-03-06T15:00:00Z,125.52152727015198,130.39749999999998
2026-03-06T16:00:00Z,177.8018107819782,177.4375
2026-03-06T17:00:00Z,214.84269903254625,229.5525
2026-03-06T18:00:00Z,168.60892155186536,189.765
2026-03-06T19:00:00Z,155.62164122169327,153.11
2026-03-06T20:00:00Z,135.71800355068996,134.1925
2026-03-06T21:00:00Z,126.919345242291,127.245
2026-03-06T22:00:00Z,120.0544664398688,126.075
2026-03-06T23:00:00Z,116.0597229140724,135.1625
2026-03-07T00:00:00Z,118.56156215394917,130.6775
2026-03-07T01:00:00Z,117.82730946042909,125.6725
2026-03-07T02:00:00Z,117.8252349213371,124.39
2026-03-07T03:00:00Z,120.60165614938727,124.7475
2026-03-07T04:00:00Z,122.3837422522917,129.575
2026-03-07T05:00:00Z,129.3028854664277,135.62
2026-03-07T06:00:00Z,127.51020459704408,129.5575
2026-03-07T07:00:00Z,117.38447830804223,112.9025
2026-03-07T08:00:00Z,94.55130844755212,102.7875
2026-03-07T09:00:00Z,44.33272449461626,74.445
2026-03-07T10:00:00Z,11.831743725983662,30.5425
2026-03-07T11:00:00Z,2.5781224907901468,13.03
2026-03-07T12:00:00Z,0.309581990658117,1.4175
2026-03-07T13:00:00Z,13.950326168850017,18.1775
2026-03-07T14:00:00Z,74.58167343490776,83.285
2026-03-07T15:00:00Z,112.30140496542819,126.315
2026-03-07T16:00:00Z,145.92847940042105,147.37
2026-03-07T17:00:00Z,224.1106730123056,180.8725
2026-03-07T18:00:00Z,177.1558979474549,166.725
2026-03-07T19:00:00Z,147.4364379668508,148.1975
2026-03-07T20:00:00Z,126.07284391801113,137.61
2026-03-07T21:00:00Z,119.71426329584403,134.1975
2026-03-07T22:00:00Z,121.25784824007258,130.645
2026-03-07T23:00:00Z,121.5676417008618,135.9925
2026-03-08T00:00:00Z,115.18605443742705,132.7325
2026-03-08T01:00:00Z,115.0440285262407,131.1925
2026-03-08T02:00:00Z,115.69693339719119,130.0925
2026-03-08T03:00:00Z,116.04559476460442,129.335
2026-03-08T04:00:00Z,121.6374815345827,129.635
2026-03-08T05:00:00Z,122.25974017233243,131.0975
2026-03-08T06:00:00Z,121.43911763187937,116.985
2026-03-08T07:00:00Z,116.38367664211692,108.5625
2026-03-08T08:00:00Z,85.14573345580827,90.7175
2026-03-08T09:00:00Z,22.113761089067232,62.94
2026-03-08T10:00:00Z,2.414767202671983,18.0275
2026-03-08T11:00:00Z,-8.36398851738674,8.3325
2026-03-08T12:00:00Z,-10.206807525947513,-0.005
2026-03-08T13:00:00Z,0.7010652391427555,6.48
2026-03-08T14:00:00Z,49.3958665478423,64.25999999999999
2026-03-08T15:00:00Z,112.13597472824445,117.2025
2026-03-08T16:00:00Z,129.58020015728337,146.3125
2026-03-08T17:00:00Z,135.96459227460025,160.26
2026-03-08T18:00:00Z,127.87194152558885,154.0525
2026-03-08T19:00:00Z,122.51453168214232,138.7925
2026-03-08T20:00:00Z,117.18722408890517,127.435
2026-03-08T21:00:00Z,115.90651892158876,121.115
2026-03-08T22:00:00Z,111.74045615926094,113.5725
2026-03-08T23:00:00Z,104.57591012894241,114.0875
2026-03-09T00:00:00Z,105.1106392702759,109.2725
2026-03-09T01:00:00Z,112.47117896227448,109.12
2026-03-09T02:00:00Z,115.0482795193835,110.48
2026-03-09T03:00:00Z,115.62569768012044,116.39
2026-03-09T04:00:00Z,121.36544398538184,136.9975
2026-03-09T05:00:00Z,138.7202312383452,163.925
2026-03-09T06:00:00Z,146.4598465901985,191.58
2026-03-09T07:00:00Z,125.70274508717735,162.605
2026-03-09T08:00:00Z,106.35986011085683,127.0725
2026-03-09T09:00:00Z,75.77059370119488,101.1175
2026-03-09T10:00:00Z,27.30096153832109,81.0475
2026-03-09T11:00:00Z,20.843982772588504,67.69
2026-03-09T12:00:00Z,23.03950996562854,67.2925
2026-03-09T13:00:00Z,61.2958142717712,81.375
2026-03-09T14:00:00Z,96.2171680629261,112.9925
2026-03-09T15:00:00Z,122.65096605885702,143.4375
2026-03-09T16:00:00Z,172.1840337225391,187.025
2026-03-09T17:00:00Z,213.8040275078188,243.9725
2026-03-09T18:00:00Z,205.3679941338792,222.405
2026-03-09T19:00:00Z,178.36328194881443,180.89
2026-03-09T20:00:00Z,156.84712951811542,152.1575
2026-03-09T21:00:00Z,133.66444631227085,143.27
2026-03-09T22:00:00Z,125.03399958579413,132.695
2026-03-09T23:00:00Z,121.37777998002049,138.58
2026-03-10T00:00:00Z,118.02834472176673,130.44
2026-03-10T01:00:00Z,119.13038181707594,127.6125
2026-03-10T02:00:00Z,118.18373359141495,126.9
2026-03-10T03:00:00Z,121.95139837675718,128.48250000000002
2026-03-10T04:00:00Z,140.67107170516837,140.70999999999998
2026-03-10T05:00:00Z,159.01887619852448,168.1025
2026-03-10T06:00:00Z,165.48190684232205,180.17
2026-03-10T07:00:00Z,141.9591458498728,173.32
2026-03-10T08:00:00Z,123.03021286530026,140.53750000000002
2026-03-10T09:00:00Z,93.93518604319544,118.25
2026-03-10T10:00:00Z,42.843296304207676,103.7925
2026-03-10T11:00:00Z,28.23159714438706,91.44
2026-03-10T12:00:00Z,40.173275903114245,97.0375
2026-03-10T13:00:00Z,66.97634786460863,107.165
2026-03-10T14:00:00Z,109.1591523769263,121.4925
2026-03-10T15:00:00Z,132.40928546780256,144.3925
2026-03-10T16:00:00Z,158.52657849495526,179.0025
2026-03-10T17:00:00Z,187.88108879670946,218.2275
2026-03-10T18:00:00Z,179.9580535014649,201.13
2026-03-10T19:00:00Z,152.34309224773725,159.5475
2026-03-10T20:00:00Z,134.5682798637353,139.9675
2026-03-10T21:00:00Z,125.44220259374079,123.255
2026-03-10T22:00:00Z,114.02705722801456,98.5825
2026-03-10T23:00:00Z,94.84490184227221,83.9575
2026-03-11T00:00:00Z,84.50441054802522,70.805
2026-03-11T01:00:00Z,70.70960016771507,65.425
2026-03-11T02:00:00Z,65.10920867312893,63.5725
2026-03-11T03:00:00Z,66.04160044633417,56.0725
2026-03-11T04:00:00Z,69.30023428098116,64.535
2026-03-11T05:00:00Z,87.43115666624733,70.8675
2026-03-11T06:00:00Z,96.62999239023097,80.87
2026-03-11T07:00:00Z,70.03950038280253,75.5025
2026-03-11T08:00:00Z,36.2518221673264,57.945
2026-03-11T09:00:00Z,15.240704179051468,26.2275
2026-03-11T10:00:00Z,1.972974863473408,12.1975
2026-03-11T11:00:00Z,-2.0435882378872856,9.9125
2026-03-11T12:00:00Z,0.16224032621345977,16.1375
2026-03-11T13:00:00Z,14.69167010417357,47.2725
2026-03-11T14:00:00Z,52.229334862110655,79.33
2026-03-11T15:00:00Z,87.8510324416202,104.105
2026-03-11T16:00:00Z,122.3435923363707,128.7775
2026-03-11T17:00:00Z,141.1008708848164,153.13750000000002
2026-03-11T18:00:00Z,141.69560662115535,156.72
2026-03-11T19:00:00Z,127.21322005193899,132.19
2026-03-11T20:00:00Z,117.5618637770726,123.0275
2026-03-11T21:00:00Z,109.26254922844905,119.3025
2026-03-11T22:00:00Z,98.90743754232649,104.0025
2026-03-11T23:00:00Z,84.09993537225328,100.185
2026-03-12T00:00:00Z,80.68755472954463,92.0425
2026-03-12T01:00:00Z,77.27696864353318,88.8125
2026-03-12T02:00:00Z,77.13151536150995,88.61
2026-03-12T03:00:00Z,76.92501639314942,89.6625
2026-03-12T04:00:00Z,89.36024295293969,99.8225
2026-03-12T05:00:00Z,110.63986773028667,130.6675
2026-03-12T06:00:00Z,114.21513609855768,137.14
2026-03-12T07:00:00Z,104.35921615990745,104.805
2026-03-12T08:00:00Z,58.324523748606985,79.9975
2026-03-12T09:00:00Z,10.641089382975727,28.475
2026-03-12T10:00:00Z,0.25289820170585886,0.3425
2026-03-12T11:00:00Z,-5.007752732595153,-1.0925
2026-03-12T12:00:00Z,-5.960535407223412,-2.4925
2026-03-12T13:00:00Z,-2.4054127378044625,-0.9025
2026-03-12T14:00:00Z,4.036669800607104,3.6
2026-03-12T15:00:00Z,43.51222543450816,51.165
2026-03-12T16:00:00Z,82.2735174050016,108.5775
2026-03-12T17:00:00Z,100.45377645125537,114.865
2026-03-12T18:00:00Z,92.40918549812667,105.9975
2026-03-12T19:00:00Z,70.20141839479284,86.57
2026-03-12T20:00:00Z,48.27876815154307,69.79
2026-03-12T21:00:00Z,33.81737949675828,62.555
2026-03-12T22:00:00Z,25.784817273647416,17.9025
2026-03-12T23:00:00Z,24.962309089325036,6.29
2026-03-13T00:00:00Z,16.029497874052346,4.1025
2026-03-13T01:00:00Z,15.999708009020523,2.8875
2026-03-13T02:00:00Z,14.81364750383092,1.1475
2026-03-13T03:00:00Z,13.784181904421828,1.46
2026-03-13T04:00:00Z,24.38503228373201,2.9075
2026-03-13T05:00:00Z,36.68182395307035,8.46
2026-03-13T06:00:00Z,38.814265864120834,19.9375
2026-03-13T07:00:00Z,16.175787529413036,6.415
2026-03-13T08:00:00Z,6.515480494894259,-0.24
2026-03-13T09:00:00Z,-2.0034010961600175,-4.9975
2026-03-13T10:00:00Z,-9.494802469165524,-9.0
2026-03-13T11:00:00Z,-9.11399906082088,-8.3475
2026-03-13T12:00:00Z,-6.319215507677556,-2.5525
2026-03-13T13:00:00Z,4.058444321621906,1.1725
2026-03-13T14:00:00Z,39.36140824568227,47.07
2026-03-13T15:00:00Z,77.22591246657716,101.31
2026-03-13T16:00:00Z,127.73692717854156,141.93
2026-03-13T17:00:00Z,143.48615476841772,161.4925
2026-03-13T18:00:00Z,138.929378564028,165.745
2026-03-13T19:00:00Z,127.54480339872798,145.7225
2026-03-13T20:00:00Z,119.84923213979965,130.335
2026-03-13T21:00:00Z,114.35463976530666,123.4225
2026-03-13T22:00:00Z,105.88713671981324,115.8075
2026-03-13T23:00:00Z,107.39536529806857,112.945
2026-03-14T00:00:00Z,100.5213882590211,109.07
2026-03-14T01:00:00Z,99.36566173493334,103.99
2026-03-14T02:00:00Z,100.19863710212867,101.8625
2026-03-14T03:00:00Z,102.23733384493578,105.115
2026-03-14T04:00:00Z,105.35288683664551,109.0675
2026-03-14T05:00:00Z,110.77392117226418,111.52
2026-03-14T06:00:00Z,115.41069344238149,116.7075
2026-03-14T07:00:00Z,112.79267496641452,121.88
2026-03-14T08:00:00Z,104.99424641932526,116.14
2026-03-14T09:00:00Z,99.55682050661422,107.5225
2026-03-14T10:00:00Z,96.77787592424556,103.525
2026-03-14T11:00:00Z,95.19795464779104,104.195
2026-03-14T12:00:00Z,97.43672336241792,103.43
2026-03-14T13:00:00Z,98.70992634832187,105.6775
2026-03-14T14:00:00Z,100.95501344314664,114.22
2026-03-14T15:00:00Z,120.13445617468993,130.0
2026-03-14T16:00:00Z,144.35808670123777,138.65
2026-03-14T17:00:00Z,154.08031663614466,161.1
2026-03-14T18:00:00Z,153.37234998889997,169.83499999999998
2026-03-14T19:00:00Z,145.6482944797849,150.265
2026-03-14T20:00:00Z,130.17743911819483,137.4525
2026-03-14T21:00:00Z,125.26810227736412,135.2375
2026-03-14T22:00:00Z,124.60882349205536,128.04500000000002
2026-03-14T23:00:00Z,127.24273818492439,137.3425
2026-03-15T00:00:00Z,122.09491385037701,133.73000000000002
2026-03-15T01:00:00Z,121.03287964458873,124.96
2026-03-15T02:00:00Z,128.2311195474613,123.5275
2026-03-15T03:00:00Z,127.39182062958461,122.1775
2026-03-15T04:00:00Z,126.62623390365961,124.12
2026-03-15T05:00:00Z,129.59912771453855,124.3875
2026-03-15T06:00:00Z,116.66073686661636,118.46
2026-03-15T07:00:00Z,117.53361456111114,109.095
2026-03-15T08:00:00Z,111.49025946514939,94.77
2026-03-15T09:00:00Z,104.11749146728069,87.305
2026-03-15T10:00:00Z,90.02554583939026,72.21
2026-03-15T11:00:00Z,85.6988749863878,52.9675
2026-03-15T12:00:00Z,72.74611062903624,36.4575
2026-03-15T13:00:00Z,70.78457855911064,37.1975
2026-03-15T14:00:00Z,93.67733959279383,63.0775
2026-03-15T15:00:00Z,108.47473676740456,89.245
2026-03-15T16:00:00Z,127.24644573290283,127.9125
2026-03-15T17:00:00Z,133.80854611927802,149.115
2026-03-15T18:00:00Z,127.60168944526608,131.87
2026-03-15T19:00:00Z,105.45245372666935,108.4825
2026-03-15T20:00:00Z,83.32592250521047,91.875
2026-03-15T21:00:00Z,70.02089199446938,82.8625
2026-03-15T22:00:00Z,57.14448962907368,64.015
2026-03-15T23:00:00Z,38.14638777049585,34.165
2026-03-16T00:00:00Z,25.6308813698223,23.3275
2026-03-16T01:00:00Z,23.906338238396902,17.59
2026-03-16T02:00:00Z,25.205628658147134,14.1375
2026-03-16T03:00:00Z,31.709180681600056,20.0575
2026-03-16T04:00:00Z,58.666639311559635,37.4275
2026-03-16T05:00:00Z,86.53622476835926,66.19
2026-03-16T06:00:00Z,95.17186639002098,95.5675
2026-03-16T07:00:00Z,91.86693037216449,95.9775
2026-03-16T08:00:00Z,73.81516927027212,73.105
2026-03-16T09:00:00Z,48.773736342431604,42.595
2026-03-16T10:00:00Z,37.580513730494594,17.365000000000002
2026-03-16T11:00:00Z,29.44034393699421,12.035
2026-03-16T12:00:00Z,28.69813517799202,15.88
2026-03-16T13:00:00Z,33.952706779462815,42.1725
2026-03-16T14:00:00Z,52.86760099606289,64.445
2026-03-16T15:00:00Z,99.10852216470984,106.21
2026-03-16T16:00:00Z,135.43351975612396,138.6025
2026-03-16T17:00:00Z,164.83274400382842,165.035
2026-03-16T18:00:00Z,158.55805646915047,179.8875
2026-03-16T19:00:00Z,141.50631386764888,154.785
2026-03-16T20:00:00Z,131.07571547562674,125.7125
2026-03-16T21:00:00Z,125.64520127999526,121.9125
2026-03-16T22:00:00Z,111.85490276740924,99.765
2026-03-16T23:00:00Z,115.43805323614549,113.665
2026-03-17T00:00:00Z,111.48325458275416,105.585
2026-03-17T01:00:00Z,109.5847312475708,106.4225
2026-03-17T02:00:00Z,111.34783982771276,106.5225
2026-03-17T03:00:00Z,116.3727298974427,110.03
2026-03-17T04:00:00Z,123.08508808070015,119.915
2026-03-17T05:00:00Z,140.35024595735487,147.965
2026-03-17T06:00:00Z,142.47756294791188,167.98
2026-03-17T07:00:00Z,135.3472828135085,152.5125
2026-03-17T08:00:00Z,118.79075895681395,124.0725
2026-03-17T09:00:00Z,103.99729297735598,108.64
2026-03-17T10:00:00Z,97.80288755859262,100.65
2026-03-17T11:00:00Z,90.38747109823858,95.2275
2026-03-17T12:00:00Z,89.906369057455,96.765
2026-03-17T13:00:00Z,97.04323424495573,99.325
2026-03-17T14:00:00Z,109.02156248100933,112.1075
2026-03-17T15:00:00Z,128.8657785707631,131.7775
2026-03-17T16:00:00Z,156.14813264322615,162.2025
2026-03-17T17:00:00Z,172.01669909841195,207.2975
2026-03-17T18:00:00Z,160.47236291815065,170.3825
2026-03-17T19:00:00Z,141.9009323906628,144.2375
2026-03-17T20:00:00Z,125.46557995408267,129.79000000000002
2026-03-17T21:00:00Z,110.20852699832774,114.24
2026-03-17T22:00:00Z,96.86376308087412,100.4575
2026-03-17T23:00:00Z,83.2595735401407,89.8
2026-03-18T00:00:00Z,81.0353229535832,86.72749999999999
2026-03-18T01:00:00Z,80.62902695510208,85.685
2026-03-18T02:00:00Z,80.37113175780296,86.8675
2026-03-18T03:00:00Z,87.08710776609323,88.83500000000001
2026-03-18T04:00:00Z,98.11866164280833,100.055
2026-03-18T05:00:00Z,116.52384786929073,130.74
2026-03-18T06:00:00Z,115.74193302138796,133.5925
2026-03-18T07:00:00Z,91.38251777895594,99.9375
2026-03-18T08:00:00Z,53.311975660583265,62.95
2026-03-18T09:00:00Z,14.725106833775582,9.9975
2026-03-18T10:00:00Z,2.479436119327867,-1.62
2026-03-18T11:00:00Z,-1.409695894644459,-2.31
2026-03-18T12:00:00Z,-1.133015909690479,-2.7125
2026-03-18T13:00:00Z,10.252181044013463,0.2224999999999999
2026-03-18T14:00:00Z,50.40545534267509,47.19499999999999
2026-03-18T15:00:00Z,106.69063761869069,107.0325
2026-03-18T16:00:00Z,134.28757502133172,145.2125
2026-03-18T17:00:00Z,200.83998770018803,177.6225
2026-03-18T18:00:00Z,147.81520596403314,170.1975
2026-03-18T19:00:00Z,134.80634690552574,148.49
2026-03-18T20:00:00Z,122.53591595499937,132.0575
2026-03-18T21:00:00Z,115.24908944050235,123.775
2026-03-18T22:00:00Z,110.30288084309113,113.375
2026-03-18T23:00:00Z,105.4640785563521,109.25
2026-03-19T00:00:00Z,103.98727453093501,112.64
2026-03-19T01:00:00Z,105.21627588251643,113.9925
2026-03-19T02:00:00Z,108.01899054860894,115.525
2026-03-19T03:00:00Z,113.639395579079,123.275
2026-03-19T04:00:00Z,119.31475234460352,132.78
2026-03-19T05:00:00Z,146.2105172502713,160.1275
2026-03-19T06:00:00Z,145.28672562761048,158.2425
2026-03-19T07:00:00Z,122.17034453299492,138.6025
2026-03-19T08:00:00Z,102.81705296808809,90.9025
2026-03-19T09:00:00Z,37.29962319068089,55.3
2026-03-19T10:00:00Z,11.198856999012444,7.869999999999999
2026-03-19T11:00:00Z,2.8109166570845114,0.0
2026-03-19T12:00:00Z,6.846618125379617,2.53
2026-03-19T13:00:00Z,23.8174970617959,43.715
2026-03-19T14:00:00Z,80.8180903865214,85.9475
2026-03-19T15:00:00Z,112.48358422455789,120.3475
2026-03-19T16:00:00Z,149.93502004282266,152.175
2026-03-19T17:00:00Z,171.3497018667414,209.2675
2026-03-19T18:00:00Z,166.38622516256748,214.3825
2026-03-19T19:00:00Z,153.42097891698225,163.37
2026-03-19T20:00:00Z,138.21738254983507,149.04000000000002
2026-03-19T21:00:00Z,130.0198293714396,139.55
2026-03-19T22:00:00Z,120.38321756494538,132.2375
2026-03-19T23:00:00Z,116.24491641858236,143.5625
2026-03-20T00:00:00Z,117.88845315553108,137.96
2026-03-20T01:00:00Z,116.8192637619189,135.6425
2026-03-20T02:00:00Z,116.40280119620965,137.475
2026-03-20T03:00:00Z,116.67564041331268,138.905
2026-03-20T04:00:00Z,128.01652845778128,154.59
2026-03-20T05:00:00Z,158.5785414113403,192.295
2026-03-20T06:00:00Z,140.85826010803638,197.6425
2026-03-20T07:00:00Z,132.4147166718291,161.3025
2026-03-20T08:00:00Z,104.75600405058294,132.0075
2026-03-20T09:00:00Z,84.46361960755071,101.085
2026-03-20T10:00:00Z,54.35375953085342,78.4725
2026-03-20T11:00:00Z,34.94766875981011,65.61
2026-03-20T12:00:00Z,37.605581952273,65.61
2026-03-20T13:00:00Z,51.11219377670176,87.4
2026-03-20T14:00:00Z,92.95485659762713,117.155
2026-03-20T15:00:00Z,117.94339746724711,144.675
2026-03-20T16:00:00Z,142.52052279582665,174.8175
2026-03-20T17:00:00Z,190.42226466519048,211.005
2026-03-20T18:00:00Z,188.8331712000218,212.31
2026-03-20T19:00:00Z,159.82186318257087,180.035
2026-03-20T20:00:00Z,145.84009037991342,163.05
2026-03-20T21:00:00Z,136.794298255169,151.8525
2026-03-20T22:00:00Z,123.08578147581393,148.125
2026-03-20T23:00:00Z,125.61209458896232,142.3975
2026-03-21T00:00:00Z,126.94291088427133,138.3425
2026-03-21T01:00:00Z,126.38301575755759,136.085
2026-03-21T02:00:00Z,127.09059349463695,132.0575
2026-03-21T03:00:00Z,127.93757870756531,131.1925
2026-03-21T04:00:00Z,128.96183640346598,137.665
2026-03-21T05:00:00Z,141.87717018397922,142.34
2026-03-21T06:00:00Z,138.53408313501006,139.6625
2026-03-21T07:00:00Z,120.00489698240371,127.265
2026-03-21T08:00:00Z,102.90702603111026,100.5775
2026-03-21T09:00:00Z,71.45142831872171,76.4725
2026-03-21T10:00:00Z,48.374830693344485,45.9
2026-03-21T11:00:00Z,37.71199992224891,23.49
2026-03-21T12:00:00Z,41.88042747306693,24.27
2026-03-21T13:00:00Z,58.977181348195714,62.9275
2026-03-21T14:00:00Z,86.20220344581163,90.0
2026-03-21T15:00:00Z,113.2906911318843,115.665
2026-03-21T16:00:00Z,128.1405003048431,146.025
2026-03-21T17:00:00Z,172.50863034308082,171.6175
2026-03-21T18:00:00Z,153.08734336924044,163.10500000000002
2026-03-21T19:00:00Z,130.81004318425101,141.8275
2026-03-21T20:00:00Z,117.29650199192034,126.875
2026-03-21T21:00:00Z,103.18671855856084,120.2425
2026-03-21T22:00:00Z,99.89272507320159,108.0
2026-03-21T23:00:00Z,91.23613556920768,100.4125
2026-03-22T00:00:00Z,88.76175597494485,95.755
2026-03-22T01:00:00Z,87.61011762338688,94.2025
2026-03-22T02:00:00Z,87.51749631329511,95.26
2026-03-22T03:00:00Z,89.98536903639362,98.5975
2026-03-22T04:00:00Z,89.98536903639362,101.6625
2026-03-22T05:00:00Z,91.73019223578977,100.105
2026-03-22T06:00:00Z,82.32049389851332,84.71
2026-03-22T07:00:00Z,42.565042766231976,41.33
2026-03-22T08:00:00Z,11.224636665781398,6.7725
2026-03-22T09:00:00Z,-16.479798482773333,-0.43
2026-03-22T10:00:00Z,-58.485458255736944,-4.3625
2026-03-22T11:00:00Z,-93.05359885759115,-11.76
2026-03-22T12:00:00Z,-81.43920515140765,-10.31
2026-03-22T13:00:00Z,-32.34912073238272,-2.1775
2026-03-22T14:00:00Z,7.649973376284358,11.25
2026-03-22T15:00:00Z,86.0762199907947,93.1525
2026-03-22T16:00:00Z,125.9424883663931,145.635
2026-03-22T17:00:00Z,147.09213824612075,174.19
2026-03-22T18:00:00Z,142.04421236813877,173.3825
2026-03-22T19:00:00Z,135.80390395803298,164.7325
2026-03-22T20:00:00Z,124.5326341662385,155.3775
2026-03-22T21:00:00Z,122.12748060897589,146.7975
2026-03-22T22:00:00Z,119.36871747647963,143.505
2026-03-22T23:00:00Z,117.66690335526157,131.13750000000002
2026-03-23T00:00:00Z,114.74463842989911,125.9
2026-03-23T01:00:00Z,114.74463842989911,125.16
2026-03-23T02:00:00Z,114.61317690084832,128.5875
2026-03-23T03:00:00Z,114.98840096237514,138.26749999999998
2026-03-23T04:00:00Z,124.95309066939294,155.72
2026-03-23T05:00:00Z,141.64192168236025,182.29
2026-03-23T06:00:00Z,133.59495055779084,186.185
2026-03-23T07:00:00Z,108.94999560090834,147.60500000000002
2026-03-23T08:00:00Z,84.15940446254382,108.0
2026-03-23T09:00:00Z,29.601611245342838,81.4325
2026-03-23T10:00:00Z,9.90854844169011,48.0825
2026-03-23T11:00:00Z,8.566741418182986,49.255
2026-03-23T12:00:00Z,21.67339896372227,74.875
2026-03-23T13:00:00Z,44.895134701544485,94.98
2026-03-23T14:00:00Z,94.14898149120963,114.4525
2026-03-23T15:00:00Z,114.60427627265857,138.5425
2026-03-23T16:00:00Z,150.29071389210324,190.775
2026-03-23T17:00:00Z,177.07695842431767,263.01
2026-03-23T18:00:00Z,196.95518265981056,241.56
2026-03-23T19:00:00Z,169.41923797222353,206.5875
2026-03-23T20:00:00Z,153.64321029750914,177.32
2026-03-23T21:00:00Z,145.5753270113036,155.74
2026-03-23T22:00:00Z,133.12466873261752,140.45
2026-03-23T23:00:00Z,121.13961184961292,141.0625
2026-03-24T00:00:00Z,119.01422117430756,124.3175
2026-03-24T01:00:00Z,112.77560807613557,109.9975
2026-03-24T02:00:00Z,108.63043175939276,101.64
2026-03-24T03:00:00Z,98.4497928092528,100.375
2026-03-24T04:00:00Z,97.91174078928762,100.9725
2026-03-24T05:00:00Z,109.53308356393143,110.8175
2026-03-24T06:00:00Z,100.83646570136152,113.0475
2026-03-24T07:00:00Z,77.28337190125507,97.4575
2026-03-24T08:00:00Z,34.93235185392407,70.905
2026-03-24T09:00:00Z,7.462058316523389,23.7275
2026-03-24T10:00:00Z,-5.024215104978277,1.195
2026-03-24T11:00:00Z,-8.894875634326008,-0.01
2026-03-24T12:00:00Z,-7.027197029939911,-0.02
2026-03-24T13:00:00Z,-2.059872506227348,-0.0025
2026-03-24T14:00:00Z,2.3842898073534435,19.9975
2026-03-24T15:00:00Z,48.59888090669257,77.4325
2026-03-24T16:00:00Z,76.08235238350959,112.84
2026-03-24T17:00:00Z,82.17338497805507,135.8425
2026-03-24T18:00:00Z,76.16660732014515,137.9925
2026-03-24T19:00:00Z,59.10611713104727,101.1
2026-03-24T20:00:00Z,32.0218049406183,74.4975
2026-03-24T21:00:00Z,16.627336210066996,66.1025
2026-03-24T22:00:00Z,8.810560393115829,22.0975
2026-03-24T23:00:00Z,6.9916909043788165,1.81
2026-03-25T00:00:00Z,1.2233015979134632,0.3675
2026-03-25T01:00:00Z,-1.7375579452152545,-0.0025
2026-03-25T02:00:00Z,-2.827886608303246,-0.01
2026-03-25T03:00:00Z,-0.15871954607833008,-0.005
2026-03-25T04:00:00Z,2.1563150510454374,0.365
2026-03-25T05:00:00Z,11.531297368867806,3.6425
2026-03-25T06:00:00Z,17.80621561472766,8.9025
2026-03-25T07:00:00Z,19.478542578699134,0.9075
2026-03-25T08:00:00Z,6.305634418911378,-0.03
2026-03-25T09:00:00Z,5.360921451937635,-0.0275
2026-03-25T10:00:00Z,12.502664141674757,-0.01
2026-03-25T11:00:00Z,12.012624530222249,-0.01
2026-03-25T12:00:00Z,10.130779930990785,-0.01
2026-03-25T13:00:00Z,14.781704740625855,0.0075
2026-03-25T14:00:00Z,16.99311521361104,4.775
2026-03-25T15:00:00Z,41.06080118512734,41.9025
2026-03-25T16:00:00Z,72.12219022559366,98.8375
2026-03-25T17:00:00Z,102.77619795371454,134.82999999999998
2026-03-25T18:00:00Z,105.26041148751219,161.925
2026-03-25T19:00:00Z,98.11080192296029,134.9075
2026-03-25T20:00:00Z,83.30006073148915,114.46
2026-03-25T21:00:00Z,67.43851610490881,108.1
2026-03-25T22:00:00Z,53.56778809863051,88.80250000000001
2026-03-25T23:00:00Z,60.02353000696557,99.6375
2026-03-26T00:00:00Z,50.33493262455742,95.0725
2026-03-26T01:00:00Z,49.25510609850365,91.605
2026-03-26T02:00:00Z,50.380224472388285,94.87
2026-03-26T03:00:00Z,57.258039239019574,97.5775
2026-03-26T04:00:00Z,65.00421016579342,105.2675
2026-03-26T05:00:00Z,80.0339485980789,120.28
2026-03-26T06:00:00Z,87.17593844526931,137.345
2026-03-26T07:00:00Z,70.45934936502336,125.79
2026-03-26T08:00:00Z,39.232377055865676,87.41499999999999
2026-03-26T09:00:00Z,21.011856146681176,41.8525
2026-03-26T10:00:00Z,12.548303896030573,13.74
2026-03-26T11:00:00Z,5.0034569645078495,3.12
2026-03-26T12:00:00Z,7.31563031188152,0.6300000000000001
2026-03-26T13:00:00Z,8.15575134653508,5.9025
2026-03-26T14:00:00Z,22.180266526023637,37.435
2026-03-26T15:00:00Z,44.550423388252604,75.8175
2026-03-26T16:00:00Z,92.61586511690373,115.9225
2026-03-26T17:00:00Z,126.0138133309441,155.4175
2026-03-26T18:00:00Z,134.10097778060543,167.22
2026-03-26T19:00:00Z,126.16682058047274,153.745
2026-03-26T20:00:00Z,106.10498659278704,130.505
2026-03-26T21:00:00Z,105.1847852131641,124.3725
2026-03-26T22:00:00Z,97.29050195525944,115.025
2026-03-26T23:00:00Z,108.46886538711051,119.3925
2026-03-27T00:00:00Z,109.4647606565178,119.5
2026-03-27T01:00:00Z,114.37855604400886,117.3425
2026-03-27T02:00:00Z,120.78948871718497,117.8325
2026-03-27T03:00:00Z,125.615880355183,120.2475
2026-03-27T04:00:00Z,133.36025334710015,136.4625
2026-03-27T05:00:00Z,149.2154961331838,172.63
2026-03-27T06:00:00Z,143.10458615339763,176.395
2026-03-27T07:00:00Z,126.85953458231302,147.5575
2026-03-27T08:00:00Z,94.07915188602404,114.0025
2026-03-27T09:00:00Z,47.793116929161805,87.25999999999999
2026-03-27T10:00:00Z,17.672613238039858,72.81
2026-03-27T11:00:00Z,8.216801858307731,63.31999999999999
2026-03-27T12:00:00Z,10.644426486440599,59.6
2026-03-27T13:00:00Z,18.36852679236497,74.075
2026-03-27T14:00:00Z,60.67104369023453,92.3225
2026-03-27T15:00:00Z,96.75118757027872,103.0825
2026-03-27T16:00:00Z,130.53300595825857,139.05
2026-03-27T17:00:00Z,145.94504115913122,158.9325
2026-03-27T18:00:00Z,140.19312326069132,168.245
2026-03-27T19:00:00Z,133.00091254145818,142.89
2026-03-27T20:00:00Z,125.66765665575608,118.995
2026-03-27T21:00:00Z,112.22877820582697,116.66
2026-03-27T22:00:00Z,101.78246522897035,106.0125
2026-03-27T23:00:00Z,99.4755689419328,95.135
2026-03-28T00:00:00Z,91.33055979300829,92.665
2026-03-28T01:00:00Z,88.6497250424917,89.5475
2026-03-28T02:00:00Z,88.99230161024389,87.2625
2026-03-28T03:00:00Z,88.18356172741058,88.1175
2026-03-28T04:00:00Z,90.5446457148705,91.6125
2026-03-28T05:00:00Z,91.35766427571338,87.92
2026-03-28T06:00:00Z,88.16565777308126,79.185
2026-03-28T07:00:00Z,76.7740106224241,68.3
2026-03-28T08:00:00Z,69.53109317791979,44.9075
2026-03-28T09:00:00Z,54.343515617868775,17.5825
2026-03-28T10:00:00Z,35.96581391647773,7.6425
2026-03-28T11:00:00Z,31.473404082271582,6.695
2026-03-28T12:00:00Z,31.698100347604246,7.8475
2026-03-28T13:00:00Z,54.24507168223894,20.475
2026-03-28T14:00:00Z,83.92868225115542,54.2425
2026-03-28T15:00:00Z,108.30808773783264,81.05250000000001
2026-03-28T16:00:00Z,136.76088098220072,110.34
2026-03-28T17:00:00Z,148.9001547492176,138.925
2026-03-28T18:00:00Z,151.53245827971844,154.07
2026-03-28T19:00:00Z,140.32973053310172,143.9525
2026-03-28T20:00:00Z,126.67228076072472,131.595
2026-03-28T21:00:00Z,120.13553883953264,125.33
2026-03-28T22:00:00Z,110.51957938300899,119.58
2026-03-28T23:00:00Z,107.30934086735401,114.56
2026-03-29T00:00:00Z,102.32450640970364,107.6975
2026-03-29T01:00:00Z,97.14340064740048,101.165
2026-03-29T02:00:00Z,94.58905524949697,105.225
2026-03-29T03:00:00Z,102.61471232038633,104.605
2026-03-29T04:00:00Z,106.5316186502432,109.755
2026-03-29T05:00:00Z,106.22736905134855,115.03
2026-03-29T06:00:00Z,105.39673270083782,114.8425
2026-03-29T07:00:00Z,95.13566437107401,94.3975
2026-03-29T08:00:00Z,69.03291174562901,74.8075
2026-03-29T09:00:00Z,43.36299825206339,44.6975
2026-03-29T10:00:00Z,12.209346710089912,9.73
2026-03-29T11:00:00Z,3.022450603191136,-0.005
2026-03-29T12:00:00Z,-5.389103991225634,-1.785
2026-03-29T13:00:00Z,-4.843247709765681,-2.1
2026-03-29T14:00:00Z,0.6093089961551791,0.8724999999999999
2026-03-29T15:00:00Z,32.387203801688464,33.31
2026-03-29T16:00:00Z,91.27792312741101,89.25999999999999
2026-03-29T17:00:00Z,103.88896583018351,105.6775
2026-03-29T18:00:00Z,93.704360510906,95.18
2026-03-29T19:00:00Z,66.19176370241965,74.8125
2026-03-29T20:00:00Z,51.964129060025215,66.85
2026-03-29T21:00:00Z,28.351349360125127,25.635
2026-03-29T22:00:00Z,19.91533233906839,9.1975
2026-03-29T23:00:00Z,20.996045771110442,2.3000000000000003
2026-03-30T00:00:00Z,21.76468884302887,5.02
2026-03-30T01:00:00Z,25.510509606559143,3.825
2026-03-30T02:00:00Z,26.151310569332864,4.3575
2026-03-30T03:00:00Z,31.709642465812635,18.4225
2026-03-30T04:00:00Z,58.46693616727452,66.87
2026-03-30T05:00:00Z,88.0099499698427,90.3125
2026-03-30T06:00:00Z,96.1331119343732,109.2225
2026-03-30T07:00:00Z,89.88404015149158,96.8375
2026-03-30T08:00:00Z,72.25192191907404,73.8475
2026-03-30T09:00:00Z,46.75331198218941,45.9975
2026-03-30T10:00:00Z,28.141758891218156,23.5875
2026-03-30T11:00:00Z,21.009639678470013,11.4
2026-03-30T12:00:00Z,22.75223277498739,7.5425
2026-03-30T13:00:00Z,28.568116946693927,12.9375
2026-03-30T14:00:00Z,37.16989665863925,35.145
2026-03-30T15:00:00Z,73.01802806484443,77.45
2026-03-30T16:00:00Z,108.82841879611314,104.8275
2026-03-30T17:00:00Z,134.42839918649395,121.6525
2026-03-30T18:00:00Z,124.36087504485631,125.6075
2026-03-30T19:00:00Z,114.36050642491097,126.165
2026-03-30T20:00:00Z,105.35514772256879,121.175
2026-03-30T21:00:00Z,89.96598653132106,108.88
2026-03-30T22:00:00Z,82.77257133062604,109.245
2026-03-30T23:00:00Z,78.933720185726,102.68
2026-03-31T00:00:00Z,66.61233567638551,101.26
2026-03-31T01:00:00Z,75.88620610620413,100.535
2026-03-31T02:00:00Z,76.02063279379783,101.68
2026-03-31T03:00:00Z,81.83905232441248,108.0425
2026-03-31T04:00:00Z,99.62520158237153,137.1975
2026-03-31T05:00:00Z,121.82814954751346,152.125
2026-03-31T06:00:00Z,120.99459488077507,163.79
2026-03-31T07:00:00Z,106.57281817319485,135.555
2026-03-31T08:00:00Z,78.52807153111951,104.255
2026-03-31T09:00:00Z,38.712071462070966,87.35
2026-03-31T10:00:00Z,20.012337672745545,78.67
2026-03-31T11:00:00Z,14.394628001620985,55.225
2026-03-31T12:00:00Z,12.296416945418743,53.4875
2026-03-31T13:00:00Z,12.933464751204523,63.0525
2026-03-31T14:00:00Z,36.573199329230114,82.2175
2026-03-31T15:00:00Z,84.92729341113214,110.9675
2026-03-31T16:00:00Z,124.34796992204157,151.0
2026-03-31T17:00:00Z,144.50130999790136,175.0025
2026-03-31T18:00:00Z,146.55252723843918,176.005
2026-03-31T19:00:00Z,133.91606970268006,171.725
2026-03-31T20:00:00Z,133.04459075854905,158.32999999999998
2026-03-31T21:00:00Z,127.16698746180026,148.475
2026-03-31T22:00:00Z,127.35937734503075,145.51
2026-03-31T23:00:00Z,120.769720234262,129.48749999999998
2026-04-01T00:00:00Z,121.19126505354777,125.345
2026-04-01T01:00:00Z,121.13796018132138,129.4275
2026-04-01T02:00:00Z,124.26257272852028,136.025
2026-04-01T03:00:00Z,133.01616506572495,149.115
2026-04-01T04:00:00Z,187.9026960632727,180.835
2026-04-01T05:00:00Z,190.60444555275254,226.9475
2026-04-01T06:00:00Z,182.18839699561119,199.9775
2026-04-01T07:00:00Z,143.5102522779892,171.515
2026-04-01T08:00:00Z,120.57537963781208,139.8
2026-04-01T09:00:00Z,98.50110846396427,128.0775
2026-04-01T10:00:00Z,72.7116562892179,115.0525
2026-04-01T11:00:00Z,36.59619149338596,93.835
2026-04-01T12:00:00Z,26.491746234829524,86.3325
2026-04-01T13:00:00Z,41.97724356302367,93.8375
2026-04-01T14:00:00Z,81.01388724963228,105.515
2026-04-01T15:00:00Z,118.06651611835498,130.12
2026-04-01T16:00:00Z,142.95562576768174,152.095
2026-04-01T17:00:00Z,176.03650741118867,188.665
2026-04-01T18:00:00Z,175.5651160673837,181.1925
2026-04-01T19:00:00Z,154.2029805254644,165.8225
2026-04-01T20:00:00Z,146.65602612315325,152.8225
2026-04-01T21:00:00Z,131.9811016877701,133.7825
2026-04-01T22:00:00Z,126.38395472392264,127.1725
2026-04-01T23:00:00Z,123.60045716853347,118.995
2026-04-02T00:00:00Z,122.98540580191539,114.13
2026-04-02T01:00:00Z,122.24594082586471,109.185
2026-04-02T02:00:00Z,122.22276705239912,107.41
2026-04-02T03:00:00Z,125.8641407711398,119.2925
2026-04-02T04:00:00Z,147.04518979075326,152.0525
2026-04-02T05:00:00Z,159.687936054741,160.0075
2026-04-02T06:00:00Z,141.86845198867124,157.6575
2026-04-02T07:00:00Z,115.2935818815842,114.2775
2026-04-02T08:00:00Z,79.50997329627741,90.6625
2026-04-02T09:00:00Z,29.835961147212274,74.25
2026-04-02T10:00:00Z,23.10396551325622,59.745000000000005
2026-04-02T11:00:00Z,21.910422895852673,42.455
2026-04-02T12:00:00Z,21.978631252623,52.86
2026-04-02T13:00:00Z,53.2970957200453,73.77
2026-04-02T14:00:00Z,90.33623757491289,92.7575
2026-04-02T15:00:00Z,116.21290761694944,108.81
2026-04-02T16:00:00Z,130.98030899105683,134.385
2026-04-02T17:00:00Z,149.22112120769958,161.84
2026-04-02T18:00:00Z,148.61273977064954,159.635
2026-04-02T19:00:00Z,140.57135691076803,146.5225
2026-04-02T20:00:00Z,131.52772357873295,134.9975
2026-04-02T21:00:00Z,126.56916387848105,123.97
2026-04-02T22:00:00Z,121.40954301966461,133.6
2026-04-02T23:00:00Z,119.01312693673368,121.985
2026-04-03T00:00:00Z,109.92600534870007,119.515
2026-04-03T01:00:00Z,110.395372708478,117.6675
2026-04-03T02:00:00Z,112.02993035539738,120.1825
2026-04-03T03:00:00Z,115.293572009315,123.4025
2026-04-03T04:00:00Z,121.2376399710334,133.125
2026-04-03T05:00:00Z,129.0526304583166,135.8625
2026-04-03T06:00:00Z,112.72317875205562,131.04250000000002
2026-04-03T07:00:00Z,90.75461008403354,113.18
2026-04-03T08:00:00Z,51.24375444353131,85.585
2026-04-03T09:00:00Z,14.687408816104506,52.9575
2026-04-03T10:00:00Z,11.618748514851207,27.01
2026-04-03T11:00:00Z,-2.908666347642977,9.945
2026-04-03T12:00:00Z,-9.953539418463766,1.6525
2026-04-03T13:00:00Z,-4.752142909180663,3.05
2026-04-03T14:00:00Z,1.1039463561630574,23.942500000000003
2026-04-03T15:00:00Z,26.925151358358647,66.7975
2026-04-03T16:00:00Z,65.14842110180267,88.9725
2026-04-03T17:00:00Z,86.03081076096203,99.39
2026-04-03T18:00:00Z,80.20485893507909,96.3375
2026-04-03T19:00:00Z,63.893367161198064,84.2025
2026-04-03T20:00:00Z,43.10850035500272,81.28
2026-04-03T21:00:00Z,20.12052570670944,60.5875
2026-04-03T22:00:00Z,14.85534744434684,9.7275
2026-04-03T23:00:00Z,13.314312249972062,8.955
2026-04-04T00:00:00Z,13.861751575821323,6.4325
2026-04-04T01:00:00Z,13.285393195380493,1.9875
2026-04-04T02:00:00Z,15.070022746503213,6.4025
2026-04-04T03:00:00Z,15.457588086739333,11.735
2026-04-04T04:00:00Z,18.954881902951303,13.3625
2026-04-04T05:00:00Z,29.371880971696406,19.2675
2026-04-04T06:00:00Z,33.56052538104809,16.695
2026-04-04T07:00:00Z,24.830236727456114,6.6
2026-04-04T08:00:00Z,4.274263278505025,1.81
2026-04-04T09:00:00Z,-3.041519241957474,-0.01
2026-04-04T10:00:00Z,-4.638858834125793,-0.2475
2026-04-04T11:00:00Z,-5.148836015794002,-0.035
2026-04-04T12:00:00Z,-5.611080501061682,-0.0175
2026-04-04T13:00:00Z,-0.8979987806350056,0.025
2026-04-04T14:00:00Z,9.268690444907246,10.69
2026-04-04T15:00:00Z,51.74193932111174,62.735
2026-04-04T16:00:00Z,111.47940170255951,109.595
2026-04-04T17:00:00Z,134.1913732011385,149.8725
2026-04-04T18:00:00Z,133.11528074223418,135.74
2026-04-04T19:00:00Z,108.9804874673358,103.8375
2026-04-04T20:00:00Z,81.02893357894126,76.8075
2026-04-04T21:00:00Z,58.33711705157961,41.8325
2026-04-04T22:00:00Z,17.026750388953765,1.0575
2026-04-04T23:00:00Z,6.612348108324039,-0.005
2026-04-05T00:00:00Z,0.3939574018287505,-0.3625
2026-04-05T01:00:00Z,-4.599401781153211,-1.2075
2026-04-05T02:00:00Z,-4.181567719823768,-1.6175
2026-04-05T03:00:00Z,-2.974363675580641,-2.0425
2026-04-05T04:00:00Z,-6.421142691024003,-2.995
2026-04-05T05:00:00Z,-6.10672614244351,-1.29
2026-04-05T06:00:00Z,-9.89258369194043,-2.43
2026-04-05T07:00:00Z,-13.481315749726408,-10.5575
2026-04-05T08:00:00Z,-22.136699418554585,-39.9675
2026-04-05T09:00:00Z,-30.145107099570637,-71.3425
2026-04-05T10:00:00Z,-39.23984576323384,-84.9525
2026-04-05T11:00:00Z,-50.51247464542666,-105.175
2026-04-05T12:00:00Z,-45.29562758546935,-98.705
2026-04-05T13:00:00Z,-45.03742632063817,-66.9075
2026-04-05T14:00:00Z,-28.199180293737836,-29.98
2026-04-05T15:00:00Z,-15.581664789444718,-6.5875
2026-04-05T16:00:00Z,10.841223128115114,-0.1025
2026-04-05T17:00:00Z,26.284570328537836,20.0425
2026-04-05T18:00:00Z,35.19252660656406,33.35
2026-04-05T19:00:00Z,30.12376527247654,30.205
2026-04-05T20:00:00Z,28.118090102171397,30.3775
2026-04-05T21:00:00Z,14.821113677790205,19.0225
2026-04-05T22:00:00Z,14.411348141451594,3.24
2026-04-05T23:00:00Z,15.074663513065106,1.985
2026-04-06T00:00:00Z,17.876597867695942,1.04
2026-04-06T01:00:00Z,18.589096643554047,1.36
2026-04-06T02:00:00Z,17.975894050022305,1.06
2026-04-06T03:00:00Z,27.84242094294686,2.11
2026-04-06T04:00:00Z,30.764019781849164,1.985
2026-04-06T05:00:00Z,35.96594708740951,1.3325
2026-04-06T06:00:00Z,21.93024262937799,-0.9425
2026-04-06T07:00:00Z,5.954615923334355,-11.105
2026-04-06T08:00:00Z,-22.837529460759402,-26.0025
2026-04-06T09:00:00Z,-47.828561959682574,-59.760000000000005
2026-04-06T10:00:00Z,-76.27386529485487,-79.515
2026-04-06T11:00:00Z,-76.43094166184464,-125.6375
2026-04-06T12:00:00Z,-81.35456058155907,-123.535
2026-04-06T13:00:00Z,-63.16951731774996,-84.6175
2026-04-06T14:00:00Z,-29.37811850870088,-28.72
2026-04-06T15:00:00Z,5.275665437909504,-5.609999999999999
2026-04-06T16:00:00Z,57.94318318513653,48.625
2026-04-06T17:00:00Z,102.52708300243073,107.6875
2026-04-06T18:00:00Z,117.03518129487345,116.005
2026-04-06T19:00:00Z,113.96016849199852,109.2225
2026-04-06T20:00:00Z,110.58008297397198,113.8475
2026-04-06T21:00:00Z,106.72297268443425,108.805
2026-04-06T22:00:00Z,105.33991296642438,106.4
2026-04-06T23:00:00Z,101.02588534937001,101.295
2026-04-07T00:00:00Z,94.66459667020078,101.6475
2026-04-07T01:00:00Z,95.89061221902824,102.28
2026-04-07T02:00:00Z,100.33246156219455,105.135
2026-04-07T03:00:00Z,111.92635981488532,117.7675
2026-04-07T04:00:00Z,138.9660269102532,143.9125
2026-04-07T05:00:00Z,147.1980115684879,178.2625
2026-04-07T06:00:00Z,132.86481292593407,127.8575
2026-04-07T07:00:00Z,87.01713640263435,81.8025
2026-04-07T08:00:00Z,19.870202989910926,24.8875
2026-04-07T09:00:00Z,5.951754383521063,-0.0074999999999999
2026-04-07T10:00:00Z,-36.0303892891734,-3.01
2026-04-07T11:00:00Z,-71.87461562967559,-11.2875
2026-04-07T12:00:00Z,-55.61567344011369,-11.23
2026-04-07T13:00:00Z,-13.03576638250531,-4.205
2026-04-07T14:00:00Z,10.776201172106191,3.8
2026-04-07T15:00:00Z,94.4904827651648,79.9025
2026-04-07T16:00:00Z,132.77114312639253,137.995
2026-04-07T17:00:00Z,160.88765860013535,194.0275
2026-04-07T18:00:00Z,160.46297834100898,188.8825
2026-04-07T19:00:00Z,145.1266722300184,144.0025
2026-04-07T20:00:00Z,137.8771306568466,129.01
2026-04-07T21:00:00Z,126.9692424994667,118.2
2026-04-07T22:00:00Z,117.08657249845176,107.17
2026-04-07T23:00:00Z,115.81194021580696,102.21
2026-04-08T00:00:00Z,111.19324565959609,100.82
2026-04-08T01:00:00Z,119.7776314969481,103.4975
2026-04-08T02:00:00Z,126.31824459363534,107.5125
2026-04-08T03:00:00Z,131.94392335392104,116.9275
2026-04-08T04:00:00Z,150.95104073191646,149.79500000000002
2026-04-08T05:00:00Z,152.71163759886173,168.7975
2026-04-08T06:00:00Z,133.05776265221365,138.5075
2026-04-08T07:00:00Z,86.06444602518359,97.45
2026-04-08T08:00:00Z,14.930179717516612,51.12
2026-04-08T09:00:00Z,3.670412466025927,-0.0499999999999998
2026-04-08T10:00:00Z,-46.68131869707657,-18.8275
2026-04-08T11:00:00Z,-65.58793146056375,-32.78
2026-04-08T12:00:00Z,-50.28894821659093,-29.735
2026-04-08T13:00:00Z,-7.671456230462636,-13.155
2026-04-08T14:00:00Z,12.338893189458739,13.3525
2026-04-08T15:00:00Z,90.12818204242689,91.875
2026-04-08T16:00:00Z,131.66841690080264,134.2475
2026-04-08T17:00:00Z,149.13738320985019,170.0075
2026-04-08T18:00:00Z,141.31717505897765,160.5525
2026-04-08T19:00:00Z,131.74227897022223,137.10250000000002
2026-04-08T20:00:00Z,107.97876253842274,121.3925
2026-04-08T21:00:00Z,99.52416968013135,109.475
2026-04-08T22:00:00Z,88.71358763961159,104.8975
2026-04-08T23:00:00Z,86.67355178991653,101.1025
2026-04-09T00:00:00Z,86.99001590641649,101.095
2026-04-09T01:00:00Z,87.61485037809487,101.8625
2026-04-09T02:00:00Z,100.09127790380388,105.1
2026-04-09T03:00:00Z,107.32207926576807,115.8725
2026-04-09T04:00:00Z,128.23242862266662,135.29500000000002
2026-04-09T05:00:00Z,133.28375038147573,146.6
2026-04-09T06:00:00Z,122.10262405640205,128.09
2026-04-09T07:00:00Z,93.04864162846938,99.675
2026-04-09T08:00:00Z,49.5094774134758,54.9975
2026-04-09T09:00:00Z,6.131373052219782,1.2075
2026-04-09T10:00:00Z,1.5554844056787984,-1.03
2026-04-09T11:00:00Z,-4.702751450940997,-7.865
2026-04-09T12:00:00Z,-5.529301435330259,-8.1375
2026-04-09T13:00:00Z,1.0425840837778357,-1.3025
2026-04-09T14:00:00Z,23.498318333718597,27.08
2026-04-09T15:00:00Z,90.14386373595313,82.5275
2026-04-09T16:00:00Z,118.93954200276161,115.355
2026-04-09T17:00:00Z,136.98274208215443,137.1675
2026-04-09T18:00:00Z,134.38384325775007,127.325
2026-04-09T19:00:00Z,110.3754956663827,110.95
2026-04-09T20:00:00Z,94.8157501865444,100.23
2026-04-09T21:00:00Z,80.51615267664842,81.05250000000001
2026-04-09T22:00:00Z,66.55598981536049,81.88
2026-04-09T23:00:00Z,60.32685421193634,79.32
2026-04-10T00:00:00Z,56.32651506817999,78.83
2026-04-10T01:00:00Z,61.29742403249967,78.5525
2026-04-10T02:00:00Z,73.45834433415773,81.1225
2026-04-10T03:00:00Z,76.58013524630529,88.7675
2026-04-10T04:00:00Z,96.41247531049787,112.1575
2026-04-10T05:00:00Z,108.88762401958259,126.4375
2026-04-10T06:00:00Z,124.53704495001598,123.16
2026-04-10T07:00:00Z,114.32621840748543,119.265
2026-04-10T08:00:00Z,96.90552427921439,109.84
2026-04-10T09:00:00Z,81.4676641969567,102.99
2026-04-10T10:00:00Z,68.7218114363524,92.09
2026-04-10T11:00:00Z,56.810916663665644,88.9375
2026-04-10T12:00:00Z,55.80746093999852,87.4
2026-04-10T13:00:00Z,59.615748673003566,94.0175
2026-04-10T14:00:00Z,76.75988274465855,108.78
2026-04-10T15:00:00Z,99.05251346761514,130.1025
2026-04-10T16:00:00Z,122.54074197342875,155.29
2026-04-10T17:00:00Z,162.73580936391286,227.7675
2026-04-10T18:00:00Z,169.18030889246663,245.115
2026-04-10T19:00:00Z,134.198171862188,176.4775
2026-04-10T20:00:00Z,122.54015112349266,149.305
2026-04-10T21:00:00Z,112.85585359676439,131.96
2026-04-10T22:00:00Z,102.79567948158645,134.015
2026-04-10T23:00:00Z,99.59720473096914,120.6325
2026-04-11T00:00:00Z,94.30465932373545,114.3825
2026-04-11T01:00:00Z,91.4809861889706,112.35
2026-04-11T02:00:00Z,86.35823054234909,110.8375
2026-04-11T03:00:00Z,91.83014194815738,108.36
2026-04-11T04:00:00Z,96.44276901434908,106.605
2026-04-11T05:00:00Z,89.65617291593644,93.2375
2026-04-11T06:00:00Z,56.761904611483175,69.61
2026-04-11T07:00:00Z,8.442704471803797,21.57
2026-04-11T08:00:00Z,-6.486440289315113,-0.1574999999999997
2026-04-11T09:00:00Z,-51.73655585946515,-8.307500000000001
2026-04-11T10:00:00Z,-93.47075067851009,-40.2525
2026-04-11T11:00:00Z,-95.89004346538611,-79.965
2026-04-11T12:00:00Z,-95.28956144736337,-77.635
2026-04-11T13:00:00Z,-55.18920177468179,-45.8275
2026-04-11T14:00:00Z,-15.66435517072242,-15.7975
2026-04-11T15:00:00Z,2.541190447384159,-0.7149999999999999
2026-04-11T16:00:00Z,75.8436728638534,43.697500000000005
2026-04-11T17:00:00Z,90.42852810445596,73.8175
2026-04-11T18:00:00Z,85.98548182099763,74.7875
2026-04-11T19:00:00Z,40.159266798796516,65.2325
2026-04-11T20:00:00Z,34.72301221205863,68.6275
2026-04-11T21:00:00Z,34.633782619331825,68.625
2026-04-11T22:00:00Z,49.93649072358856,72.52250000000001
2026-04-11T23:00:00Z,52.7508389354027,76.57249999999999
2026-04-12T00:00:00Z,55.58751481974986,80.4225
2026-04-12T01:00:00Z,60.699419589372916,85.26
2026-04-12T02:00:00Z,72.60408335211586,95.1025
2026-04-12T03:00:00Z,83.08327172880428,98.05
2026-04-12T04:00:00Z,92.40803416379411,98.7
2026-04-12T05:00:00Z,94.71205930605119,94.3175
2026-04-12T06:00:00Z,87.5522537530772,76.10249999999999
2026-04-12T07:00:00Z,80.0070990789995,53.3225
2026-04-12T08:00:00Z,65.50423315252172,30.2325
2026-04-12T09:00:00Z,53.108452831182234,22.415
2026-04-12T10:00:00Z,39.34535761830253,14.975
2026-04-12T11:00:00Z,31.522946045332432,1.97
2026-04-12T12:00:00Z,39.0402789230042,4.625
2026-04-12T13:00:00Z,49.415054777710495,15.905
2026-04-12T14:00:00Z,76.81978676014946,67.55
2026-04-12T15:00:00Z,94.27291438442803,110.1775
2026-04-12T16:00:00Z,113.7759578438918,135.3875
2026-04-12T17:00:00Z,127.13433153503767,144.765
2026-04-12T18:00:00Z,129.22432887988575,146.8025
2026-04-12T19:00:00Z,118.17555528756589,136.73250000000002
2026-04-12T20:00:00Z,105.25556362713968,130.6075
2026-04-12T21:00:00Z,100.9568795017401,121.0175
2026-04-12T22:00:00Z,97.60143496874531,116.5425
2026-04-12T23:00:00Z,93.70682713736113,109.795
2026-04-13T00:00:00Z,91.42494712631407,107.315
2026-04-13T01:00:00Z,92.11909648459739,107.59
2026-04-13T02:00:00Z,96.2127387551334,110.02
2026-04-13T03:00:00Z,102.84562072234058,119.0725
2026-04-13T04:00:00Z,118.10403223609201,136.115
2026-04-13T05:00:00Z,128.34593985922385,145.12
2026-04-13T06:00:00Z,130.58082705745088,173.88
2026-04-13T07:00:00Z,109.63307641496058,160.965
2026-04-13T08:00:00Z,99.30322718583385,138.63
2026-04-13T09:00:00Z,89.59848696983612,116.0
2026-04-13T10:00:00Z,82.94335654365781,104.735
2026-04-13T11:00:00Z,78.36167097502256,97.3925
2026-04-13T12:00:00Z,78.47581553458468,101.695
2026-04-13T13:00:00Z,82.40295401857598,104.6375
2026-04-13T14:00:00Z,88.72360864880706,114.5975
2026-04-13T15:00:00Z,107.82722438932907,130.3775
2026-04-13T16:00:00Z,125.93644893177557,148.2
2026-04-13T17:00:00Z,140.8915974699878,164.5225
2026-04-13T18:00:00Z,139.12265580660278,156.61
2026-04-13T19:00:00Z,121.64328707228316,139.0475
2026-04-13T20:00:00Z,117.75518357326474,129.76
2026-04-13T21:00:00Z,112.78015692728158,122.6275
2026-04-13T22:00:00Z,115.01451103841106,116.0625
2026-04-13T23:00:00Z,111.87141072398131,113.665
2026-04-14T00:00:00Z,109.14594833732681,114.99
2026-04-14T01:00:00Z,109.54592934824976,113.385
2026-04-14T02:00:00Z,112.90138651285547,114.68
2026-04-14T03:00:00Z,119.43391674502682,118.1475
2026-04-14T04:00:00Z,133.6815430797755,138.72
2026-04-14T05:00:00Z,144.34651534222155,163.0225
2026-04-14T06:00:00Z,143.13073726270923,164.495
2026-04-14T07:00:00Z,134.59944789531866,144.32999999999998
2026-04-14T08:00:00Z,123.3660078183869,128.82999999999998
2026-04-14T09:00:00Z,105.80286428356719,117.3325
2026-04-14T10:00:00Z,97.77442761633138,109.5075
2026-04-14T11:00:00Z,92.20297165620934,104.7
2026-04-14T12:00:00Z,92.82772744386223,108.91
2026-04-14T13:00:00Z,99.56673563159427,115.5675
2026-04-14T14:00:00Z,109.87406289990503,121.695
2026-04-14T15:00:00Z,120.49339350429713,137.4375
2026-04-14T16:00:00Z,143.05755695938248,160.015
2026-04-14T17:00:00Z,158.91305350711255,224.7525
2026-04-14T18:00:00Z,163.62805352480126,234.2775
2026-04-14T19:00:00Z,154.32651313717696,165.9475
2026-04-14T20:00:00Z,136.62320633647295,148.2575
2026-04-14T21:00:00Z,122.95260956251794,135.37
2026-04-14T22:00:00Z,114.49996965124024,121.6
2026-04-14T23:00:00Z,110.0846527501029,116.4575
2026-04-15T00:00:00Z,108.63836123764065,111.7675
2026-04-15T01:00:00Z,107.31612385937564,110.0175
2026-04-15T02:00:00Z,111.10873444299192,110.8425
2026-04-15T03:00:00Z,116.97752361454957,123.18
2026-04-15T04:00:00Z,148.11817890328933,148.44
2026-04-15T05:00:00Z,157.13681508812414,159.5525
2026-04-15T06:00:00Z,135.8102203933789,140.1
2026-04-15T07:00:00Z,107.42761037709653,116.32
2026-04-15T08:00:00Z,82.43212590094778,100.8025
2026-04-15T09:00:00Z,40.31306283624441,78.94
2026-04-15T10:00:00Z,26.97403178299189,58.3175
2026-04-15T11:00:00Z,27.34936538836051,50.2325
2026-04-15T12:00:00Z,34.10008465136374,67.25750000000001
2026-04-15T13:00:00Z,68.77110181645905,81.4925
2026-04-15T14:00:00Z,95.37302327695481,99.255
2026-04-15T15:00:00Z,117.15414121442382,124.84
2026-04-15T16:00:00Z,145.41257310427238,141.9
2026-04-15T17:00:00Z,194.30921488799402,180.07999999999998
2026-04-15T18:00:00Z,186.34676250318248,180.8
2026-04-15T19:00:00Z,147.34857645606118,148.07999999999998
2026-04-15T20:00:00Z,130.3051716260865,132.685
2026-04-15T21:00:00Z,118.63166282033475,117.77
2026-04-15T22:00:00Z,109.73007654405971,106.215
2026-04-15T23:00:00Z,103.86158388093239,101.3975
2026-04-16T00:00:00Z,99.98680396123625,99.595
2026-04-16T01:00:00Z,98.6694404697861,98.365
2026-04-16T02:00:00Z,101.25036271956635,100.9025
2026-04-16T03:00:00Z,112.47816338090729,110.605
2026-04-16T04:00:00Z,135.7639828762255,139.475
2026-04-16T05:00:00Z,147.61818518591923,145.02249999999998
2026-04-16T06:00:00Z,137.4006195272577,133.635
2026-04-16T07:00:00Z,107.12211822664723,110.195
2026-04-16T08:00:00Z,79.69841827605984,96.3525
2026-04-16T09:00:00Z,46.44067853496498,75.6725
2026-04-16T10:00:00Z,21.264237621965965,60.5125
2026-04-16T11:00:00Z,12.257505421505263,45.7675
2026-04-16T12:00:00Z,14.424982956252896,53.9725
2026-04-16T13:00:00Z,35.155375392802576,70.87
2026-04-16T14:00:00Z,73.63643536263488,89.7575
2026-04-16T15:00:00Z,101.92148425488799,111.555
2026-04-16T16:00:00Z,136.53329228750465,131.145
2026-04-16T17:00:00Z,171.04777553116335,166.9275
2026-04-16T18:00:00Z,174.13185330575675,187.3175
2026-04-16T19:00:00Z,155.99388235245868,155.01
2026-04-16T20:00:00Z,137.16659937554928,138.76
2026-04-16T21:00:00Z,120.28196923095719,127.3625
2026-04-16T22:00:00Z,111.37035937472675,121.7725
2026-04-16T23:00:00Z,106.65686367136327,115.5225
2026-04-17T00:00:00Z,103.05971171248281,112.5325
2026-04-17T01:00:00Z,100.92915114006856,108.5125
2026-04-17T02:00:00Z,100.31778179053549,111.4675
2026-04-17T03:00:00Z,111.84028056747873,120.1925
2026-04-17T04:00:00Z,144.375059219295,146.5675
2026-04-17T05:00:00Z,143.65105980384214,148.555
2026-04-17T06:00:00Z,122.83264120579793,127.1575
2026-04-17T07:00:00Z,95.015779094333,101.9025
2026-04-17T08:00:00Z,56.04280165955513,90.7825
2026-04-17T09:00:00Z,24.576463352501168,57.88
2026-04-17T10:00:00Z,12.769221419327621,30.87
2026-04-17T11:00:00Z,12.020706136423179,26.445
2026-04-17T12:00:00Z,12.761766013887945,31.3725
2026-04-17T13:00:00Z,32.48658895710747,59.9975
2026-04-17T14:00:00Z,72.62226830360167,81.82
2026-04-17T15:00:00Z,107.11654269972011,102.31
2026-04-17T16:00:00Z,131.18725772938924,126.755
2026-04-17T17:00:00Z,166.4636135848764,157.405
2026-04-17T18:00:00Z,169.07597903186456,157.1125
2026-04-17T19:00:00Z,144.85968884385622,138.0075
2026-04-17T20:00:00Z,131.92261555789625,123.93
2026-04-17T21:00:00Z,117.3552145903739,112.71
2026-04-17T22:00:00Z,114.30062608307146,116.245
2026-04-17T23:00:00Z,105.63252782345756,110.8775
2026-04-18T00:00:00Z,102.30230176893494,109.6625
2026-04-18T01:00:00Z,102.08861482804812,107.695
2026-04-18T02:00:00Z,105.45603743290967,108.8725
2026-04-18T03:00:00Z,111.28892894596805,110.905
2026-04-18T04:00:00Z,117.12828309099847,110.83
2026-04-18T05:00:00Z,111.27999133214124,105.7425
2026-04-18T06:00:00Z,102.25684294536204,92.2875
2026-04-18T07:00:00Z,72.7125877875869,75.1275
2026-04-18T08:00:00Z,23.577796672992022,39.5675
2026-04-18T09:00:00Z,13.803705926139408,3.94
2026-04-18T10:00:00Z,1.0761136465671433,-3.3825000000000003
2026-04-18T11:00:00Z,0.5353822136765956,-4.08
2026-04-18T12:00:00Z,3.059146252663321,-0.1
2026-04-18T13:00:00Z,15.725725747212877,18.8975
2026-04-18T14:00:00Z,51.81172787692579,44.8875
2026-04-18T15:00:00Z,90.79735721819002,90.805
2026-04-18T16:00:00Z,117.48834959016966,119.595
2026-04-18T17:00:00Z,134.4998877094416,131.54
2026-04-18T18:00:00Z,138.59129079785538,144.89
2026-04-18T19:00:00Z,127.3447826288436,140.29500000000002
2026-04-18T20:00:00Z,117.52331444595164,129.9925
2026-04-18T21:00:00Z,108.03208836827942,125.0
2026-04-18T22:00:00Z,111.22542469977928,116.56
2026-04-18T23:00:00Z,106.67831797848066,109.95
2026-04-19T00:00:00Z,101.34275523238689,109.205
2026-04-19T01:00:00Z,101.65646627093611,106.3225
2026-04-19T02:00:00Z,101.71923148000954,105.415
2026-04-19T03:00:00Z,101.51379159848392,106.55
2026-04-19T04:00:00Z,102.3093222897387,104.7825
2026-04-19T05:00:00Z,100.09031814559872,100.0325
2026-04-19T06:00:00Z,95.37896111438552,96.63
2026-04-19T07:00:00Z,83.06852297093036,93.8425
2026-04-19T08:00:00Z,71.16890053263714,71.385
2026-04-19T09:00:00Z,43.85231366904542,31.985
2026-04-19T10:00:00Z,22.347462670631515,5.735
2026-04-19T11:00:00Z,6.996168366591047,-0.8475
2026-04-19T12:00:00Z,0.22586176174551795,-3.005
2026-04-19T13:00:00Z,-0.14614402548871647,-2.255
2026-04-19T14:00:00Z,7.699945240918716,16.02
2026-04-19T15:00:00Z,51.18829056974001,73.7575
2026-04-19T16:00:00Z,88.10567516625825,103.855
2026-04-19T17:00:00Z,110.29475112043627,117.3525
2026-04-19T18:00:00Z,127.3325744422565,124.1125
2026-04-19T19:00:00Z,118.30653177126729,121.5475
2026-04-19T20:00:00Z,115.22819240961722,119.3625
2026-04-19T21:00:00Z,109.1585629392756,111.2325
2026-04-19T22:00:00Z,89.24097324547876,106.3075
2026-04-19T23:00:00Z,80.61351220684524,101.1125
2026-04-20T00:00:00Z,78.4471413225447,99.0125
2026-04-20T01:00:00Z,79.13869050156113,99.04
2026-04-20T02:00:00Z,84.58400688336697,102.3025
2026-04-20T03:00:00Z,99.3089942903509,111.6
2026-04-20T04:00:00Z,117.87948920600172,129.385
2026-04-20T05:00:00Z,126.46632978166984,142.2075
2026-04-20T06:00:00Z,119.14846535349032,134.32
2026-04-20T07:00:00Z,97.35781719735836,110.015
2026-04-20T08:00:00Z,67.3295584141948,90.1975
2026-04-20T09:00:00Z,44.32581380241286,75.88749999999999
2026-04-20T10:00:00Z,30.973711188793583,51.182500000000005
2026-04-20T11:00:00Z,15.608544134088076,32.595
2026-04-20T12:00:00Z,14.050203669485695,29.57
2026-04-20T13:00:00Z,19.564882493430492,46.475
2026-04-20T14:00:00Z,41.37619588713241,78.325
2026-04-20T15:00:00Z,81.36259448127771,97.245
2026-04-20T16:00:00Z,105.1236633263656,112.91
2026-04-20T17:00:00Z,128.7973690414416,123.4075
2026-04-20T18:00:00Z,133.35096845614035,127.18
2026-04-20T19:00:00Z,117.57521755358957,121.94
2026-04-20T20:00:00Z,110.51281012151745,115.9725
2026-04-20T21:00:00Z,98.77140388271829,106.7925
2026-04-20T22:00:00Z,89.27167384538598,99.0
2026-04-20T23:00:00Z,89.15725487093107,98.6425
2026-04-21T00:00:00Z,86.59814739469843,98.3725
2026-04-21T01:00:00Z,91.7719936682182,99.075
2026-04-21T02:00:00Z,96.2168061236537,100.19
2026-04-21T03:00:00Z,104.32204245867821,108.4475
2026-04-21T04:00:00Z,123.4671445396252,127.085
2026-04-21T05:00:00Z,132.94398576760886,135.3275
2026-04-21T06:00:00Z,118.57277861742912,118.9475
2026-04-21T07:00:00Z,91.32316317266692,97.305
2026-04-21T08:00:00Z,42.64158901471456,59.895
2026-04-21T09:00:00Z,26.202894733753343,19.602500000000003
2026-04-21T10:00:00Z,14.297930772977045,-0.0974999999999999
2026-04-21T11:00:00Z,6.134326189218556,-1.7525
2026-04-21T12:00:00Z,8.254380709988789,-3.7
2026-04-21T13:00:00Z,16.906381175773582,-1.8625
2026-04-21T14:00:00Z,45.75547925263383,14.535
2026-04-21T15:00:00Z,89.75799383272866,69.83
2026-04-21T16:00:00Z,125.93433004878737,102.645
2026-04-21T17:00:00Z,147.28274553445044,134.11
2026-04-21T18:00:00Z,149.9954096284996,144.775
2026-04-21T19:00:00Z,133.09480062744535,129.62
2026-04-21T20:00:00Z,128.38833356617582,119.845
2026-04-21T21:00:00Z,118.73851395783663,111.8725
2026-04-21T22:00:00Z,107.52676164182252,107.095
2026-04-21T23:00:00Z,102.94967222033453,104.11
2026-04-22T00:00:00Z,101.48477099676248,104.2
2026-04-22T01:00:00Z,106.62480014381042,104.8475
2026-04-22T02:00:00Z,107.54534924729516,109.6925
2026-04-22T03:00:00Z,112.36309548142249,121.2325
2026-04-22T04:00:00Z,137.32290408485594,139.8425
2026-04-22T05:00:00Z,130.41395148375423,134.7975
2026-04-22T06:00:00Z,109.9631196356977,113.865
2026-04-22T07:00:00Z,49.4646228731543,79.555
2026-04-22T08:00:00Z,16.443281864338356,20.155
2026-04-22T09:00:00Z,-8.973889609517437,-2.42
2026-04-22T10:00:00Z,-60.71707154523624,-8.8325
2026-04-22T11:00:00Z,-62.99974640646913,-20.985
2026-04-22T12:00:00Z,-62.73554297901843,-19.0
2026-04-22T13:00:00Z,-45.123293027432084,-4.92
2026-04-22T14:00:00Z,2.9631817828106133,-0.0099999999999998
2026-04-22T15:00:00Z,64.07016299009221,57.405
2026-04-22T16:00:00Z,119.05667206892358,105.2975
2026-04-22T17:00:00Z,142.75608371618847,140.1175
2026-04-22T18:00:00Z,150.02526440229255,153.91
2026-04-22T19:00:00Z,131.9359479961452,128.51
2026-04-22T20:00:00Z,123.43057737744951,114.45
2026-04-22T21:00:00Z,105.61095867541397,105.0775
2026-04-22T22:00:00Z,99.17350353548294,100.14
2026-04-22T23:00:00Z,97.07703569743437,97.625
2026-04-23T00:00:00Z,86.56365058806803,96.735
2026-04-23T01:00:00Z,86.53863501829821,96.2075
2026-04-23T02:00:00Z,87.93056290471964,95.85
2026-04-23T03:00:00Z,98.5220633674325,104.16
2026-04-23T04:00:00Z,117.2371116909255,119.0
2026-04-23T05:00:00Z,118.393621748215,119.4
2026-04-23T06:00:00Z,96.66450613410235,109.6975
2026-04-23T07:00:00Z,42.2242197200905,63.2925
2026-04-23T08:00:00Z,4.00511013128676,-0.5625
2026-04-23T09:00:00Z,-34.7154887009808,-6.175
2026-04-23T10:00:00Z,-85.94721176909341,-29.0075
2026-04-23T11:00:00Z,-87.61420926390497,-49.56
2026-04-23T12:00:00Z,-87.61420926390497,-48.8625
2026-04-23T13:00:00Z,-51.281804542332054,-22.89
2026-04-23T14:00:00Z,-6.985335733129434,-1.93
2026-04-23T15:00:00Z,16.461972955355222,21.9675
2026-04-23T16:00:00Z,84.81367598593695,93.5725
2026-04-23T17:00:00Z,111.13802340168233,121.5
2026-04-23T18:00:00Z,120.25738596772403,136.955
2026-04-23T19:00:00Z,110.71530713071742,116.2875
2026-04-23T20:00:00Z,102.19877882531284,108.235
2026-04-23T21:00:00Z,93.24508669544747,99.4575
2026-04-23T22:00:00Z,89.34641592980672,102.455
2026-04-23T23:00:00Z,79.68135584968877,100.13
2026-04-24T00:00:00Z,74.68694447251465,100.71
2026-04-24T01:00:00Z,81.94455649966783,101.69
2026-04-24T02:00:00Z,90.41100246309794,105.3575
2026-04-24T03:00:00Z,99.9177769898327,116.305
2026-04-24T04:00:00Z,119.23310645652688,131.8725
2026-04-24T05:00:00Z,125.4498925472517,137.9875
2026-04-24T06:00:00Z,106.7164028309627,117.685
2026-04-24T07:00:00Z,69.5704735614274,80.905
2026-04-24T08:00:00Z,13.669659010130117,19.5725
2026-04-24T09:00:00Z,1.5682330715622836,-0.035
2026-04-24T10:00:00Z,-22.421372137984648,-6.9075
2026-04-24T11:00:00Z,-49.41007792092245,-26.14
2026-04-24T12:00:00Z,-48.75339259993884,-30.0025
2026-04-24T13:00:00Z,-22.921406565959444,-16.555
2026-04-24T14:00:00Z,-3.2209434094484557,-1.6124999999999998
2026-04-24T15:00:00Z,24.99411280696724,50.9075
2026-04-24T16:00:00Z,93.72436785573247,104.8175
2026-04-24T17:00:00Z,125.90378004724047,133.81
2026-04-24T18:00:00Z,138.58668405372916,137.34
2026-04-24T19:00:00Z,118.32499010467835,131.025
2026-04-24T20:00:00Z,110.81864528596793,121.8775
2026-04-24T21:00:00Z,104.6673836958944,113.4425
2026-04-24T22:00:00Z,94.79998518095078,100.625
2026-04-24T23:00:00Z,91.43928187752789,95.54
2026-04-25T00:00:00Z,84.1733178251397,95.12
2026-04-25T01:00:00Z,76.39569651106203,95.1575
2026-04-25T02:00:00Z,78.50726865873531,88.4575
2026-04-25T03:00:00Z,78.39496654643155,88.03
2026-04-25T04:00:00Z,76.01660530037012,83.1825
2026-04-25T05:00:00Z,77.35704533239414,71.3625
2026-04-25T06:00:00Z,47.06354267854568,20.035
2026-04-25T07:00:00Z,24.86442384294163,-0.0424999999999999
2026-04-25T08:00:00Z,-8.989431947663899,-7.27
2026-04-25T09:00:00Z,-69.88626600691327,-42.1425
2026-04-25T10:00:00Z,-82.85338707610505,-100.5125
2026-04-25T11:00:00Z,-88.33348108538311,-176.4425
2026-04-25T12:00:00Z,-90.8397195537172,-190.865
2026-04-25T13:00:00Z,-85.48766010203975,-133.8025
2026-04-25T14:00:00Z,-33.56112280355924,-53.975
2026-04-25T15:00:00Z,5.743339132635076,-5.245
2026-04-25T16:00:00Z,44.09912836615745,4.615
2026-04-25T17:00:00Z,83.59332608484533,65.19749999999999
2026-04-25T18:00:00Z,92.00533794178571,75.42
2026-04-25T19:00:00Z,81.52641394741171,72.005
2026-04-25T20:00:00Z,60.102437379559824,72.6775
2026-04-25T21:00:00Z,50.15718372228437,69.97999999999999
2026-04-25T22:00:00Z,60.652453961642266,79.44
2026-04-25T23:00:00Z,69.9171792635494,83.595
2026-04-26T00:00:00Z,73.17192796038833,87.1
2026-04-26T01:00:00Z,74.1586627437402,90.4875
2026-04-26T02:00:00Z,90.86655398894025,94.1525
2026-04-26T03:00:00Z,100.03630849274981,98.64
2026-04-26T04:00:00Z,100.88798596122473,94.185
2026-04-26T05:00:00Z,92.92007380848547,83.1525
2026-04-26T06:00:00Z,49.491756803400996,54.3125
2026-04-26T07:00:00Z,4.427141814527722,-0.01
2026-04-26T08:00:00Z,-44.01949015798837,-28.185
2026-04-26T09:00:00Z,-84.17539418945873,-127.365
2026-04-26T10:00:00Z,-89.51081663552826,-259.96000000000004
2026-04-26T11:00:00Z,-111.45621870741567,-413.77
2026-04-26T12:00:00Z,-90.0683460250041,-413.245
2026-04-26T13:00:00Z,-80.48809916024314,-235.8925
2026-04-26T14:00:00Z,-14.80015219084207,-37.305
2026-04-26T15:00:00Z,49.15608707885385,11.177499999999998
2026-04-26T16:00:00Z,127.65889911582634,113.0975
2026-04-26T17:00:00Z,153.59733730943572,150.2875
2026-04-26T18:00:00Z,173.7529339732301,157.815
2026-04-26T19:00:00Z,149.68431882989137,140.6525
2026-04-26T20:00:00Z,128.40174208623068,126.4075
2026-04-26T21:00:00Z,117.35212963405755,122.875
2026-04-26T22:00:00Z,106.87480881285529,118.4475
2026-04-26T23:00:00Z,101.40760416371964,113.03
2026-04-27T00:00:00Z,107.42464801556466,112.71
2026-04-27T01:00:00Z,107.64841740162272,112.825
2026-04-27T02:00:00Z,111.5614565344079,116.74
2026-04-27T03:00:00Z,127.33262012870118,125.6675
2026-04-27T04:00:00Z,149.1710377163295,165.5675
2026-04-27T05:00:00Z,147.50613894503726,153.69
2026-04-27T06:00:00Z,135.4749248097168,126.5475
2026-04-27T07:00:00Z,92.70567714135422,92.5275
2026-04-27T08:00:00Z,31.636173850084916,59.1425
2026-04-27T09:00:00Z,10.778787757144174,4.14
2026-04-27T10:00:00Z,-0.12005043652886394,-0.0975
2026-04-27T11:00:00Z,-10.329195558784754,-0.83
2026-04-27T12:00:00Z,0.9218470989081661,-0.1625
2026-04-27T13:00:00Z,13.08176798768864,5.1425
2026-04-27T14:00:00Z,61.6534172568391,68.66499999999999
2026-04-27T15:00:00Z,99.33892061535005,107.185
2026-04-27T16:00:00Z,128.70268974781456,129.8525
2026-04-27T17:00:00Z,154.96202339988534,172.3
2026-04-27T18:00:00Z,159.59363192757345,188.1175
2026-04-27T19:00:00Z,138.9171486753329,148.46
2026-04-27T20:00:00Z,123.54132087770871,125.6475
2026-04-27T21:00:00Z,115.43160958467017,115.2025
2026-04-27T22:00:00Z,102.67934429000287,112.66
2026-04-27T23:00:00Z,99.4652525862961,106.9025
2026-04-28T00:00:00Z,99.71518553410361,102.98
2026-04-28T01:00:00Z,100.0970747171194,102.83
2026-04-28T02:00:00Z,101.71459244165048,105.2775
2026-04-28T03:00:00Z,113.5360759793522,111.835
2026-04-28T04:00:00Z,123.11695884789798,122.1
2026-04-28T05:00:00Z,125.15114783826017,121.43
2026-04-28T06:00:00Z,106.56336509312463,112.315
2026-04-28T07:00:00Z,79.67581004933261,79.7775
2026-04-28T08:00:00Z,14.974048092146381,21.815
2026-04-28T09:00:00Z,-6.330427832457127,-1.085
2026-04-28T10:00:00Z,-28.34482037725582,-14.0425
2026-04-28T11:00:00Z,-43.79979602958042,-29.0
2026-04-28T12:00:00Z,-45.47170320168348,-29.0075
2026-04-28T13:00:00Z,-14.088592928307888,-17.33
2026-04-28T14:00:00Z,9.638722433327267,-4.655
2026-04-28T15:00:00Z,45.71143582427409,33.315
2026-04-28T16:00:00Z,91.4180755064079,90.1
2026-04-28T17:00:00Z,115.7891506895891,117.4
2026-04-28T18:00:00Z,128.9539832573936,120.9725
2026-04-28T19:00:00Z,110.64145111728848,115.8275
2026-04-28T20:00:00Z,101.4766503653945,111.295
2026-04-28T21:00:00Z,94.77493418994096,101.77
2026-04-28T22:00:00Z,88.13756322816937,98.2075
2026-04-28T23:00:00Z,86.58680279589471,96.725
2026-04-29T00:00:00Z,86.42179897150228,97.9175
2026-04-29T01:00:00Z,92.49190245838605,98.5275
2026-04-29T02:00:00Z,98.55221727882153,100.65
2026-04-29T03:00:00Z,109.5270796290591,107.905
2026-04-29T04:00:00Z,127.13747109796903,139.7975
2026-04-29T05:00:00Z,129.99383097844205,126.8475
2026-04-29T06:00:00Z,101.30156107502002,112.365
2026-04-29T07:00:00Z,48.988296821554925,66.42
2026-04-29T08:00:00Z,2.5042761878588133,-1.0775
2026-04-29T09:00:00Z,-31.0719673449057,-11.5675
2026-04-29T10:00:00Z,-55.52465853319838,-33.765
2026-04-29T11:00:00Z,-85.86406059666221,-60.3625
2026-04-29T12:00:00Z,-71.43416811630854,-55.4325
2026-04-29T13:00:00Z,-33.24489642144144,-36.22
2026-04-29T14:00:00Z,-3.4563600324868125,-11.25
2026-04-29T15:00:00Z,33.03863398197648,19.645
2026-04-29T16:00:00Z,92.83723000118914,91.145
2026-04-29T17:00:00Z,126.84154693040945,125.81
2026-04-29T18:00:00Z,138.21798508363696,145.5925
2026-04-29T19:00:00Z,119.50750851258552,129.95
2026-04-29T20:00:00Z,103.9950744805034,115.6575
2026-04-29T21:00:00Z,99.36884530580558,105.0975
2026-04-29T22:00:00Z,95.154555007594,100.32
2026-04-29T23:00:00Z,93.47649853984538,100.11
2026-04-30T00:00:00Z,95.21070790037363,98.57
2026-04-30T01:00:00Z,99.48104481417437,99.4775
2026-04-30T02:00:00Z,101.7237560960903,104.09
2026-04-30T03:00:00Z,112.7419230868865,114.1025
2026-04-30T04:00:00Z,129.29867106358034,139.12
2026-04-30T05:00:00Z,124.21291427316429,122.285
2026-04-30T06:00:00Z,98.03765216133017,96.2175
2026-04-30T07:00:00Z,20.646420811976384,45.555
2026-04-30T08:00:00Z,-12.52812606818684,-0.0375
2026-04-30T09:00:00Z,-42.915693001321124,-3.875
2026-04-30T10:00:00Z,-74.93047183890191,-16.2525
2026-04-30T11:00:00Z,-91.76719820805758,-32.02
2026-04-30T12:00:00Z,-91.91008221194883,-28.93
2026-04-30T13:00:00Z,-35.636185483597984,-12.05
2026-04-30T14:00:00Z,-3.5723044620393694,-2.2925
2026-04-30T15:00:00Z,20.208584686752516,20.58
2026-04-30T16:00:00Z,93.54802565437932,92.43
2026-04-30T17:00:00Z,127.56417235226465,139.0875
2026-04-30T18:00:00Z,137.30755154108996,178.62
2026-04-30T19:00:00Z,128.71912265822658,145.84
2026-04-30T20:00:00Z,114.26446828341399,118.92
2026-04-30T21:00:00Z,103.16823006097609,109.6075
2026-04-30T22:00:00Z,97.05399581114597,107.2275
2026-04-30T23:00:00Z,97.06890120119039,103.085
2026-05-01T00:00:00Z,95.30927285002198,101.385
2026-05-01T01:00:00Z,95.69691805993749,99.245
2026-05-01T02:00:00Z,97.02548833354037,97.98
2026-05-01T03:00:00Z,99.97256237984708,97.495
2026-05-01T04:00:00Z,99.55052123800013,103.7675
2026-05-01T05:00:00Z,78.86762433239242,80.34
2026-05-01T06:00:00Z,32.064475588181104,35.3325
2026-05-01T07:00:00Z,0.31720067649841827,-0.0275
2026-05-01T08:00:00Z,-55.89170845949723,-21.18
2026-05-01T09:00:00Z,-98.82950832749792,-108.6175
2026-05-01T10:00:00Z,-106.83455170780088,-318.58
2026-05-01T11:00:00Z,-110.35147102693286,-499.0
2026-05-01T12:00:00Z,-118.18910657351364,-474.9675
2026-05-01T13:00:00Z,-115.69934323681514,-205.8775
2026-05-01T14:00:00Z,-47.286282859663025,-26.2475
2026-05-01T15:00:00Z,1.0488017552508069,5.555
2026-05-01T16:00:00Z,108.94660054422445,92.53
2026-05-01T17:00:00Z,148.64291409647126,154.19
2026-05-01T18:00:00Z,156.42105541746474,173.325
2026-05-01T19:00:00Z,135.91430430045355,142.95
2026-05-01T20:00:00Z,124.68548545057355,113.2225
2026-05-01T21:00:00Z,90.38547743276683,96.9825
2026-05-01T22:00:00Z,89.08355542452276,117.425
2026-05-01T23:00:00Z,74.44495097138577,103.7125
2026-05-02T00:00:00Z,65.7943347386617,99.4775
2026-05-02T01:00:00Z,66.763354401501,93.335
2026-05-02T02:00:00Z,65.86113454673499,93.545
2026-05-02T03:00:00Z,66.4765180987533,93.6975
2026-05-02T04:00:00Z,68.0568782330868,91.78
2026-05-02T05:00:00Z,40.60953407370329,78.0125
2026-05-02T06:00:00Z,2.447731680594093,18.27
2026-05-02T07:00:00Z,-9.10575356233341,1.27
2026-05-02T08:00:00Z,-55.24679881861521,-2.3875
2026-05-02T09:00:00Z,-109.91251334612477,-21.9125
2026-05-02T10:00:00Z,-116.06314879362704,-83.6075
2026-05-02T11:00:00Z,-119.48814369177796,-130.0275
2026-05-02T12:00:00Z,-122.9992410355083,-86.8425
2026-05-02T13:00:00Z,-85.89863174233913,-14.0375
2026-05-02T14:00:00Z,-21.52407641562402,0.0325
2026-05-02T15:00:00Z,8.71163790698769,54.945
2026-05-02T16:00:00Z,92.56613983045455,127.14
2026-05-02T17:00:00Z,132.89134961481892,165.0
2026-05-02T18:00:00Z,140.69982927893707,195.45
2026-05-02T19:00:00Z,157.01385993086006,154.32
2026-05-02T20:00:00Z,122.7408160075912,139.96
2026-05-02T21:00:00Z,112.88108836012601,123.865
2026-05-02T22:00:00Z,114.4461055563477,121.195
2026-05-02T23:00:00Z,110.29747384077716,116.0325
2026-05-03T00:00:00Z,102.79229128536096,110.1625
2026-05-03T01:00:00Z,101.43366692990415,108.4775
2026-05-03T02:00:00Z,102.22128548844532,106.2925
2026-05-03T03:00:00Z,103.65544186204907,107.0725
2026-05-03T04:00:00Z,96.32241819265809,101.7
2026-05-03T05:00:00Z,86.3544317545699,85.3375
2026-05-03T06:00:00Z,27.356719407494825,71.7375
2026-05-03T07:00:00Z,3.910985583644383,32.6575
2026-05-03T08:00:00Z,-12.195100921457314,1.2875
2026-05-03T09:00:00Z,-40.64434464516399,-1.4275
2026-05-03T10:00:00Z,-63.85052794073934,-6.79
2026-05-03T11:00:00Z,-81.84871793917178,-14.435
2026-05-03T12:00:00Z,-57.31334984450408,-10.8825
2026-05-03T13:00:00Z,-31.676123601540375,-3.9675
2026-05-03T14:00:00Z,-8.415739676299387,9.1325
2026-05-03T15:00:00Z,32.791874491484236,80.7075
2026-05-03T16:00:00Z,100.05212852969613,120.5725
2026-05-03T17:00:00Z,126.57657056314362,134.795
2026-05-03T18:00:00Z,140.2353901962747,140.87
2026-05-03T19:00:00Z,132.20249081787273,137.31
2026-05-03T20:00:00Z,118.74548600279282,130.3775
2026-05-03T21:00:00Z,109.66448143052388,121.115
2026-05-03T22:00:00Z,102.76989358322191,117.355
2026-05-03T23:00:00Z,101.05517423891702,108.41
2026-05-04T00:00:00Z,97.82100706902486,110.5575
2026-05-04T01:00:00Z,99.42387653185703,106.3475
2026-05-04T02:00:00Z,101.6771493065796,109.9075
2026-05-04T03:00:00Z,120.81836539482224,128.8825
2026-05-04T04:00:00Z,154.50332554961093,149.5475
2026-05-04T05:00:00Z,145.0154674818918,151.26749999999998
2026-05-04T06:00:00Z,123.67436557781167,134.6025
2026-05-04T07:00:00Z,96.31522888687496,113.625
2026-05-04T08:00:00Z,71.01949571092479,99.99
2026-05-04T09:00:00Z,37.723615645984125,93.095
2026-05-04T10:00:00Z,28.846100136863058,75.065
2026-05-04T11:00:00Z,27.17714611030225,69.4075
2026-05-04T12:00:00Z,46.56582702784013,81.0775
2026-05-04T13:00:00Z,72.41912167620875,94.0025
2026-05-04T14:00:00Z,88.6452852563672,107.9675
2026-05-04T15:00:00Z,107.54702604604564,128.9925
2026-05-04T16:00:00Z,149.25112812822573,169.0
2026-05-04T17:00:00Z,164.16477079046427,245.03
2026-05-04T18:00:00Z,164.50382713491655,266.83500000000004
2026-05-04T19:00:00Z,155.737539539415,194.3
2026-05-04T20:00:00Z,142.3498927480697,153.04500000000002
2026-05-04T21:00:00Z,124.4045365754307,137.2
2026-05-04T22:00:00Z,126.10537465883773,131.36
2026-05-04T23:00:00Z,121.62067637977135,126.2
2026-05-05T00:00:00Z,122.83153879952775,122.11
2026-05-05T01:00:00Z,121.10716283790477,122.045
2026-05-05T02:00:00Z,123.57425827590143,123.9
2026-05-05T03:00:00Z,134.3496327352589,133.9025
2026-05-05T04:00:00Z,148.8952671033931,160.1125
2026-05-05T05:00:00Z,149.0467514228084,160.765
2026-05-05T06:00:00Z,133.1522814924287,147.23250000000002
2026-05-05T07:00:00Z,124.32066185704942,129.61
2026-05-05T08:00:00Z,106.9423764848255,114.12
2026-05-05T09:00:00Z,100.75939090681423,108.2575
2026-05-05T10:00:00Z,86.10912093303469,99.0925
2026-05-05T11:00:00Z,90.36040779661577,98.055
2026-05-05T12:00:00Z,101.02168898590638,97.745
2026-05-05T13:00:00Z,107.13385680859726,105.99
2026-05-05T14:00:00Z,117.20405839839808,111.9775
2026-05-05T15:00:00Z,128.4280069389185,128.67000000000002
2026-05-05T16:00:00Z,137.9165321119979,145.7625
2026-05-05T17:00:00Z,163.2568730589366,163.685
2026-05-05T18:00:00Z,159.26796434369518,163.9025
2026-05-05T19:00:00Z,140.71174492280045,146.9975
2026-05-05T20:00:00Z,128.2835771223468,132.745
2026-05-05T21:00:00Z,121.45363547311304,115.2925
2026-05-05T22:00:00Z,107.23559149321642,120.035
2026-05-05T23:00:00Z,105.64701604169284,114.23
2026-05-06T00:00:00Z,102.42007773684506,113.165
2026-05-06T01:00:00Z,100.94288288027015,112.995
2026-05-06T02:00:00Z,100.52555015892167,113.34
2026-05-06T03:00:00Z,107.11952962891542,118.225
2026-05-06T04:00:00Z,129.41040420484813,131.14
2026-05-06T05:00:00Z,132.89632106219548,142.45
2026-05-06T06:00:00Z,128.2456364631995,141.55
2026-05-06T07:00:00Z,115.5396421207713,121.305
2026-05-06T08:00:00Z,100.16072810424714,108.8
2026-05-06T09:00:00Z,92.19974511102795,104.12
2026-05-06T10:00:00Z,79.87058501681553,100.0925
2026-05-06T11:00:00Z,72.02577819240469,89.34
2026-05-06T12:00:00Z,78.2374386533107,91.33
2026-05-06T13:00:00Z,84.84572009752854,103.125
2026-05-06T14:00:00Z,102.48290391247998,112.6625
2026-05-06T15:00:00Z,119.95332391283604,125.0525
2026-05-06T16:00:00Z,127.11388384929613,137.91
2026-05-06T17:00:00Z,139.68248640248802,154.605
2026-05-06T18:00:00Z,145.70751411980802,156.915
2026-05-06T19:00:00Z,136.53226693570056,154.61
2026-05-06T20:00:00Z,125.04203987121622,143.4125
2026-05-06T21:00:00Z,119.7462285499724,128.26
2026-05-06T22:00:00Z,109.91190436033797,125.1525
2026-05-06T23:00:00Z,104.10372247806417,116.485
2026-05-07T00:00:00Z,102.12382600480977,115.2575
2026-05-07T01:00:00Z,104.34992749227355,116.49
2026-05-07T02:00:00Z,106.04236749211,119.1375
2026-05-07T03:00:00Z,115.26196437368128,126.875
2026-05-07T04:00:00Z,136.95072410359333,151.0
2026-05-07T05:00:00Z,139.82572779440324,167.29250000000002
2026-05-07T06:00:00Z,136.9844536830587,155.5925
2026-05-07T07:00:00Z,121.11016155510521,136.41
2026-05-07T08:00:00Z,107.95681460695454,120.1325
2026-05-07T09:00:00Z,97.16822149433459,113.525
2026-05-07T10:00:00Z,95.01753778736474,103.9225
2026-05-07T11:00:00Z,89.62548695479472,101.915
2026-05-07T12:00:00Z,88.02146810882485,101.73
2026-05-07T13:00:00Z,92.83319949589138,107.445
2026-05-07T14:00:00Z,102.2453370720665,117.9975
2026-05-07T15:00:00Z,115.58490858964011,132.56
2026-05-07T16:00:00Z,132.56730876336852,148.70499999999998
2026-05-07T17:00:00Z,156.57169250285958,185.655
2026-05-07T18:00:00Z,172.83049419489936,221.4775
2026-05-07T19:00:00Z,157.93389843010283,182.715
2026-05-07T20:00:00Z,136.32586641526873,154.435
2026-05-07T21:00:00Z,122.66424288052846,142.7575
2026-05-07T22:00:00Z,120.06870024732034,130.3425
2026-05-07T23:00:00Z,112.90193151696387,120.66
2026-05-08T00:00:00Z,109.66878967228703,118.215
2026-05-08T01:00:00Z,110.88354138697096,116.9775
2026-05-08T02:00:00Z,112.4085242322455,118.565
2026-05-08T03:00:00Z,119.90818163510689,126.185
2026-05-08T04:00:00Z,135.14275440354726,143.6
2026-05-08T05:00:00Z,132.26664699758732,147.0275
2026-05-08T06:00:00Z,120.10034371342064,137.4
2026-05-08T07:00:00Z,93.819396194811,115.2475
2026-05-08T08:00:00Z,43.66762676993496,97.7475
2026-05-08T09:00:00Z,27.16333354316255,75.81
2026-05-08T10:00:00Z,21.095149056544464,65.37
2026-05-08T11:00:00Z,20.393590044659003,58.7075
2026-05-08T12:00:00Z,20.393590044659003,64.34
2026-05-08T13:00:00Z,28.35084383244506,81.8925
2026-05-08T14:00:00Z,55.718477310318754,94.0625
2026-05-08T15:00:00Z,97.10538608311114,109.5
2026-05-08T16:00:00Z,119.78878556786287,127.815
2026-05-08T17:00:00Z,151.04788427480437,143.54250000000002
2026-05-08T18:00:00Z,157.5250841129514,152.9775
2026-05-08T19:00:00Z,136.23394780746517,138.9
2026-05-08T20:00:00Z,117.02425741242729,127.5025
2026-05-08T21:00:00Z,109.80900605581034,119.14
2026-05-08T22:00:00Z,105.33506578345461,127.6925
2026-05-08T23:00:00Z,103.38932546244072,123.4075
2026-05-09T00:00:00Z,102.21071016064235,123.48
2026-05-09T01:00:00Z,102.57442247667704,124.3525
2026-05-09T02:00:00Z,107.52237715826182,125.7375
2026-05-09T03:00:00Z,109.75196513087833,126.4525
2026-05-09T04:00:00Z,106.54592518851264,127.5225
2026-05-09T05:00:00Z,102.38300033957049,118.67
2026-05-09T06:00:00Z,62.67391708959602,107.6725
2026-05-09T07:00:00Z,29.243455244086018,68.3075
2026-05-09T08:00:00Z,-2.775277672016311,9.9275
2026-05-09T09:00:00Z,-47.98682684356421,-0.015
2026-05-09T10:00:00Z,-56.98829760017411,-0.0625
2026-05-09T11:00:00Z,-49.28720524989161,-0.09
2026-05-09T12:00:00Z,-11.032694600279646,-0.0125
2026-05-09T13:00:00Z,-4.490067563677547,0.0025
2026-05-09T14:00:00Z,16.0646323879146,27.715000000000003
2026-05-09T15:00:00Z,41.409732634507506,93.69
2026-05-09T16:00:00Z,100.5471998161307,123.19
2026-05-09T17:00:00Z,134.22520880748888,138.5075
2026-05-09T18:00:00Z,148.10288437768392,146.965
2026-05-09T19:00:00Z,139.51552958914866,143.485
2026-05-09T20:00:00Z,129.00403742397094,136.3
2026-05-09T21:00:00Z,114.8248697999425,127.0875
2026-05-09T22:00:00Z,114.35369052626939,128.0925
2026-05-09T23:00:00Z,108.06994103700896,125.4475
2026-05-10T00:00:00Z,108.16334366591131,125.4325
2026-05-10T01:00:00Z,110.07350963169739,123.4825
2026-05-10T02:00:00Z,114.81711356236488,124.1975
2026-05-10T03:00:00Z,114.9223265050934,123.94
2026-05-10T04:00:00Z,105.61613494281568,115.14
2026-05-10T05:00:00Z,97.00624570454323,101.1675
2026-05-10T06:00:00Z,55.01954935057673,70.835
2026-05-10T07:00:00Z,11.242592749004471,11.18
2026-05-10T08:00:00Z,-19.375165073953337,0.0025
2026-05-10T09:00:00Z,-57.233782839725386,-0.6699999999999999
2026-05-10T10:00:00Z,-69.46268228279493,-1.88
2026-05-10T11:00:00Z,-78.65587698889883,-2.165
2026-05-10T12:00:00Z,-48.25039843978696,-1.4
2026-05-10T13:00:00Z,-12.846434862273659,-0.255
2026-05-10T14:00:00Z,2.911696439646061,1.8825
2026-05-10T15:00:00Z,49.11408510092893,71.005
2026-05-10T16:00:00Z,100.00620155398462,110.9425
2026-05-10T17:00:00Z,121.68403260413814,122.0
2026-05-10T18:00:00Z,131.4210174934374,129.3175
2026-05-10T19:00:00Z,128.24720090503456,128.515
2026-05-10T20:00:00Z,121.31048425800631,124.14
2026-05-10T21:00:00Z,114.6541078824001,119.8375
2026-05-10T22:00:00Z,108.65213221184212,118.785
2026-05-10T23:00:00Z,108.65213221184212,112.335
2026-05-11T00:00:00Z,105.24121626440109,110.4275
2026-05-11T01:00:00Z,104.96365802006609,112.6575
2026-05-11T02:00:00Z,112.03774065306477,113.0925
2026-05-11T03:00:00Z,124.71909922620704,122.1375
2026-05-11T04:00:00Z,148.9524417153469,136.475
2026-05-11T05:00:00Z,151.0724068372862,154.0475
2026-05-11T06:00:00Z,149.15852005317345,150.0125
2026-05-11T07:00:00Z,117.26301411263645,136.79999999999998
2026-05-11T08:00:00Z,97.6968793230818,126.3075
2026-05-11T09:00:00Z,88.0770217758837,113.4325
2026-05-11T10:00:00Z,76.53065982925622,105.485
2026-05-11T11:00:00Z,64.05329777413797,98.78
2026-05-11T12:00:00Z,46.424999449607355,95.98
2026-05-11T13:00:00Z,47.89079391219852,96.2
2026-05-11T14:00:00Z,65.37461964899954,100.49
2026-05-11T15:00:00Z,88.05060577803732,116.3025
2026-05-11T16:00:00Z,102.88628032127596,122.98
2026-05-11T17:00:00Z,120.51881955650173,130.7175
2026-05-11T18:00:00Z,124.45337101370363,131.12
2026-05-11T19:00:00Z,109.60855344184615,127.8725
2026-05-11T20:00:00Z,100.79714333758889,120.765
2026-05-11T21:00:00Z,86.29788043974227,108.9525
2026-05-11T22:00:00Z,76.60709709648427,99.065
2026-05-11T23:00:00Z,75.93654042190175,95.275
2026-05-12T00:00:00Z,72.27311982556944,91.73
2026-05-12T01:00:00Z,71.66306942889081,89.8975
2026-05-12T02:00:00Z,75.16304412791652,91.375
2026-05-12T03:00:00Z,77.19198069369108,94.0025
2026-05-12T04:00:00Z,93.19132058808917,111.2625
2026-05-12T05:00:00Z,95.12422587548903,122.575
2026-05-12T06:00:00Z,79.84926565619276,112.145
2026-05-12T07:00:00Z,58.620176514437105,94.075
2026-05-12T08:00:00Z,37.454292135205684,79.5575
2026-05-12T09:00:00Z,35.49661108355582,63.535
2026-05-12T10:00:00Z,25.309407304637094,45.91
2026-05-12T11:00:00Z,17.523614890072597,27.33
2026-05-12T12:00:00Z,9.329089191213097,19.9725
2026-05-12T13:00:00Z,9.89379769959165,44.760000000000005
2026-05-12T14:00:00Z,12.941926947881198,74.405
2026-05-12T15:00:00Z,48.3590124773573,96.0
2026-05-12T16:00:00Z,90.23352483297923,114.88
2026-05-12T17:00:00Z,123.0175605108957,136.2775
2026-05-12T18:00:00Z,138.20610626799905,142.985
2026-05-12T19:00:00Z,135.40370609405923,142.7425
2026-05-12T20:00:00Z,121.92796026156536,131.225
2026-05-12T21:00:00Z,105.79254903161652,118.345
2026-05-12T22:00:00Z,98.27814122335384,114.33
2026-05-12T23:00:00Z,88.19900446266902,106.2175
2026-05-13T00:00:00Z,84.4931371524233,104.3575
2026-05-13T01:00:00Z,84.74954977770737,107.435
2026-05-13T02:00:00Z,89.93599303412279,111.195
2026-05-13T03:00:00Z,103.13971640500178,120.0
2026-05-13T04:00:00Z,125.73450678998363,137.1825
2026-05-13T05:00:00Z,133.13664075769748,141.1225
2026-05-13T06:00:00Z,114.8901926033821,126.7
2026-05-13T07:00:00Z,85.0565387552296,102.525
2026-05-13T08:00:00Z,48.23371449821334,86.44
2026-05-13T09:00:00Z,43.97858424450777,83.7775
2026-05-13T10:00:00Z,31.489456086322225,74.10249999999999
2026-05-13T11:00:00Z,22.10962826479516,71.77250000000001
2026-05-13T12:00:00Z,22.510606229727248,70.2025
2026-05-13T13:00:00Z,34.71701424729628,82.2675
2026-05-13T14:00:00Z,66.06740235084196,92.375
2026-05-13T15:00:00Z,101.58966584450792,112.6025
2026-05-13T16:00:00Z,130.39368797856062,132.355
2026-05-13T17:00:00Z,142.0652637633517,151.4925
2026-05-13T18:00:00Z,152.38148861478032,171.26749999999998
2026-05-13T19:00:00Z,147.7697080911927,160.04500000000002
2026-05-13T20:00:00Z,140.58042779231383,142.20499999999998
2026-05-13T21:00:00Z,122.2942786623955,123.095
2026-05-13T22:00:00Z,109.03247910476841,130.54
2026-05-13T23:00:00Z,103.00867234995125,121.75
2026-05-14T00:00:00Z,101.37958061469877,119.225
2026-05-14T01:00:00Z,98.15337559214872,115.6375
2026-05-14T02:00:00Z,97.98810170494137,112.9175
2026-05-14T03:00:00Z,96.97745087012595,112.045
2026-05-14T04:00:00Z,92.34138209888454,111.405
2026-05-14T05:00:00Z,80.27400548335537,108.09
2026-05-14T06:00:00Z,64.84050920847243,99.2575
2026-05-14T07:00:00Z,46.297190859135505,85.15
2026-05-14T08:00:00Z,29.282679810420177,58.6425
2026-05-14T09:00:00Z,18.285620330125163,35.5675
2026-05-14T10:00:00Z,9.434129329290224,16.055
2026-05-14T11:00:00Z,4.086980141707,7.5525
2026-05-14T12:00:00Z,1.4379809225750053,4.6025
2026-05-14T13:00:00Z,6.939316174169382,17.8475
2026-05-14T14:00:00Z,27.1785553425679,66.9125
2026-05-14T15:00:00Z,68.84635583519238,94.76
2026-05-14T16:00:00Z,110.4034058727299,126.0
2026-05-14T17:00:00Z,138.7791858992723,142.5825
2026-05-14T18:00:00Z,151.48271521280282,150.4475
2026-05-14T19:00:00Z,151.5912372872423,152.2025
2026-05-14T20:00:00Z,138.96297160825813,150.91
2026-05-14T21:00:00Z,135.64725977565232,136.32
2026-05-14T22:00:00Z,131.5967260121574,137.9725
2026-05-14T23:00:00Z,124.71435523928369,131.3725
2026-05-15T00:00:00Z,121.49702425867227,126.3125
2026-05-15T01:00:00Z,119.78013900600972,121.9375
2026-05-15T02:00:00Z,120.06262744864965,123.7125
2026-05-15T03:00:00Z,124.55213889250793,127.16
2026-05-15T04:00:00Z,134.18344774650546,136.1
2026-05-15T05:00:00Z,130.86393067111504,132.515
2026-05-15T06:00:00Z,117.30771567806111,123.995
2026-05-15T07:00:00Z,85.97187443142252,104.54
2026-05-15T08:00:00Z,53.89452535482879,81.7825
2026-05-15T09:00:00Z,28.627242101042395,66.8175
2026-05-15T10:00:00Z,15.874532207848523,54.3025
2026-05-15T11:00:00Z,9.285925739635784,40.3225
2026-05-15T12:00:00Z,8.695544787742689,40.1475
2026-05-15T13:00:00Z,13.413228130077098,51.0025
2026-05-15T14:00:00Z,40.728951285308604,77.32
2026-05-15T15:00:00Z,85.76737254192375,105.0475
2026-05-15T16:00:00Z,107.53306247096563,125.0425
2026-05-15T17:00:00Z,135.65160656996557,143.31
2026-05-15T18:00:00Z,140.71576278561514,153.455
2026-05-15T19:00:00Z,137.38618901350486,151.14499999999998
2026-05-15T20:00:00Z,127.62197435515995,144.685
2026-05-15T21:00:00Z,121.5154385809332,135.5125
2026-05-15T22:00:00Z,109.65055347873891,130.0
2026-05-15T23:00:00Z,107.9808924050924,121.7875
2026-05-16T00:00:00Z,99.35464524029274,117.5625
2026-05-16T01:00:00Z,93.96332738883889,116.0025
2026-05-16T02:00:00Z,90.38606104027713,114.02
2026-05-16T03:00:00Z,89.1277815485092,109.3425
2026-05-16T04:00:00Z,86.29104674755624,105.7075
2026-05-16T05:00:00Z,78.251637264216,100.045
2026-05-16T06:00:00Z,46.571754200167575,86.9525
2026-05-16T07:00:00Z,17.073806735604826,43.9525
2026-05-16T08:00:00Z,-2.5917866428088394,4.2025
2026-05-16T09:00:00Z,-5.286456363130632,-0.03
2026-05-16T10:00:00Z,-20.34431133283221,-1.195
2026-05-16T11:00:00Z,-24.713128371780822,-2.2
2026-05-16T12:00:00Z,-26.078097463013496,-1.9325
2026-05-16T13:00:00Z,-21.43835437885804,-0.9975
2026-05-16T14:00:00Z,-8.593061321358672,4.779999999999999
2026-05-16T15:00:00Z,11.340297054483194,60.0925
2026-05-16T16:00:00Z,67.23644103536782,100.2225
2026-05-16T17:00:00Z,112.84854518032414,126.47
2026-05-16T18:00:00Z,140.94767831809017,139.9975
2026-05-16T19:00:00Z,143.45706308199655,140.6875
2026-05-16T20:00:00Z,134.11084169215178,135.99
2026-05-16T21:00:00Z,124.42569894630057,127.7
2026-05-16T22:00:00Z,117.70536407154354,127.7175
2026-05-16T23:00:00Z,110.13131366720732,119.0625
2026-05-17T00:00:00Z,108.29823913202947,115.565
2026-05-17T01:00:00Z,108.29823913202947,113.8975
2026-05-17T02:00:00Z,108.61062282131644,109.17
2026-05-17T03:00:00Z,108.68391140533163,105.445
2026-05-17T04:00:00Z,104.83605329765604,98.7925
2026-05-17T05:00:00Z,77.24847982041254,80.795
2026-05-17T06:00:00Z,32.131592924514436,53.8425
2026-05-17T07:00:00Z,5.108667882642818,18.97
2026-05-17T08:00:00Z,-11.561104250224716,3.49
2026-05-17T09:00:00Z,-16.85160262924563,0.56
2026-05-17T10:00:00Z,-17.68639173497626,0.8225
2026-05-17T11:00:00Z,-19.71069061052242,0.0
2026-05-17T12:00:00Z,-14.999257902083409,0.98
2026-05-17T13:00:00Z,-4.164890532576638,11.31
2026-05-17T14:00:00Z,9.335774641543736,52.4375
2026-05-17T15:00:00Z,62.3495366969438,100.315
2026-05-17T16:00:00Z,111.62362821113733,129.3875
2026-05-17T17:00:00Z,132.06771299393225,143.0675
2026-05-17T18:00:00Z,147.1290562418738,155.8
2026-05-17T19:00:00Z,149.31913483554249,156.70499999999998
2026-05-17T20:00:00Z,139.64875630002484,151.3675
2026-05-17T21:00:00Z,129.29776424032772,142.575
2026-05-17T22:00:00Z,123.63366380757147,134.6575
2026-05-17T23:00:00Z,119.19508490048558,125.9725
2026-05-18T00:00:00Z,113.85487143232018,125.9975
2026-05-18T01:00:00Z,121.88697292796785,126.3925
2026-05-18T02:00:00Z,124.61723332464827,129.36
2026-05-18T03:00:00Z,128.85367657895023,137.0225
2026-05-18T04:00:00Z,143.69658767483938,152.51749999999998
2026-05-18T05:00:00Z,145.36746758692962,160.075
2026-05-18T06:00:00Z,138.71399464707017,152.105
2026-05-18T07:00:00Z,114.00106888939416,125.88
2026-05-18T08:00:00Z,74.41047191736602,107.85
2026-05-18T09:00:00Z,50.8574217527819,100.0525
2026-05-18T10:00:00Z,46.55647926771723,94.895
2026-05-18T11:00:00Z,48.1058869151419,94.9775
2026-05-18T12:00:00Z,50.03260774193157,96.77
2026-05-18T13:00:00Z,66.0802939144929,102.405
2026-05-18T14:00:00Z,92.38044534418313,113.965
2026-05-18T15:00:00Z,116.02193663546473,134.065
2026-05-18T16:00:00Z,131.7961940499891,152.1375
2026-05-18T17:00:00Z,155.27846683782272,192.8525
2026-05-18T18:00:00Z,169.96361332247966,250.8975
2026-05-18T19:00:00Z,152.4983356262356,214.3375
2026-05-18T20:00:00Z,140.462263685254,160.6475
2026-05-18T21:00:00Z,136.61673254101547,148.89499999999998
2026-05-18T22:00:00Z,126.00416236899324,148.2525
2026-05-18T23:00:00Z,125.45562220048748,141.9425
2026-05-19T00:00:00Z,125.38926056701344,139.3225
2026-05-19T01:00:00Z,125.5293268911557,138.54000000000002
2026-05-19T02:00:00Z,125.5293268911557,141.5675
2026-05-19T03:00:00Z,137.57582165954307,146.92000000000002
2026-05-19T04:00:00Z,141.3197257119644,164.46
2026-05-19T05:00:00Z,136.62543661248594,153.7725
2026-05-19T06:00:00Z,129.28984286640616,131.855
2026-05-19T07:00:00Z,99.13091040621454,108.7425
2026-05-19T08:00:00Z,61.2954397592586,94.265
2026-05-19T09:00:00Z,41.431381750043215,82.08500000000001
2026-05-19T10:00:00Z,31.900305609295604,73.145
2026-05-19T11:00:00Z,28.604712049891617,73.7375
2026-05-19T12:00:00Z,33.10665576359956,79.81
2026-05-19T13:00:00Z,56.132029263943174,87.57
2026-05-19T14:00:00Z,89.5971623445413,102.25
2026-05-19T15:00:00Z,112.69242496247732,127.2925
2026-05-19T16:00:00Z,128.8448122394462,144.95
2026-05-19T17:00:00Z,146.4295504817421,172.485
2026-05-19T18:00:00Z,159.08748021160872,180.9025
2026-05-19T19:00:00Z,152.635439548084,163.63
2026-05-19T20:00:00Z,130.346297925167,145.545
2026-05-19T21:00:00Z,121.53973882133866,131.8025
2026-05-19T22:00:00Z,104.45300868309593,123.73
2026-05-19T23:00:00Z,102.4836939613867,114.635
2026-05-20T00:00:00Z,97.94632586267001,109.7525
2026-05-20T01:00:00Z,96.854595678392,109.9725
2026-05-20T02:00:00Z,102.21773365983731,110.41
2026-05-20T03:00:00Z,105.75978852399368,119.05
2026-05-20T04:00:00Z,127.55668647973796,134.9875
2026-05-20T05:00:00Z,135.28492391896,136.975
2026-05-20T06:00:00Z,126.02390304318266,125.5125
2026-05-20T07:00:00Z,103.34873135021132,109.06
2026-05-20T08:00:00Z,84.71745269974579,89.7
2026-05-20T09:00:00Z,64.54248424068041,75.46249999999999
2026-05-20T10:00:00Z,42.937479397474185,64.005
2026-05-20T11:00:00Z,31.434809378280537,44.9975
2026-05-20T12:00:00Z,23.475555008200164,33.5125
2026-05-20T13:00:00Z,25.691380316766583,45.66
2026-05-20T14:00:00Z,47.60645534206542,65.01
2026-05-20T15:00:00Z,85.86165163763333,99.3975
2026-05-20T16:00:00Z,119.71942480419197,130.2125
2026-05-20T17:00:00Z,140.76108018156836,149.5675
2026-05-20T18:00:00Z,166.327054982115,167.9225
2026-05-20T19:00:00Z,156.07190886096183,165.0
2026-05-20T20:00:00Z,140.0725956572649,150.02
2026-05-20T21:00:00Z,126.85198306981044,139.0025
2026-05-20T22:00:00Z,108.8805277316677,133.0275
2026-05-20T23:00:00Z,106.57333772673213,121.66
2026-05-21T00:00:00Z,102.18037458112538,116.0225
2026-05-21T01:00:00Z,103.62116207255727,113.55
2026-05-21T02:00:00Z,106.95222485240355,116.01
2026-05-21T03:00:00Z,118.93867403176121,128.405
2026-05-21T04:00:00Z,129.78143390420155,142.815
2026-05-21T05:00:00Z,131.67136348015458,143.6175
2026-05-21T06:00:00Z,106.42362922176983,131.3875
2026-05-21T07:00:00Z,80.82605243848066,104.14
2026-05-21T08:00:00Z,37.966071839361625,81.1975
2026-05-21T09:00:00Z,27.58813853128413,42.752500000000005
2026-05-21T10:00:00Z,16.784846406861327,12.1375
2026-05-21T11:00:00Z,7.888929496149836,7.369999999999999
2026-05-21T12:00:00Z,7.0947236258470125,8.8125
2026-05-21T13:00:00Z,16.107458371818886,35.2
2026-05-21T14:00:00Z,34.07500605286506,71.7075
2026-05-21T15:00:00Z,91.11021560005007,104.995
2026-05-21T16:00:00Z,124.13016874470735,135.8875
2026-05-21T17:00:00Z,142.82142721672184,163.35500000000002
2026-05-21T18:00:00Z,171.81796920638783,204.695
2026-05-21T19:00:00Z,153.89202491464457,188.4175
2026-05-21T20:00:00Z,147.1045403484535,166.035
2026-05-21T21:00:00Z,136.72440313665072,146.39249999999998
2026-05-21T22:00:00Z,135.16900805599155,144.315
2026-05-21T23:00:00Z,131.06911193656572,136.9
2026-05-22T00:00:00Z,132.00670505155855,131.6375
2026-05-22T01:00:00Z,129.090403056231,128.95000000000002
2026-05-22T02:00:00Z,131.98459311780886,131.4975
2026-05-22T03:00:00Z,133.8970849411516,135.7175
2026-05-22T04:00:00Z,141.0899646864035,144.35500000000002
2026-05-22T05:00:00Z,135.48248332556253,138.1775
2026-05-22T06:00:00Z,115.65121942893306,123.135
2026-05-22T07:00:00Z,59.10154761182414,91.8825
2026-05-22T08:00:00Z,21.4350389546418,42.48
2026-05-22T09:00:00Z,-5.11497154423919,3.94
2026-05-22T10:00:00Z,-36.64544166955328,0.005
2026-05-22T11:00:00Z,-43.36099582358736,0.0
2026-05-22T12:00:00Z,-37.09252862064395,1.0
2026-05-22T13:00:00Z,2.6698298914792016,20.305
2026-05-22T14:00:00Z,25.35849482596866,70.24
2026-05-22T15:00:00Z,84.30940829963124,104.195
2026-05-22T16:00:00Z,128.00684265836335,134.95
2026-05-22T17:00:00Z,151.16034342110484,161.2225
2026-05-22T18:00:00Z,242.38884194041117,218.4275
2026-05-22T19:00:00Z,193.6971070775031,193.6625
2026-05-22T20:00:00Z,146.77728473303327,154.635
2026-05-22T21:00:00Z,135.0792976808799,140.735
2026-05-22T22:00:00Z,129.22810145022328,136.76
2026-05-22T23:00:00Z,121.41627458175522,130.0
2026-05-23T00:00:00Z,118.83981014414097,125.8675
2026-05-23T01:00:00Z,107.01854531771124,125.3675
2026-05-23T02:00:00Z,106.053493884842,121.7325
2026-05-23T03:00:00Z,106.37929685980117,119.26
2026-05-23T04:00:00Z,103.99549663256144,116.3675
2026-05-23T05:00:00Z,78.40001423423436,97.085
2026-05-23T06:00:00Z,32.795281722021855,49.8625
2026-05-23T07:00:00Z,-3.0707208440449927,1.6
2026-05-23T08:00:00Z,-34.44684890180022,-0.3325
2026-05-23T09:00:00Z,-41.18371875582471,-3.9
2026-05-23T10:00:00Z,-68.07839164419116,-12.392499999999998
2026-05-23T11:00:00Z,-69.9914682242572,-31.8175
2026-05-23T12:00:00Z,-67.095323974649,-18.42
2026-05-23T13:00:00Z,-46.44513497872085,-4.0
2026-05-23T14:00:00Z,-15.13380798568854,-0.2875
2026-05-23T15:00:00Z,32.10411288385422,44.4475
2026-05-23T16:00:00Z,108.13425181403011,120.7625
2026-05-23T17:00:00Z,139.8198100634798,149.6575
2026-05-23T18:00:00Z,194.75554476355435,174.52
2026-05-23T19:00:00Z,160.77545844606365,171.065
2026-05-23T20:00:00Z,135.0425995409273,156.915
2026-05-23T21:00:00Z,128.25090956839503,144.6525
2026-05-23T22:00:00Z,125.35320284491698,143.8025
2026-05-23T23:00:00Z,118.17926224591456,133.3775
2026-05-24T00:00:00Z,109.2545613404015,136.885
2026-05-24T01:00:00Z,112.02829443565155,125.44
2026-05-24T02:00:00Z,111.76764048656337,122.89
2026-05-24T03:00:00Z,111.23182082699287,117.7225
2026-05-24T04:00:00Z,104.97226556106703,108.795
2026-05-24T05:00:00Z,76.23516482765339,88.4625
2026-05-24T06:00:00Z,22.20708076363143,16.3675
2026-05-24T07:00:00Z,-16.339358756412334,-0.0275
2026-05-24T08:00:00Z,-72.08344130727934,-2.5025
2026-05-24T09:00:00Z,-101.63816592668273,-13.8325
2026-05-24T10:00:00Z,-104.24674212791845,-37.6125
2026-05-24T11:00:00Z,-117.90767415139855,-75.9375
2026-05-24T12:00:00Z,-115.45632004823749,-61.7525
2026-05-24T13:00:00Z,-115.9331968190413,-23.4925
2026-05-24T14:00:00Z,-78.26629623573054,-1.9575
2026-05-24T15:00:00Z,-2.6900040484844094,14.375
2026-05-24T16:00:00Z,76.31401624330069,96.3775
2026-05-24T17:00:00Z,114.60936196284031,133.2175
2026-05-24T18:00:00Z,143.15799994492252,151.0175
2026-05-24T19:00:00Z,143.58761054095865,153.2275
2026-05-24T20:00:00Z,133.31836762921586,144.42000000000002
2026-05-24T21:00:00Z,123.16097228229509,132.1
2026-05-24T22:00:00Z,111.56478096560542,130.8675
2026-05-24T23:00:00Z,111.74790537411047,125.9825
2026-05-25T00:00:00Z,108.77613565516708,125.24
2026-05-25T01:00:00Z,108.32949025350896,126.0125
2026-05-25T02:00:00Z,109.4729028645516,129.3125
2026-05-25T03:00:00Z,119.83186591709826,131.995
2026-05-25T04:00:00Z,106.46143202345014,130.195
2026-05-25T05:00:00Z,78.8934722210708,117.8775
2026-05-25T06:00:00Z,14.585657880972049,77.68
2026-05-25T07:00:00Z,-20.670726331153094,5.0
2026-05-25T08:00:00Z,-57.71199407621521,-0.1674999999999999
2026-05-25T09:00:00Z,-72.74855749672005,-5.2625
2026-05-25T10:00:00Z,-74.6918116315692,-12.7125
2026-05-25T11:00:00Z,-75.39064190913875,-29.295
2026-05-25T12:00:00Z,-72.68625470519397,-27.1825
2026-05-25T13:00:00Z,-74.58656257232633,-10.05
2026-05-25T14:00:00Z,-52.195135373392,-2.915
2026-05-25T15:00:00Z,-0.6314577243448871,31.95
2026-05-25T16:00:00Z,69.61163220609959,118.8225
2026-05-25T17:00:00Z,126.88360418021416,150.575
2026-05-25T18:00:00Z,160.91151353170022,172.185
2026-05-25T19:00:00Z,152.2022887926629,170.25
2026-05-25T20:00:00Z,145.45144937586997,157.33249999999998
2026-05-25T21:00:00Z,128.48618381215854,141.025
2026-05-25T22:00:00Z,121.33232122204109,136.36
2026-05-25T23:00:00Z,110.75240357883074,125.6475
2026-05-26T00:00:00Z,107.91616300892272,120.645
2026-05-26T01:00:00Z,107.8911474391529,121.18
2026-05-26T02:00:00Z,120.60265718022438,119.53
2026-05-26T03:00:00Z,133.06406013665529,128.91
2026-05-26T04:00:00Z,144.0719946186256,143.105
2026-05-26T05:00:00Z,130.80417680202717,141.54
2026-05-26T06:00:00Z,101.62967041046832,122.045
2026-05-26T07:00:00Z,28.298304623268344,78.8
2026-05-26T08:00:00Z,-8.20311390143775,6.52
2026-05-26T09:00:00Z,-30.820228540877952,-0.0075
2026-05-26T10:00:00Z,-43.13055773257202,-1.825
2026-05-26T11:00:00Z,-47.9576635334565,-2.5
2026-05-26T12:00:00Z,-44.305860908177266,-0.835
2026-05-26T13:00:00Z,-38.89072507304328,-0.015
2026-05-26T14:00:00Z,-0.8399835557917708,13.115
2026-05-26T15:00:00Z,35.835220002857156,89.685
2026-05-26T16:00:00Z,109.87613549031691,134.7875
2026-05-26T17:00:00Z,149.11331312426813,185.1025
2026-05-26T18:00:00Z,163.86270643838895,217.9475
2026-05-26T19:00:00Z,144.9752273988138,184.785
2026-05-26T20:00:00Z,130.90391222358355,153.775
2026-05-26T21:00:00Z,120.36461937518588,130.5325
2026-05-26T22:00:00Z,108.17902323170097,134.7875
2026-05-26T23:00:00Z,104.33535828847575,127.5175
2026-05-27T00:00:00Z,100.48264835026248,120.5425
2026-05-27T01:00:00Z,98.68015671070283,118.87
2026-05-27T02:00:00Z,101.65605805106445,119.0475
2026-05-27T03:00:00Z,105.96203799361238,121.235
2026-05-27T04:00:00Z,110.00074554544966,134.2
2026-05-27T05:00:00Z,109.47900410156672,131.1
2026-05-27T06:00:00Z,79.4382689752887,106.4525
2026-05-27T07:00:00Z,29.764808873379607,48.235
2026-05-27T08:00:00Z,-3.8633750968988005,3.425
2026-05-27T09:00:00Z,-44.700767715900504,-0.27
2026-05-27T10:00:00Z,-65.0531684942306,-1.05
2026-05-27T11:00:00Z,-76.37084791326814,-1.635
2026-05-27T12:00:00Z,-90.29016678997213,-1.645
2026-05-27T13:00:00Z,-42.66326231164172,-1.7025
2026-05-27T14:00:00Z,-7.105913352317136,-0.4225
2026-05-27T15:00:00Z,17.53645896248254,32.2075
2026-05-27T16:00:00Z,78.85422502369842,97.8475
2026-05-27T17:00:00Z,119.12389349536393,136.51749999999998
2026-05-27T18:00:00Z,144.5246669475721,156.6775
2026-05-27T19:00:00Z,141.58861931679414,157.53
2026-05-27T20:00:00Z,132.79835295689233,144.16
2026-05-27T21:00:00Z,120.7786045579415,133.45499999999998
2026-05-27T22:00:00Z,121.32240841949154,132.945
2026-05-27T23:00:00Z,117.38711408039703,129.5375
2026-05-28T00:00:00Z,118.98167365672438,127.2375
2026-05-28T01:00:00Z,121.58889627257925,127.3625
2026-05-28T02:00:00Z,125.46230982955171,130.09
2026-05-28T03:00:00Z,132.0316834790271,135.5025
2026-05-28T04:00:00Z,137.89251371483437,148.4525
2026-05-28T05:00:00Z,135.4444490920453,138.155
2026-05-28T06:00:00Z,105.1341444958237,123.4025
2026-05-28T07:00:00Z,42.05923899080998,87.5425
2026-05-28T08:00:00Z,0.84749107598312,19.3075
2026-05-28T09:00:00Z,-62.14361210243923,0.5675
2026-05-28T10:00:00Z,-75.44023186297547,0.0024999999999999
2026-05-28T11:00:00Z,-75.05408522379284,-0.0125
2026-05-28T12:00:00Z,-70.91858521976562,0.0
2026-05-28T13:00:00Z,-63.71194054751357,1.2975
2026-05-28T14:00:00Z,2.3914252986896476,39.645
2026-05-28T15:00:00Z,50.01716518072071,101.2575
2026-05-28T16:00:00Z,118.12400073998882,138.25
2026-05-28T17:00:00Z,147.51834647514005,217.6025
2026-05-28T18:00:00Z,186.5272294180275,393.935
2026-05-28T19:00:00Z,201.4935903347072,368.0175
2026-05-28T20:00:00Z,177.90095843948774,215.75
2026-05-28T21:00:00Z,144.09900669983222,159.7975
2026-05-28T22:00:00Z,144.02091788035864,144.4425
2026-05-28T23:00:00Z,137.6614489852827,133.9275
2026-05-29T00:00:00Z,130.47137702063284,127.975
2026-05-29T01:00:00Z,123.3148667204836,126.1925
2026-05-29T02:00:00Z,125.0959476895588,125.2775
2026-05-29T03:00:00Z,128.69591697853735,125.495
2026-05-29T04:00:00Z,127.72972476780647,131.885
2026-05-29T05:00:00Z,115.81618689563327,125.995
2026-05-29T06:00:00Z,81.91318016653592,113.565
2026-05-29T07:00:00Z,28.866487273657324,71.9075
2026-05-29T08:00:00Z,-6.619040250378752,17.0275
2026-05-29T09:00:00Z,-30.615981271413098,0.29
2026-05-29T10:00:00Z,-39.863424275835214,-0.055
2026-05-29T11:00:00Z,-47.42909568652672,-0.0349999999999999
2026-05-29T12:00:00Z,-51.66888725582333,0.0
2026-05-29T13:00:00Z,-34.64096956269122,9.41
2026-05-29T14:00:00Z,6.201912517703185,51.61
2026-05-29T15:00:00Z,65.38704797172473,103.4075
2026-05-29T16:00:00Z,151.47516996051408,136.985
2026-05-29T17:00:00Z,196.35531374704104,174.9475
2026-05-29T18:00:00Z,200.46086859979005,240.61
2026-05-29T19:00:00Z,155.87690488308118,201.405
2026-05-29T20:00:00Z,137.01978834015807,161.70000000000002
2026-05-29T21:00:00Z,118.63292907066308,145.1925
2026-05-29T22:00:00Z,110.26500198171111,135.515
2026-05-29T23:00:00Z,108.53839190362527,128.45
2026-05-30T00:00:00Z,101.60418326478003,123.7725
2026-05-30T01:00:00Z,102.11393833995452,121.085
2026-05-30T02:00:00Z,104.82201177146233,125.3575
2026-05-30T03:00:00Z,105.15386124182196,125.045
2026-05-30T04:00:00Z,103.95337434723218,118.9925
2026-05-30T05:00:00Z,89.5649235713554,109.095
2026-05-30T06:00:00Z,46.945121439589904,88.8675
2026-05-30T07:00:00Z,13.461550327267172,36.682500000000005
2026-05-30T08:00:00Z,-13.418836745504317,2.96
2026-05-30T09:00:00Z,-44.34003505026794,-0.005
2026-05-30T10:00:00Z,-72.5978110334827,-0.0525
2026-05-30T11:00:00Z,-78.8661062925316,-1.4425
2026-05-30T12:00:00Z,-75.26516558613136,-0.7475
2026-05-30T13:00:00Z,-58.5399733742359,-0.01
2026-05-30T14:00:00Z,-17.1427380160885,3.0075
2026-05-30T15:00:00Z,7.702418552677205,62.5
2026-05-30T16:00:00Z,77.6110566025763,107.0075
2026-05-30T17:00:00Z,124.60904720251095,139.8725
2026-05-30T18:00:00Z,191.70443725607416,160.52499999999998
2026-05-30T19:00:00Z,190.685858272545,171.845
2026-05-30T20:00:00Z,136.97374275703888,159.4025
2026-05-30T21:00:00Z,131.54769076484868,143.04000000000002
2026-05-30T22:00:00Z,127.0917962071207,136.4125
2026-05-30T23:00:00Z,122.79118232979516,129.10500000000002
2026-05-31T00:00:00Z,118.60563585700187,125.915
2026-05-31T01:00:00Z,117.38555458323759,125.1975
2026-05-31T02:00:00Z,123.7851396110019,126.95
2026-05-31T03:00:00Z,122.6652511752429,123.3575
2026-05-31T04:00:00Z,116.11730822738869,115.0025
2026-05-31T05:00:00Z,101.15978594268539,100.56
2026-05-31T06:00:00Z,66.57665101894933,90.4375
2026-05-31T07:00:00Z,19.505191082774743,56.29
2026-05-31T08:00:00Z,4.429176025467694,7.5675
2026-05-31T09:00:00Z,-11.215906570720998,0.0
2026-05-31T10:00:00Z,-20.589944776814864,-0.005
2026-05-31T11:00:00Z,-28.399651259727655,-0.01
2026-05-31T12:00:00Z,-22.3068687422309,-0.01
2026-05-31T13:00:00Z,-13.90115977540001,0.0
2026-05-31T14:00:00Z,3.9793962780741112,49.002500000000005
2026-05-31T15:00:00Z,50.569342691110606,95.925
2026-05-31T16:00:00Z,106.083437109671,127.265
2026-05-31T17:00:00Z,133.76778717560094,141.37
2026-05-31T18:00:00Z,144.978451676492,152.7625
2026-05-31T19:00:00Z,143.81649796527594,156.035
2026-05-31T20:00:00Z,135.4202694969235,153.1275
2026-05-31T21:00:00Z,125.52993683733106,145.3475
2026-05-31T22:00:00Z,129.31414787292346,141.0075
2026-05-31T23:00:00Z,114.1388643864148,128.255
2026-06-01T00:00:00Z,115.30677960622012,123.1375
2026-06-01T01:00:00Z,115.72515915556747,120.295
2026-06-01T02:00:00Z,124.29192333917008,124.4875
2026-06-01T03:00:00Z,130.07310197028585,135.0925
2026-06-01T04:00:00Z,133.5878957957036,164.03
2026-06-01T05:00:00Z,127.97006486937981,160.0
2026-06-01T06:00:00Z,117.38398476395993,151.715
2026-06-01T07:00:00Z,88.90783607018561,133.2
2026-06-01T08:00:00Z,57.65815890688812,117.66
2026-06-01T09:00:00Z,27.54026764601402,108.1425
2026-06-01T10:00:00Z,15.099118602390888,93.0825
2026-06-01T11:00:00Z,9.737513337996075,89.9075
2026-06-01T12:00:00Z,10.809460507210693,87.44749999999999
2026-06-01T13:00:00Z,30.25471797097447,95.0975
2026-06-01T14:00:00Z,60.70216692779836,106.735
2026-06-01T15:00:00Z,99.1392140792596,125.2425
2026-06-01T16:00:00Z,129.19265919244327,141.4575
2026-06-01T17:00:00Z,165.95242175004358,226.6125
2026-06-01T18:00:00Z,201.2634367775398,355.2525
2026-06-01T19:00:00Z,190.995477997619,333.3675
2026-06-01T20:00:00Z,159.04438395265,222.5025
2026-06-01T21:00:00Z,139.89885417196624,161.025
2026-06-01T22:00:00Z,130.1848132128054,142.065
2026-06-01T23:00:00Z,123.10725512969124,131.7225
2026-06-02T00:00:00Z,114.85642151312118,125.085
2026-06-02T01:00:00Z,115.56419905210025,120.915
2026-06-02T02:00:00Z,115.74994716144784,120.6275
2026-06-02T03:00:00Z,124.26995292225294,124.215
2026-06-02T04:00:00Z,133.9839502329463,131.0275
2026-06-02T05:00:00Z,129.59253492495174,131.79500000000002
2026-06-02T06:00:00Z,106.65932772623394,121.0825
2026-06-02T07:00:00Z,81.78232687878749,105.41
2026-06-02T08:00:00Z,53.38152271896428,90.515
2026-06-02T09:00:00Z,28.851813016944448,84.69999999999999
2026-06-02T10:00:00Z,17.099134536427922,80.2925
2026-06-02T11:00:00Z,24.299068986611406,84.9575
2026-06-02T12:00:00Z,29.941521464968794,90.7825
2026-06-02T13:00:00Z,55.42996095250592,99.7375
2026-06-02T14:00:00Z,89.87837499437883,112.2475
2026-06-02T15:00:00Z,113.21312539519046,131.1375
2026-06-02T16:00:00Z,141.29118126895958,146.97750000000002
2026-06-02T17:00:00Z,173.71511525844238,167.9375
2026-06-02T18:00:00Z,197.0435895571864,167.2725
2026-06-02T19:00:00Z,195.00883366205545,152.325
2026-06-02T20:00:00Z,172.60601620073655,140.435
2026-06-02T21:00:00Z,123.29758051464194,125.2375
2026-06-02T22:00:00Z,102.57389321641894,116.3
2026-06-02T23:00:00Z,99.53075835320912,111.895
2026-06-03T00:00:00Z,97.82420129682481,108.0175
2026-06-03T01:00:00Z,97.99812851993809,107.3
2026-06-03T02:00:00Z,101.81367573265806,107.19
2026-06-03T03:00:00Z,107.83769585620846,113.275
2026-06-03T04:00:00Z,129.35048013179787,130.7375
2026-06-03T05:00:00Z,131.86424992943432,136.82999999999998
2026-06-03T06:00:00Z,109.64758838969553,131.0775
2026-06-03T07:00:00Z,82.67688644169971,112.1475
2026-06-03T08:00:00Z,54.93588534987271,94.0925
2026-06-03T09:00:00Z,33.50134228379385,80.2475
2026-06-03T10:00:00Z,18.864980863417493,58.17
2026-06-03T11:00:00Z,7.397002293773048,37.8325
2026-06-03T12:00:00Z,4.770909835521133,38.0425
2026-06-03T13:00:00Z,6.412191483442291,47.1
2026-06-03T14:00:00Z,33.122754079930864,76.9
2026-06-03T15:00:00Z,62.202481645409385,95.5325
2026-06-03T16:00:00Z,103.60170502935418,122.1875
2026-06-03T17:00:00Z,132.48794456924463,138.3675
2026-06-03T18:00:00Z,145.67217037240493,146.2375
2026-06-03T19:00:00Z,137.44577223379278,133.42000000000002
2026-06-03T20:00:00Z,104.67416369009524,120.9525
2026-06-03T21:00:00Z,86.63241366032841,99.4075
2026-06-03T22:00:00Z,53.46667752844874,86.205
2026-06-03T23:00:00Z,35.82043324307335,75.4875
2026-06-04T00:00:00Z,27.249685642025955,66.92
2026-06-04T01:00:00Z,23.901752706838028,67.4725
2026-06-04T02:00:00Z,29.909582857811756,68.2925
2026-06-04T03:00:00Z,35.170260443259515,71.185
2026-06-04T04:00:00Z,35.170260443259515,73.97
2026-06-04T05:00:00Z,27.047759402692634,87.08
2026-06-04T06:00:00Z,16.002344151304207,75.62
2026-06-04T07:00:00Z,5.711469859856559,34.125
2026-06-04T08:00:00Z,-5.723071712056879,4.79
2026-06-04T09:00:00Z,-7.439098760319862,-0.0025
2026-06-04T10:00:00Z,-9.862404299594465,-0.025
2026-06-04T11:00:00Z,-9.48977456365464,-0.0475
2026-06-04T12:00:00Z,-8.588048745986445,-0.035
2026-06-04T13:00:00Z,-6.058474374538164,1.6175
2026-06-04T14:00:00Z,1.500872541193569,28.6375
2026-06-04T15:00:00Z,27.400770793904368,70.1525
2026-06-04T16:00:00Z,69.09318271486325,101.5025
2026-06-04T17:00:00Z,81.08627719406688,114.165
2026-06-04T18:00:00Z,92.69960727431517,117.9625
2026-06-04T19:00:00Z,93.07323732564427,115.3725
2026-06-04T20:00:00Z,80.89715749683215,111.69
2026-06-04T21:00:00Z,70.99684573924844,100.05
2026-06-04T22:00:00Z,61.19307234260044,80.695
2026-06-04T23:00:00Z,53.12153435215001,79.44749999999999
2026-06-05T00:00:00Z,55.52256888213441,83.44749999999999
2026-06-05T01:00:00Z,58.12232835918116,85.025
2026-06-05T02:00:00Z,63.21338109854922,89.8325
2026-06-05T03:00:00Z,80.86853310375155,97.2575
2026-06-05T04:00:00Z,84.18627270356664,114.8975
2026-06-05T05:00:00Z,88.65826284666082,118.6175
2026-06-05T06:00:00Z,70.34320949874933,113.8175
2026-06-05T07:00:00Z,40.9841189246888,98.3
2026-06-05T08:00:00Z,16.852302082139495,86.115
2026-06-05T09:00:00Z,7.558457189080476,70.825
2026-06-05T10:00:00Z,4.099943061044058,45.205
2026-06-05T11:00:00Z,-0.16692362362688357,34.1775
2026-06-05T12:00:00Z,0.40647896294177077,27.2
2026-06-05T13:00:00Z,6.175348078046273,38.01
2026-06-05T14:00:00Z,13.935462350081517,72.555
2026-06-05T15:00:00Z,60.15551174142121,104.2525
2026-06-05T16:00:00Z,108.53210293316498,128.9025
2026-06-05T17:00:00Z,135.982342712485,150.4975
2026-06-05T18:00:00Z,164.3058217847098,179.0775
2026-06-05T19:00:00Z,175.70534735152273,189.355
2026-06-05T20:00:00Z,160.26786513652422,169.135
2026-06-05T21:00:00Z,138.0259908839109,152.06
2026-06-05T22:00:00Z,134.03496318309948,148.2425
2026-06-05T23:00:00Z,129.26034730313336,137.18
2026-06-06T00:00:00Z,126.1242658191561,134.79
2026-06-06T01:00:00Z,124.7715194613631,116.1675
2026-06-06T02:00:00Z,129.08298864839446,130.1825
2026-06-06T03:00:00Z,125.37034464391228,126.035
2026-06-06T04:00:00Z,119.70026371345885,117.69
2026-06-06T05:00:00Z,105.53127918522351,102.315
2026-06-06T06:00:00Z,74.86125514796498,81.0175
2026-06-06T07:00:00Z,31.95057854818575,50.0
2026-06-06T08:00:00Z,12.442390980135176,14.7425
2026-06-06T09:00:00Z,3.6752545951979205,0.0325
2026-06-06T10:00:00Z,-0.8691354333357411,-0.03
2026-06-06T11:00:00Z,-2.471440047422366,-0.025
2026-06-06T12:00:00Z,-2.0149979549576615,0.0225
2026-06-06T13:00:00Z,1.3175768214799988,9.51
2026-06-06T14:00:00Z,22.72952051015931,46.105
2026-06-06T15:00:00Z,65.34688239031736,93.2825
2026-06-06T16:00:00Z,109.57799954147116,121.7875
2026-06-06T17:00:00Z,132.82044344487602,133.85
2026-06-06T18:00:00Z,146.69092796228946,152.4325
2026-06-06T19:00:00Z,143.98720550549965,150.9225
2026-06-06T20:00:00Z,125.34820975815137,134.3275
2026-06-06T21:00:00Z,106.03567734299679,121.5425
2026-06-06T22:00:00Z,96.00668226304623,110.7
2026-06-06T23:00:00Z,84.0257520208004,99.5125
2026-06-07T00:00:00Z,68.89064847672645,92.2075
2026-06-07T01:00:00Z,67.31394343685577,81.41499999999999
2026-06-07T02:00:00Z,64.38214722304556,67.0125
2026-06-07T03:00:00Z,58.135765009528434,39.21
2026-06-07T04:00:00Z,46.79449902346307,5.0475
2026-06-07T05:00:00Z,23.224469959667505,0.46
2026-06-07T06:00:00Z,13.75610028644501,-0.5525
2026-06-07T07:00:00Z,0.5246649724127159,-5.05
2026-06-07T08:00:00Z,-8.661662975309845,-8.0
2026-06-07T09:00:00Z,-14.990962133468864,-14.0525
2026-06-07T10:00:00Z,-16.757370384382238,-18.2625
2026-06-07T11:00:00Z,-20.351384813882273,-35.9375
2026-06-07T12:00:00Z,-27.09115879911461,-44.7375
2026-06-07T13:00:00Z,-22.949993547823215,-36.47
2026-06-07T14:00:00Z,-24.458943609422978,-15.96
2026-06-07T15:00:00Z,-1.1688036069091408,-1.135
2026-06-07T16:00:00Z,35.4125352672159,53.625
2026-06-07T17:00:00Z,92.04794395669283,108.0025
2026-06-07T18:00:00Z,126.4685866263765,128.26749999999998
2026-06-07T19:00:00Z,136.23008542211693,137.1375
2026-06-07T20:00:00Z,132.23456521794668,141.1875
2026-06-07T21:00:00Z,124.23403056424736,140.3425
2026-06-07T22:00:00Z,122.80660355010083,140.43
2026-06-07T23:00:00Z,116.52308896734264,134.2375
2026-06-08T00:00:00Z,113.50634445229042,132.71
2026-06-08T01:00:00Z,111.80370848832291,127.67
2026-06-08T02:00:00Z,116.21811832859854,130.175
2026-06-08T03:00:00Z,124.96964329446872,138.5625
2026-06-08T04:00:00Z,141.02762956990773,150.675
2026-06-08T05:00:00Z,133.50170773356868,145.675
2026-06-08T06:00:00Z,103.45971991728811,124.875
2026-06-08T07:00:00Z,56.90011986369031,100.9025
2026-06-08T08:00:00Z,25.908371417381343,75.91499999999999
2026-06-08T09:00:00Z,7.584560954512429,55.6425
2026-06-08T10:00:00Z,3.948217737405168,54.4825
2026-06-08T11:00:00Z,5.490570649578082,55.2175
2026-06-08T12:00:00Z,15.983325875223125,68.67
2026-06-08T13:00:00Z,45.049479031111446,88.8525
2026-06-08T14:00:00Z,73.41197907133605,102.58
2026-06-08T15:00:00Z,103.08640024426875,128.875
2026-06-08T16:00:00Z,137.612724905052,151.32999999999998
2026-06-08T17:00:00Z,160.40666398627255,199.3225
2026-06-08T18:00:00Z,181.3829629406029,208.9025
2026-06-08T19:00:00Z,159.1501255949474,185.75
2026-06-08T20:00:00Z,146.9694943234913,152.3675
2026-06-08T21:00:00Z,134.90607243349126,128.20499999999998
2026-06-08T22:00:00Z,112.35985381842201,129.0125
2026-06-08T23:00:00Z,103.66074771296442,122.1575
2026-06-09T00:00:00Z,92.28124074875223,115.5
2026-06-09T01:00:00Z,91.09476405346713,111.2175
2026-06-09T02:00:00Z,92.2162277679863,110.475
2026-06-09T03:00:00Z,98.33745746941773,115.8425
2026-06-09T04:00:00Z,112.71279023361473,130.1525
2026-06-09T05:00:00Z,116.06532083110346,134.6325
2026-06-09T06:00:00Z,112.05505099170445,126.89
2026-06-09T07:00:00Z,90.63002425209737,107.0
2026-06-09T08:00:00Z,50.90203412673292,82.33500000000001
2026-06-09T09:00:00Z,20.394414189183998,60.9
2026-06-09T10:00:00Z,10.607336466700431,25.215
2026-06-09T11:00:00Z,3.1147132143996634,3.5325
2026-06-09T12:00:00Z,-1.8199226368157086,0.145
2026-06-09T13:00:00Z,-1.156616550278283,1.52
2026-06-09T14:00:00Z,10.363133408096486,30.585
2026-06-09T15:00:00Z,45.842209302484015,75.72749999999999
2026-06-09T16:00:00Z,97.43185376292573,118.5475
2026-06-09T17:00:00Z,133.31431629602176,137.3
2026-06-09T18:00:00Z,150.72310144299286,153.73000000000002
2026-06-09T19:00:00Z,145.416420950992,156.275
2026-06-09T20:00:00Z,133.96103025237954,144.9925
2026-06-09T21:00:00Z,122.4344509553886,131.3075
2026-06-09T22:00:00Z,104.87191848576074,124.9125
2026-06-09T23:00:00Z,100.25793313505076,116.9025
2026-06-10T00:00:00Z,99.35807554519997,111.1275
2026-06-10T01:00:00Z,98.813664792374,111.3075
2026-06-10T02:00:00Z,103.08585598084731,113.24
2026-06-10T03:00:00Z,106.95038806413386,118.7525
2026-06-10T04:00:00Z,128.27862441251173,131.89249999999998
2026-06-10T05:00:00Z,134.33918483765666,136.8075
2026-06-10T06:00:00Z,107.37439053900154,126.6525
2026-06-10T07:00:00Z,89.19887958865533,104.6025
2026-06-10T08:00:00Z,66.08830752380788,86.5575
2026-06-10T09:00:00Z,36.20097433516199,73.0575
2026-06-10T10:00:00Z,31.898994040514044,68.67750000000001
2026-06-10T11:00:00Z,30.825345930631695,71.5675
2026-06-10T12:00:00Z,34.0190664202163,77.825
2026-06-10T13:00:00Z,51.776520038927785,86.625
2026-06-10T14:00:00Z,79.21661309034663,103.4525
2026-06-10T15:00:00Z,104.11340561184487,125.4
2026-06-10T16:00:00Z,125.6612293194295,140.525
2026-06-10T17:00:00Z,143.2145662281834,170.9675
2026-06-10T18:00:00Z,168.54283084651232,213.98
2026-06-10T19:00:00Z,169.5303501535933,204.9975
2026-06-10T20:00:00Z,145.28267129012633,168.635
2026-06-10T21:00:00Z,132.57487993454865,151.75
2026-06-10T22:00:00Z,129.83487514651773,140.7325
2026-06-10T23:00:00Z,126.41271760013355,133.4875
2026-06-11T00:00:00Z,123.44370387877464,126.195
2026-06-11T01:00:00Z,123.44370387877464,125.7575
2026-06-11T02:00:00Z,123.20433925277317,126.045
2026-06-11T03:00:00Z,126.47613506579482,126.6625
2026-06-11T04:00:00Z,132.215812583951,138.32999999999998
2026-06-11T05:00:00Z,130.8717951850762,138.7975
2026-06-11T06:00:00Z,125.76420542517556,126.64
2026-06-11T07:00:00Z,103.72624173322498,103.7975
2026-06-11T08:00:00Z,71.46922116206339,90.5425
2026-06-11T09:00:00Z,53.11602920184752,76.9725
2026-06-11T10:00:00Z,35.850980855079335,60.2725
2026-06-11T11:00:00Z,24.182083395747465,45.31
2026-06-11T12:00:00Z,12.341753712012991,31.58
2026-06-11T13:00:00Z,14.029978326244969,51.025
2026-06-11T14:00:00Z,39.18787489196061,78.4675
2026-06-11T15:00:00Z,85.89313412599174,101.5975
2026-06-11T16:00:00Z,123.38951317853679,127.98
2026-06-11T17:00:00Z,137.14166045578418,146.235
2026-06-11T18:00:00Z,160.3710584234525,174.85750000000002
2026-06-11T19:00:00Z,158.25683344123365,164.9425
2026-06-11T20:00:00Z,135.66139751886243,137.2325
2026-06-11T21:00:00Z,125.88471449383643,116.0625
2026-06-11T22:00:00Z,119.36054537521777,116.895
2026-06-11T23:00:00Z,104.39952642833276,102.0125
2026-06-12T00:00:00Z,96.84703036969869,94.505
2026-06-12T01:00:00Z,92.69746600998468,92.0525
2026-06-12T02:00:00Z,92.86911387136776,93.0475
2026-06-12T03:00:00Z,100.73123036251233,96.0775
2026-06-12T04:00:00Z,114.1415045290968,117.7575
2026-06-12T05:00:00Z,121.17593575814617,122.655
2026-06-12T06:00:00Z,122.21981288232675,127.34
2026-06-12T07:00:00Z,104.18014401342585,117.405
2026-06-12T08:00:00Z,94.70276968135624,102.1
2026-06-12T09:00:00Z,75.71596062725479,90.51
2026-06-12T10:00:00Z,66.13420278650067,81.005
2026-06-12T11:00:00Z,46.06531046133602,70.1325
2026-06-12T12:00:00Z,27.675534163938543,60.370000000000005
2026-06-12T13:00:00Z,29.433859077061896,56.0475
2026-06-12T14:00:00Z,35.39247074153474,68.2675
2026-06-12T15:00:00Z,64.08506014338403,78.8725
2026-06-12T16:00:00Z,91.09588497070156,103.65
2026-06-12T17:00:00Z,112.44580054667091,115.8725
2026-06-12T18:00:00Z,128.8895260133908,110.665
2026-06-12T19:00:00Z,129.51890738948444,109.81
2026-06-12T20:00:00Z,115.58324943583843,111.1225
2026-06-12T21:00:00Z,101.85220078429279,100.8975
2026-06-12T22:00:00Z,81.32146781191078,87.085
2026-06-12T23:00:00Z,71.15039902668559,74.045
2026-06-13T00:00:00Z,63.494421728297624,65.85249999999999
2026-06-13T01:00:00Z,57.67385801450395,63.835
2026-06-13T02:00:00Z,56.640796634673315,65.5575
2026-06-13T03:00:00Z,59.8994205740793,53.795
2026-06-13T04:00:00Z,51.06771845558859,31.63
2026-06-13T05:00:00Z,26.322847631741947,13.655
2026-06-13T06:00:00Z,8.277305044337474,0.3274999999999999
2026-06-13T07:00:00Z,-1.5343410528203103,-1.1075
2026-06-13T08:00:00Z,-6.92489643166069,-4.9175
2026-06-13T09:00:00Z,-19.217983285215503,-15.695
2026-06-13T10:00:00Z,-22.59104837969089,-27.4225
2026-06-13T11:00:00Z,-32.87576365951601,-45.8675
2026-06-13T12:00:00Z,-41.37643405463207,-44.9975
2026-06-13T13:00:00Z,-29.99829542484481,-31.54
2026-06-13T14:00:00Z,-24.539908322421432,-19.17
2026-06-13T15:00:00Z,-2.8624228515222243,-4.215
2026-06-13T16:00:00Z,8.697514770711493,-0.5475000000000001
2026-06-13T17:00:00Z,15.820524207343944,33.410000000000004
2026-06-13T18:00:00Z,36.0863551384584,72.25500000000001
2026-06-13T19:00:00Z,51.19231612106808,87.16
2026-06-13T20:00:00Z,53.7505052651842,102.485
2026-06-13T21:00:00Z,46.423357951081705,88.0
2026-06-13T22:00:00Z,42.30050734211706,67.7875
2026-06-13T23:00:00Z,30.038269725967393,49.44
2026-06-14T00:00:00Z,24.065859044304005,34.0775
2026-06-14T01:00:00Z,24.065859044304005,28.0725
2026-06-14T02:00:00Z,23.02605707523003,26.5725
2026-06-14T03:00:00Z,19.669977930021304,21.3675
2026-06-14T04:00:00Z,7.170136925830153,7.74
2026-06-14T05:00:00Z,2.13387936129407,0.4599999999999999
2026-06-14T06:00:00Z,-2.957604274306407,-0.3475
2026-06-14T07:00:00Z,-10.385252931596177,-2.8325
2026-06-14T08:00:00Z,-13.543497235407735,-6.37
2026-06-14T09:00:00Z,-22.61357543076817,-9.2875
2026-06-14T10:00:00Z,-22.61357543076817,-14.9925
2026-06-14T11:00:00Z,-33.82335331706505,-23.4225
2026-06-14T12:00:00Z,-39.11797425200349,-25.0
2026-06-14T13:00:00Z,-32.2339001246271,-20.0
2026-06-14T14:00:00Z,-17.750843326924272,-9.2025
2026-06-14T15:00:00Z,-11.734925273983267,-1.745
2026-06-14T16:00:00Z,1.7287583007093401,5.28
2026-06-14T17:00:00Z,26.928182896675217,62.0825
2026-06-14T18:00:00Z,65.01243720504824,94.88
2026-06-14T19:00:00Z,74.1533536282538,102.6275
2026-06-14T20:00:00Z,76.44312492172752,112.28
2026-06-14T21:00:00Z,71.09791362658717,103.395
2026-06-14T22:00:00Z,60.52294200719791,101.4325
2026-06-14T23:00:00Z,60.524787640159104,92.91
2026-06-15T00:00:00Z,54.46755570940038,85.375
2026-06-15T01:00:00Z,52.834216119883166,83.7475
2026-06-15T02:00:00Z,56.99724881991812,84.3875
2026-06-15T03:00:00Z,67.40076188071326,91.405
2026-06-15T04:00:00Z,86.08452193285459,105.6925
2026-06-15T05:00:00Z,79.0092951649515,107.3925
2026-06-15T06:00:00Z,58.48222435233602,91.44
2026-06-15T07:00:00Z,23.478356245914743,63.6525
2026-06-15T08:00:00Z,6.950925578526324,21.5575
2026-06-15T09:00:00Z,3.0989024498841458,1.0075
2026-06-15T10:00:00Z,-3.4714096231359943,-0.0275
2026-06-15T11:00:00Z,-5.7723548682956825,-1.4825
2026-06-15T12:00:00Z,-16.113485904086247,-2.9025
2026-06-15T13:00:00Z,-3.7445485175342346,-0.9325
2026-06-15T14:00:00Z,4.311342034526472,-0.015
2026-06-15T15:00:00Z,15.308412792344528,43.6775
2026-06-15T16:00:00Z,57.26377172424088,91.4525
2026-06-15T17:00:00Z,104.44118218290622,129.0825
2026-06-15T18:00:00Z,131.25931287723265,148.695
2026-06-15T19:00:00Z,147.01623451248284,156.26
2026-06-15T20:00:00Z,139.84461520898904,153.7925
2026-06-15T21:00:00Z,127.05713081559385,134.755
2026-06-15T22:00:00Z,119.0632339495532,122.8275
2026-06-15T23:00:00Z,111.63573962762084,117.3175
2026-06-16T00:00:00Z,107.53917169623067,113.775
2026-06-16T01:00:00Z,105.67374993599007,110.9925
2026-06-16T02:00:00Z,110.14114252046278,111.24
2026-06-16T03:00:00Z,115.64630225000124,115.1225
2026-06-16T04:00:00Z,131.17724331804627,127.9925
2026-06-16T05:00:00Z,131.00571173041502,131.695
2026-06-16T06:00:00Z,121.7709458041713,126.315
2026-06-16T07:00:00Z,101.81620542529578,109.5025
2026-06-16T08:00:00Z,78.66778656364284,85.98
2026-06-16T09:00:00Z,65.18093836466613,80.5375
2026-06-16T10:00:00Z,50.71920651583473,66.4975
2026-06-16T11:00:00Z,42.93804512670254,54.255
2026-06-16T12:00:00Z,47.00891118754552,50.7325
2026-06-16T13:00:00Z,53.615825800110706,60.22
2026-06-16T14:00:00Z,64.98220382454683,81.4575
2026-06-16T15:00:00Z,85.33230213153892,109.7225
2026-06-16T16:00:00Z,109.43676853765048,127.11
2026-06-16T17:00:00Z,133.5788920162793,148.1175
2026-06-16T18:00:00Z,175.08013351211602,174.1025
2026-06-16T19:00:00Z,172.15361063881144,181.42
2026-06-16T20:00:00Z,150.25560072901305,163.86
2026-06-16T21:00:00Z,129.80805430166595,143.10750000000002
2026-06-16T22:00:00Z,126.33337952374022,141.23000000000002
2026-06-16T23:00:00Z,120.9064311458182,135.39249999999998
2026-06-17T00:00:00Z,112.6191417172587,129.32999999999998
2026-06-17T01:00:00Z,110.63628935579749,127.54
2026-06-17T02:00:00Z,117.31688459249625,127.415
2026-06-17T03:00:00Z,123.40004121804404,128.045
2026-06-17T04:00:00Z,129.8208811168604,140.265
2026-06-17T05:00:00Z,128.0169785188301,136.675
2026-06-17T06:00:00Z,119.46485353179138,121.755
2026-06-17T07:00:00Z,86.48320441787644,105.795
2026-06-17T08:00:00Z,54.166945188517424,88.245
2026-06-17T09:00:00Z,40.08322339765544,78.4875
2026-06-17T10:00:00Z,26.276396313660776,72.23
2026-06-17T11:00:00Z,22.41003963503225,62.7925
2026-06-17T12:00:00Z,23.38868270741754,66.2575
2026-06-17T13:00:00Z,33.7137642585721,75.975
2026-06-17T14:00:00Z,52.68980240317181,88.0925
2026-06-17T15:00:00Z,88.59189892771637,106.425
2026-06-17T16:00:00Z,118.64781622127074,120.7375
2026-06-17T17:00:00Z,137.48530849742733,142.5575
2026-06-17T18:00:00Z,166.95599545730522,162.39
2026-06-17T19:00:00Z,167.75579113492844,164.115
2026-06-17T20:00:00Z,145.5853907469225,158.61
2026-06-17T21:00:00Z,128.40455067298677,142.7375
2026-06-17T22:00:00Z,123.99528471743164,135.2575
2026-06-17T23:00:00Z,120.42216491863402,125.7275
2026-06-18T00:00:00Z,114.45958984174992,121.8625
2026-06-18T01:00:00Z,114.28136281546878,119.685
2026-06-18T02:00:00Z,115.3887807876689,119.3125
2026-06-18T03:00:00Z,119.43976716180192,127.09
2026-06-18T04:00:00Z,125.5136021455602,135.3
2026-06-18T05:00:00Z,122.55413158740988,135.265
2026-06-18T06:00:00Z,106.76922096384853,118.7325
2026-06-18T07:00:00Z,67.68392548187387,101.715
2026-06-18T08:00:00Z,30.197553996720966,75.135
2026-06-18T09:00:00Z,7.353233250313601,44.0275
2026-06-18T10:00:00Z,-8.725988921381353,28.2475
2026-06-18T11:00:00Z,-9.097796845067679,18.67
2026-06-18T12:00:00Z,-9.724596777750895,25.9
2026-06-18T13:00:00Z,7.9786393222662415,48.0975
2026-06-18T14:00:00Z,21.983792386780447,79.06
2026-06-18T15:00:00Z,63.762825289024256,105.515
2026-06-18T16:00:00Z,117.26863351763392,135.70749999999998
2026-06-18T17:00:00Z,162.91841918528826,253.3925
2026-06-18T18:00:00Z,203.44185499488765,435.0675
2026-06-18T19:00:00Z,226.92361148808277,441.915
2026-06-18T20:00:00Z,195.06376563103393,264.32
2026-06-18T21:00:00Z,140.6096004757971,163.0175
2026-06-18T22:00:00Z,124.85548461769939,146.6425
2026-06-18T23:00:00Z,116.79786038202413,132.5125
2026-06-19T00:00:00Z,108.30738153617555,124.8225
2026-06-19T01:00:00Z,107.0569314065965,120.46
2026-06-19T02:00:00Z,110.70570460728608,118.4675
2026-06-19T03:00:00Z,112.38798165247552,120.595
2026-06-19T04:00:00Z,123.59081621089975,138.7175
2026-06-19T05:00:00Z,122.08757771262536,127.3725
2026-06-19T06:00:00Z,105.20762062392264,111.9575
2026-06-19T07:00:00Z,63.19129785853125,95.395
2026-06-19T08:00:00Z,28.312000538383806,69.9075
2026-06-19T09:00:00Z,-5.5862393141798385,32.09
2026-06-19T10:00:00Z,-33.22994550950964,15.0
2026-06-19T11:00:00Z,-32.9531662285704,11.235
2026-06-19T12:00:00Z,-31.887305305323366,16.305
2026-06-19T13:00:00Z,0.4540363739951627,42.8525
2026-06-19T14:00:00Z,15.399795328116577,80.685
2026-06-19T15:00:00Z,63.112393436592455,108.3225
2026-06-19T16:00:00Z,132.3315528428698,129.7025
2026-06-19T17:00:00Z,160.8393054750334,170.785
2026-06-19T18:00:00Z,166.21391885596879,201.36
2026-06-19T19:00:00Z,143.03206243153045,185.5325
2026-06-19T20:00:00Z,132.4774031566525,157.8625
2026-06-19T21:00:00Z,110.9709533860443,137.7825
2026-06-19T22:00:00Z,109.2144930242236,130.35
2026-06-19T23:00:00Z,102.86365455572017,121.12
2026-06-20T00:00:00Z,103.13067735118126,118.6
2026-06-20T01:00:00Z,104.80761148469479,116.7625
2026-06-20T02:00:00Z,101.45745864314901,114.7975
2026-06-20T03:00:00Z,102.50255886324327,114.4925
2026-06-20T04:00:00Z,104.47581978612236,109.7275
2026-06-20T05:00:00Z,89.33567940038364,101.6775
2026-06-20T06:00:00Z,57.92110149064238,89.9875
2026-06-20T07:00:00Z,26.29407760321097,41.335
2026-06-20T08:00:00Z,0.06476864392462287,4.125
2026-06-20T09:00:00Z,-27.099300007824294,-0.0025
2026-06-20T10:00:00Z,-30.65347095034387,-0.0125
2026-06-20T11:00:00Z,-43.57206283977061,-0.0175
2026-06-20T12:00:00Z,-46.24776496436315,-0.0125
2026-06-20T13:00:00Z,-29.515835329698156,0.25
2026-06-20T14:00:00Z,0.91959727065252,18.3075
2026-06-20T15:00:00Z,30.468081879907313,84.22
2026-06-20T16:00:00Z,82.10401911053636,119.7825
2026-06-20T17:00:00Z,123.58235685718779,147.3975
2026-06-20T18:00:00Z,178.97012649837183,171.98749999999998
2026-06-20T19:00:00Z,147.7814524278835,182.55
2026-06-20T20:00:00Z,134.8627707230699,165.0675
2026-06-20T21:00:00Z,127.81947452572916,146.8075
2026-06-20T22:00:00Z,119.91764425674766,137.915
2026-06-20T23:00:00Z,113.00448277355586,128.565
2026-06-21T00:00:00Z,106.01321777408569,126.415
2026-06-21T01:00:00Z,106.23125002864886,124.17
2026-06-21T02:00:00Z,106.06189664726496,122.4325
2026-06-21T03:00:00Z,106.40964948451777,119.5875
2026-06-21T04:00:00Z,95.46306704609869,112.1
2026-06-21T05:00:00Z,83.85477942612762,102.355
2026-06-21T06:00:00Z,39.415422070858824,70.815
2026-06-21T07:00:00Z,4.79266565626975,25.9825
2026-06-21T08:00:00Z,-25.24508469638076,1.3624999999999998
2026-06-21T09:00:00Z,-51.45107332101502,-0.0025
2026-06-21T10:00:00Z,-59.304231515651026,-0.0075
2026-06-21T11:00:00Z,-63.274596437646174,-0.01
2026-06-21T12:00:00Z,-48.66501741203228,-0.005
2026-06-21T13:00:00Z,-34.07167885377815,0.0075
2026-06-21T14:00:00Z,-2.1480017799576094,12.7625
2026-06-21T15:00:00Z,33.67360645851202,77.72
2026-06-21T16:00:00Z,96.20451182338873,115.615
2026-06-21T17:00:00Z,121.9961807471085,133.92000000000002
2026-06-21T18:00:00Z,133.64321821294067,150.0025
2026-06-21T19:00:00Z,138.00013949847244,150.265
2026-06-21T20:00:00Z,132.86089847821117,146.1
2026-06-21T21:00:00Z,113.36680582667408,133.9925
2026-06-21T22:00:00Z,105.82083831823854,128.3775
2026-06-21T23:00:00Z,104.95586362129949,120.1225
2026-06-22T00:00:00Z,101.38656378753558,114.9625
2026-06-22T01:00:00Z,106.9411263655101,115.225
2026-06-22T02:00:00Z,109.43763049836312,117.13
2026-06-22T03:00:00Z,111.52336773855501,123.89
2026-06-22T04:00:00Z,118.26666409128322,140.3425
2026-06-22T05:00:00Z,120.79306671597593,146.0375
2026-06-22T06:00:00Z,99.34283055531031,128.8225
2026-06-22T07:00:00Z,71.96482862663255,107.1625
2026-06-22T08:00:00Z,28.030061357130005,84.64750000000001
2026-06-22T09:00:00Z,2.602103509455712,57.3025
2026-06-22T10:00:00Z,-9.104002461063779,39.5175
2026-06-22T11:00:00Z,-16.48112195013247,32.34
2026-06-22T12:00:00Z,-5.833159709334847,41.805
2026-06-22T13:00:00Z,4.815045375772129,63.517500000000005
2026-06-22T14:00:00Z,30.583943720526882,90.8975
2026-06-22T15:00:00Z,66.78461895258926,114.07
2026-06-22T16:00:00Z,107.61392777470006,145.585
2026-06-22T17:00:00Z,140.85329030859356,198.5075
2026-06-22T18:00:00Z,179.06634857808507,271.77750000000003
2026-06-22T19:00:00Z,175.82554584655892,250.455
2026-06-22T20:00:00Z,150.73118764152042,189.57
2026-06-22T21:00:00Z,133.0529820540641,156.0025
2026-06-22T22:00:00Z,125.4130100351212,146.06
2026-06-22T23:00:00Z,121.84158675185373,139.125
2026-06-23T00:00:00Z,113.01846606949444,135.01
2026-06-23T01:00:00Z,115.46238039491358,135.8225
2026-06-23T02:00:00Z,120.81159170248522,138.06
2026-06-23T03:00:00Z,129.76584347973932,142.3
2026-06-23T04:00:00Z,135.4857893697687,164.22
2026-06-23T05:00:00Z,134.22192317207646,160.1325
2026-06-23T06:00:00Z,117.2273037416203,133.7875
2026-06-23T07:00:00Z,89.14538689161226,112.1175
2026-06-23T08:00:00Z,48.40805374986817,96.3125
2026-06-23T09:00:00Z,21.048738014500664,76.52
2026-06-23T10:00:00Z,-12.03072631460996,67.145
2026-06-23T11:00:00Z,-20.7506791918284,60.345
2026-06-23T12:00:00Z,-13.698014801037262,67.6525
2026-06-23T13:00:00Z,10.857028675852902,81.35249999999999
2026-06-23T14:00:00Z,38.0014407257407,101.065
2026-06-23T15:00:00Z,86.19145914286143,121.7075
2026-06-23T16:00:00Z,132.1945493282951,169.6825
2026-06-23T17:00:00Z,181.68820741472982,340.70500000000004
2026-06-23T18:00:00Z,263.83494538850704,545.505
2026-06-23T19:00:00Z,282.90809199851867,528.7375
2026-06-23T20:00:00Z,209.06568185377344,335.1175
2026-06-23T21:00:00Z,157.11851157907623,199.3975
2026-06-23T22:00:00Z,154.74277009086913,178.8025
2026-06-23T23:00:00Z,141.1608470300495,162.655
2026-06-24T00:00:00Z,126.7932893973507,148.005
2026-06-24T01:00:00Z,125.87597339517713,144.05
2026-06-24T02:00:00Z,136.5623576162043,144.46
2026-06-24T03:00:00Z,143.51707530445958,151.6175
2026-06-24T04:00:00Z,157.4936689848282,178.1675
2026-06-24T05:00:00Z,150.76990114875295,172.61
2026-06-24T06:00:00Z,117.00533768257668,149.3475
2026-06-24T07:00:00Z,78.98420643367274,119.3125
2026-06-24T08:00:00Z,39.821790179259615,102.4125
2026-06-24T09:00:00Z,-1.77766016245586,84.52
2026-06-24T10:00:00Z,-25.614807290895968,73.51
2026-06-24T11:00:00Z,-29.35783837066957,70.9825
2026-06-24T12:00:00Z,-29.265537255236254,74.515
2026-06-24T13:00:00Z,-9.13537615870865,89.3475
2026-06-24T14:00:00Z,34.665841328771755,109.375
2026-06-24T15:00:00Z,82.19017812386271,129.66
2026-06-24T16:00:00Z,147.38226809211258,196.785
2026-06-24T17:00:00Z,266.30408454505107,455.1375
2026-06-24T18:00:00Z,334.03196510586673,665.8199999999999
2026-06-24T19:00:00Z,296.7536829030642,660.1575
2026-06-24T20:00:00Z,234.96588405184283,463.2525
2026-06-24T21:00:00Z,197.92368550598533,263.61
2026-06-24T22:00:00Z,156.4707628637657,169.5675
2026-06-24T23:00:00Z,143.896114409605,154.935
2026-06-25T00:00:00Z,125.88040161457091,145.385
2026-06-25T01:00:00Z,125.2177152832883,142.9725
2026-06-25T02:00:00Z,129.1751718917782,141.9075
2026-06-25T03:00:00Z,132.1399367253378,144.5725
2026-06-25T04:00:00Z,150.74956310291506,161.32999999999998
2026-06-25T05:00:00Z,134.17144612483528,148.41750000000002
2026-06-25T06:00:00Z,119.12355036876222,119.0975
2026-06-25T07:00:00Z,72.61284749983325,105.0075
2026-06-25T08:00:00Z,33.55373110085964,84.745
2026-06-25T09:00:00Z,-3.4922743620509955,67.0925
2026-06-25T10:00:00Z,-28.79852312778646,42.7
2026-06-25T11:00:00Z,-29.89355806898953,33.96
2026-06-25T12:00:00Z,-20.796608375089516,37.265
2026-06-25T13:00:00Z,-12.008345842246893,67.8075
2026-06-25T14:00:00Z,13.310280474084573,88.2925
2026-06-25T15:00:00Z,62.54106864369831,106.6
2026-06-25T16:00:00Z,137.38267569507624,135.23
2026-06-25T17:00:00Z,178.16925481111338,203.315
2026-06-25T18:00:00Z,204.41885179341125,285.77250000000004
2026-06-25T19:00:00Z,183.26920504073726,276.615
2026-06-25T20:00:00Z,162.3182557498097,186.6375
2026-06-25T21:00:00Z,137.5810712811434,155.745
2026-06-25T22:00:00Z,129.60198260756493,144.7
2026-06-25T23:00:00Z,123.98304374143909,130.725
2026-06-26T00:00:00Z,120.47400923745487,122.4825
2026-06-26T01:00:00Z,118.88675836714366,120.9325
2026-06-26T02:00:00Z,121.11239613574759,122.605
2026-06-26T03:00:00Z,123.34562961896198,129.5475
2026-06-26T04:00:00Z,130.39613889825318,146.03
2026-06-26T05:00:00Z,122.71464590465241,137.97
2026-06-26T06:00:00Z,103.71105505923342,119.805
2026-06-26T07:00:00Z,57.22062769147762,108.2725
2026-06-26T08:00:00Z,20.25206482143672,93.2425
2026-06-26T09:00:00Z,-7.3135959211795925,67.705
2026-06-26T10:00:00Z,-26.38635165344362,49.49
2026-06-26T11:00:00Z,-43.013676839788175,38.5
2026-06-26T12:00:00Z,-43.013676839788175,40.0
2026-06-26T13:00:00Z,-23.991784235488804,68.9825
2026-06-26T14:00:00Z,4.948340448996155,93.12
2026-06-26T15:00:00Z,47.83755617309752,110.9925
2026-06-26T16:00:00Z,111.97768494621585,150.345
2026-06-26T17:00:00Z,173.94139873030144,243.545
2026-06-26T18:00:00Z,191.92490592849782,350.46000000000004
2026-06-26T19:00:00Z,184.4070281803376,295.77750000000003
2026-06-26T20:00:00Z,147.54379187190017,202.655
2026-06-26T21:00:00Z,119.51181756062783,154.86
2026-06-26T22:00:00Z,116.00954252344576,132.045
2026-06-26T23:00:00Z,106.12036239472903,124.5
2026-06-27T00:00:00Z,105.50389268385725,117.995
2026-06-27T01:00:00Z,105.48969687361792,115.83
2026-06-27T02:00:00Z,104.81312855676178,115.325
2026-06-27T03:00:00Z,109.14796164970222,114.0
2026-06-27T04:00:00Z,111.24194543367393,112.725
2026-06-27T05:00:00Z,90.70461081002624,109.2725
2026-06-27T06:00:00Z,50.03974415581395,102.8675
2026-06-27T07:00:00Z,20.599712377815603,73.5675
2026-06-27T08:00:00Z,-11.264849838622744,36.025
2026-06-27T09:00:00Z,-25.44593234111024,9.6675
2026-06-27T10:00:00Z,-45.98030641488148,0.525
2026-06-27T11:00:00Z,-58.73760749244422,0.0275
2026-06-27T12:00:00Z,-50.54466788779147,3.3925
2026-06-27T13:00:00Z,-33.51175622062933,12.7675
2026-06-27T14:00:00Z,-5.847334803016178,51.0
2026-06-27T15:00:00Z,49.48105065918014,100.605
2026-06-27T16:00:00Z,137.8228744011965,127.1325
2026-06-27T17:00:00Z,210.6458661299751,171.755
2026-06-27T18:00:00Z,264.141162434316,221.25
2026-06-27T19:00:00Z,239.54909722443136,214.3075
2026-06-27T20:00:00Z,211.31264141831664,174.9975
2026-06-27T21:00:00Z,143.38130041106115,144.595
2026-06-27T22:00:00Z,128.77827694940083,136.46
2026-06-27T23:00:00Z,114.66766858239606,126.03
2026-06-28T00:00:00Z,106.43564203118635,119.6825
2026-06-28T01:00:00Z,99.79718232608775,115.6875
2026-06-28T02:00:00Z,100.31640893318804,114.735
2026-06-28T03:00:00Z,102.31736388807518,115.1225
2026-06-28T04:00:00Z,98.03417281099284,112.0625
2026-06-28T05:00:00Z,72.14829362044041,104.43
2026-06-28T06:00:00Z,38.82598180771263,76.685
2026-06-28T07:00:00Z,4.91364249756598,32.8125
2026-06-28T08:00:00Z,-19.778800981036106,5.1525
2026-06-28T09:00:00Z,-36.32241523223264,0.12
2026-06-28T10:00:00Z,-54.82674598335281,-0.0225
2026-06-28T11:00:00Z,-54.861280001882825,-0.905
2026-06-28T12:00:00Z,-55.73616917179008,-0.0275
2026-06-28T13:00:00Z,-32.665222275668185,1.62
2026-06-28T14:00:00Z,-1.164547230636143,27.665
2026-06-28T15:00:00Z,40.66933433930841,84.6425
2026-06-28T16:00:00Z,104.60848875616895,114.51
2026-06-28T17:00:00Z,142.62313297836732,137.9875
2026-06-28T18:00:00Z,185.071976527133,153.1775
2026-06-28T19:00:00Z,172.6616036322069,161.04
2026-06-28T20:00:00Z,158.9608057546294,157.29500000000002
2026-06-28T21:00:00Z,137.05783684469125,144.115
2026-06-28T22:00:00Z,125.19336721505584,123.1175
2026-06-28T23:00:00Z,120.45658689026446,113.665
2026-06-29T00:00:00Z,120.4902825257768,113.025
2026-06-29T01:00:00Z,114.50235927379384,109.76
2026-06-29T02:00:00Z,116.3625239804919,114.87
2026-06-29T03:00:00Z,122.03674749252771,127.3425
2026-06-29T04:00:00Z,142.4139433748373,149.7375
2026-06-29T05:00:00Z,141.326191046096,152.1625
2026-06-29T06:00:00Z,127.95609174195923,143.2925
2026-06-29T07:00:00Z,102.47419588471558,120.9475
2026-06-29T08:00:00Z,81.24468443178685,106.925
2026-06-29T09:00:00Z,66.77202561658996,99.1
2026-06-29T10:00:00Z,58.73474397498296,89.5075
2026-06-29T11:00:00Z,52.07454840627081,82.0275
2026-06-29T12:00:00Z,52.531018364528734,86.38499999999999
2026-06-29T13:00:00Z,59.06130569043614,96.78
2026-06-29T14:00:00Z,69.29461396694619,103.7325
2026-06-29T15:00:00Z,99.47070749686537,115.075
2026-06-29T16:00:00Z,138.95128588776072,134.91
2026-06-29T17:00:00Z,177.02328455221394,197.65
2026-06-29T18:00:00Z,199.24374710131931,284.3325
2026-06-29T19:00:00Z,203.88011279942447,301.365
2026-06-29T20:00:00Z,175.69245947469534,230.89
2026-06-29T21:00:00Z,147.33991340684338,170.0
2026-07-01T00:00:00Z,139.46289707933082,146.78
2026-07-01T01:00:00Z,139.26872763036295,146.995
2026-07-01T02:00:00Z,145.19194942334337,151.0375
2026-07-01T03:00:00Z,155.51141626138104,160.35500000000002
2026-07-01T04:00:00Z,182.3955175134877,196.3275
2026-07-01T05:00:00Z,176.35947773847565,203.2975
2026-07-01T06:00:00Z,153.58496494757847,180.2425
2026-07-01T07:00:00Z,122.84710960266816,145.70000000000002
2026-07-01T08:00:00Z,103.14528593785977,125.41
2026-07-01T09:00:00Z,92.57799829755244,119.4475
2026-07-01T10:00:00Z,84.64699117621635,115.8575
2026-07-01T11:00:00Z,66.61407943165631,110.3925
2026-07-01T12:00:00Z,61.19816837988335,99.715
2026-07-01T13:00:00Z,53.814549240879685,97.275
2026-07-01T14:00:00Z,69.84310719575501,99.39
2026-07-01T15:00:00Z,109.16998381264038,101.41
2026-07-01T16:00:00Z,182.43962811373584,120.27
2026-07-01T17:00:00Z,222.36262706740087,167.9975
2026-07-01T18:00:00Z,260.7365279831299,231.685
2026-07-01T19:00:00Z,279.2564022741406,243.455
2026-07-01T20:00:00Z,242.77170189508146,199.465
2026-07-01T21:00:00Z,169.70179953380688,156.66500000000002
2026-07-01T22:00:00Z,154.25121291312388,160.165
2026-07-01T23:00:00Z,134.3727787425835,143.41
2026-07-02T00:00:00Z,130.68670725345336,130.3575
2026-07-02T01:00:00Z,124.10443431264757,120.3275
2026-07-02T02:00:00Z,122.7028013343635,114.0925
2026-07-02T03:00:00Z,123.25563253433234,114.4525
2026-07-02T04:00:00Z,128.93038866302658,121.065
2026-07-02T05:00:00Z,116.62690190465706,112.9275
2026-07-02T06:00:00Z,74.39977813497408,91.315
2026-07-02T07:00:00Z,16.857039748451378,45.0925
2026-07-02T08:00:00Z,-2.252919043711201,5.534999999999999
2026-07-02T09:00:00Z,-6.3302855758555765,-0.0725
2026-07-02T10:00:00Z,-15.027602397525785,-1.6475
2026-07-02T11:00:00Z,-15.727774651067724,-1.965
2026-07-02T12:00:00Z,-17.239028612399668,-3.0025
2026-07-02T13:00:00Z,-14.694653185840641,-1.9975
2026-07-02T14:00:00Z,0.40722742363199166,-0.505
2026-07-02T15:00:00Z,2.1719459347270145,2.895
2026-07-02T16:00:00Z,18.923861493083756,46.8375
2026-07-02T17:00:00Z,62.92125714419897,90.46
2026-07-02T18:00:00Z,78.15858940255933,107.2525
2026-07-02T19:00:00Z,79.87259172365253,117.9225
2026-07-02T20:00:00Z,76.9757208758747,126.9
2026-07-02T21:00:00Z,70.94311249942706,117.6075
2026-07-02T22:00:00Z,64.66415508511803,91.2625
2026-07-02T23:00:00Z,51.77769471551996,86.995
2026-07-03T00:00:00Z,46.92372727456216,82.6825
2026-07-03T01:00:00Z,46.92372727456216,85.91
2026-07-03T02:00:00Z,61.88432428601309,84.4575
2026-07-03T03:00:00Z,72.63890492877924,86.82
2026-07-03T04:00:00Z,80.62663633978873,99.4925
2026-07-03T05:00:00Z,71.43097113973374,104.4675
2026-07-03T06:00:00Z,25.769259260589624,63.0275
2026-07-03T07:00:00Z,3.4679435364350275,9.565
2026-07-03T08:00:00Z,-10.817311655818397,-0.1
2026-07-03T09:00:00Z,-14.808049188624802,-1.055
2026-07-03T10:00:00Z,-12.98838648387543,-1.885
2026-07-03T11:00:00Z,-20.665605061304774,-3.5025
2026-07-03T12:00:00Z,-19.858075810411957,-4.9875
2026-07-03T13:00:00Z,-13.25853281314212,-4.055
2026-07-03T14:00:00Z,-12.87069366778212,-2.605
2026-07-03T15:00:00Z,2.051855345928698,-0.0474999999999999
2026-07-03T16:00:00Z,17.300236228610792,35.385
2026-07-03T17:00:00Z,69.39054425371513,102.645
2026-07-03T18:00:00Z,100.19303746946979,124.4425
2026-07-03T19:00:00Z,113.39739221375372,130.0275
2026-07-03T20:00:00Z,110.9538004305941,135.805
2026-07-03T21:00:00Z,102.75375821093144,124.275
2026-07-03T22:00:00Z,98.24623690493343,125.0
2026-07-03T23:00:00Z,93.85357400326716,120.0875
2026-07-04T00:00:00Z,82.13013984346786,116.435
2026-07-04T01:00:00Z,83.16695726806144,113.8225
2026-07-04T02:00:00Z,82.98189221083022,106.3375
2026-07-04T03:00:00Z,82.39211035618594,99.6725
2026-07-04T04:00:00Z,83.01747814911558,92.25
2026-07-04T05:00:00Z,67.88038865455073,72.6525
2026-07-04T06:00:00Z,26.103835689152707,28.93
2026-07-04T07:00:00Z,5.818714195630781,0.9925
2026-07-04T08:00:00Z,-7.93077121730308,-0.01
2026-07-04T09:00:00Z,-12.10869683383085,-0.8
2026-07-04T10:00:00Z,-28.472378636681483,-3.1025
2026-07-04T11:00:00Z,-30.819935951813807,-8.25
2026-07-04T12:00:00Z,-34.25366324843441,-10.31
2026-07-04T13:00:00Z,-21.156978658042025,-4.265000000000001
2026-07-04T14:00:00Z,-13.042976224297794,-0.34
2026-07-04T15:00:00Z,-5.181732706673358,4.2925
2026-07-04T16:00:00Z,20.17305030700569,57.7325
2026-07-04T17:00:00Z,76.47181283192864,107.1925
2026-07-04T18:00:00Z,99.15847005928107,125.64
2026-07-04T19:00:00Z,104.22823562921513,131.03
2026-07-04T20:00:00Z,96.37508466865957,128.0275
2026-07-04T21:00:00Z,88.82504591880856,118.62
2026-07-04T22:00:00Z,88.64661497999403,122.8725
2026-07-04T23:00:00Z,74.46808982222389,115.9225
2026-07-05T00:00:00Z,66.95479685563784,110.4975
2026-07-05T01:00:00Z,62.22369047720137,105.9525
2026-07-05T02:00:00Z,62.506257567194254,101.41
2026-07-05T03:00:00Z,59.4733937183214,97.09
2026-07-05T04:00:00Z,61.133801719288414,85.0025
2026-07-05T05:00:00Z,45.154367126451426,44.1625
2026-07-05T06:00:00Z,7.908667806518781,14.795
2026-07-05T07:00:00Z,-4.249140665056641,1.3825
2026-07-05T08:00:00Z,-11.421247949832518,-0.0075
2026-07-05T09:00:00Z,-16.327935514101124,-0.03
2026-07-05T10:00:00Z,-19.803311122008033,-0.105
2026-07-05T11:00:00Z,-21.297832799927644,-0.6174999999999999
2026-07-05T12:00:00Z,-22.487203753491396,-1.165
2026-07-05T13:00:00Z,-18.008027392794787,-1.0225
2026-07-05T14:00:00Z,-11.8455447115987,-0.06
2026-07-05T15:00:00Z,2.6524214921880414,4.9
2026-07-05T16:00:00Z,42.84889531318812,64.0
2026-07-05T17:00:00Z,85.70417970383478,107.505
2026-07-05T18:00:00Z,107.60762296373626,129.2975
2026-07-05T19:00:00Z,118.44872751625869,136.54
2026-07-05T20:00:00Z,120.0101893174848,139.8925
2026-07-05T21:00:00Z,117.6534359713307,127.895
2026-07-05T22:00:00Z,114.213392177166,138.555
2026-07-05T23:00:00Z,110.57321699640357,124.5375
2026-07-06T00:00:00Z,100.43389602396782,119.7625
2026-07-06T01:00:00Z,99.82297058432401,115.55
2026-07-06T02:00:00Z,97.9008203051379,115.925
2026-07-06T03:00:00Z,103.38283852666906,120.86
2026-07-06T04:00:00Z,114.58485370662845,136.0325
2026-07-06T05:00:00Z,113.97407366450541,139.56
2026-07-06T06:00:00Z,100.51159972324623,133.865
2026-07-06T07:00:00Z,71.17782148595978,110.615
2026-07-06T08:00:00Z,27.94216493774108,90.275
2026-07-06T09:00:00Z,14.23197953620183,72.065
2026-07-06T10:00:00Z,6.368887864423607,43.015
2026-07-06T11:00:00Z,-0.8269925941591677,20.445
2026-07-06T12:00:00Z,-0.7344676525199797,9.8075
2026-07-06T13:00:00Z,-2.2944287733534607,5.0
2026-07-06T14:00:00Z,3.288551918314651,20.51
2026-07-06T15:00:00Z,12.0936820315052,66.5825
2026-07-06T16:00:00Z,47.78556563394394,99.3375
2026-07-06T17:00:00Z,82.88940358341843,117.865
2026-07-06T18:00:00Z,105.4398907160618,138.32999999999998
2026-07-06T19:00:00Z,109.64953820494006,151.2025
2026-07-06T20:00:00Z,108.7347890153125,147.155
2026-07-06T21:00:00Z,99.41000941986609,135.0
2026-07-06T22:00:00Z,89.52535487141337,120.98
2026-07-06T23:00:00Z,78.43305826384648,114.6525
2026-07-07T00:00:00Z,77.13007595383782,107.9875
2026-07-07T01:00:00Z,75.21188088988266,101.0025
2026-07-07T02:00:00Z,76.59365426611271,98.3825
2026-07-07T03:00:00Z,73.2956911821937,102.4075
2026-07-07T04:00:00Z,79.10566792098854,115.6
2026-07-07T05:00:00Z,81.97738280951651,118.6425
2026-07-07T06:00:00Z,64.46840083838669,114.89
2026-07-07T07:00:00Z,25.07387124528402,94.6475
2026-07-07T08:00:00Z,10.930228826503024,43.39
2026-07-07T09:00:00Z,-1.2259661149678522,4.922499999999999
2026-07-07T10:00:00Z,-10.072619527984749,-0.8300000000000001
2026-07-07T11:00:00Z,-14.767418530173115,-2.705
2026-07-07T12:00:00Z,-12.450741297692657,-2.835
2026-07-07T13:00:00Z,-11.520967836210678,-1.485
2026-07-07T14:00:00Z,-7.729256473714583,-0.52
2026-07-07T15:00:00Z,6.1312531112774495,7.0175
2026-07-07T16:00:00Z,23.51293266918775,60.712500000000006
2026-07-07T17:00:00Z,36.95003988842288,86.1825
2026-07-07T18:00:00Z,61.77795714961633,107.9725
2026-07-07T19:00:00Z,78.33872363299956,118.4025
2026-07-07T20:00:00Z,75.78014038669114,120.755
2026-07-07T21:00:00Z,73.35170025905701,117.0825
2026-07-07T22:00:00Z,74.84896188665627,114.9225
2026-07-07T23:00:00Z,74.00727888206094,115.845
2026-07-08T00:00:00Z,74.32209571690014,111.7575
2026-07-08T01:00:00Z,75.00061247833342,108.17
2026-07-08T02:00:00Z,74.56125141408279,113.5825
2026-07-08T03:00:00Z,93.71862630928653,119.705
2026-07-08T04:00:00Z,105.29932310062732,130.75
2026-07-08T05:00:00Z,107.65360575553898,131.91
2026-07-08T06:00:00Z,90.71371064062586,125.7925
2026-07-08T07:00:00Z,51.58735622027468,100.4225
2026-07-08T08:00:00Z,18.257764690626924,79.5825
2026-07-08T09:00:00Z,5.226189762721608,71.075
2026-07-08T10:00:00Z,0.5149575266165143,49.0075
2026-07-08T11:00:00Z,-9.028314227642696,17.245
2026-07-08T12:00:00Z,-11.647374280625776,7.9025
2026-07-08T13:00:00Z,-11.453502800870552,9.79
2026-07-08T14:00:00Z,-5.26601764830856,35.02
2026-07-08T15:00:00Z,11.396557754682457,77.3075
2026-07-08T16:00:00Z,61.388693070263066,104.43
2026-07-08T17:00:00Z,99.8744368027243,135.0475
2026-07-08T18:00:00Z,131.45231350829948,150.8475
2026-07-08T19:00:00Z,143.8949191650365,160.62
2026-07-08T20:00:00Z,137.68494917441677,159.2
2026-07-08T21:00:00Z,128.98842149612193,145.0475
2026-07-08T22:00:00Z,120.68196806308063,140.3275
2026-07-08T23:00:00Z,113.79367575844972,133.20749999999998
2026-07-09T00:00:00Z,110.11989979403735,127.3225
2026-07-09T01:00:00Z,110.38055812948616,124.8475
2026-07-09T02:00:00Z,111.98279767964425,125.4425
2026-07-09T03:00:00Z,124.57553310601813,133.955
2026-07-09T04:00:00Z,130.4322398182619,149.15
2026-07-09T05:00:00Z,130.18457024966239,147.66
2026-07-09T06:00:00Z,114.05011932050832,138.2975
2026-07-09T07:00:00Z,92.42351485730973,118.03
2026-07-09T08:00:00Z,49.37510845905979,99.63
2026-07-09T09:00:00Z,31.113996914718058,86.83
2026-07-09T10:00:00Z,10.159131088660446,66.69
2026-07-09T11:00:00Z,-5.91900628379719,43.625
2026-07-09T12:00:00Z,-10.387488738177884,38.005
2026-07-09T13:00:00Z,3.1380983120755817,51.04
2026-07-09T14:00:00Z,14.166574934479181,81.01
2026-07-09T15:00:00Z,59.59909035129569,108.4125
2026-07-09T16:00:00Z,105.62146197028403,130.4075
2026-07-09T17:00:00Z,130.48365375247744,166.5
2026-07-09T18:00:00Z,149.11043054742314,210.7
2026-07-09T19:00:00Z,149.84348005972296,213.3125
2026-07-09T20:00:00Z,142.20278148255346,183.965
2026-07-09T21:00:00Z,133.24571832725815,162.745
2026-07-09T22:00:00Z,129.8139161429012,153.5575
2026-07-09T23:00:00Z,124.2278664920962,143.4325
2026-07-10T00:00:00Z,119.49945763654924,139.7
2026-07-10T01:00:00Z,120.63918058240696,137.9275
2026-07-10T02:00:00Z,125.7678116921975,138.27
2026-07-10T03:00:00Z,126.10837367233468,142.4525
2026-07-10T04:00:00Z,132.65414331338334,151.14
2026-07-10T05:00:00Z,132.88596468850284,147.6925
2026-07-10T06:00:00Z,125.13655519322484,134.9025
2026-07-10T07:00:00Z,82.469284933711,121.975
2026-07-10T08:00:00Z,39.07761062170859,99.895
2026-07-10T09:00:00Z,0.37057105242384775,78.31
2026-07-10T10:00:00Z,-20.437048808128367,56.805
2026-07-10T11:00:00Z,-21.687664986611825,37.36
2026-07-10T12:00:00Z,-19.142788112886514,40.95
2026-07-10T13:00:00Z,-15.02577243445857,62.1
2026-07-10T14:00:00Z,9.770797204341626,88.4125
2026-07-10T15:00:00Z,60.67817238060557,113.82
2026-07-10T16:00:00Z,108.78158238022769,128.435
2026-07-10T17:00:00Z,137.7901841866271,165.01999999999998
2026-07-10T18:00:00Z,186.63285766190756,186.6775
2026-07-10T19:00:00Z,149.2820173110898,176.885
2026-07-10T20:00:00Z,138.54199269145857,168.0
2026-07-10T21:00:00Z,129.3030423766236,154.4625
2026-07-10T22:00:00Z,125.503002934277,150.4975
2026-07-10T23:00:00Z,121.88126471239428,143.95
2026-07-11T00:00:00Z,127.72342199122494,141.10750000000002
2026-07-11T01:00:00Z,135.77715550302005,140.6725
2026-07-11T02:00:00Z,138.11101662311822,140.4625
2026-07-11T03:00:00Z,135.85886084527937,138.8625
2026-07-11T04:00:00Z,132.70269072479658,136.335
2026-07-11T05:00:00Z,112.25586172749964,124.2825
2026-07-11T06:00:00Z,51.79055335584825,115.3525
2026-07-11T07:00:00Z,3.3806460381853567,73.86
2026-07-11T08:00:00Z,-32.6421459597067,16.0875
2026-07-11T09:00:00Z,-37.580440492896315,0.3275
2026-07-11T10:00:00Z,-43.28299384649756,-0.0075
2026-07-11T11:00:00Z,-48.991631509847906,-0.6950000000000001
2026-07-11T12:00:00Z,-43.5423209019779,-0.975
2026-07-11T13:00:00Z,-40.46630865188076,-0.5025000000000001
2026-07-11T14:00:00Z,-27.824523677839945,6.1725
2026-07-11T15:00:00Z,8.57271456036549,74.695
2026-07-11T16:00:00Z,68.29618914661108,120.3525
2026-07-11T17:00:00Z,119.21907892352976,141.0
2026-07-11T18:00:00Z,141.8138324394633,151.82
2026-07-11T19:00:00Z,141.41989243552086,156.375
2026-07-11T20:00:00Z,124.78947996579384,154.8875
2026-07-11T21:00:00Z,112.13728940208718,145.58249999999998
2026-07-11T22:00:00Z,109.56424281806257,137.4425
2026-07-11T23:00:00Z,107.74045463362184,131.885
2026-07-12T00:00:00Z,105.06811924216997,125.57
2026-07-12T01:00:00Z,104.98258065983926,125.1
2026-07-12T02:00:00Z,103.84943684758844,122.8825
2026-07-12T03:00:00Z,100.09721656269977,119.915
2026-07-12T04:00:00Z,98.25866833904135,111.6125
2026-07-12T05:00:00Z,66.80293913706764,99.775
2026-07-12T06:00:00Z,24.855245909406808,62.1175
2026-07-12T07:00:00Z,-3.1305349416767028,5.385
2026-07-12T08:00:00Z,-43.294094804366146,-0.045
2026-07-12T09:00:00Z,-42.65966656076481,-2.165
2026-07-12T10:00:00Z,-47.138024497138105,-7.1575
2026-07-12T11:00:00Z,-52.710536634667264,-10.7125
2026-07-12T12:00:00Z,-47.876720898098,-10.055
2026-07-12T13:00:00Z,-49.49434167524903,-5.9075
2026-07-12T14:00:00Z,-34.504861243370954,-2.6925
2026-07-12T15:00:00Z,4.915439264106795,7.630000000000001
2026-07-12T16:00:00Z,50.67611820387345,93.4325
2026-07-12T17:00:00Z,114.0859372363327,131.8075
2026-07-12T18:00:00Z,132.7720401772112,140.8975
2026-07-12T19:00:00Z,139.6276682276692,144.4875
2026-07-12T20:00:00Z,127.99402685354127,144.93
2026-07-12T21:00:00Z,120.81719552166213,139.3175
2026-07-12T22:00:00Z,111.00770817004886,129.73
2026-07-12T23:00:00Z,109.84917062958036,124.605
2026-07-13T00:00:00Z,107.28589279543478,120.5675
2026-07-13T01:00:00Z,108.50307150549399,121.475
2026-07-13T02:00:00Z,118.20365791601616,123.5425
2026-07-13T03:00:00Z,125.38022964254725,134.2425
2026-07-13T04:00:00Z,136.90312281438526,149.8425
2026-07-13T05:00:00Z,137.75385192264338,159.43
2026-07-13T06:00:00Z,118.6562406193819,138.9875
2026-07-13T07:00:00Z,67.84994489183815,122.6075
2026-07-13T08:00:00Z,27.593816210837268,100.0175
2026-07-13T09:00:00Z,7.8193396819667935,74.1225
2026-07-13T10:00:00Z,-9.920757831985174,50.6225
2026-07-13T11:00:00Z,-20.726054269207303,32.900000000000006
2026-07-13T12:00:00Z,-9.102394869541945,38.5375
2026-07-13T13:00:00Z,9.369018243689464,63.97500000000001
2026-07-13T14:00:00Z,29.479477286087306,90.95
2026-07-13T15:00:00Z,74.38187132651353,121.5275
2026-07-13T16:00:00Z,115.09453438204474,140.0
2026-07-13T17:00:00Z,144.11150179106548,165.9625
2026-07-13T18:00:00Z,161.55971634518116,182.9975
2026-07-13T19:00:00Z,160.08744769135555,168.8
2026-07-13T20:00:00Z,129.78792956736365,159.0725
2026-07-13T21:00:00Z,114.29622770109556,144.07
2026-07-13T22:00:00Z,111.93870200171983,139.64
2026-07-13T23:00:00Z,108.91783654272845,133.8875
2026-07-14T00:00:00Z,115.64261163038513,127.35
2026-07-14T01:00:00Z,114.49067624441845,127.2175
2026-07-14T02:00:00Z,115.85407747839037,127.65
2026-07-14T03:00:00Z,123.17359757591714,135.02
2026-07-14T04:00:00Z,132.90397119236164,145.805
2026-07-14T05:00:00Z,132.450327554674,152.265
2026-07-14T06:00:00Z,121.57840379595825,135.67000000000002
2026-07-14T07:00:00Z,99.44096435990686,121.8925
2026-07-14T08:00:00Z,46.901147885549406,107.4775
2026-07-14T09:00:00Z,21.096885471003425,91.6875
2026-07-14T10:00:00Z,13.083455068124735,64.0425
2026-07-14T11:00:00Z,1.8841129330967918,51.825
2026-07-14T12:00:00Z,8.583928199425072,57.73
2026-07-14T13:00:00Z,13.252512103472727,70.0
2026-07-14T14:00:00Z,26.86282882825627,93.2575
2026-07-14T15:00:00Z,68.48627040861803,117.44
2026-07-14T16:00:00Z,114.2613444945425,138.2975
2026-07-14T17:00:00Z,132.68568164781135,159.005
2026-07-14T18:00:00Z,149.2822073848675,182.48
2026-07-14T19:00:00Z,143.75200753277764,175.315
2026-07-14T20:00:00Z,132.6308702283679,168.765
2026-07-14T21:00:00Z,130.57536783704938,151.51999999999998
2026-07-14T22:00:00Z,126.76587545113391,153.5175
2026-07-14T23:00:00Z,124.19477182996036,144.4475
2026-07-15T00:00:00Z,121.29928258599834,139.0375
2026-07-15T01:00:00Z,123.80304579419837,136.6175
2026-07-15T02:00:00Z,125.31064908417761,140.865
2026-07-15T03:00:00Z,127.76539099465019,150.2825
2026-07-15T04:00:00Z,138.3541078757745,166.6925
2026-07-15T05:00:00Z,138.18710907508856,165.88
2026-07-15T06:00:00Z,127.38593297948742,155.9325
2026-07-15T07:00:00Z,101.67458298294503,135.10250000000002
2026-07-15T08:00:00Z,58.29912181648071,111.4175
2026-07-15T09:00:00Z,23.30238127592512,96.2525
2026-07-15T10:00:00Z,12.308469946287016,74.345
2026-07-15T11:00:00Z,2.473533441340835,63.5975
2026-07-15T12:00:00Z,4.561857311812884,62.9175
2026-07-15T13:00:00Z,14.979022127972064,73.075
2026-07-15T14:00:00Z,37.70887894436223,97.1475
2026-07-15T15:00:00Z,79.45032489291808,118.1825
2026-07-15T16:00:00Z,115.31156693645326,145.5625
2026-07-15T17:00:00Z,146.3122922210182,175.8875
2026-07-15T18:00:00Z,169.3071652113321,205.975
2026-07-15T19:00:00Z,164.5047542923929,201.65
2026-07-15T20:00:00Z,144.0831989759032,188.38
2026-07-15T21:00:00Z,137.61465322873403,171.415
2026-07-15T22:00:00Z,132.10037649231958,166.0325
2026-07-15T23:00:00Z,130.51291506864112,159.2
2026-07-16T00:00:00Z,131.10800813328402,152.9075
2026-07-16T01:00:00Z,129.41498417591734,148.97750000000002
2026-07-16T02:00:00Z,133.18262716784983,152.1875
2026-07-16T03:00:00Z,135.4166303443573,159.945
2026-07-16T04:00:00Z,145.40229882814413,175.45
2026-07-16T05:00:00Z,147.8202724545787,172.76
2026-07-16T06:00:00Z,128.21210128435425,158.5125
2026-07-16T07:00:00Z,97.48668111100619,137.14249999999998
2026-07-16T08:00:00Z,58.62339731473908,118.3075
2026-07-16T09:00:00Z,31.629757880787565,107.2325
2026-07-16T10:00:00Z,5.15634821088198,94.69
2026-07-16T11:00:00Z,-2.730368312529578,87.475
2026-07-16T12:00:00Z,4.130072968710521,96.46
2026-07-16T13:00:00Z,23.266069315952006,109.6025
2026-07-16T14:00:00Z,49.68944103649553,119.6375
2026-07-16T15:00:00Z,104.6962575556535,139.935
2026-07-16T16:00:00Z,146.55500950029042,177.6975
2026-07-16T17:00:00Z,211.18656277581388,241.1025
2026-07-16T18:00:00Z,292.28685855418837,311.685
2026-07-16T19:00:00Z,223.3176144679313,262.6
2026-07-16T20:00:00Z,168.04098948850282,206.84
2026-07-16T21:00:00Z,148.24889467521635,180.3125
2026-07-16T22:00:00Z,138.36700145288728,170.565
2026-07-16T23:00:00Z,136.37640655034596,161.45
2026-07-17T00:00:00Z,131.12897301659274,151.975
2026-07-17T01:00:00Z,132.97451894726885,143.94
2026-07-17T02:00:00Z,133.9454573121545,142.89999999999998
2026-07-17T03:00:00Z,140.024485490643,153.4875
2026-07-17T04:00:00Z,146.67378981984328,165.11
2026-07-17T05:00:00Z,142.15694162614724,165.7525
2026-07-17T06:00:00Z,129.62219865736478,157.10500000000002
2026-07-17T07:00:00Z,116.51905315255063,135.42000000000002
2026-07-17T08:00:00Z,93.21386878129601,127.4525
2026-07-17T09:00:00Z,59.1801864503699,113.7825
2026-07-17T10:00:00Z,41.03696935263377,103.8875
2026-07-17T11:00:00Z,28.230353768820642,98.2
2026-07-17T12:00:00Z,29.977054891844336,98.4275
2026-07-17T13:00:00Z,34.20909810484037,105.98
2026-07-17T14:00:00Z,52.38248561260056,114.7
2026-07-17T15:00:00Z,82.73803886767186,127.425
2026-07-17T16:00:00Z,117.36995314492181,137.58
2026-07-17T17:00:00Z,143.73340508395881,151.0325
2026-07-17T18:00:00Z,152.31851632414006,159.065
2026-07-17T19:00:00Z,144.85270288998308,166.8625
2026-07-17T20:00:00Z,140.83988600002255,164.675
2026-07-17T21:00:00Z,132.82838811430256,158.3
2026-07-17T22:00:00Z,114.67651407867508,156.2
2026-07-17T23:00:00Z,110.35279610406795,145.38
2026-07-18T00:00:00Z,101.70889509187539,142.0
2026-07-18T01:00:00Z,96.0554109506894,135.3
2026-07-18T02:00:00Z,93.2129633823773,134.81
2026-07-18T03:00:00Z,91.61039952306163,132.235
2026-07-18T04:00:00Z,88.73395277704502,126.5075
2026-07-18T05:00:00Z,75.22479855925938,119.3
2026-07-18T06:00:00Z,52.536449510655125,97.5425
2026-07-18T07:00:00Z,27.726799461427827,44.9275
2026-07-18T08:00:00Z,1.1830656578287413,9.9675
2026-07-18T09:00:00Z,-11.681240170263958,-0.005
2026-07-18T10:00:00Z,-17.04934653097605,-0.125
2026-07-18T11:00:00Z,-21.37035289235017,-1.165
2026-07-18T12:00:00Z,-21.18549458095138,-1.9925
2026-07-18T13:00:00Z,-17.477853656594853,-2.9475
2026-07-18T14:00:00Z,-12.533958535885873,-1.76
2026-07-18T15:00:00Z,3.6251201616206257,0.4325
2026-07-18T16:00:00Z,25.279502770011412,55.9225
2026-07-18T17:00:00Z,75.17950228424014,110.2
2026-07-18T18:00:00Z,101.90018665306654,132.17000000000002
2026-07-18T19:00:00Z,106.78889259708343,145.95
2026-07-18T20:00:00Z,104.98318184188258,152.4625
2026-07-18T21:00:00Z,98.97012522465124,145.7625
2026-07-18T22:00:00Z,101.98452072910669,138.6975
2026-07-18T23:00:00Z,99.49600452241079,130.7425
2026-07-19T00:00:00Z,90.74647962153945,121.9
2026-07-19T01:00:00Z,86.54266501828289,118.8975
2026-07-19T02:00:00Z,86.51764944851307,115.275
2026-07-19T03:00:00Z,88.00938944443119,109.4175
2026-07-19T04:00:00Z,85.50610293144383,101.8475
2026-07-19T05:00:00Z,74.06957894064931,88.46000000000001
2026-07-19T06:00:00Z,47.826918290805416,43.1575
2026-07-19T07:00:00Z,7.711729381875375,4.165
2026-07-19T08:00:00Z,-1.1464197862376284,0.015
2026-07-19T09:00:00Z,-8.548616739331775,-0.045
2026-07-19T10:00:00Z,-18.363972733071233,-0.7424999999999999
2026-07-19T11:00:00Z,-40.51186657861098,-2.6775
2026-07-19T12:00:00Z,-43.24102238979775,-4.9975000000000005
2026-07-19T13:00:00Z,-34.94591559055159,-4.955
2026-07-19T14:00:00Z,-22.69651394435021,-2.4375
2026-07-19T15:00:00Z,-3.4516968341597787,-0.395
2026-07-19T16:00:00Z,31.132107759203272,47.8425
2026-07-19T17:00:00Z,81.49021723589956,117.16
2026-07-19T18:00:00Z,111.02491300217726,144.1225
2026-07-19T19:00:00Z,116.88709879108238,149.68
2026-07-19T20:00:00Z,113.4823859614008,149.6575
2026-07-19T21:00:00Z,100.08846630109436,138.2025
2026-07-19T22:00:00Z,97.27965182465213,147.4525
2026-07-19T23:00:00Z,92.87039430924204,138.48250000000002
2026-07-20T00:00:00Z,83.89354012446836,128.85500000000002
2026-07-20T01:00:00Z,83.86852455469854,123.53
2026-07-20T02:00:00Z,90.16498117156681,131.27
2026-07-20T03:00:00Z,98.0784966953722,138.79
2026-07-20T04:00:00Z,110.93021040044451,149.31
2026-07-20T05:00:00Z,111.1918330553087,150.5275
2026-07-20T06:00:00Z,85.02819264286286,130.9975
2026-07-20T07:00:00Z,37.07833282052865,92.7175
2026-07-20T08:00:00Z,13.100246353991006,60.2725
2026-07-20T09:00:00Z,2.2330712717984254,15.7875
2026-07-20T10:00:00Z,-0.9278424632874367,7.6625
2026-07-20T11:00:00Z,-1.5360949688835361,0.015
2026-07-20T12:00:00Z,-3.146093887226733,0.0075
2026-07-20T13:00:00Z,-0.5148627952587297,0.9575
2026-07-20T14:00:00Z,7.757685664311202,15.105
2026-07-20T15:00:00Z,27.300559729693145,74.7625
2026-07-20T16:00:00Z,84.18492768353713,118.4125
2026-07-20T17:00:00Z,130.08734185658645,158.7625
2026-07-20T18:00:00Z,148.0173035973668,178.245
2026-07-20T19:00:00Z,148.6440500636906,179.73
2026-07-20T20:00:00Z,140.1830745994676,174.815
2026-07-20T21:00:00Z,133.5549785357416,159.4675
2026-07-20T22:00:00Z,127.54006284771015,148.7775
2026-07-20T23:00:00Z,117.03995424584997,149.52
2026-07-21T00:00:00Z,114.38721936311383,143.39
2026-07-21T01:00:00Z,112.86534219360577,138.8675
2026-07-21T02:00:00Z,122.18303058787863,139.2525
2026-07-21T03:00:00Z,132.4001701428546,144.9125
2026-07-21T04:00:00Z,139.39036189516375,157.65
2026-07-21T05:00:00Z,136.3898728820477,154.4275
2026-07-21T06:00:00Z,115.9989638497884,145.3775
2026-07-21T07:00:00Z,74.69403704473535,114.9525
2026-07-21T08:00:00Z,36.440713531359016,83.69
2026-07-21T09:00:00Z,11.813941161282944,43.6375
2026-07-21T10:00:00Z,-2.1719889536484915,7.052499999999999
2026-07-21T11:00:00Z,-6.053995883770227,1.01
2026-07-21T12:00:00Z,-5.30917472129023,1.0025
2026-07-21T13:00:00Z,4.592326846869168,13.670000000000002
2026-07-21T14:00:00Z,14.405856497758764,62.2325
2026-07-21T15:00:00Z,50.59420908123644,102.565
2026-07-21T16:00:00Z,106.37180917886603,135.365
2026-07-21T17:00:00Z,137.06375187030693,153.61
2026-07-21T18:00:00Z,150.1883067043451,172.0
2026-07-21T19:00:00Z,153.99124844612405,174.5625
2026-07-21T20:00:00Z,150.55280285174462,168.3175
2026-07-21T21:00:00Z,137.92947414543522,155.1875
2026-07-21T22:00:00Z,126.83539186350977,152.19
2026-07-21T23:00:00Z,117.91516241018422,148.2875
2026-07-22T00:00:00Z,109.44126258998148,143.2325
2026-07-22T01:00:00Z,108.21684150757109,134.91250000000002
2026-07-22T02:00:00Z,109.06873768081527,130.66500000000002
2026-07-22T03:00:00Z,109.4519514459272,135.9575
2026-07-22T04:00:00Z,126.6579329380008,149.41
2026-07-22T05:00:00Z,118.03981443935413,145.345
2026-07-22T06:00:00Z,96.543231943447,131.98250000000002
2026-07-22T07:00:00Z,47.98772490578028,90.9425
2026-07-22T08:00:00Z,18.757088863206416,66.1525
2026-07-22T09:00:00Z,4.2455475425514,30.935
2026-07-22T10:00:00Z,-2.019512262565915,10.385
2026-07-22T11:00:00Z,-5.407789424772623,1.29
2026-07-22T12:00:00Z,-9.856287093752982,0.0375
2026-07-22T13:00:00Z,-6.4281266380140485,0.4975
2026-07-22T14:00:00Z,0.8487821739805081,9.15
2026-07-22T15:00:00Z,10.512553990792796,63.21
2026-07-22T16:00:00Z,44.45512035637293,108.1
2026-07-22T17:00:00Z,82.03060492915729,137.8275
2026-07-22T18:00:00Z,104.80514948045597,157.01
2026-07-22T19:00:00Z,107.74318027721745,161.76
2026-07-22T20:00:00Z,101.5429772045755,157.61
2026-07-22T21:00:00Z,95.0078952777949,143.5425
2026-07-22T22:00:00Z,83.38331674050809,142.755
2026-07-22T23:00:00Z,78.33804754805328,137.345
2026-07-23T00:00:00Z,72.22256505283916,133.66
2026-07-23T01:00:00Z,73.99318014862034,132.965
2026-07-23T02:00:00Z,78.52365352113628,136.24
2026-07-23T03:00:00Z,94.8391559025446,143.045
2026-07-23T04:00:00Z,115.5704927039292,159.18
2026-07-23T05:00:00Z,120.18511289805389,167.8725
2026-07-23T06:00:00Z,104.82293821342608,159.9525
2026-07-23T07:00:00Z,57.30284653762801,134.3275
2026-07-23T08:00:00Z,24.07733460587538,101.98
2026-07-23T09:00:00Z,2.177912948307616,79.53999999999999
2026-07-23T10:00:00Z,-2.694848540528156,31.0925
2026-07-23T11:00:00Z,-17.07462152209067,4.3025
2026-07-23T12:00:00Z,-26.36753993023374,0.0
2026-07-23T13:00:00Z,-11.32846948977708,0.03
2026-07-23T14:00:00Z,-1.7969299228294158,21.9975
2026-07-23T15:00:00Z,19.628689633732154,96.705
2026-07-23T16:00:00Z,85.10693387449865,142.64
2026-07-23T17:00:00Z,133.79834489031396,166.1
2026-07-23T18:00:00Z,153.32687022521088,185.015
2026-07-23T19:00:00Z,160.56587600088,190.0
2026-07-23T20:00:00Z,152.70905433269908,186.5425
2026-07-23T21:00:00Z,146.29200034598412,170.42000000000002
2026-07-23T22:00:00Z,142.24621901710137,161.0025
2026-07-23T23:00:00Z,136.44318614391204,157.1375
2026-07-24T00:00:00Z,130.40306843928713,151.8125
2026-07-24T01:00:00Z,129.70792166562637,153.3275
2026-07-24T02:00:00Z,134.78660139043524,155.66
2026-07-24T03:00:00Z,139.6246845808706,161.1675
2026-07-24T04:00:00Z,152.45078154314407,172.54
2026-07-24T05:00:00Z,145.18603908952306,167.3875
2026-07-24T06:00:00Z,125.62175134195235,159.9975
2026-07-24T07:00:00Z,80.74764564213793,132.6025
2026-07-24T08:00:00Z,49.926440163663365,102.315
2026-07-24T09:00:00Z,11.155935672327182,75.6625
2026-07-24T10:00:00Z,-14.218099564721543,44.7425
2026-07-24T11:00:00Z,-37.04367520720504,21.025
2026-07-24T12:00:00Z,-37.976544453813595,6.485
2026-07-24T13:00:00Z,-22.46426925637219,14.29
2026-07-24T14:00:00Z,-2.723380204985594,68.965
2026-07-24T15:00:00Z,36.2990699649359,114.0175
2026-07-24T16:00:00Z,95.6357162094219,154.66500000000002
2026-07-24T17:00:00Z,133.43312801110628,180.135
2026-07-24T18:00:00Z,156.9205274193683,200.0425
2026-07-24T19:00:00Z,170.7940874073638,203.1725
2026-07-24T20:00:00Z,164.98534537064901,194.5175
2026-07-24T21:00:00Z,152.81700721872184,180.115
2026-07-24T22:00:00Z,153.90372505585063,167.135
2026-07-24T23:00:00Z,136.43968773479057,161.61
2026-07-25T00:00:00Z,129.46480649819736,160.4275
2026-07-25T01:00:00Z,124.15757530060083,159.8525
2026-07-25T02:00:00Z,123.25561434915656,152.0125
2026-07-25T03:00:00Z,126.55872293602474,146.2525
2026-07-25T04:00:00Z,121.39063617689041,135.38
2026-07-25T05:00:00Z,108.23607996361723,115.305
2026-07-25T06:00:00Z,47.50740922483337,83.51
2026-07-25T07:00:00Z,10.749863865774058,11.1675
2026-07-25T08:00:00Z,-15.729488619599636,-0.1175
2026-07-25T09:00:00Z,-39.27242651431061,-2.6075
2026-07-25T10:00:00Z,-45.51606639867174,-5.955
2026-07-25T11:00:00Z,-46.79518433758415,-9.9475
2026-07-25T12:00:00Z,-42.73857116298517,-12.28
2026-07-25T13:00:00Z,-44.758832204638615,-3.3525
2026-07-25T14:00:00Z,-16.277499125366077,-0.32
2026-07-25T15:00:00Z,10.724947858841285,11.25
2026-07-25T16:00:00Z,76.85308055858292,95.195
2026-07-25T17:00:00Z,141.4941774238652,157.42
2026-07-25T18:00:00Z,130.04431634181796,170.31
2026-07-25T19:00:00Z,136.0795505740632,169.075
2026-07-25T20:00:00Z,127.20282710196379,165.48250000000002
2026-07-25T21:00:00Z,122.58693072807579,160.0
2026-07-25T22:00:00Z,122.57740111352605,153.03
2026-07-25T23:00:00Z,123.03435304035231,146.45499999999998
2026-07-26T00:00:00Z,125.95120617759845,148.025
2026-07-26T01:00:00Z,125.44219970091697,153.5925
2026-07-26T02:00:00Z,117.2242530817979,147.07999999999998
2026-07-26T03:00:00Z,115.481956203051,137.9925
2026-07-26T04:00:00Z,111.77842154579253,124.8625
2026-07-26T05:00:00Z,99.13627754368699,110.1775
2026-07-26T06:00:00Z,61.20341016919968,93.76
2026-07-26T07:00:00Z,14.832264625367527,55.1825
2026-07-26T08:00:00Z,-1.2497424079070818,7.140000000000001
2026-07-26T09:00:00Z,-10.009889752103097,-0.005
2026-07-26T10:00:00Z,-24.171625792279645,-0.075
2026-07-26T11:00:00Z,-25.82322249266362,-0.2674999999999999
2026-07-26T12:00:00Z,-32.8844096444142,-0.67
2026-07-26T13:00:00Z,-26.57193164161969,-0.86
2026-07-26T14:00:00Z,-10.286370728233601,0.8624999999999999
2026-07-26T15:00:00Z,6.520520246042006,51.8225
2026-07-26T16:00:00Z,56.63507440266464,109.25
2026-07-26T17:00:00Z,102.46672383227278,139.29
2026-07-26T18:00:00Z,118.21676655998199,151.6825
2026-07-26T19:00:00Z,120.2111489422368,150.9425
2026-07-26T20:00:00Z,113.83031109547893,147.9975
2026-07-26T21:00:00Z,96.53496307613212,136.795
2026-07-26T22:00:00Z,37.324467759511776,86.0425
2026-07-26T23:00:00Z,28.392909521719815,70.6575
2026-07-27T00:00:00Z,28.585763615917028,61.7
2026-07-27T01:00:00Z,35.03979816379596,62.6375
2026-07-27T02:00:00Z,41.228013815469104,71.175
2026-07-27T03:00:00Z,72.50993641058648,91.02
2026-07-27T04:00:00Z,98.00340119450749,117.5575
2026-07-27T05:00:00Z,104.507764008001,128.975
2026-07-27T06:00:00Z,94.94315886942627,118.975
2026-07-27T07:00:00Z,54.05431969449462,74.935
2026-07-27T08:00:00Z,14.447147402460521,23.7875
2026-07-27T09:00:00Z,1.2155272944356712,0.98
2026-07-27T10:00:00Z,-4.7605223263787515,-0.01
2026-07-27T11:00:00Z,-10.784574484487056,-0.1475
2026-07-27T12:00:00Z,-11.686446118630256,-0.7050000000000001
2026-07-27T13:00:00Z,-8.29835150490685,-0.08
2026-07-27T14:00:00Z,3.1410797649072326,-0.0125
2026-07-27T15:00:00Z,24.60657764666646,14.4025
2026-07-27T16:00:00Z,77.1248873679351,97.29
2026-07-27T17:00:00Z,115.13670356620696,149.13
2026-07-27T18:00:00Z,143.7035180504454,173.7225
2026-07-27T19:00:00Z,149.2770012452251,178.995
2026-07-27T20:00:00Z,146.32301977069994,171.1075
2026-07-27T21:00:00Z,131.75984555021327,157.9875
2026-07-27T22:00:00Z,120.07395668205454,161.0025
2026-07-27T23:00:00Z,112.85520599403684,148.3075
2026-07-28T00:00:00Z,111.43386658257906,141.33
2026-07-28T01:00:00Z,111.39170266387488,135.87
2026-07-28T02:00:00Z,118.08862848618651,139.935
2026-07-28T03:00:00Z,129.12235963723913,149.7425
2026-07-28T04:00:00Z,136.04785333671387,167.555
2026-07-28T05:00:00Z,135.21320715173894,162.27499999999998
2026-07-28T06:00:00Z,110.0768252103613,144.16
2026-07-28T07:00:00Z,53.261743027505695,109.0225
2026-07-28T08:00:00Z,12.147781987808262,36.7675
2026-07-28T09:00:00Z,-7.294273711704006,3.43
2026-07-28T10:00:00Z,-29.35376992300762,-0.0125
2026-07-28T11:00:00Z,-31.351535832887507,-0.0875
2026-07-28T12:00:00Z,-32.308314329942675,-0.03
2026-07-28T13:00:00Z,-17.0323230897966,3.4025
2026-07-28T14:00:00Z,5.752076177177895,44.74
2026-07-28T15:00:00Z,42.09272973771647,107.6275
2026-07-28T16:00:00Z,107.01755057380957,156.9725
2026-07-28T17:00:00Z,153.9696390135564,198.8575
2026-07-28T18:00:00Z,207.37706581520925,216.755
2026-07-28T19:00:00Z,186.03055382647932,209.9275
2026-07-28T20:00:00Z,161.75816853704913,193.9575
2026-07-28T21:00:00Z,146.94140410333952,172.2625
2026-07-28T22:00:00Z,137.36797516441106,156.7575
2026-07-28T23:00:00Z,121.4851080799498,148.45
2026-07-29T00:00:00Z,116.55397633276024,137.2075
2026-07-29T01:00:00Z,113.94547709420246,135.0025
2026-07-29T02:00:00Z,115.9810316671461,140.3275
2026-07-29T03:00:00Z,132.82320649885696,148.51
2026-07-29T04:00:00Z,146.40615396633663,168.5725
2026-07-29T05:00:00Z,141.96040780327394,161.095
2026-07-29T06:00:00Z,113.10456745168877,146.1725
2026-07-29T07:00:00Z,62.7801055625474,122.11
2026-07-29T08:00:00Z,14.243931007974394,85.2875
2026-07-29T09:00:00Z,-29.085111837558507,29.035
2026-07-29T10:00:00Z,-36.6604479810298,1.2374999999999998
2026-07-29T11:00:00Z,-53.174203559988484,-0.0425
2026-07-29T12:00:00Z,-53.174203559988484,-0.0225
2026-07-29T13:00:00Z,-35.963519750361186,7.375
2026-07-29T14:00:00Z,7.218366273670031,76.35
2026-07-29T15:00:00Z,58.88713319126458,125.3425
2026-07-29T16:00:00Z,128.28457621128615,162.315
2026-07-29T17:00:00Z,190.46293052559326,244.395
2026-07-29T18:00:00Z,286.46103268707463,263.64750000000004
2026-07-29T19:00:00Z,282.3630444210464,224.705
2026-07-29T20:00:00Z,183.89897892508503,192.925
2026-07-29T21:00:00Z,148.38818197187535,167.3125
2026-07-29T22:00:00Z,137.71026208693692,149.755
2026-07-29T23:00:00Z,129.50720399079475,142.385
2026-07-30T00:00:00Z,122.24385770385005,139.9975
2026-07-30T01:00:00Z,121.89275720286281,135.53
2026-07-30T02:00:00Z,119.41385293050469,132.7225
2026-07-30T03:00:00Z,120.14306810496231,137.6075
2026-07-30T04:00:00Z,136.6301719057833,148.46
2026-07-30T05:00:00Z,123.410426572565,147.745
2026-07-30T06:00:00Z,84.97449835110798,139.045
2026-07-30T07:00:00Z,39.628616706575535,118.115
2026-07-30T08:00:00Z,4.885330738408347,85.0
2026-07-30T09:00:00Z,-15.096926004858261,34.6
2026-07-30T10:00:00Z,-32.38834013666384,6.3525
2026-07-30T11:00:00Z,-30.350459613902334,2.67
2026-07-30T12:00:00Z,-25.973478754777013,14.9225
2026-07-30T13:00:00Z,-3.8536186678310993,62.4325
2026-07-30T14:00:00Z,12.342666656455162,98.1525
2026-07-30T15:00:00Z,57.77978929458904,126.8025
2026-07-30T16:00:00Z,120.92205867748243,149.2775
2026-07-30T17:00:00Z,167.71729407781604,173.77
2026-07-30T18:00:00Z,166.8577031114196,198.31
2026-07-30T19:00:00Z,162.9779065821699,207.03
2026-07-30T20:00:00Z,155.86434836470872,190.2975
2026-07-30T21:00:00Z,151.81685429758258,170.82999999999998
2026-07-30T22:00:00Z,149.18671516839336,168.21
2026-07-30T23:00:00Z,148.16457758261834,162.9525
2026-07-31T00:00:00Z,141.46235040470933,155.16
2026-07-31T01:00:00Z,140.88937044119677,154.1725
2026-07-31T02:00:00Z,142.62160959694063,157.34
2026-07-31T03:00:00Z,157.67967457038907,165.5125
2026-07-31T04:00:00Z,159.15647568470337,179.08749999999998
2026-07-31T05:00:00Z,151.10285399231225,172.5275
2026-07-31T06:00:00Z,136.12015261861077,159.0775
2026-07-31T07:00:00Z,98.57959571431348,139.3875
2026-07-31T08:00:00Z,55.829870512207634,119.605
2026-07-31T09:00:00Z,23.427763082026992,101.17
2026-07-31T10:00:00Z,4.092554271860665,94.1175
2026-07-31T11:00:00Z,-0.14312292651976727,83.2675
2026-07-31T12:00:00Z,5.8046190292662425,86.285
2026-07-31T13:00:00Z,25.787549246665854,103.135
2026-07-31T14:00:00Z,60.41078406088958,120.865
2026-07-31T15:00:00Z,102.19866313740458,147.4925
2026-07-31T16:00:00Z,135.41223599346796,162.3075
2026-07-31T17:00:00Z,155.4212146106386,184.885
2026-07-31T18:00:00Z,184.4605849312293,192.74
2026-07-31T19:00:00Z,211.17269906950608,195.64
2026-07-31T20:00:00Z,157.78389323358124,191.13
2026-07-31T21:00:00Z,152.9713020859646,170.1475
2026-07-31T22:00:00Z,148.63524159899475,169.4375
2026-07-31T23:00:00Z,147.3260745437995,162.6575
2026-08-01T00:00:00Z,134.03473270595785,156.995
2026-08-01T01:00:00Z,130.91728620272286,154.60750000000002
2026-08-01T02:00:00Z,127.3241650858654,154.5225
2026-08-01T03:00:00Z,131.94643166924814,155.51749999999998
2026-08-01T04:00:00Z,131.92203714098088,154.79000000000002
2026-08-01T05:00:00Z,122.01724095908119,146.4225
2026-08-01T06:00:00Z,107.61951039597649,140.4075
2026-08-01T07:00:00Z,79.85168537522782,123.2725
2026-08-01T08:00:00Z,41.92102474753869,100.9225
2026-08-01T09:00:00Z,5.958693576899872,57.1525
2026-08-01T10:00:00Z,-15.560581302008726,16.715
2026-08-01T11:00:00Z,-28.80306143923013,0.4075
2026-08-01T12:00:00Z,-32.832499928808424,0.0
2026-08-01T13:00:00Z,-27.69006026876896,3.0775
2026-08-01T14:00:00Z,2.40462760036891,45.5175
2026-08-01T15:00:00Z,33.608486672796346,107.565
2026-08-01T16:00:00Z,100.54763949247794,145.135
2026-08-01T17:00:00Z,141.2567930459951,168.535
2026-08-01T18:00:00Z,157.0893437059671,180.9625
2026-08-01T19:00:00Z,163.0191326432341,180.6775
2026-08-01T20:00:00Z,150.95185742265235,178.5475
2026-08-01T21:00:00Z,144.30391884731495,170.0
2026-08-01T22:00:00Z,132.8911991546738,169.625
2026-08-01T23:00:00Z,125.02816099357476,159.915
2026-08-02T00:00:00Z,116.83835824287092,156.8375
2026-08-02T01:00:00Z,115.82284126955183,154.4425
2026-08-02T02:00:00Z,115.79782569978201,153.5925
2026-08-02T03:00:00Z,123.35650351437015,159.3275
2026-08-02T04:00:00Z,122.22062975703577,151.39749999999998
2026-08-02T05:00:00Z,107.88054231178316,138.7
2026-08-02T06:00:00Z,67.45835018923844,122.18
2026-08-02T07:00:00Z,18.63329600281788,62.685
2026-08-02T08:00:00Z,-7.7172540102964176,3.155
2026-08-02T09:00:00Z,-25.6472136845668,-0.26
2026-08-02T10:00:00Z,-40.99823685065085,-1.275
2026-08-02T11:00:00Z,-41.775334876668474,-3.73
2026-08-02T12:00:00Z,-47.77429553545233,-1.785
2026-08-02T13:00:00Z,-47.17393057337698,-1.1775
2026-08-02T14:00:00Z,-19.737714084425797,2.915
2026-08-02T15:00:00Z,37.55811794174996,95.4125
2026-08-02T16:00:00Z,102.78773646135994,148.1575
2026-08-02T17:00:00Z,138.72569090436073,176.8925
2026-08-02T18:00:00Z,165.84924673659594,185.6875
2026-08-02T19:00:00Z,150.65542291524073,177.69
2026-08-02T20:00:00Z,121.34084012491526,167.72750000000002
2026-08-02T21:00:00Z,107.48315615909692,152.8325
2026-08-02T22:00:00Z,91.38835927335401,139.7925
2026-08-02T23:00:00Z,90.85704431991175,135.11
2026-08-03T00:00:00Z,79.65920277022826,131.94
2026-08-03T01:00:00Z,87.58020102773202,129.7875
2026-08-03T02:00:00Z,97.89751466136101,132.7375
2026-08-03T03:00:00Z,109.71655246046582,144.29999999999998
2026-08-03T04:00:00Z,123.91789497007726,169.225
2026-08-03T05:00:00Z,118.88438827546318,164.49
2026-08-03T06:00:00Z,105.89739327451072,150.0
2026-08-03T07:00:00Z,44.65936844125981,135.1225
2026-08-03T08:00:00Z,8.782571358390657,110.785
2026-08-03T09:00:00Z,-9.656744974482296,69.6775
2026-08-03T10:00:00Z,-46.24661027244496,26.03
2026-08-03T11:00:00Z,-46.44001850021562,16.3875
2026-08-03T12:00:00Z,-45.29781102152613,22.555
2026-08-03T13:00:00Z,-15.714920396035089,60.8125
2026-08-03T14:00:00Z,13.482431980183822,102.8075
2026-08-03T15:00:00Z,50.826719154548655,139.8
2026-08-03T16:00:00Z,121.29129410046245,169.0275
2026-08-03T17:00:00Z,150.04334399419471,205.7675
2026-08-03T18:00:00Z,153.3443193192639,200.675
2026-08-03T19:00:00Z,142.7358169417942,185.8075
2026-08-03T20:00:00Z,123.44718482516737,174.43
2026-08-03T21:00:00Z,103.62085156646165,157.1375
2026-08-03T22:00:00Z,95.49860772108613,154.0
2026-08-03T23:00:00Z,95.2344538741359,144.7175
2026-08-04T00:00:00Z,96.0891723793935,138.995
2026-08-04T01:00:00Z,105.6215784147709,137.105
2026-08-04T02:00:00Z,112.65031426378783,143.165
2026-08-04T03:00:00Z,117.41424343802112,156.9525
2026-08-04T04:00:00Z,140.52879049365848,170.9325
2026-08-04T05:00:00Z,141.61864989785423,169.2825
2026-08-04T06:00:00Z,112.62034859338418,161.49
2026-08-04T07:00:00Z,80.8761578579801,146.5375
2026-08-04T08:00:00Z,38.69006380666254,124.51
2026-08-04T09:00:00Z,14.520582900146698,103.7375
2026-08-04T10:00:00Z,-3.8388829795474053,87.3125
2026-08-04T11:00:00Z,-6.013183479413978,76.465
2026-08-04T12:00:00Z,-3.6103156037013475,84.0625
2026-08-04T13:00:00Z,11.351023826757089,109.4575
2026-08-04T14:00:00Z,34.100962788321425,127.4375
2026-08-04T15:00:00Z,84.8741594067498,154.9625
2026-08-04T16:00:00Z,141.80900546711476,175.5475
2026-08-04T17:00:00Z,207.47571313118308,228.0
2026-08-04T18:00:00Z,236.4587283646191,240.005
2026-08-04T19:00:00Z,197.73637171946876,212.045
2026-08-04T20:00:00Z,171.5713507192106,185.1275
2026-08-04T21:00:00Z,146.0833348117051,163.065
2026-08-04T22:00:00Z,122.2922770572325,155.1925
2026-08-04T23:00:00Z,115.55414877548975,149.3475
2026-08-05T00:00:00Z,114.68118902630859,148.05
2026-08-05T01:00:00Z,108.72621930174641,144.255
2026-08-05T02:00:00Z,117.14974750922278,139.345
2026-08-05T03:00:00Z,120.07561222223673,144.2525
2026-08-05T04:00:00Z,131.75281948218088,157.18
2026-08-05T05:00:00Z,128.5661382339701,154.685
2026-08-05T06:00:00Z,91.97378581976389,139.7975
2026-08-05T07:00:00Z,38.130596210088136,112.0375
2026-08-05T08:00:00Z,2.7557003201806847,64.45
2026-08-05T09:00:00Z,-14.018816365745197,8.3325
2026-08-05T10:00:00Z,-29.045266929537615,-0.0375
2026-08-05T11:00:00Z,-29.610625112825318,-0.5425
2026-08-05T12:00:00Z,-25.16235436640254,-0.14
2026-08-05T13:00:00Z,-11.904832829916401,-0.0174999999999999
2026-08-05T14:00:00Z,-0.862291447838718,6.8275
2026-08-05T15:00:00Z,29.759180914729324,72.33500000000001
2026-08-05T16:00:00Z,100.66812162419693,135.07999999999998
2026-08-05T17:00:00Z,160.95970027520812,173.8975
2026-08-05T18:00:00Z,187.98513213466825,187.4625
2026-08-05T19:00:00Z,171.54443508657738,203.7375
2026-08-05T20:00:00Z,158.96714326938138,190.8125
2026-08-05T21:00:00Z,149.2650914304435,166.105
2026-08-05T22:00:00Z,123.21086639679099,162.5125
2026-08-05T23:00:00Z,110.23591718214752,155.2025
2026-08-06T00:00:00Z,108.62913270989996,146.6975
2026-08-06T01:00:00Z,106.3391744916318,137.83
2026-08-06T02:00:00Z,105.89877332143543,134.06
2026-08-06T03:00:00Z,109.74116315802048,135.7525
2026-08-06T04:00:00Z,122.55640169118968,156.0475
2026-08-06T05:00:00Z,116.91069671526294,149.32999999999998
2026-08-06T06:00:00Z,89.52761886328729,139.2225
2026-08-06T07:00:00Z,39.43434364294456,95.57
2026-08-06T08:00:00Z,-0.8488820585728799,25.085
2026-08-06T09:00:00Z,-14.271135555813304,0.145
2026-08-06T10:00:00Z,-20.99999195150213,-0.0849999999999999
2026-08-06T11:00:00Z,-30.779617840596195,-1.3575
2026-08-06T12:00:00Z,-28.47421601901986,-1.29
2026-08-06T13:00:00Z,-19.34588752492504,-0.335
2026-08-06T14:00:00Z,-13.460810236320782,0.0075
2026-08-06T15:00:00Z,11.559026019471498,38.425
2026-08-06T16:00:00Z,61.478179137051754,114.48
2026-08-06T17:00:00Z,107.82739515187238,143.1775
2026-08-06T18:00:00Z,118.34104056076143,162.6925
2026-08-06T19:00:00Z,124.23394693289436,167.14
2026-08-06T20:00:00Z,119.89064465684929,169.45499999999998
2026-08-06T21:00:00Z,114.9325307458434,158.4475
2026-08-06T22:00:00Z,114.6612462436261,145.0725
2026-08-06T23:00:00Z,110.8908800007272,138.655
2026-08-07T00:00:00Z,106.82684614114807,131.12
2026-08-07T01:00:00Z,107.7580526460625,129.0675
2026-08-07T02:00:00Z,114.46293651123767,131.575
2026-08-07T03:00:00Z,120.73300888659932,141.33249999999998
2026-08-07T04:00:00Z,141.4868689109196,156.16750000000002
2026-08-07T05:00:00Z,139.70907507643463,154.9725
2026-08-07T06:00:00Z,115.98634069015506,145.5775
2026-08-07T07:00:00Z,61.0788849708597,126.1175
2026-08-07T08:00:00Z,13.120143002080313,102.1625
2026-08-07T09:00:00Z,-5.895291159609021,66.5125
2026-08-07T10:00:00Z,-22.241856740938687,28.15
2026-08-07T11:00:00Z,-18.218301311405458,13.0175
2026-08-07T12:00:00Z,-17.05419073171669,18.7275
2026-08-07T13:00:00Z,-2.189469658480148,44.34
2026-08-07T14:00:00Z,12.814031760948794,87.34
2026-08-07T15:00:00Z,59.197018270611466,118.6675
2026-08-07T16:00:00Z,116.09769450994705,144.71
2026-08-07T17:00:00Z,143.98355145503416,172.6025
2026-08-07T18:00:00Z,171.21833144479672,195.1225
2026-08-07T19:00:00Z,161.30333753896826,194.65
2026-08-07T20:00:00Z,157.26726053040284,178.0875
2026-08-07T21:00:00Z,153.51864415221985,166.095
2026-08-07T22:00:00Z,146.075955651801,155.74
2026-08-07T23:00:00Z,144.48808792789217,149.0
2026-08-08T00:00:00Z,130.79749629184053,145.2375
2026-08-08T01:00:00Z,128.5331109802424,145.92
2026-08-08T02:00:00Z,128.11198707957982,143.865
2026-08-08T03:00:00Z,133.76930493376815,145.695
2026-08-08T04:00:00Z,130.46683587895257,146.2625
2026-08-08T05:00:00Z,110.53984691739461,137.6975
2026-08-08T06:00:00Z,63.44962656271305,115.0325
2026-08-08T07:00:00Z,23.018612812667527,62.545
2026-08-08T08:00:00Z,-16.269916133412035,3.86
2026-08-08T09:00:00Z,-38.3195380655577,-1.5174999999999998
2026-08-08T10:00:00Z,-46.21337333812897,-5.9875
2026-08-08T11:00:00Z,-50.218427123503645,-10.9975
2026-08-08T12:00:00Z,-50.218427123503645,-12.1525
2026-08-08T13:00:00Z,-51.08207757491653,-7.012499999999999
2026-08-08T14:00:00Z,-24.547566837496447,-0.5625
2026-08-08T15:00:00Z,25.7394828203717,68.16499999999999
2026-08-08T16:00:00Z,100.2809181882799,140.0
2026-08-08T17:00:00Z,150.31803992397346,167.865
2026-08-08T18:00:00Z,177.45439825476777,184.6575
2026-08-08T19:00:00Z,171.0796545588305,179.4975
2026-08-08T20:00:00Z,138.37365690429516,170.85
2026-08-08T21:00:00Z,123.24633794516029,154.42000000000002
2026-08-08T22:00:00Z,106.24072329644848,145.27499999999998
2026-08-08T23:00:00Z,97.16562375137448,139.345
2026-08-09T00:00:00Z,83.15707325056117,136.4425
2026-08-09T01:00:00Z,78.55449989337043,133.95
2026-08-09T02:00:00Z,82.58047774699409,134.0275
2026-08-09T03:00:00Z,93.52732823020008,135.0
2026-08-09T04:00:00Z,98.95215232856062,131.7975
2026-08-09T05:00:00Z,77.47280776882226,118.1875
2026-08-09T06:00:00Z,34.17552133842231,91.6275
2026-08-09T07:00:00Z,6.721425965584314,27.49
2026-08-09T08:00:00Z,-41.10733117528294,0.3025
2026-08-09T09:00:00Z,-61.980660134057615,-0.0475
2026-08-09T10:00:00Z,-61.980660134057615,-2.6500000000000004
2026-08-09T11:00:00Z,-55.35621488676277,-5.08
2026-08-09T12:00:00Z,-55.35621488676277,-2.0625
2026-08-09T13:00:00Z,-59.26367621434755,-0.0325
2026-08-09T14:00:00Z,-23.90623762563777,3.78
2026-08-09T15:00:00Z,21.18985714039526,82.45
2026-08-09T16:00:00Z,96.01693719937343,151.1875
2026-08-09T17:00:00Z,146.4574395411397,169.0275
2026-08-09T18:00:00Z,172.5391786847351,176.09
2026-08-09T19:00:00Z,169.0990943668494,174.1325
2026-08-09T20:00:00Z,147.73412183962458,170.0
2026-08-09T21:00:00Z,133.06246398803157,157.15
2026-08-09T22:00:00Z,116.24675574393916,146.4725
2026-08-09T23:00:00Z,116.24675574393916,138.015
2026-08-10T00:00:00Z,114.71759827345355,131.495
2026-08-10T01:00:00Z,114.37898819723617,126.925
2026-08-10T02:00:00Z,123.79921400564645,127.475
2026-08-10T03:00:00Z,134.70630854387386,143.075
2026-08-10T04:00:00Z,148.03973069545512,163.2425
2026-08-10T05:00:00Z,141.74044175814504,164.70749999999998
2026-08-10T06:00:00Z,117.76527580720378,160.885
2026-08-10T07:00:00Z,68.6921552689861,138.8825
2026-08-10T08:00:00Z,12.200192767445932,111.6075
2026-08-10T09:00:00Z,-5.227605093922763,79.1375
2026-08-10T10:00:00Z,-9.189686914308432,36.785
2026-08-10T11:00:00Z,-15.6913953876497,9.1425
2026-08-10T12:00:00Z,-13.199049429899489,4.3375
2026-08-10T13:00:00Z,-11.527500840116822,10.0
2026-08-10T14:00:00Z,-0.3366971512229331,48.9475
2026-08-10T15:00:00Z,20.32920857529901,106.1575
2026-08-10T16:00:00Z,86.81259371322419,137.7
2026-08-10T17:00:00Z,116.45745164328282,165.70749999999998
2026-08-10T18:00:00Z,139.59294625219914,176.9525
2026-08-10T19:00:00Z,134.7567030478932,181.5325
2026-08-10T20:00:00Z,118.80957320943098,169.185
2026-08-10T21:00:00Z,113.99480485843853,151.44
2026-08-10T22:00:00Z,95.89842616927173,139.1975
2026-08-10T23:00:00Z,90.1306808695954,140.9875
2026-08-11T00:00:00Z,86.95323030367587,136.1975
2026-08-11T01:00:00Z,85.22402208286717,128.7325
2026-08-11T02:00:00Z,90.04100954818972,129.9225
2026-08-11T03:00:00Z,103.78423710732069,140.04
2026-08-11T04:00:00Z,123.7944050540099,156.7925
2026-08-11T05:00:00Z,118.10620444107674,157.86
2026-08-11T06:00:00Z,92.12604121373961,143.7875
2026-08-11T07:00:00Z,30.619859485047296,110.825
2026-08-11T08:00:00Z,-1.8416382806035747,57.8475
2026-08-11T09:00:00Z,-37.8118604486516,9.5325
2026-08-11T10:00:00Z,-44.777981941623246,0.0175
2026-08-11T11:00:00Z,-46.76882128439243,-0.1025
2026-08-11T12:00:00Z,-41.501963346592696,-0.09
2026-08-11T13:00:00Z,-38.93702183431562,3.1375
2026-08-11T14:00:00Z,1.3612834215576735,44.4825
2026-08-11T15:00:00Z,51.261258997356016,109.875
2026-08-11T16:00:00Z,113.16643844314241,146.4975
2026-08-11T17:00:00Z,150.46665070943027,178.29000000000002
2026-08-11T18:00:00Z,184.61252667689982,198.9775
2026-08-11T19:00:00Z,178.25773197704413,189.34
2026-08-11T20:00:00Z,157.14401943339467,172.92000000000002
2026-08-11T21:00:00Z,151.5685782916081,154.1
2026-08-11T22:00:00Z,136.7794504421895,155.2825
2026-08-11T23:00:00Z,135.3589245272204,149.505
2026-08-12T00:00:00Z,133.89919074420433,143.3
2026-08-12T01:00:00Z,134.60947151756602,139.7525
2026-08-12T02:00:00Z,141.31777542256256,139.9
2026-08-12T03:00:00Z,152.05953719234697,153.5
2026-08-12T04:00:00Z,162.62432424096593,172.575
2026-08-12T05:00:00Z,156.1061406379785,167.5425
2026-08-12T06:00:00Z,138.93455401011343,155.2125
2026-08-12T07:00:00Z,71.71869534056749,128.7275
2026-08-12T08:00:00Z,10.594522027437412,87.585
2026-08-12T09:00:00Z,-37.09968560547546,40.3425
2026-08-12T10:00:00Z,-42.940494471659484,14.75
2026-08-12T11:00:00Z,-54.23508073511552,3.55
2026-08-12T12:00:00Z,-49.312208274617376,14.97
2026-08-12T13:00:00Z,-36.67111832828825,40.7375
2026-08-12T14:00:00Z,0.5052559910967667,97.7075
2026-08-12T15:00:00Z,68.63683387708912,140.5875
2026-08-12T16:00:00Z,129.13171896519606,183.5225
2026-08-12T17:00:00Z,173.79447033525014,300.0
2026-08-12T18:00:00Z,183.60141947779223,300.2075
2026-08-12T19:00:00Z,157.42980803644508,229.62
2026-08-12T20:00:00Z,141.80154321699368,190.6625
2026-08-12T21:00:00Z,118.59519641782441,172.1
2026-08-12T22:00:00Z,109.21925786394632,154.1025
2026-08-12T23:00:00Z,103.54297406565588,147.5925
2026-08-13T00:00:00Z,105.90170673597999,143.4225
2026-08-13T01:00:00Z,110.41811362351521,142.7225
2026-08-13T02:00:00Z,114.38165044547522,144.92000000000002
2026-08-13T03:00:00Z,127.05621788882813,157.3975
2026-08-13T04:00:00Z,139.69962938245703,174.23250000000002
2026-08-13T05:00:00Z,139.8062819679379,171.0975
2026-08-13T06:00:00Z,107.62380465959264,156.8
2026-08-13T07:00:00Z,50.79510820409308,135.65
2026-08-13T08:00:00Z,3.3221364008590775,109.595
2026-08-13T09:00:00Z,-32.422893563385166,51.7275
2026-08-13T10:00:00Z,-51.43810934789342,2.805
2026-08-13T11:00:00Z,-50.62324229680977,0.0
2026-08-13T12:00:00Z,-48.20748481682294,2.52
2026-08-13T13:00:00Z,-33.73478551066999,44.44
2026-08-13T14:00:00Z,12.943795361451635,111.4775
2026-08-13T15:00:00Z,52.47679115457257,150.0075
2026-08-13T16:00:00Z,126.46072946087773,203.9975
2026-08-13T17:00:00Z,177.7416842628854,326.6
2026-08-13T18:00:00Z,181.11142073221055,338.8625
2026-08-13T19:00:00Z,164.0883533547661,270.01
2026-08-13T20:00:00Z,130.06827635344848,213.4825
2026-08-13T21:00:00Z,106.76200357954772,176.1725
2026-08-13T22:00:00Z,96.12094633389638,158.8675
2026-08-13T23:00:00Z,87.07966372695802,151.86
2026-08-14T00:00:00Z,83.42197723080004,145.73000000000002
2026-08-14T01:00:00Z,89.64749924100771,142.05
2026-08-14T02:00:00Z,98.68117496777876,143.9075
2026-08-14T03:00:00Z,115.98868382593324,154.6975
2026-08-14T04:00:00Z,131.20117678252487,171.95999999999998
2026-08-14T05:00:00Z,132.38834219196028,170.0825
2026-08-14T06:00:00Z,106.61179470678132,151.835
2026-08-14T07:00:00Z,55.33640211871291,135.20000000000002
2026-08-14T08:00:00Z,14.627086720165227,104.4625
2026-08-14T09:00:00Z,-34.49155767126279,63.615
2026-08-14T10:00:00Z,-48.99047311779591,25.0
2026-08-14T11:00:00Z,-51.09226361955981,8.0025
2026-08-14T12:00:00Z,-49.24662008808938,17.305
2026-08-14T13:00:00Z,-36.015165150644684,65.79
2026-08-14T14:00:00Z,6.917111240888304,116.32
2026-08-14T15:00:00Z,60.376540905048444,143.655
2026-08-14T16:00:00Z,171.1287237639521,179.99
2026-08-14T17:00:00Z,231.60508080765652,246.81
2026-08-14T18:00:00Z,214.75172281432788,263.725
2026-08-14T19:00:00Z,179.78783848347564,231.57
2026-08-14T20:00:00Z,159.6267252968158,198.0
2026-08-14T21:00:00Z,135.49546174025764,177.5175
2026-08-14T22:00:00Z,115.72967841345441,169.4475
2026-08-14T23:00:00Z,112.04761545922517,162.3975
2026-08-15T00:00:00Z,104.77718806312919,156.9025
2026-08-15T01:00:00Z,104.77718806312919,156.9375
2026-08-15T02:00:00Z,109.03165059603846,154.515
2026-08-15T03:00:00Z,112.93236738146135,153.8425
2026-08-15T04:00:00Z,114.61723267690746,156.9825
2026-08-15T05:00:00Z,108.621727758608,151.935
2026-08-15T06:00:00Z,77.83365806541558,137.2825
2026-08-15T07:00:00Z,25.422546911890052,109.675
2026-08-15T08:00:00Z,5.379746671818491,60.995000000000005
2026-08-15T09:00:00Z,-22.535291680396565,21.215
2026-08-15T10:00:00Z,-46.56895050410576,4.3675
2026-08-15T11:00:00Z,-51.180098121347505,1.0074999999999998
2026-08-15T12:00:00Z,-51.180098121347505,4.32
2026-08-15T13:00:00Z,-26.06556756043453,15.0975
2026-08-15T14:00:00Z,0.9132911941120588,68.5875
2026-08-15T15:00:00Z,41.184362029996116,130.4625
2026-08-15T16:00:00Z,101.83651474455408,164.5125
2026-08-15T17:00:00Z,142.2354133617228,179.965
2026-08-15T18:00:00Z,145.81286719703863,184.99
2026-08-15T19:00:00Z,150.85892674525056,183.3425
2026-08-15T20:00:00Z,145.979311624983,179.5925
2026-08-15T21:00:00Z,132.41348724207404,173.99
2026-08-15T22:00:00Z,129.77535010601022,174.3125
2026-08-15T23:00:00Z,118.81778319738756,168.58749999999998
2026-08-16T00:00:00Z,117.35562841138066,165.32999999999998
2026-08-16T01:00:00Z,114.38443831170072,157.535
2026-08-16T02:00:00Z,116.18282558234164,156.9
2026-08-16T03:00:00Z,115.59267052233385,156.945
2026-08-16T04:00:00Z,115.57419196912352,156.6
2026-08-16T05:00:00Z,114.75325323978434,150.37
2026-08-16T06:00:00Z,100.10126954205289,145.83249999999998
2026-08-16T07:00:00Z,49.18277038556743,124.365
2026-08-16T08:00:00Z,17.95459751718045,96.9
2026-08-16T09:00:00Z,-5.426756519775937,61.23
2026-08-16T10:00:00Z,-24.835572299834766,43.53
2026-08-16T11:00:00Z,-33.79310890702878,27.3375
2026-08-16T12:00:00Z,-33.04279466639754,36.5575
2026-08-16T13:00:00Z,-9.564833632045087,67.7025
2026-08-16T14:00:00Z,7.947652685238096,116.135
2026-08-16T15:00:00Z,54.10062395459349,145.325
2026-08-16T16:00:00Z,111.37805504090963,169.4375
2026-08-16T17:00:00Z,144.15480863516083,187.97
2026-08-16T18:00:00Z,157.9285677653687,200.0175
2026-08-16T19:00:00Z,163.01332831219474,205.675
2026-08-16T20:00:00Z,162.8305463573015,206.535
2026-08-16T21:00:00Z,145.68507502251103,192.6475
2026-08-16T22:00:00Z,142.6019086367104,192.1275
2026-08-16T23:00:00Z,140.06760594002975,178.81
2026-08-17T00:00:00Z,145.59441480283925,163.9
2026-08-17T01:00:00Z,136.2663093945845,160.28
2026-08-17T02:00:00Z,138.44062476338956,159.07
2026-08-17T03:00:00Z,149.40393853059228,174.9675
2026-08-17T04:00:00Z,166.08182645986267,197.4
2026-08-17T05:00:00Z,167.3790934369831,205.15
2026-08-17T06:00:00Z,155.1399238595496,208.6125
2026-08-17T07:00:00Z,141.83547938392599,198.79
2026-08-17T08:00:00Z,120.32832520893521,175.4875
2026-08-17T09:00:00Z,106.61077373224774,166.9725
2026-08-17T10:00:00Z,104.84056827168097,154.285
2026-08-17T11:00:00Z,94.95790460555608,150.1925
2026-08-17T12:00:00Z,83.98386468509197,141.2975
2026-08-17T13:00:00Z,76.3135224561428,139.885
2026-08-17T14:00:00Z,94.38910138895103,140.085
2026-08-17T15:00:00Z,112.75132651756306,152.0225
2026-08-17T16:00:00Z,132.64850919698472,177.1
2026-08-17T17:00:00Z,147.16934813285798,204.1025
2026-08-17T18:00:00Z,154.62799876242755,213.4
2026-08-17T19:00:00Z,156.33523515363729,210.0025
2026-08-17T20:00:00Z,153.21332961524473,197.705
2026-08-17T21:00:00Z,143.67760364489166,179.92000000000002
2026-08-17T22:00:00Z,137.19908701134023,173.5675
2026-08-17T23:00:00Z,129.09157155241007,159.7875
2026-08-18T00:00:00Z,127.62637059656794,150.805
2026-08-18T01:00:00Z,125.58545505246741,148.39249999999998
2026-08-18T02:00:00Z,134.3373379767032,149.22
2026-08-18T03:00:00Z,137.40054176604568,159.03
2026-08-18T04:00:00Z,159.60792333133122,187.78
2026-08-18T05:00:00Z,205.71163142322425,192.5725
2026-08-18T06:00:00Z,182.7711332116919,185.22
2026-08-18T07:00:00Z,136.69224963354787,161.43
2026-08-18T08:00:00Z,121.75565505013061,152.3825
2026-08-18T09:00:00Z,111.96018689773328,145.64249999999998
2026-08-18T10:00:00Z,100.60389552659231,136.575
2026-08-18T11:00:00Z,91.1338361016562,131.8525
2026-08-18T12:00:00Z,81.28780435154125,130.5375
2026-08-18T13:00:00Z,82.07030674045859,132.4425
2026-08-18T14:00:00Z,92.72876641979913,138.9475
2026-08-18T15:00:00Z,111.31642088081357,154.1525
2026-08-18T16:00:00Z,132.49562497814833,178.555
2026-08-18T17:00:00Z,178.02459630504956,197.6825
2026-08-18T18:00:00Z,178.02459630504956,200.395
2026-08-18T19:00:00Z,166.3180379943329,198.795
2026-08-18T20:00:00Z,131.6119606993831,191.385
2026-08-18T21:00:00Z,116.67701810988515,177.1425
2026-08-18T22:00:00Z,113.1657113729843,176.6
2026-08-18T23:00:00Z,108.79958952318032,157.6
2026-08-19T00:00:00Z,104.29883940190867,151.4125
2026-08-19T01:00:00Z,105.18240068350337,147.3
2026-08-19T02:00:00Z,106.25256298301726,148.995
2026-08-19T03:00:00Z,112.54500898385207,161.665
2026-08-19T04:00:00Z,130.32406175039714,184.7375
2026-08-19T05:00:00Z,140.5949743986683,192.63
2026-08-19T06:00:00Z,113.82195527007127,190.865
2026-08-19T07:00:00Z,89.06758537392618,169.675
2026-08-19T08:00:00Z,56.5771297807574,152.66750000000002
2026-08-19T09:00:00Z,26.87296143342833,142.96
2026-08-19T10:00:00Z,16.22184744416176,136.08249999999998
2026-08-19T11:00:00Z,14.457488825932911,128.20499999999998
2026-08-19T12:00:00Z,12.88644640145304,127.7725
2026-08-19T13:00:00Z,17.14753050568774,131.0075
2026-08-19T14:00:00Z,30.523104928135776,138.3175
2026-08-19T15:00:00Z,71.9201680539376,153.6425
2026-08-19T16:00:00Z,108.67402282089073,183.735
2026-08-19T17:00:00Z,148.79469986575805,207.5525
2026-08-19T18:00:00Z,160.15901517133247,209.445
2026-08-19T19:00:00Z,162.84769481771153,206.1225
2026-08-19T20:00:00Z,157.07580174576952,199.0975
2026-08-19T21:00:00Z,153.62044461912947,186.5475
2026-08-19T22:00:00Z,131.01905808572806,172.7125
2026-08-19T23:00:00Z,130.1056967965936,162.35000000000002
2026-08-20T00:00:00Z,117.0914977622185,153.73250000000002
2026-08-20T01:00:00Z,116.5017288981658,147.99
2026-08-20T02:00:00Z,121.20126083975505,148.4925
2026-08-20T03:00:00Z,139.2335578007083,159.55
2026-08-20T04:00:00Z,158.13155833380043,182.8
2026-08-20T05:00:00Z,153.0579247054018,186.4325
2026-08-20T06:00:00Z,138.5523242853819,171.7475
2026-08-20T07:00:00Z,93.22783276615408,154.505
2026-08-20T08:00:00Z,45.17600488275971,135.74
2026-08-20T09:00:00Z,13.905001555570722,109.455
2026-08-20T10:00:00Z,1.959935736322132,83.63
2026-08-20T11:00:00Z,-3.57332421229301,63.7075
2026-08-20T12:00:00Z,-3.57332421229301,69.44
2026-08-20T13:00:00Z,3.034473268783516,91.2075
2026-08-20T14:00:00Z,15.292218707075087,106.005
2026-08-20T15:00:00Z,59.16043038131084,144.2
2026-08-20T16:00:00Z,115.23028167661766,164.245
2026-08-20T17:00:00Z,191.23186727375202,192.2225
2026-08-20T18:00:00Z,205.4938100021603,200.6
2026-08-20T19:00:00Z,203.1455537617859,195.6175
2026-08-20T20:00:00Z,161.90341986137767,187.9275
2026-08-20T21:00:00Z,139.58353039871204,173.015
2026-08-20T22:00:00Z,120.09521756101469,170.35
2026-08-20T23:00:00Z,115.67702543779619,160.49
2026-08-21T00:00:00Z,111.49682431552758,152.4875
2026-08-21T01:00:00Z,111.33155042832023,151.47500000000002
2026-08-21T02:00:00Z,114.58573727139587,153.21
2026-08-21T03:00:00Z,129.79757641649792,165.875
2026-08-21T04:00:00Z,152.6209149314504,189.21
2026-08-21T05:00:00Z,145.6299812809796,193.89
2026-08-21T06:00:00Z,137.0731983568304,192.585
2026-08-21T07:00:00Z,108.9237768580204,167.82999999999998
2026-08-21T08:00:00Z,82.02678898067411,149.0
2026-08-21T09:00:00Z,62.036175580896156,138.8825
2026-08-21T10:00:00Z,58.628025659353995,135.21
2026-08-21T11:00:00Z,64.82301817799858,140.495
2026-08-21T12:00:00Z,74.19449519995156,141.1725
2026-08-21T13:00:00Z,95.59104074948843,149.7475
2026-08-21T14:00:00Z,114.74132194149891,166.49
2026-08-21T15:00:00Z,136.02108170920133,186.2075
2026-08-21T16:00:00Z,144.7554387430797,196.99
2026-08-21T17:00:00Z,165.5814298854232,204.415
2026-08-21T18:00:00Z,168.16610252596982,203.905
2026-08-21T19:00:00Z,155.84719535646096,198.715
2026-08-21T20:00:00Z,150.6988539338332,187.3575
2026-08-21T21:00:00Z,144.20059742374647,173.5
2026-08-21T22:00:00Z,130.35624184863903,168.0075
2026-08-21T23:00:00Z,120.4018625248546,161.535
2026-08-22T00:00:00Z,113.14943590251448,158.7125
2026-08-22T01:00:00Z,104.94189569425492,154.39
2026-08-22T02:00:00Z,103.40963203248985,148.5
2026-08-22T03:00:00Z,101.82304744940643,145.5075
2026-08-22T04:00:00Z,102.21600835275832,153.89
2026-08-22T05:00:00Z,93.25776346276528,144.005
2026-08-22T06:00:00Z,66.41221478199728,128.13
2026-08-22T07:00:00Z,35.14161652426295,90.2675
2026-08-22T08:00:00Z,6.312988779838153,50.295
2026-08-22T09:00:00Z,-7.014220172551082,19.8125
2026-08-22T10:00:00Z,-15.728325097423886,0.9975
2026-08-22T11:00:00Z,-18.342793489902082,-0.005
2026-08-22T12:00:00Z,-23.17306286184141,-0.01
2026-08-22T13:00:00Z,-18.908025821440095,-0.0975
2026-08-22T14:00:00Z,-19.33859909362162,-0.0025
2026-08-22T15:00:00Z,-0.3873491883295378,28.39
2026-08-22T16:00:00Z,24.748562557787785,105.0725
2026-08-22T17:00:00Z,76.35124350704858,149.15
2026-08-22T18:00:00Z,92.80856431927711,164.1625
2026-08-22T19:00:00Z,82.50939459815125,168.2025
2026-08-22T20:00:00Z,78.1090380031658,155.70749999999998
2026-08-22T21:00:00Z,76.12840894901218,141.12
2026-08-22T22:00:00Z,71.52513455327446,132.6725
2026-08-22T23:00:00Z,63.23715446358555,125.82
2026-08-23T00:00:00Z,57.086424989042506,119.365
2026-08-23T01:00:00Z,57.086424989042506,116.21
2026-08-23T02:00:00Z,57.061409419272685,114.7425
2026-08-23T03:00:00Z,62.162986066188424,116.735
2026-08-23T04:00:00Z,70.15502003112464,116.7075
2026-08-23T05:00:00Z,62.57683688245298,102.0925
2026-08-23T06:00:00Z,20.55998717158855,49.83
2026-08-23T07:00:00Z,-0.40143396330878905,1.005
2026-08-23T08:00:00Z,-13.768949452713459,-0.5700000000000001
2026-08-23T09:00:00Z,-35.4567733972076,-1.83
2026-08-23T10:00:00Z,-40.195968806325645,-3.035
2026-08-23T11:00:00Z,-45.49502862924219,-4.9975000000000005
2026-08-23T12:00:00Z,-47.16207360353083,-4.2325
2026-08-23T13:00:00Z,-44.50974583562599,-1.4775
2026-08-23T14:00:00Z,-21.083560117462845,-0.5325
2026-08-23T15:00:00Z,6.2697199322322845,48.375
2026-08-23T16:00:00Z,66.05227333779025,144.4225
2026-08-23T17:00:00Z,114.35477523201058,180.2
2026-08-23T18:00:00Z,135.18455346531474,185.89
2026-08-23T19:00:00Z,135.83385985426355,178.05
2026-08-23T20:00:00Z,125.95145673256843,172.6775
2026-08-23T21:00:00Z,121.99059016194232,165.45
2026-08-23T22:00:00Z,117.86457808343422,160.93
2026-08-23T23:00:00Z,117.05029132950742,152.6225
2026-08-24T00:00:00Z,114.73685553352551,147.8825
2026-08-24T01:00:00Z,122.0308736770713,148.735
2026-08-24T02:00:00Z,121.1589147035208,151.2975
2026-08-24T03:00:00Z,146.68075426944247,172.67000000000002
2026-08-24T04:00:00Z,163.300533565963,205.67
2026-08-24T05:00:00Z,154.0433864144416,206.4
2026-08-24T06:00:00Z,138.48944088215208,176.78
2026-08-24T07:00:00Z,83.54584554178385,141.345
2026-08-24T08:00:00Z,30.21496524858438,112.5725
2026-08-24T09:00:00Z,8.411464413153285,80.26
2026-08-24T10:00:00Z,-11.98357962566622,55.6325
2026-08-24T11:00:00Z,-24.295349633679066,34.145
2026-08-24T12:00:00Z,-16.059711465131354,35.6575
2026-08-24T13:00:00Z,-1.254502338186028,72.4975
2026-08-24T14:00:00Z,33.58223668209449,102.0875
2026-08-24T15:00:00Z,94.11458858423975,143.46
2026-08-24T16:00:00Z,142.30112433256141,182.335
2026-08-24T17:00:00Z,187.3291324873039,219.37
2026-08-24T18:00:00Z,191.73657311020045,219.5275
2026-08-24T19:00:00Z,156.80855078771341,188.0275
2026-08-24T20:00:00Z,143.8358069900499,171.775
2026-08-24T21:00:00Z,119.76750539221871,154.725
2026-08-24T22:00:00Z,113.119589591277,152.34
2026-08-24T23:00:00Z,105.60953226045869,146.825
2026-08-25T00:00:00Z,101.58920149661951,142.415
2026-08-25T01:00:00Z,102.06499924789408,140.005
2026-08-25T02:00:00Z,107.56670127655387,141.62
2026-08-25T03:00:00Z,116.39365261075417,149.57999999999998
2026-08-25T04:00:00Z,136.92813341198664,171.415
2026-08-25T05:00:00Z,130.68048171243592,180.66
2026-08-25T06:00:00Z,117.86106608738031,171.405
2026-08-25T07:00:00Z,84.94535851652869,145.4375
2026-08-25T08:00:00Z,37.568739599975,117.46
2026-08-25T09:00:00Z,11.097539437014087,83.145
2026-08-25T10:00:00Z,1.8632493724855872,67.1575
2026-08-25T11:00:00Z,-0.5985491632451545,62.2075
2026-08-25T12:00:00Z,0.8646774723958792,68.4625
2026-08-25T13:00:00Z,6.497622865246142,84.9975
2026-08-25T14:00:00Z,24.285939088056043,114.4025
2026-08-25T15:00:00Z,68.62656469338233,147.0525
2026-08-25T16:00:00Z,114.49629575162643,178.7825
2026-08-25T17:00:00Z,136.44959051565522,209.3075
2026-08-25T18:00:00Z,133.94590588627042,205.1425
2026-08-25T19:00:00Z,113.67036435651869,182.4925
2026-08-25T20:00:00Z,97.38216422400293,172.26749999999998
2026-08-25T21:00:00Z,92.31395141847811,159.66
2026-08-25T22:00:00Z,96.46561722734437,164.0275
2026-08-25T23:00:00Z,93.48821181973798,157.0575
2026-08-26T00:00:00Z,95.78538481169697,151.64249999999998
2026-08-26T01:00:00Z,96.3704435011427,149.6
2026-08-26T02:00:00Z,102.64409619304962,151.7575
2026-08-26T03:00:00Z,117.46428547805061,160.465
2026-08-26T04:00:00Z,135.76755295456448,185.13
2026-08-26T05:00:00Z,147.06685578349544,195.5375
2026-08-26T06:00:00Z,134.44628303837737,193.52
2026-08-26T07:00:00Z,103.6498530998067,166.6225
2026-08-26T08:00:00Z,45.917449286680124,137.48
2026-08-26T09:00:00Z,12.035515535604633,120.66
2026-08-26T10:00:00Z,4.22032301736013,98.605
2026-08-26T11:00:00Z,3.2795175627635857,89.54
2026-08-26T12:00:00Z,3.5462329414415987,91.97
2026-08-26T13:00:00Z,7.167816075986186,102.5525
2026-08-26T14:00:00Z,24.428013891378896,122.5075
2026-08-26T15:00:00Z,68.11785713220245,156.97
2026-08-26T16:00:00Z,115.3932657466792,185.625
2026-08-26T17:00:00Z,149.84941773096585,211.245
2026-08-26T18:00:00Z,137.25237166225608,201.7775
2026-08-26T19:00:00Z,111.07200190294851,178.6925
2026-08-26T20:00:00Z,95.09880423761643,163.58749999999998
2026-08-26T21:00:00Z,76.63250272295139,151.1125
2026-08-26T22:00:00Z,72.53292645997642,148.555
2026-08-26T23:00:00Z,71.23068796022268,142.175
2026-08-27T00:00:00Z,69.43086126379855,135.17000000000002
2026-08-27T01:00:00Z,66.36614630296995,134.4225
2026-08-27T02:00:00Z,70.30541371614775,136.19
2026-08-27T03:00:00Z,78.03719611410435,146.56
2026-08-27T04:00:00Z,96.69629411271731,167.58249999999998
2026-08-27T05:00:00Z,99.29239588295606,174.14499999999998
2026-08-27T06:00:00Z,74.4020766008802,160.3875
2026-08-27T07:00:00Z,35.432637235421424,124.6525
2026-08-27T08:00:00Z,5.574472158425565,104.1025
2026-08-27T09:00:00Z,-9.889345819179844,57.5775
2026-08-27T10:00:00Z,-15.610766803568819,21.6825
2026-08-27T11:00:00Z,-26.579325378221206,6.5725
2026-08-27T12:00:00Z,-29.413675196706333,14.1925
2026-08-27T13:00:00Z,-9.16148215211883,45.3825
2026-08-27T14:00:00Z,-1.5755398735098922,96.15
2026-08-27T15:00:00Z,31.143505872815116,141.7
2026-08-27T16:00:00Z,85.6222459737275,173.8125
2026-08-27T17:00:00Z,109.89027645317708,199.2625
2026-08-27T18:00:00Z,121.13969869792066,191.4875
2026-08-27T19:00:00Z,91.00863347039628,175.92000000000002
2026-08-27T20:00:00Z,83.15567109031912,164.92000000000002
2026-08-27T21:00:00Z,74.6819131705114,150.39
2026-08-27T22:00:00Z,67.1186661040162,139.52249999999998
2026-08-27T23:00:00Z,65.57003013546523,139.2875
2026-08-28T00:00:00Z,64.95138629714715,138.2425
2026-08-28T01:00:00Z,74.9715967999291,138.8
2026-08-28T02:00:00Z,79.60955132439128,139.09
2026-08-28T03:00:00Z,92.49663936945379,146.76749999999998
2026-08-28T04:00:00Z,106.76720629951801,171.0075
2026-08-28T05:00:00Z,121.49539613101321,177.98
2026-08-28T06:00:00Z,111.37779330932915,169.47
2026-08-28T07:00:00Z,91.314357711622,155.1525
2026-08-28T08:00:00Z,68.50098731868866,137.64
2026-08-28T09:00:00Z,42.40920942943855,121.5825
2026-08-28T10:00:00Z,26.695963320913357,110.89
2026-08-28T11:00:00Z,19.929766364330597,96.2375
2026-08-28T12:00:00Z,20.38620989335662,104.0
2026-08-28T13:00:00Z,28.29936355546256,114.37
2026-08-28T14:00:00Z,54.963283996891235,119.56
2026-08-28T15:00:00Z,83.76486902737618,143.2025
2026-08-28T16:00:00Z,110.72192224775068,160.48
2026-08-28T17:00:00Z,133.40457404117396,172.54
2026-08-28T18:00:00Z,134.85957027112707,176.76999999999998
2026-08-28T19:00:00Z,116.38099818122409,166.11
2026-08-28T20:00:00Z,97.7202861492022,161.445
2026-08-28T21:00:00Z,79.78795913456146,145.1325
2026-08-28T22:00:00Z,61.529446282209726,141.58
