datetime,Linear_Ridge_Regression_pred,y_test
2025-09-30T22:00:00Z,101.66689693591735,91.565
2025-09-30T23:00:00Z,100.4083841338549,86.285
2025-10-01T00:00:00Z,96.7136010414144,84.8725
2025-10-01T01:00:00Z,100.31215609880067,88.325
2025-10-01T02:00:00Z,106.4740047768214,87.655
2025-10-01T03:00:00Z,118.74214748777459,95.3275
2025-10-01T04:00:00Z,143.39144209356357,124.96
2025-10-01T05:00:00Z,175.64767265536724,173.29999999999998
2025-10-01T06:00:00Z,153.58440567732117,139.0875
2025-10-01T07:00:00Z,111.35025279839738,105.25
2025-10-01T08:00:00Z,82.45127491485327,86.035
2025-10-01T09:00:00Z,63.31325156829732,70.5675
2025-10-01T10:00:00Z,53.601941685414914,66.025
2025-10-01T11:00:00Z,55.60118028928544,68.4
2025-10-01T12:00:00Z,61.298815242740574,72.6275
2025-10-01T13:00:00Z,74.35341204487243,81.7225
2025-10-01T14:00:00Z,100.43796624745643,92.87
2025-10-01T15:00:00Z,137.40191720727017,135.39999999999998
2025-10-01T16:00:00Z,191.65362061319985,253.2375
2025-10-01T17:00:00Z,204.44372187268226,339.9925
2025-10-01T18:00:00Z,153.3952565806335,152.0225
2025-10-01T19:00:00Z,136.89161409306524,113.035
2025-10-01T20:00:00Z,124.76896299792148,98.51
2025-10-01T21:00:00Z,115.24844327255116,90.6475
2025-10-01T22:00:00Z,107.61930537823395,90.805
2025-10-01T23:00:00Z,104.96971838463985,88.0
2025-10-02T00:00:00Z,100.77293135476266,86.52499999999999
2025-10-02T01:00:00Z,103.05547295615332,88.56
2025-10-02T02:00:00Z,104.46481788921471,90.8075
2025-10-02T03:00:00Z,111.2165843381234,95.9725
2025-10-02T04:00:00Z,130.44778845529626,128.72
2025-10-02T05:00:00Z,148.4879487157641,181.0875
2025-10-02T06:00:00Z,128.38213926827774,136.67749999999998
2025-10-02T07:00:00Z,90.777676136088,100.505
2025-10-02T08:00:00Z,64.60391899406741,91.48
2025-10-02T09:00:00Z,43.05807489687805,78.285
2025-10-02T10:00:00Z,34.33378889371004,65.77
2025-10-02T11:00:00Z,37.35766831942983,60.5
2025-10-02T12:00:00Z,45.1822009909923,71.28999999999999
2025-10-02T13:00:00Z,57.452415771465006,80.6625
2025-10-02T14:00:00Z,82.16131090609782,91.445
2025-10-02T15:00:00Z,122.27087400705585,113.32
2025-10-02T16:00:00Z,172.0719005293954,167.925
2025-10-02T17:00:00Z,185.36986731063513,176.8375
2025-10-02T18:00:00Z,130.70740811132322,109.92
2025-10-02T19:00:00Z,108.68458129416977,90.855
2025-10-02T20:00:00Z,93.27451403860482,96.6575
2025-10-02T21:00:00Z,79.71981128626828,82.0925
2025-10-02T22:00:00Z,68.60541287461801,85.9325
2025-10-02T23:00:00Z,65.00855804361558,77.14
2025-10-03T00:00:00Z,59.577721038022254,71.75
2025-10-03T01:00:00Z,60.83641210626114,73.9075
2025-10-03T02:00:00Z,65.70908038313546,76.2875
2025-10-03T03:00:00Z,67.14300958896618,77.98
2025-10-03T04:00:00Z,76.67639846184593,93.78
2025-10-03T05:00:00Z,90.80864845804841,100.4175
2025-10-03T06:00:00Z,69.3976023644411,103.68
2025-10-03T07:00:00Z,40.041076688170094,83.9025
2025-10-03T08:00:00Z,21.888230036515566,59.9975
2025-10-03T09:00:00Z,7.867103388205649,40.5025
2025-10-03T10:00:00Z,-3.054429040133428,26.3525
2025-10-03T11:00:00Z,-10.104193311665213,16.502499999999998
2025-10-03T12:00:00Z,-3.0617363686572645,26.2025
2025-10-03T13:00:00Z,10.032565618335681,49.8825
2025-10-03T14:00:00Z,35.781919095506986,63.3925
2025-10-03T15:00:00Z,68.12225458086735,89.9
2025-10-03T16:00:00Z,94.19059076080421,120.76
2025-10-03T17:00:00Z,92.87766953496238,109.01
2025-10-03T18:00:00Z,68.10440492020429,75.03999999999999
2025-10-03T19:00:00Z,51.30426536618853,43.4425
2025-10-03T20:00:00Z,43.72384198418224,25.4025
2025-10-03T21:00:00Z,31.363738966739795,11.1075
2025-10-03T22:00:00Z,20.85560583092513,0.7250000000000001
2025-10-03T23:00:00Z,18.003360081477226,-0.01
2025-10-04T00:00:00Z,16.234242282316274,-0.0425
2025-10-04T01:00:00Z,12.340165337165686,-0.0975
2025-10-04T02:00:00Z,13.758471056641852,-1.1275
2025-10-04T03:00:00Z,17.457641434782815,-1.905
2025-10-04T04:00:00Z,26.958560534471232,-1.915
2025-10-04T05:00:00Z,36.12508663083575,-0.775
2025-10-04T06:00:00Z,44.65873784587671,-0.3
2025-10-04T07:00:00Z,38.65393559951781,-0.1625
2025-10-04T08:00:00Z,33.6004198171839,-0.09
2025-10-04T09:00:00Z,25.22572384626669,-0.0975
2025-10-04T10:00:00Z,5.785206967905552,-0.08
2025-10-04T11:00:00Z,-6.383596680826344,-0.44
2025-10-04T12:00:00Z,-9.68418966656246,-2.045
2025-10-04T13:00:00Z,3.843057701305227,-2.605
2025-10-04T14:00:00Z,19.67290909115816,-0.095
2025-10-04T15:00:00Z,43.972650471305144,-0.0925
2025-10-04T16:00:00Z,63.44993278602648,1.105
2025-10-04T17:00:00Z,68.0067611434869,3.23
2025-10-04T18:00:00Z,50.48059558706572,0.3225
2025-10-04T19:00:00Z,25.752457321740394,-0.0949999999999999
2025-10-04T20:00:00Z,19.5095074313179,-0.0525
2025-10-04T21:00:00Z,12.86641954978272,-0.3425
2025-10-04T22:00:00Z,16.29581281078184,-0.7475
2025-10-04T23:00:00Z,14.98781325582128,-1.4025
2025-10-05T00:00:00Z,6.105861404425667,-4.19
2025-10-05T01:00:00Z,9.818108431495546,-4.3775
2025-10-05T02:00:00Z,8.756267048980604,-4.98
2025-10-05T03:00:00Z,6.225135937044627,-4.4575
2025-10-05T04:00:00Z,0.41132671021371436,-3.76
2025-10-05T05:00:00Z,2.3948281396762496,-1.505
2025-10-05T06:00:00Z,1.1737840028844602,-0.0875
2025-10-05T07:00:00Z,-7.031940982467191,-1.3925
2025-10-05T08:00:00Z,-8.634754716135475,-3.33
2025-10-05T09:00:00Z,-18.24038534203939,-2.0175
2025-10-05T10:00:00Z,-24.186060910532248,-3.415
2025-10-05T11:00:00Z,-28.62619735400446,-3.3875
2025-10-05T12:00:00Z,-27.716733768966648,-2.9425
2025-10-05T13:00:00Z,-20.904811271196536,-2.3925
2025-10-05T14:00:00Z,-4.823617874437403,-0.6875
2025-10-05T15:00:00Z,11.83270275165529,0.8525
2025-10-05T16:00:00Z,25.6338049015379,16.0825
2025-10-05T17:00:00Z,33.53662038601618,35.0475
2025-10-05T18:00:00Z,27.65841541077556,19.83
2025-10-05T19:00:00Z,22.420277726371864,5.4775
2025-10-05T20:00:00Z,17.58379918062714,5.202500000000001
2025-10-05T21:00:00Z,12.607668523970915,4.075
2025-10-05T22:00:00Z,9.561241001398415,20.845
2025-10-05T23:00:00Z,7.493128482659387,10.0475
2025-10-06T00:00:00Z,5.452480039033816,9.1025
2025-10-06T01:00:00Z,9.974079691684508,10.7325
2025-10-06T02:00:00Z,16.173002631570327,16.8
2025-10-06T03:00:00Z,30.76420099336906,22.6025
2025-10-06T04:00:00Z,55.459413023732054,68.585
2025-10-06T05:00:00Z,77.50485870452475,105.0525
2025-10-06T06:00:00Z,81.93204519184182,121.7675
2025-10-06T07:00:00Z,74.78914600749623,121.1175
2025-10-06T08:00:00Z,68.5191860604912,100.5275
2025-10-06T09:00:00Z,64.48962783368546,89.3025
2025-10-06T10:00:00Z,60.63778780707385,87.325
2025-10-06T11:00:00Z,64.74404941371132,84.5975
2025-10-06T12:00:00Z,67.86991986062455,92.3275
2025-10-06T13:00:00Z,77.63836580271501,94.5475
2025-10-06T14:00:00Z,91.44482158261059,104.7725
2025-10-06T15:00:00Z,112.66686159086488,120.29
2025-10-06T16:00:00Z,135.25868344174387,141.5875
2025-10-06T17:00:00Z,150.4319183057192,168.315
2025-10-06T18:00:00Z,132.75041180241786,133.6775
2025-10-06T19:00:00Z,120.2060354892517,120.2025
2025-10-06T20:00:00Z,112.34003543658127,118.665
2025-10-06T21:00:00Z,102.79867365629937,105.5
2025-10-06T22:00:00Z,102.84166574467936,100.2625
2025-10-06T23:00:00Z,99.15068385871582,93.9875
2025-10-07T00:00:00Z,94.05579352734604,89.8175
2025-10-07T01:00:00Z,94.92628516448585,89.55
2025-10-07T02:00:00Z,99.58264218498704,92.975
2025-10-07T03:00:00Z,109.70846710421789,96.74
2025-10-07T04:00:00Z,135.32497105589812,134.885
2025-10-07T05:00:00Z,157.92255439480078,228.555
2025-10-07T06:00:00Z,164.47552008955665,287.67
2025-10-07T07:00:00Z,158.52399756767468,212.1825
2025-10-07T08:00:00Z,149.0843976569897,154.66
2025-10-07T09:00:00Z,139.15302872310275,129.9075
2025-10-07T10:00:00Z,129.83644109755943,110.94
2025-10-07T11:00:00Z,123.63636280306568,106.1825
2025-10-07T12:00:00Z,118.47906547922258,105.3525
2025-10-07T13:00:00Z,120.67446978450258,113.16
2025-10-07T14:00:00Z,132.57155630758098,122.105
2025-10-07T15:00:00Z,144.74740794096903,151.84
2025-10-07T16:00:00Z,164.74307577350515,202.4175
2025-10-07T17:00:00Z,171.73682920678175,213.28
2025-10-07T18:00:00Z,150.69673679419998,146.34
2025-10-07T19:00:00Z,136.99991022862275,123.2425
2025-10-07T20:00:00Z,127.21038445643772,107.4225
2025-10-07T21:00:00Z,118.67236750699114,97.4825
2025-10-07T22:00:00Z,107.50295230213383,93.4525
2025-10-07T23:00:00Z,105.04116504190378,88.4375
2025-10-08T00:00:00Z,99.40818648598056,87.56
2025-10-08T01:00:00Z,100.76974757199959,86.975
2025-10-08T02:00:00Z,108.28159483140556,89.6725
2025-10-08T03:00:00Z,116.67993127151429,97.395
2025-10-08T04:00:00Z,143.45566301254257,117.1075
2025-10-08T05:00:00Z,178.7737852614119,155.58
2025-10-08T06:00:00Z,191.12392519156992,166.395
2025-10-08T07:00:00Z,163.54195599848651,135.17499999999998
2025-10-08T08:00:00Z,141.8526094877159,118.445
2025-10-08T09:00:00Z,124.99404208392237,103.325
2025-10-08T10:00:00Z,113.05815471505227,90.8225
2025-10-08T11:00:00Z,108.2936544646031,89.33500000000001
2025-10-08T12:00:00Z,106.89090448834594,90.4425
2025-10-08T13:00:00Z,112.99940164727951,99.4275
2025-10-08T14:00:00Z,130.31957143025159,117.465
2025-10-08T15:00:00Z,153.97728724573267,149.48000000000002
2025-10-08T16:00:00Z,178.68649029393583,183.8075
2025-10-08T17:00:00Z,184.12839199338717,199.0025
2025-10-08T18:00:00Z,157.86770376714327,141.695
2025-10-08T19:00:00Z,141.9894281432941,114.74
2025-10-08T20:00:00Z,129.05553527664517,108.24
2025-10-08T21:00:00Z,119.80052003579094,97.8325
2025-10-08T22:00:00Z,111.31196202523067,97.215
2025-10-08T23:00:00Z,108.05251789126545,92.5825
2025-10-09T00:00:00Z,104.44730996506507,93.2625
2025-10-09T01:00:00Z,101.58098759071811,90.8175
2025-10-09T02:00:00Z,106.670404301958,92.7
2025-10-09T03:00:00Z,117.7990308728101,101.1525
2025-10-09T04:00:00Z,136.10978084605264,125.58
2025-10-09T05:00:00Z,157.09823048730408,145.0
2025-10-09T06:00:00Z,152.70711117767473,149.9
2025-10-09T07:00:00Z,132.7800753005741,132.4875
2025-10-09T08:00:00Z,114.96508677638427,109.6875
2025-10-09T09:00:00Z,97.4092067333452,96.9625
2025-10-09T10:00:00Z,83.74155750658986,91.0225
2025-10-09T11:00:00Z,76.37610271492223,83.3525
2025-10-09T12:00:00Z,74.2633582948549,83.2
2025-10-09T13:00:00Z,77.07152757667458,88.8275
2025-10-09T14:00:00Z,92.36976020917947,92.075
2025-10-09T15:00:00Z,119.22401648040115,110.01
2025-10-09T16:00:00Z,138.1414887098447,122.9075
2025-10-09T17:00:00Z,140.68822765809756,123.1125
2025-10-09T18:00:00Z,114.79453832031578,112.3625
2025-10-09T19:00:00Z,96.82406490134056,98.0925
2025-10-09T20:00:00Z,86.91672750896595,96.8325
2025-10-09T21:00:00Z,75.749307694625,88.7
2025-10-09T22:00:00Z,72.98958064839596,88.01
2025-10-09T23:00:00Z,67.90089388540142,84.9675
2025-10-10T00:00:00Z,61.72230488462898,80.0875
2025-10-10T01:00:00Z,63.94685553704868,78.285
2025-10-10T02:00:00Z,69.13930740154603,79.21000000000001
2025-10-10T03:00:00Z,83.09401276986154,86.0725
2025-10-10T04:00:00Z,103.26192494032539,102.6375
2025-10-10T05:00:00Z,119.28297867436686,119.325
2025-10-10T06:00:00Z,121.70958281854132,122.6125
2025-10-10T07:00:00Z,103.33555869121378,107.765
2025-10-10T08:00:00Z,86.828765255854,93.0075
2025-10-10T09:00:00Z,70.83742496781494,82.1175
2025-10-10T10:00:00Z,63.502761103511446,77.5325
2025-10-10T11:00:00Z,60.63403511292623,75.69
2025-10-10T12:00:00Z,61.503515223895846,77.2575
2025-10-10T13:00:00Z,70.54181202337647,88.89500000000001
2025-10-10T14:00:00Z,87.77338716623905,97.8575
2025-10-10T15:00:00Z,113.17673623156263,118.2
2025-10-10T16:00:00Z,128.14485887168837,120.605
2025-10-10T17:00:00Z,125.93410002634842,123.29
2025-10-10T18:00:00Z,111.53805564259639,115.39
2025-10-10T19:00:00Z,100.63377586051459,103.915
2025-10-10T20:00:00Z,89.7734697185193,97.7375
2025-10-10T21:00:00Z,79.33824565484912,93.35
2025-10-10T22:00:00Z,71.13723552428628,92.9675
2025-10-10T23:00:00Z,70.26209289312222,88.83500000000001
2025-10-11T00:00:00Z,70.21914483434234,87.3875
2025-10-11T01:00:00Z,71.31916001378053,84.175
2025-10-11T02:00:00Z,73.88863282026735,82.0275
2025-10-11T03:00:00Z,75.72123873683964,84.755
2025-10-11T04:00:00Z,83.77042613136244,90.265
2025-10-11T05:00:00Z,94.36499135375631,96.7525
2025-10-11T06:00:00Z,96.79387730910383,100.4
2025-10-11T07:00:00Z,89.60728236052172,92.96
2025-10-11T08:00:00Z,75.01993445410633,82.4325
2025-10-11T09:00:00Z,60.663320071777505,74.02
2025-10-11T10:00:00Z,49.23722785083374,55.4175
2025-10-11T11:00:00Z,43.463523309059056,46.7725
2025-10-11T12:00:00Z,41.10425597106759,51.03
2025-10-11T13:00:00Z,52.78505555791596,76.9425
2025-10-11T14:00:00Z,75.90469793432929,83.65
2025-10-11T15:00:00Z,107.94483896641265,114.005
2025-10-11T16:00:00Z,123.0638392451404,126.4375
2025-10-11T17:00:00Z,123.6660639888789,130.1725
2025-10-11T18:00:00Z,115.9731912197707,120.635
2025-10-11T19:00:00Z,108.22731617078401,112.545
2025-10-11T20:00:00Z,103.59849137702486,106.9075
2025-10-11T21:00:00Z,96.30755825063137,95.0975
2025-10-11T22:00:00Z,93.0916899158841,96.1775
2025-10-11T23:00:00Z,87.97004225875722,92.1675
2025-10-12T00:00:00Z,75.21477462400847,88.86
2025-10-12T01:00:00Z,71.94260276595698,85.13
2025-10-12T02:00:00Z,71.19209926617788,86.4125
2025-10-12T03:00:00Z,70.7931524516135,86.6575
2025-10-12T04:00:00Z,77.10362106080355,88.3
2025-10-12T05:00:00Z,81.89033581625708,89.1725
2025-10-12T06:00:00Z,81.93335698120993,88.66
2025-10-12T07:00:00Z,73.80672375431517,83.0625
2025-10-12T08:00:00Z,65.8874928356508,76.205
2025-10-12T09:00:00Z,55.395894721102,71.9
2025-10-12T10:00:00Z,47.65267063825441,66.8875
2025-10-12T11:00:00Z,42.916351249529534,52.16
2025-10-12T12:00:00Z,43.14941780278367,62.475
2025-10-12T13:00:00Z,55.60578960080569,79.985
2025-10-12T14:00:00Z,74.941542864907,88.0025
2025-10-12T15:00:00Z,105.06898059850542,105.55
2025-10-12T16:00:00Z,123.64820899884435,108.9
2025-10-12T17:00:00Z,128.39048710843159,116.64
2025-10-12T18:00:00Z,120.81111007486753,115.5275
2025-10-12T19:00:00Z,116.44637026414085,110.4475
2025-10-12T20:00:00Z,113.27594958050013,107.79
2025-10-12T21:00:00Z,106.66929674318456,93.445
2025-10-12T22:00:00Z,100.95304973244865,93.4525
2025-10-12T23:00:00Z,99.16957954847037,90.26
2025-10-13T00:00:00Z,96.1787879165629,90.8325
2025-10-13T01:00:00Z,100.09823163028676,89.1225
2025-10-13T02:00:00Z,106.64861101832389,93.4525
2025-10-13T03:00:00Z,116.73025256315287,98.095
2025-10-13T04:00:00Z,138.1952064202062,131.41
2025-10-13T05:00:00Z,157.5135277007422,218.6375
2025-10-13T06:00:00Z,162.50090657518632,199.5575
2025-10-13T07:00:00Z,146.2759922567713,150.185
2025-10-13T08:00:00Z,131.04258747194046,125.0975
2025-10-13T09:00:00Z,120.11760221933275,110.0
2025-10-13T10:00:00Z,105.62726373988755,95.1
2025-10-13T11:00:00Z,97.35024693944953,89.8575
2025-10-13T12:00:00Z,96.4148450114655,92.0975
2025-10-13T13:00:00Z,105.3627589652049,101.8425
2025-10-13T14:00:00Z,120.35427043390351,117.9025
2025-10-13T15:00:00Z,144.9236798769928,180.6
2025-10-13T16:00:00Z,165.74791263951838,305.74
2025-10-13T17:00:00Z,170.1362496249174,306.575
2025-10-13T18:00:00Z,162.1683089337582,186.9525
2025-10-13T19:00:00Z,150.31519103585103,137.175
2025-10-13T20:00:00Z,140.06200915733302,121.9875
2025-10-13T21:00:00Z,128.17505732083956,111.275
2025-10-13T22:00:00Z,118.74368414791441,109.1825
2025-10-13T23:00:00Z,114.36783744065423,103.015
2025-10-14T00:00:00Z,104.47803186063595,99.52
2025-10-14T01:00:00Z,103.435527508916,98.8675
2025-10-14T02:00:00Z,108.24303548737743,100.0475
2025-10-14T03:00:00Z,116.70347814580813,101.4475
2025-10-14T04:00:00Z,141.35878393991396,123.2925
2025-10-14T05:00:00Z,175.5370602546539,160.195
2025-10-14T06:00:00Z,175.41779696278843,190.82
2025-10-14T07:00:00Z,146.83576224537,156.445
2025-10-14T08:00:00Z,127.11673669917778,134.725
2025-10-14T09:00:00Z,113.30787272641206,119.845
2025-10-14T10:00:00Z,105.85878914608432,107.6475
2025-10-14T11:00:00Z,100.55530226852642,102.9975
2025-10-14T12:00:00Z,103.74679113111222,105.265
2025-10-14T13:00:00Z,109.27124551329437,122.275
2025-10-14T14:00:00Z,128.82119458165974,146.6
2025-10-14T15:00:00Z,163.63017699582386,219.195
2025-10-14T16:00:00Z,204.42510724950674,404.9575
2025-10-14T17:00:00Z,207.0561482991955,407.205
2025-10-14T18:00:00Z,179.42905922695837,225.48
2025-10-14T19:00:00Z,159.70236475064544,163.04
2025-10-14T20:00:00Z,150.5566617197267,129.85750000000002
2025-10-14T21:00:00Z,140.209434038867,115.36
2025-10-14T22:00:00Z,133.77381230363798,115.4625
2025-10-14T23:00:00Z,130.8395538324753,111.865
2025-10-15T00:00:00Z,124.63574589150268,107.68
2025-10-15T01:00:00Z,127.7155438006089,103.6175
2025-10-15T02:00:00Z,128.3505211774327,106.48
2025-10-15T03:00:00Z,136.66926477841716,114.3975
2025-10-15T04:00:00Z,157.4006573766183,151.96
2025-10-15T05:00:00Z,179.965210628877,278.74
2025-10-15T06:00:00Z,190.91528093607565,276.1975
2025-10-15T07:00:00Z,168.42786867021692,181.0525
2025-10-15T08:00:00Z,150.68770422406865,142.3575
2025-10-15T09:00:00Z,135.68534648020793,126.105
2025-10-15T10:00:00Z,126.85710561583296,119.425
2025-10-15T11:00:00Z,122.06343213993492,112.8775
2025-10-15T12:00:00Z,116.85941632044124,115.3925
2025-10-15T13:00:00Z,125.47654060939772,122.6425
2025-10-15T14:00:00Z,138.60046929589788,135.6925
2025-10-15T15:00:00Z,171.9223764460446,170.0
2025-10-15T16:00:00Z,222.90459300354004,221.8775
2025-10-15T17:00:00Z,214.84740966648812,220.0
2025-10-15T18:00:00Z,166.03552943471374,152.845
2025-10-15T19:00:00Z,140.41948305240737,124.3425
2025-10-15T20:00:00Z,126.27255531873959,98.21
2025-10-15T21:00:00Z,111.35158626382248,88.17
2025-10-15T22:00:00Z,102.06008886656963,88.16499999999999
2025-10-15T23:00:00Z,98.1227051134852,85.8075
2025-10-16T00:00:00Z,88.7706068589013,88.0
2025-10-16T01:00:00Z,87.71857791242431,86.655
2025-10-16T02:00:00Z,92.35017376073938,88.335
2025-10-16T03:00:00Z,103.11904929242195,85.045
2025-10-16T04:00:00Z,128.20551846459344,96.1925
2025-10-16T05:00:00Z,170.19338166776035,116.1225
2025-10-16T06:00:00Z,171.31395287421407,132.76749999999998
2025-10-16T07:00:00Z,139.07597266871306,119.93
2025-10-16T08:00:00Z,121.56366105915424,92.2375
2025-10-16T09:00:00Z,108.56583814326754,88.3075
2025-10-16T10:00:00Z,94.37679335546801,83.4025
2025-10-16T11:00:00Z,89.80064109725717,81.47500000000001
2025-10-16T12:00:00Z,87.01994805917484,82.98
2025-10-16T13:00:00Z,91.7332192639712,83.0275
2025-10-16T14:00:00Z,107.50212019281834,89.0275
2025-10-16T15:00:00Z,136.33998744218673,120.915
2025-10-16T16:00:00Z,152.27251326576766,130.0
2025-10-16T17:00:00Z,153.18449185586445,140.59
2025-10-16T18:00:00Z,129.1785677564239,125.595
2025-10-16T19:00:00Z,116.14165340088273,102.2325
2025-10-16T20:00:00Z,102.16549098857801,99.855
2025-10-16T21:00:00Z,93.99808753052189,93.3625
2025-10-16T22:00:00Z,89.7956506424045,88.14750000000001
2025-10-16T23:00:00Z,88.30490427534826,88.3125
2025-10-17T00:00:00Z,88.64629650904786,89.0575
2025-10-17T01:00:00Z,91.15425605119712,88.4575
2025-10-17T02:00:00Z,91.16407550110263,90.5875
2025-10-17T03:00:00Z,101.1459760309155,94.51
2025-10-17T04:00:00Z,119.94104852427569,107.91
2025-10-17T05:00:00Z,136.30314685240725,129.485
2025-10-17T06:00:00Z,143.8617677779676,144.835
2025-10-17T07:00:00Z,132.57488018112576,129.02
2025-10-17T08:00:00Z,114.25996508400277,117.18
2025-10-17T09:00:00Z,97.0945618828978,99.0375
2025-10-17T10:00:00Z,85.35728456286947,88.14
2025-10-17T11:00:00Z,77.87163796282063,86.7175
2025-10-17T12:00:00Z,76.47837103326098,87.805
2025-10-17T13:00:00Z,83.17960862147298,88.6425
2025-10-17T14:00:00Z,98.41563802731673,95.0
2025-10-17T15:00:00Z,127.71875087954642,117.1675
2025-10-17T16:00:00Z,139.93534640146913,129.31
2025-10-17T17:00:00Z,138.65479263213172,130.69
2025-10-17T18:00:00Z,126.17121792360366,116.9875
2025-10-17T19:00:00Z,116.72082130702668,104.055
2025-10-17T20:00:00Z,109.84441309967275,102.1825
2025-10-17T21:00:00Z,105.49379475399132,92.4975
2025-10-17T22:00:00Z,96.7661366220307,94.615
2025-10-17T23:00:00Z,93.17197229616559,89.86
2025-10-18T00:00:00Z,92.01972571174197,89.8125
2025-10-18T01:00:00Z,93.90644060215229,88.33500000000001
2025-10-18T02:00:00Z,96.07428633432988,88.35
2025-10-18T03:00:00Z,102.56816198783501,88.315
2025-10-18T04:00:00Z,112.09196693175019,91.955
2025-10-18T05:00:00Z,122.79164033023119,109.4725
2025-10-18T06:00:00Z,121.50455595385212,114.545
2025-10-18T07:00:00Z,100.48584322151254,102.2425
2025-10-18T08:00:00Z,81.26165193210666,91.4675
2025-10-18T09:00:00Z,59.88491557016975,80.7875
2025-10-18T10:00:00Z,42.19181682428953,73.94
2025-10-18T11:00:00Z,37.55534428572301,67.5325
2025-10-18T12:00:00Z,40.122046900054954,72.2975
2025-10-18T13:00:00Z,56.97621699897101,83.5
2025-10-18T14:00:00Z,90.7925263292356,96.55
2025-10-18T15:00:00Z,128.80257454096773,120.64
2025-10-18T16:00:00Z,145.76405007694024,133.235
2025-10-18T17:00:00Z,143.1518160996668,124.8225
2025-10-18T18:00:00Z,127.09916042371403,112.995
2025-10-18T19:00:00Z,110.97980653576855,92.5525
2025-10-18T20:00:00Z,99.64847284034452,95.5775
2025-10-18T21:00:00Z,89.16278012303385,94.355
2025-10-18T22:00:00Z,80.95094156326424,92.3425
2025-10-18T23:00:00Z,74.78846608551075,87.58500000000001
2025-10-19T00:00:00Z,66.85403467366496,82.2925
2025-10-19T01:00:00Z,65.96796393494051,82.14
2025-10-19T02:00:00Z,66.5631670489368,83.2125
2025-10-19T03:00:00Z,67.4495601341113,83.4975
2025-10-19T04:00:00Z,70.21478508136431,85.25
2025-10-19T05:00:00Z,77.50984083198847,85.255
2025-10-19T06:00:00Z,75.85700213107708,87.1575
2025-10-19T07:00:00Z,61.12548977864611,78.4325
2025-10-19T08:00:00Z,50.80694155514142,69.6375
2025-10-19T09:00:00Z,39.4506901498287,60.3
2025-10-19T10:00:00Z,27.905858508969438,34.567499999999995
2025-10-19T11:00:00Z,20.317481410423838,20.295
2025-10-19T12:00:00Z,25.60077637888253,36.2175
2025-10-19T13:00:00Z,40.40196302856802,66.77250000000001
2025-10-19T14:00:00Z,66.80111852801986,89.93
2025-10-19T15:00:00Z,91.96135201092605,106.0725
2025-10-19T16:00:00Z,98.13415278521921,107.6875
2025-10-19T17:00:00Z,87.276098823015,85.62
2025-10-19T18:00:00Z,74.93417086839099,75.5025
2025-10-19T19:00:00Z,64.00790161994934,73.15
2025-10-19T20:00:00Z,62.791153359680095,74.74249999999999
2025-10-19T21:00:00Z,57.848186324717254,60.855
2025-10-19T22:00:00Z,49.035891922729206,70.03750000000001
2025-10-19T23:00:00Z,46.00751875107045,63.975
2025-10-20T00:00:00Z,42.587504901975414,60.98
2025-10-20T01:00:00Z,41.85743242838928,60.0025
2025-10-20T02:00:00Z,45.034455577612746,60.6025
2025-10-20T03:00:00Z,53.64956269347758,74.81
2025-10-20T04:00:00Z,71.49428154713088,76.2525
2025-10-20T05:00:00Z,89.45574132828503,91.8675
2025-10-20T06:00:00Z,91.94093273741608,125.0975
2025-10-20T07:00:00Z,75.78298837685512,92.185
2025-10-20T08:00:00Z,65.54327627940211,73.15
2025-10-20T09:00:00Z,58.61480034946713,69.935
2025-10-20T10:00:00Z,51.989109722915124,60.2875
2025-10-20T11:00:00Z,51.03304633523137,65.27250000000001
2025-10-20T12:00:00Z,60.87232422571624,76.08500000000001
2025-10-20T13:00:00Z,70.62256726415512,97.14
2025-10-20T14:00:00Z,87.55343481395144,119.51
2025-10-20T15:00:00Z,104.17349049863026,131.1225
2025-10-20T16:00:00Z,113.3042323782984,125.09
2025-10-20T17:00:00Z,105.42231401653235,103.0
2025-10-20T18:00:00Z,92.38020449896908,82.29
2025-10-20T19:00:00Z,75.19099813494526,76.2525
2025-10-20T20:00:00Z,63.083093120378884,68.3775
2025-10-20T21:00:00Z,49.44731169244966,51.0
2025-11-03T23:00:00Z,48.08689415852085,16.53
2025-11-04T00:00:00Z,44.57052457323718,7.2575
2025-11-04T01:00:00Z,42.89320316828899,4.925
2025-11-04T02:00:00Z,47.00307305012933,6.3125
2025-11-04T03:00:00Z,56.16171449118822,21.1975
2025-11-04T04:00:00Z,65.50740694101653,58.4325
2025-11-04T05:00:00Z,92.7412655733455,81.0375
2025-11-04T06:00:00Z,106.90206645986618,114.3075
2025-11-04T07:00:00Z,93.59919920647016,110.0
2025-11-04T08:00:00Z,76.32225966183617,80.8475
2025-11-04T09:00:00Z,63.86318157936127,60.6475
2025-11-04T10:00:00Z,55.87967869530107,52.87
2025-11-04T11:00:00Z,57.197894687717024,50.1525
2025-11-04T12:00:00Z,65.718871956824,66.9375
2025-11-04T13:00:00Z,80.96830958589221,81.05
2025-11-04T14:00:00Z,106.56857179870667,116.265
2025-11-04T15:00:00Z,124.68970608103403,127.475
2025-11-04T16:00:00Z,129.7731271013441,129.1
2025-11-04T17:00:00Z,127.59440690491449,122.7625
2025-11-04T18:00:00Z,120.05133490126485,106.6975
2025-11-04T19:00:00Z,105.80412293957093,96.7525
2025-11-04T20:00:00Z,91.91060597472281,91.365
2025-11-04T21:00:00Z,81.62625974224123,86.2375
2025-11-04T22:00:00Z,67.37352460330565,76.1225
2025-11-04T23:00:00Z,59.51539063515446,77.33
2025-11-05T00:00:00Z,53.43303924486802,75.8225
2025-11-05T01:00:00Z,52.763620487172524,74.35499999999999
2025-11-05T02:00:00Z,54.6622694803955,74.6825
2025-11-05T03:00:00Z,61.81813244629781,78.885
2025-11-05T04:00:00Z,75.78200545562478,85.0
2025-11-05T05:00:00Z,97.18037385974303,91.3625
2025-11-05T06:00:00Z,114.06496655137829,115.9
2025-11-05T07:00:00Z,100.46247426510847,107.115
2025-11-05T08:00:00Z,72.00148392901451,74.54
2025-11-05T09:00:00Z,54.90752146440614,62.8825
2025-11-05T10:00:00Z,53.38851089895078,62.0075
2025-11-05T11:00:00Z,54.89600278326106,62.07
2025-11-05T12:00:00Z,69.32486782327271,77.3325
2025-11-05T13:00:00Z,88.47903990334794,96.1925
2025-11-05T14:00:00Z,120.72869980737657,115.395
2025-11-05T15:00:00Z,140.34819466181307,141.3825
2025-11-05T16:00:00Z,142.83171458785282,147.4175
2025-11-05T17:00:00Z,143.06569114568268,127.58
2025-11-05T18:00:00Z,133.18856806453255,114.755
2025-11-05T19:00:00Z,121.38858162642413,104.79
2025-11-05T20:00:00Z,110.2232274288921,98.9175
2025-11-05T21:00:00Z,102.81855236091658,88.8475
2025-11-05T22:00:00Z,91.93163321977164,87.7
2025-11-05T23:00:00Z,92.45999431807839,93.3725
2025-11-06T00:00:00Z,85.2591997128719,90.83
2025-11-06T01:00:00Z,87.79919420201419,91.3975
2025-11-06T02:00:00Z,89.11667895142008,90.505
2025-11-06T03:00:00Z,93.65756349715637,91.9
2025-11-06T04:00:00Z,105.47310064531257,92.17
2025-11-06T05:00:00Z,125.86152424571215,118.35
2025-11-06T06:00:00Z,141.82788124884442,130.2325
2025-11-06T07:00:00Z,128.33761110156416,119.68
2025-11-06T08:00:00Z,100.9903362177243,93.2125
2025-11-06T09:00:00Z,82.34966941180257,85.1575
2025-11-06T10:00:00Z,74.94592736381412,83.7
2025-11-06T11:00:00Z,73.11544890236071,83.9925
2025-11-06T12:00:00Z,83.76762723152609,87.17999999999999
2025-11-06T13:00:00Z,101.22759111778052,99.485
2025-11-06T14:00:00Z,129.12559867296733,128.24
2025-11-06T15:00:00Z,152.262899657532,147.495
2025-11-06T16:00:00Z,158.27372097063204,154.255
2025-11-06T17:00:00Z,153.33131217929648,137.4475
2025-11-06T18:00:00Z,145.05992687266098,126.4625
2025-11-06T19:00:00Z,132.45315966348699,114.97
2025-11-06T20:00:00Z,121.51143916579471,100.98
2025-11-06T21:00:00Z,113.39908982778734,97.485
2025-11-06T22:00:00Z,104.9186517592439,90.5525
2025-11-06T23:00:00Z,107.3354621561944,90.1775
2025-11-07T00:00:00Z,99.2640153663792,88.8225
2025-11-07T01:00:00Z,100.51952623553494,89.6
2025-11-07T02:00:00Z,101.36312135220406,89.61250000000001
2025-11-07T03:00:00Z,106.93572889602112,90.41
2025-11-07T04:00:00Z,118.24339131613297,94.21
2025-11-07T05:00:00Z,141.97187550728978,112.265
2025-11-07T06:00:00Z,156.15902125012337,133.8825
2025-11-07T07:00:00Z,146.75889732256323,128.0475
2025-11-07T08:00:00Z,126.77256156341726,108.105
2025-11-07T09:00:00Z,113.46828929718752,93.38
2025-11-07T10:00:00Z,104.41522738025331,89.9875
2025-11-07T11:00:00Z,100.98443921436336,88.80250000000001
2025-11-07T12:00:00Z,102.5083222806684,92.0525
2025-11-07T13:00:00Z,114.58988735875246,103.1
2025-11-07T14:00:00Z,140.90940763095455,129.6225
2025-11-07T15:00:00Z,163.48997587347944,165.1225
2025-11-07T16:00:00Z,171.11314766713184,178.5375
2025-11-07T17:00:00Z,170.06179837153473,145.6825
2025-11-07T18:00:00Z,162.88707397848532,131.4825
2025-11-07T19:00:00Z,149.43498063820692,119.4275
2025-11-07T20:00:00Z,137.47620760482837,106.6525
2025-11-07T21:00:00Z,130.6690216935167,98.275
2025-11-07T22:00:00Z,120.14580868138023,92.0525
2025-11-07T23:00:00Z,113.35309294530344,96.53
2025-11-08T00:00:00Z,109.02837012288981,96.325
2025-11-08T01:00:00Z,108.38771661087839,93.9975
2025-11-08T02:00:00Z,109.58589017295343,93.9725
2025-11-08T03:00:00Z,110.42615224530368,95.0375
2025-11-08T04:00:00Z,115.60701648559102,94.195
2025-11-08T05:00:00Z,124.896124994187,95.2775
2025-11-08T06:00:00Z,133.97592857907296,103.8425
2025-11-08T07:00:00Z,132.4077940129306,105.5
2025-11-08T08:00:00Z,125.32762507500317,103.62
2025-11-08T09:00:00Z,118.21710249385441,102.1775
2025-11-08T10:00:00Z,114.26563063175453,96.9475
2025-11-08T11:00:00Z,111.98591270678025,95.16
2025-11-08T12:00:00Z,111.00307087194186,95.9125
2025-11-08T13:00:00Z,116.15543927659478,101.5425
2025-11-08T14:00:00Z,133.44420892820844,117.6175
2025-11-08T15:00:00Z,153.87111224964144,124.635
2025-11-08T16:00:00Z,163.74630838278483,134.915
2025-11-08T17:00:00Z,161.2757461962126,136.5325
2025-11-08T18:00:00Z,153.61621676950378,131.98000000000002
2025-11-08T19:00:00Z,143.26461468034546,122.9675
2025-11-08T20:00:00Z,134.0229671594183,113.305
2025-11-08T21:00:00Z,127.53587657582796,106.26
2025-11-08T22:00:00Z,118.31872206981814,96.905
2025-11-08T23:00:00Z,112.60096104309308,96.345
2025-11-09T00:00:00Z,103.91286341530375,94.555
2025-11-09T01:00:00Z,102.42494661036015,92.8325
2025-11-09T02:00:00Z,102.31717457512109,91.1325
2025-11-09T03:00:00Z,103.0734323046536,91.6475
2025-11-09T04:00:00Z,105.21457627415964,91.685
2025-11-09T05:00:00Z,110.27407953818492,89.9375
2025-11-09T06:00:00Z,118.37446202644281,88.615
2025-11-09T07:00:00Z,122.10382849305893,97.2725
2025-11-09T08:00:00Z,124.19364058392193,97.6175
2025-11-09T09:00:00Z,123.19539473701352,97.0325
2025-11-09T10:00:00Z,119.59116619900192,97.305
2025-11-09T11:00:00Z,116.39509511450288,97.8375
2025-11-09T12:00:00Z,116.63942345610812,96.4025
2025-11-09T13:00:00Z,115.0313250189437,97.315
2025-11-09T14:00:00Z,127.36350933323126,97.795
2025-11-09T15:00:00Z,139.62654327112602,109.8475
2025-11-09T16:00:00Z,149.83596682886832,125.1
2025-11-09T17:00:00Z,152.4507385449312,126.1
2025-11-09T18:00:00Z,145.78854503544162,117.955
2025-11-09T19:00:00Z,138.00985510786938,106.0
2025-11-09T20:00:00Z,130.83994374094522,93.5375
2025-11-09T21:00:00Z,126.19810130669879,92.315
2025-11-09T22:00:00Z,114.26109771039461,89.93
2025-11-09T23:00:00Z,105.11748826514179,88.98
2025-11-10T00:00:00Z,100.81286426254442,87.63499999999999
2025-11-10T01:00:00Z,100.2827130850217,88.9025
2025-11-10T02:00:00Z,101.93333659175534,87.5225
2025-11-10T03:00:00Z,108.07009919576446,87.1775
2025-11-10T04:00:00Z,123.1078714836153,92.3125
2025-11-10T05:00:00Z,144.30683745699676,113.4525
2025-11-10T06:00:00Z,157.36464793726873,142.995
2025-11-10T07:00:00Z,156.1742412164642,157.875
2025-11-10T08:00:00Z,147.67725450032447,144.2975
2025-11-10T09:00:00Z,140.82583208554766,126.2725
2025-11-10T10:00:00Z,136.9997847284651,115.245
2025-11-10T11:00:00Z,132.1193586358431,105.9225
2025-11-10T12:00:00Z,133.29850583687863,108.41
2025-11-10T13:00:00Z,136.45198413130402,115.565
2025-11-10T14:00:00Z,144.87905971811,126.2525
2025-11-10T15:00:00Z,154.5143069078076,133.35500000000002
2025-11-10T16:00:00Z,161.73293745675733,139.4025
2025-11-10T17:00:00Z,159.86783753645426,120.725
2025-11-10T18:00:00Z,146.71512625961037,103.6625
2025-11-10T19:00:00Z,130.79145893287438,90.11
2025-11-10T20:00:00Z,116.12688336544085,88.9875
2025-11-10T21:00:00Z,104.96856032583555,88.39250000000001
2025-11-10T22:00:00Z,92.29161507607841,83.87
2025-11-10T23:00:00Z,80.64458281181913,83.19
2025-11-11T00:00:00Z,72.07981523145392,79.9825
2025-11-11T01:00:00Z,69.92858517343818,75.80250000000001
2025-11-11T02:00:00Z,69.80277422658497,74.87
2025-11-11T03:00:00Z,74.97363190106745,75.495
2025-11-11T04:00:00Z,86.15770678713758,77.07249999999999
2025-11-11T05:00:00Z,108.12663534986797,86.7875
2025-11-11T06:00:00Z,131.7794978781134,105.21
2025-11-11T07:00:00Z,134.05287670240494,113.7975
2025-11-11T08:00:00Z,120.66003553512815,103.115
2025-11-11T09:00:00Z,104.94034605238049,91.4725
2025-11-11T10:00:00Z,101.71826079860374,87.9225
2025-11-11T11:00:00Z,100.02835479431279,86.66
2025-11-11T12:00:00Z,106.60056539657386,89.93
2025-11-11T13:00:00Z,119.14794881852575,101.235
2025-11-11T14:00:00Z,137.5434103791971,124.275
2025-11-11T15:00:00Z,153.03539011119906,143.0725
2025-11-11T16:00:00Z,157.72267476549303,143.2575
2025-11-11T17:00:00Z,147.05296680068582,114.9975
2025-11-11T18:00:00Z,132.7437342070541,105.0325
2025-11-11T19:00:00Z,117.19617818611262,98.175
2025-11-11T20:00:00Z,107.77060615225332,96.3825
2025-11-11T21:00:00Z,96.53743856709406,92.06
2025-11-11T22:00:00Z,85.51945547490374,75.5
2025-11-11T23:00:00Z,76.13984584762716,74.9775
2025-11-12T00:00:00Z,67.90484503544039,68.315
2025-11-12T01:00:00Z,64.01878342933612,64.41
2025-11-12T02:00:00Z,64.94118250395037,62.4
2025-11-12T03:00:00Z,66.8204558068704,62.3
2025-11-12T04:00:00Z,74.72479113447264,69.30000000000001
2025-11-12T05:00:00Z,87.7766981979822,76.9975
2025-11-12T06:00:00Z,104.77388043640892,107.26
2025-11-12T07:00:00Z,96.53502166509611,100.7225
2025-11-12T08:00:00Z,75.5579520918908,78.1125
2025-11-12T09:00:00Z,56.68530057187719,71.5275
2025-11-12T10:00:00Z,49.42921862661841,60.005
2025-11-12T11:00:00Z,51.340591714890934,59.135
2025-11-12T12:00:00Z,60.21227693551678,73.7675
2025-11-12T13:00:00Z,72.51301983698222,80.425
2025-11-12T14:00:00Z,95.48622392796787,104.97
2025-11-12T15:00:00Z,112.4015154174065,113.625
2025-11-12T16:00:00Z,115.17566080116356,115.395
2025-11-12T17:00:00Z,106.1864815630826,104.8675
2025-11-12T18:00:00Z,100.07023367036842,88.9275
2025-11-12T19:00:00Z,86.14753103701983,80.945
2025-11-12T20:00:00Z,75.86831978913472,76.905
2025-11-12T21:00:00Z,68.48940595403454,75.545
2025-11-12T22:00:00Z,52.73134948892009,56.935
2025-11-12T23:00:00Z,50.18870482326559,32.917500000000004
2025-11-13T00:00:00Z,41.74829705423259,18.9725
2025-11-13T01:00:00Z,42.36710149836472,11.1875
2025-11-13T02:00:00Z,43.80203852717745,7.78
2025-11-13T03:00:00Z,48.93202405256335,6.0
2025-11-13T04:00:00Z,59.09041570754348,25.9725
2025-11-13T05:00:00Z,77.40695525044272,50.885000000000005
2025-11-13T06:00:00Z,94.54258189107736,76.845
2025-11-13T07:00:00Z,83.1556934441751,66.0825
2025-11-13T08:00:00Z,56.70327638116378,53.61
2025-11-13T09:00:00Z,41.86195873218563,50.3225
2025-11-13T10:00:00Z,33.08370381597504,42.96
2025-11-13T11:00:00Z,34.84786569168388,48.09
2025-11-13T12:00:00Z,45.92085246291224,60.5725
2025-11-13T13:00:00Z,57.637902785910946,77.33500000000001
2025-11-13T14:00:00Z,84.5932793466611,101.665
2025-11-13T15:00:00Z,107.58136097781725,111.5125
2025-11-13T16:00:00Z,120.66848790890356,130.1
2025-11-13T17:00:00Z,128.83500189975751,131.8025
2025-11-13T18:00:00Z,128.88473727260114,129.8875
2025-11-13T19:00:00Z,119.44652904790865,111.845
2025-11-13T20:00:00Z,113.35911006854622,116.6075
2025-11-13T21:00:00Z,107.17328430262769,110.585
2025-11-13T22:00:00Z,98.60566000340248,102.7725
2025-11-13T23:00:00Z,88.68257269527695,98.4425
2025-11-14T00:00:00Z,82.41260438030503,95.8025
2025-11-14T01:00:00Z,80.01495260690652,94.9325
2025-11-14T02:00:00Z,82.85226852000127,91.53
2025-11-14T03:00:00Z,85.65883933576582,92.13
2025-11-14T04:00:00Z,97.37382598767749,91.6025
2025-11-14T05:00:00Z,118.92625982759624,112.7775
2025-11-14T06:00:00Z,136.6516331412255,138.3475
2025-11-14T07:00:00Z,129.1925301951668,136.385
2025-11-14T08:00:00Z,115.75780051235213,120.9025
2025-11-14T09:00:00Z,102.5448588555193,112.0275
2025-11-14T10:00:00Z,95.82269163229974,106.035
2025-11-14T11:00:00Z,93.38447331574211,101.225
2025-11-14T12:00:00Z,96.48775000709612,105.4225
2025-11-14T13:00:00Z,106.12528452380722,107.0625
2025-11-14T14:00:00Z,125.10731926604791,115.3925
2025-11-14T15:00:00Z,136.85181023812163,115.965
2025-11-14T16:00:00Z,146.88144871912377,131.57
2025-11-14T17:00:00Z,139.33986203778863,119.81
2025-11-14T18:00:00Z,130.1933349127865,106.49
2025-11-14T19:00:00Z,110.741544782716,98.915
2025-11-14T20:00:00Z,98.27318642293774,93.1625
2025-11-14T21:00:00Z,90.45904047895222,97.015
2025-11-14T22:00:00Z,74.57755578294588,78.65
2025-11-14T23:00:00Z,63.36836436914544,77.3775
2025-11-15T00:00:00Z,60.06910540174093,77.95
2025-11-15T01:00:00Z,57.00086443504523,74.7175
2025-11-15T02:00:00Z,54.00223117084791,73.03
2025-11-15T03:00:00Z,54.44092034936807,72.2
2025-11-15T04:00:00Z,56.65901339470551,70.615
2025-11-15T05:00:00Z,66.34131977884012,68.1575
2025-11-15T06:00:00Z,79.60458589708809,77.055
2025-11-15T07:00:00Z,85.54169968054461,80.065
2025-11-15T08:00:00Z,82.64218176958386,85.235
2025-11-15T09:00:00Z,77.0927574560501,85.6125
2025-11-15T10:00:00Z,75.70004326732165,85.4225
2025-11-15T11:00:00Z,76.60829308917607,84.1925
2025-11-15T12:00:00Z,79.33103133754088,90.6675
2025-11-15T13:00:00Z,86.3805065658665,94.6525
2025-11-15T14:00:00Z,97.43611880996578,101.1925
2025-11-15T15:00:00Z,109.5188186905942,109.7925
2025-11-15T16:00:00Z,117.31665921907491,121.8
2025-11-15T17:00:00Z,120.2192779615882,121.5225
2025-11-15T18:00:00Z,115.15964135668659,114.065
2025-11-15T19:00:00Z,106.76873507140049,109.125
2025-11-15T20:00:00Z,100.42785913749897,102.885
2025-11-15T21:00:00Z,100.32454629940594,101.7175
2025-11-15T22:00:00Z,93.45653884335049,97.8675
2025-11-15T23:00:00Z,89.51961231058677,93.7475
2025-11-16T00:00:00Z,86.01185256454924,95.0
2025-11-16T01:00:00Z,87.03016892652195,93.35
2025-11-16T02:00:00Z,86.32474184880732,91.45
2025-11-16T03:00:00Z,87.55710353619698,88.215
2025-11-16T04:00:00Z,88.50839073048692,91.13
2025-11-16T05:00:00Z,92.51370551574287,85.6725
2025-11-16T06:00:00Z,102.253874271814,92.4875
2025-11-16T07:00:00Z,105.14128717714452,98.49
2025-11-16T08:00:00Z,106.71585398134863,101.185
2025-11-16T09:00:00Z,106.53949999850879,99.2775
2025-11-16T10:00:00Z,106.5659870407651,102.5675
2025-11-16T11:00:00Z,105.96987241764909,102.4675
2025-11-16T12:00:00Z,108.28012819013972,103.9975
2025-11-16T13:00:00Z,114.69317193828317,109.265
2025-11-16T14:00:00Z,124.88017509720918,116.72
2025-11-16T15:00:00Z,136.76486662556863,124.495
2025-11-16T16:00:00Z,146.15264431216528,129.3725
2025-11-16T17:00:00Z,147.00154929295792,125.21
2025-11-16T18:00:00Z,137.02158861996713,115.33
2025-11-16T19:00:00Z,123.89150493089969,102.7175
2025-11-16T20:00:00Z,112.24269322705851,91.41
2025-11-16T21:00:00Z,103.33034276529403,94.385
2025-11-16T22:00:00Z,90.36555761423311,86.5275
2025-11-16T23:00:00Z,82.06318802011592,88.29
2025-11-17T00:00:00Z,71.85744669643748,80.5575
2025-11-17T01:00:00Z,68.9471999799778,74.0875
2025-11-17T02:00:00Z,66.87221106768142,71.32249999999999
2025-11-17T03:00:00Z,68.9552917105385,74.095
2025-11-17T04:00:00Z,82.6705934494013,83.6
2025-11-17T05:00:00Z,103.89303961284631,89.59
2025-11-17T06:00:00Z,123.9705551821734,114.8675
2025-11-17T07:00:00Z,125.39588987060395,126.9925
2025-11-17T08:00:00Z,116.06798783862284,121.6875
2025-11-17T09:00:00Z,105.22334944677417,105.215
2025-11-17T10:00:00Z,95.20076538243367,84.3925
2025-11-17T11:00:00Z,83.88060858934224,77.805
2025-11-17T12:00:00Z,82.28260933001344,77.785
2025-11-17T13:00:00Z,90.32739282258343,87.035
2025-11-17T14:00:00Z,112.47151058774865,97.52
2025-11-17T15:00:00Z,123.92834807435693,107.32
2025-11-17T16:00:00Z,130.22762032263302,117.355
2025-11-17T17:00:00Z,131.5795517491493,116.4925
2025-11-17T18:00:00Z,122.76037018794061,110.7025
2025-11-17T19:00:00Z,111.46860394189495,102.89
2025-11-17T20:00:00Z,99.97083172541562,92.6975
2025-11-17T21:00:00Z,92.43910892937771,89.7075
2025-11-17T22:00:00Z,81.16760721931553,81.14
2025-11-17T23:00:00Z,78.5779859539067,84.88499999999999
2025-11-18T00:00:00Z,69.31018722206878,82.83
2025-11-18T01:00:00Z,67.93264624361872,79.0375
2025-11-18T02:00:00Z,71.83844393365067,77.7175
2025-11-18T03:00:00Z,79.46321647421996,80.5125
2025-11-18T04:00:00Z,94.52182934095251,83.4725
2025-11-18T05:00:00Z,116.11281394593136,91.0475
2025-11-18T06:00:00Z,138.8987263745244,104.735
2025-11-18T07:00:00Z,142.3775237933016,119.84
2025-11-18T08:00:00Z,130.5319965608434,107.45
2025-11-18T09:00:00Z,120.70874485192601,92.1275
2025-11-18T10:00:00Z,109.80909594317572,88.7975
2025-11-18T11:00:00Z,107.13016036356966,89.2
2025-11-18T12:00:00Z,108.96665521100422,90.6
2025-11-18T13:00:00Z,112.7703643749515,96.575
2025-11-18T14:00:00Z,132.55576841510089,120.595
2025-11-18T15:00:00Z,150.98682950209172,141.9125
2025-11-18T16:00:00Z,160.7695639427062,151.66
2025-11-18T17:00:00Z,154.6627195923258,143.8025
2025-11-18T18:00:00Z,153.401614712976,131.15
2025-11-18T19:00:00Z,140.22629832726682,107.13
2025-11-18T20:00:00Z,127.32553593672324,94.6425
2025-11-18T21:00:00Z,118.22834161457769,97.4825
2025-11-18T22:00:00Z,106.82139395814171,89.9625
2025-11-18T23:00:00Z,97.02326677868767,87.3775
2025-11-19T00:00:00Z,89.77641838752385,86.225
2025-11-19T01:00:00Z,89.82587908759321,84.1675
2025-11-19T02:00:00Z,89.7644289452897,83.185
2025-11-19T03:00:00Z,93.72660331985631,84.3925
2025-11-19T04:00:00Z,100.83375752095952,87.0025
2025-11-19T05:00:00Z,109.45409893828717,99.03
2025-11-19T06:00:00Z,122.11455544880732,127.03
2025-11-19T07:00:00Z,122.40426097935487,136.67000000000002
2025-11-19T08:00:00Z,108.2112189577814,115.1625
2025-11-19T09:00:00Z,97.36754675852801,97.5225
2025-11-19T10:00:00Z,90.52225167301243,91.62
2025-11-19T11:00:00Z,90.04811607795793,89.59
2025-11-19T12:00:00Z,95.80184614526556,93.5975
2025-11-19T13:00:00Z,101.25210703683527,104.62
2025-11-19T14:00:00Z,115.96535983686279,113.05
2025-11-19T15:00:00Z,129.31159443451767,117.8075
2025-11-19T16:00:00Z,134.95156393572705,127.5675
2025-11-19T17:00:00Z,134.23814494107324,119.19
2025-11-19T18:00:00Z,127.17866896429214,119.05
2025-11-19T19:00:00Z,115.83988660217706,105.6875
2025-11-19T20:00:00Z,103.90903596504216,100.225
2025-11-19T21:00:00Z,100.47376949599553,99.17
2025-11-19T22:00:00Z,90.4651608304988,91.885
2025-11-19T23:00:00Z,77.91202980566774,90.6275
2025-11-20T00:00:00Z,71.22181930004393,88.0925
2025-11-20T01:00:00Z,70.45972816856755,87.0325
2025-11-20T02:00:00Z,72.81716786558671,86.795
2025-11-20T03:00:00Z,79.995305824968,87.125
2025-11-20T04:00:00Z,95.6422546035947,90.5025
2025-11-20T05:00:00Z,120.33085359305248,103.6825
2025-11-20T06:00:00Z,145.54382410442196,144.4075
2025-11-20T07:00:00Z,150.14212377692493,155.715
2025-11-20T08:00:00Z,137.13886282154508,153.655
2025-11-20T09:00:00Z,127.21471820868183,141.27
2025-11-20T10:00:00Z,123.73332484970548,129.3025
2025-11-20T11:00:00Z,122.73041576585527,125.055
2025-11-20T12:00:00Z,123.19446859072802,126.1
2025-11-20T13:00:00Z,129.57702874397393,134.2025
2025-11-20T14:00:00Z,145.33790188258746,149.685
2025-11-20T15:00:00Z,160.99492022620342,175.82999999999998
2025-11-20T16:00:00Z,164.5694830834791,175.4725
2025-11-20T17:00:00Z,165.96139760882093,163.25
2025-11-20T18:00:00Z,162.43504546648052,156.01749999999998
2025-11-20T19:00:00Z,148.13343425431913,137.1025
2025-11-20T20:00:00Z,138.18037944683743,120.7525
2025-11-20T21:00:00Z,130.33206567385568,108.235
2025-11-20T22:00:00Z,119.82432133705565,93.7625
2025-11-20T23:00:00Z,118.96443087254195,101.5525
2025-11-21T00:00:00Z,112.67235522550708,94.14
2025-11-21T01:00:00Z,112.77437286487972,90.2825
2025-11-21T02:00:00Z,114.21363706390517,90.185
2025-11-21T03:00:00Z,118.90560108406228,93.625
2025-11-21T04:00:00Z,128.20966239525788,101.865
2025-11-21T05:00:00Z,145.25668376794027,133.525
2025-11-21T06:00:00Z,168.3985901416847,180.42
2025-11-21T07:00:00Z,168.1263714270887,205.3825
2025-11-21T08:00:00Z,151.73804368967933,181.83
2025-11-21T09:00:00Z,137.0746697778867,151.015
2025-11-21T10:00:00Z,126.31149979054146,137.72
2025-11-21T11:00:00Z,124.38137507111614,130.3425
2025-11-21T12:00:00Z,127.2902046237615,135.57500000000002
2025-11-21T13:00:00Z,137.29874254452767,153.7525
2025-11-21T14:00:00Z,155.3904791553202,196.8375
2025-11-21T15:00:00Z,173.98193042646596,251.87
2025-11-21T16:00:00Z,174.79402393574577,250.0075
2025-11-21T17:00:00Z,173.48405676968332,205.0875
2025-11-21T18:00:00Z,167.2392516839474,171.3675
2025-11-21T19:00:00Z,155.15289061395106,141.95
2025-11-21T20:00:00Z,143.096229150193,117.3075
2025-11-21T21:00:00Z,133.64570438868344,104.9
2025-11-21T22:00:00Z,118.2229541165309,95.0325
2025-11-21T23:00:00Z,113.0553217111337,102.2475
2025-11-22T00:00:00Z,104.45702638170823,94.6
2025-11-22T01:00:00Z,98.81611320030937,88.44
2025-11-22T02:00:00Z,95.62183845947597,85.2775
2025-11-22T03:00:00Z,93.96089912326175,86.0975
2025-11-22T04:00:00Z,96.57029427485269,85.2775
2025-11-22T05:00:00Z,104.60963985519545,90.5225
2025-11-22T06:00:00Z,118.55523383160428,106.7475
2025-11-22T07:00:00Z,118.28977099483895,104.21
2025-11-22T08:00:00Z,97.88389128075538,89.1175
2025-11-22T09:00:00Z,77.67718875059167,82.00999999999999
2025-11-22T10:00:00Z,69.11849951133843,78.58
2025-11-22T11:00:00Z,64.82382903966274,76.2825
2025-11-22T12:00:00Z,68.88172139003338,75.3675
2025-11-22T13:00:00Z,81.42799562589927,81.645
2025-11-22T14:00:00Z,109.95605495974216,88.965
2025-11-22T15:00:00Z,132.78576708201462,105.0
2025-11-22T16:00:00Z,131.49662438223862,114.455
2025-11-22T17:00:00Z,121.02043579787787,109.2525
2025-11-22T18:00:00Z,106.1525129244173,98.33
2025-11-22T19:00:00Z,89.29344877001049,86.61
2025-11-22T20:00:00Z,75.79809903703635,89.2475
2025-11-22T21:00:00Z,70.62985434896295,89.4275
2025-11-22T22:00:00Z,62.051575839922364,82.23
2025-11-22T23:00:00Z,63.56057082402858,81.5275
2025-11-23T00:00:00Z,54.93731338751819,74.35249999999999
2025-11-23T01:00:00Z,54.48241138776531,70.44
2025-11-23T02:00:00Z,55.46118078042939,63.23
2025-11-23T03:00:00Z,55.01791371680376,60.885
2025-11-23T04:00:00Z,56.257434408655406,64.21
2025-11-23T05:00:00Z,62.14400843091543,62.03
2025-11-23T06:00:00Z,71.63490029960815,67.9825
2025-11-23T07:00:00Z,64.2335862491305,67.8325
2025-11-23T08:00:00Z,48.163878273285746,65.96
2025-11-23T09:00:00Z,40.5412228597597,65.985
2025-11-23T10:00:00Z,39.26899063717247,66.69
2025-11-23T11:00:00Z,42.997959936409806,67.8625
2025-11-23T12:00:00Z,49.18480101402673,65.45750000000001
2025-11-23T13:00:00Z,57.88469304536348,69.42750000000001
2025-11-23T14:00:00Z,72.58275855422487,77.28999999999999
2025-11-23T15:00:00Z,87.61075141419468,77.8875
2025-11-23T16:00:00Z,93.04464874352789,80.84
2025-11-23T17:00:00Z,92.45887736238781,82.54249999999999
2025-11-23T18:00:00Z,88.49524048343558,83.7975
2025-11-23T19:00:00Z,79.4162394032155,77.4125
2025-11-23T20:00:00Z,76.27473981893567,74.16
2025-11-23T21:00:00Z,73.37099382497789,75.1675
2025-11-23T22:00:00Z,67.12036111020294,71.2625
2025-11-23T23:00:00Z,63.296887342707805,72.4575
2025-11-24T00:00:00Z,60.6980617299623,70.0625
2025-11-24T01:00:00Z,63.057153625269436,72.255
2025-11-24T02:00:00Z,65.22776359848105,73.275
2025-11-24T03:00:00Z,70.02817677329921,73.755
2025-11-24T04:00:00Z,85.15630228213274,80.065
2025-11-24T05:00:00Z,108.21715457376061,90.3075
2025-11-24T06:00:00Z,129.818235255503,104.3925
2025-11-24T07:00:00Z,138.8843304912203,107.785
2025-11-24T08:00:00Z,137.8022554704484,110.26
2025-11-24T09:00:00Z,134.71058449991165,117.4475
2025-11-24T10:00:00Z,136.04832865772468,128.0375
2025-11-24T11:00:00Z,137.3059117410447,134.235
2025-11-24T12:00:00Z,138.5875091485871,149.9925
2025-11-24T13:00:00Z,146.6201974565509,173.5375
2025-11-24T14:00:00Z,153.31535516114536,195.8125
2025-11-24T15:00:00Z,157.32306414990364,225.775
2025-11-24T16:00:00Z,165.92015680043906,263.4825
2025-11-24T17:00:00Z,171.688077060592,230.5875
2025-11-24T18:00:00Z,168.77932319482218,188.305
2025-11-24T19:00:00Z,159.60694997994966,151.185
2025-11-24T20:00:00Z,149.9938729572549,135.235
2025-11-24T21:00:00Z,141.3467110574201,123.035
2025-11-24T22:00:00Z,128.85874486125962,105.405
2025-11-24T23:00:00Z,123.75239542332864,100.9
2025-11-25T00:00:00Z,114.45890990625756,99.1525
2025-11-25T01:00:00Z,115.41638466343629,97.5875
2025-11-25T02:00:00Z,117.56281177974384,96.0975
2025-11-25T03:00:00Z,123.38906021829102,99.51
2025-11-25T04:00:00Z,135.02103663796316,106.73
2025-11-25T05:00:00Z,153.58883125050357,122.4075
2025-11-25T06:00:00Z,170.07096055561382,291.02
2025-11-25T07:00:00Z,175.8799479959314,333.275
2025-11-25T08:00:00Z,173.75836641007683,292.65
2025-11-25T09:00:00Z,170.73356104264195,273.085
2025-11-25T10:00:00Z,170.8750109437543,326.6275
2025-11-25T11:00:00Z,174.8290871980463,351.0
2025-11-25T12:00:00Z,177.38180960241596,317.65250000000003
2025-11-25T13:00:00Z,181.71178054332285,300.0
2025-11-25T14:00:00Z,191.2888218876617,309.995
2025-11-25T15:00:00Z,202.76229634142317,325.0825
2025-11-25T16:00:00Z,216.51561247956974,373.3125
2025-11-25T17:00:00Z,210.95199774961864,297.905
2025-11-25T18:00:00Z,199.71841187083737,249.3725
2025-11-25T19:00:00Z,178.92875619752328,172.835
2025-11-25T20:00:00Z,166.51834642647555,135.02
2025-11-25T21:00:00Z,160.74282560326458,119.155
2025-11-25T22:00:00Z,151.8358297687239,102.035
2025-11-25T23:00:00Z,145.69525314909194,92.855
2025-11-26T00:00:00Z,136.65228366695393,89.94999999999999
2025-11-26T01:00:00Z,134.57194719084907,88.325
2025-11-26T02:00:00Z,137.4677305479949,89.435
2025-11-26T03:00:00Z,146.13006719307788,89.80250000000001
2025-11-26T04:00:00Z,157.69611696111818,97.25
2025-11-26T05:00:00Z,179.0932038317957,129.8225
2025-11-26T06:00:00Z,230.68865396558556,191.17
2025-11-26T07:00:00Z,246.91787773880043,237.2225
2025-11-26T08:00:00Z,230.60165893393835,211.8475
2025-11-26T09:00:00Z,218.4986186200484,197.1375
2025-11-26T10:00:00Z,225.62296137906054,170.4975
2025-11-26T11:00:00Z,229.02295323343907,164.6825
2025-11-26T12:00:00Z,220.40542403083313,168.2375
2025-11-26T13:00:00Z,215.51406760490937,184.49
2025-11-26T14:00:00Z,222.9463225371194,223.7225
2025-11-26T15:00:00Z,227.77273148479478,294.3775
2025-11-26T16:00:00Z,238.57312467399996,294.61
2025-11-26T17:00:00Z,222.5874116673206,228.93
2025-11-26T18:00:00Z,205.06058814158786,183.675
2025-11-26T19:00:00Z,178.66649383038902,141.26
2025-11-26T20:00:00Z,160.31063542286518,114.9475
2025-11-26T21:00:00Z,148.553492538628,101.9925
2025-11-26T22:00:00Z,131.2963576158557,90.1875
2025-11-26T23:00:00Z,110.60751291721638,89.945
2025-11-27T00:00:00Z,95.03020335886401,84.275
2025-11-27T01:00:00Z,92.1482198694692,79.9475
2025-11-27T02:00:00Z,89.6075215555221,77.3425
2025-11-27T03:00:00Z,89.90213320796286,79.94749999999999
2025-11-27T04:00:00Z,97.90153551947324,82.0775
2025-11-27T05:00:00Z,117.58944436191439,112.22
2025-11-27T06:00:00Z,141.12562025904938,122.0
2025-11-27T07:00:00Z,148.8601669074855,123.105
2025-11-27T08:00:00Z,132.09374669409644,106.9525
2025-11-27T09:00:00Z,118.72734665833289,90.9475
2025-11-27T10:00:00Z,109.04594090965412,88.66499999999999
2025-11-27T11:00:00Z,106.16179899835586,87.0625
2025-11-27T12:00:00Z,107.7532793557494,85.75999999999999
2025-11-27T13:00:00Z,113.89683695769008,89.2475
2025-11-27T14:00:00Z,130.7942882571497,90.6
2025-11-27T15:00:00Z,149.47245188538582,90.43
2025-11-27T16:00:00Z,150.35753182531226,97.5075
2025-11-27T17:00:00Z,134.3280415288865,101.3925
2025-11-27T18:00:00Z,114.36512756950151,88.27
2025-11-27T19:00:00Z,92.43323102740285,85.39750000000001
2025-11-27T20:00:00Z,77.94560130793047,80.625
2025-11-27T21:00:00Z,69.14001218968271,85.105
2025-11-27T22:00:00Z,59.01973933723707,69.45750000000001
2025-11-27T23:00:00Z,57.326039678466536,60.84
2025-11-28T00:00:00Z,53.28594442485652,55.0
2025-11-28T01:00:00Z,54.48644381245305,52.93
2025-11-28T02:00:00Z,60.09324678309838,47.8825
2025-11-28T03:00:00Z,68.00760946536161,58.375
2025-11-28T04:00:00Z,82.00333477017125,61.04
2025-11-28T05:00:00Z,105.31798162115896,82.8625
2025-11-28T06:00:00Z,128.8222578096185,87.82
2025-11-28T07:00:00Z,136.3583568298966,100.475
2025-11-28T08:00:00Z,129.97623222446362,103.4
2025-11-28T09:00:00Z,120.44557250791334,97.845
2025-11-28T10:00:00Z,116.59738068428827,102.82
2025-11-28T11:00:00Z,112.76129668678077,98.7125
2025-11-28T12:00:00Z,111.06345956159807,99.45
2025-11-28T13:00:00Z,107.28347459923137,98.79
2025-11-28T14:00:00Z,113.61445897622511,104.67
2025-11-28T15:00:00Z,119.66750401130886,103.4
2025-11-28T16:00:00Z,120.69996878066621,96.1575
2025-11-28T17:00:00Z,119.51999314283638,98.125
2025-11-28T18:00:00Z,108.4144886059266,93.32
2025-11-28T19:00:00Z,91.0908143314395,88.45750000000001
2025-11-28T20:00:00Z,79.82891478827818,85.41
2025-11-28T21:00:00Z,74.73398200778445,85.545
2025-11-28T22:00:00Z,61.39617729544188,77.83
2025-11-28T23:00:00Z,61.546964056601944,81.72999999999999
2025-11-29T00:00:00Z,57.91877309400187,80.89750000000001
2025-11-29T01:00:00Z,60.37131539820402,81.33500000000001
2025-11-29T02:00:00Z,63.47966039828624,82.5575
2025-11-29T03:00:00Z,69.49097873868864,85.6975
2025-11-29T04:00:00Z,76.66987071808971,89.9975
2025-11-29T05:00:00Z,91.13431005979456,90.8875
2025-11-29T06:00:00Z,102.04960135637413,96.175
2025-11-29T07:00:00Z,109.23131686440274,89.15
2025-11-29T08:00:00Z,111.51724019975161,101.5825
2025-11-29T09:00:00Z,106.5113168123025,101.44
2025-11-29T10:00:00Z,102.34724895468409,95.2625
2025-11-29T11:00:00Z,100.93969028461358,86.0975
2025-11-29T12:00:00Z,100.44335561949228,87.9575
2025-11-29T13:00:00Z,98.46507307780487,91.7275
2025-11-29T14:00:00Z,107.58788557601036,102.7225
2025-11-29T15:00:00Z,113.66750120192931,102.645
2025-11-29T16:00:00Z,115.87090076676577,107.085
2025-11-29T17:00:00Z,116.66575860677546,98.13
2025-11-29T18:00:00Z,109.6302767132648,88.43
2025-11-29T19:00:00Z,99.354376631844,81.1125
2025-11-29T20:00:00Z,88.74191147864293,80.8
2025-11-29T21:00:00Z,86.59011597108415,83.49000000000001
2025-11-29T22:00:00Z,75.78788477155611,77.72749999999999
2025-11-29T23:00:00Z,66.79299573987521,75.9725
2025-11-30T00:00:00Z,56.5614933489887,69.7825
2025-11-30T01:00:00Z,54.885783709838854,67.4375
2025-11-30T02:00:00Z,56.66408095661977,65.355
2025-11-30T03:00:00Z,54.87311282107172,67.0
2025-11-30T04:00:00Z,60.19087557863505,74.2925
2025-11-30T05:00:00Z,62.244409585379316,75.5775
2025-11-30T06:00:00Z,72.63856373611983,75.975
2025-11-30T07:00:00Z,72.79083579461873,79.84
2025-11-30T08:00:00Z,74.45259289893677,80.65
2025-11-30T09:00:00Z,72.17008873512277,84.4225
2025-11-30T10:00:00Z,75.66674465447728,81.5425
2025-11-30T11:00:00Z,73.94724345313804,80.695
2025-11-30T12:00:00Z,76.08924775351464,82.5175
2025-11-30T13:00:00Z,82.78986328251,87.5475
2025-11-30T14:00:00Z,94.50524191109172,93.5775
2025-11-30T15:00:00Z,102.60626204899808,92.81
2025-11-30T16:00:00Z,106.00880093088553,104.0475
2025-11-30T17:00:00Z,108.73493368374001,106.2125
2025-11-30T18:00:00Z,103.20492057389544,104.1275
2025-11-30T19:00:00Z,95.02482422903009,97.525
2025-11-30T20:00:00Z,91.98361999656436,92.93
2025-11-30T21:00:00Z,91.02287863718307,92.5975
2025-11-30T22:00:00Z,82.54152038918794,87.1275
2025-11-30T23:00:00Z,79.9896551971003,87.995
2025-12-01T00:00:00Z,79.86748506463317,86.02250000000001
2025-12-01T01:00:00Z,76.7049203642721,81.34
2025-12-01T02:00:00Z,77.46916991319519,85.14
2025-12-01T03:00:00Z,84.30951320746703,80.2575
2025-12-01T04:00:00Z,103.9183327820308,88.745
2025-12-01T05:00:00Z,127.70322096515042,88.625
2025-12-01T06:00:00Z,139.70942151976882,127.86
2025-12-01T07:00:00Z,141.3121867874691,139.3325
2025-12-01T08:00:00Z,123.5284782750342,105.095
2025-12-01T09:00:00Z,111.25000960830593,93.7325
2025-12-01T10:00:00Z,106.77191244368964,85.96
2025-12-01T11:00:00Z,106.91697398757753,85.01750000000001
2025-12-01T12:00:00Z,110.79280848938798,90.07
2025-12-01T13:00:00Z,111.30054046717919,107.2175
2025-12-01T14:00:00Z,116.72571544471751,120.3225
2025-12-01T15:00:00Z,119.94895197894664,112.965
2025-12-01T16:00:00Z,122.15707152697959,94.4125
2025-12-01T17:00:00Z,121.00922450106441,88.9925
2025-12-01T18:00:00Z,112.18571789357055,86.7675
2025-12-01T19:00:00Z,95.95728346325959,82.3
2025-12-01T20:00:00Z,84.2793996735413,75.95
2025-12-01T21:00:00Z,76.67145442404568,76.43
2025-12-01T22:00:00Z,64.98921704798884,71.80250000000001
2025-12-08T23:00:00Z,59.2957078068101,73.69749999999999
2025-12-09T00:00:00Z,49.040849875276244,72.785
2025-12-09T01:00:00Z,55.96467636325433,73.7125
2025-12-09T02:00:00Z,61.62186561759709,74.845
2025-12-09T03:00:00Z,72.88681190081853,73.72
2025-12-09T04:00:00Z,85.80035141197868,80.205
2025-12-09T05:00:00Z,113.1867227388626,98.8475
2025-12-09T06:00:00Z,133.09539326804534,105.79
2025-12-09T07:00:00Z,136.80365122646123,129.75
2025-12-09T08:00:00Z,124.23964008814605,111.335
2025-12-09T09:00:00Z,107.89884295446629,103.06
2025-12-09T10:00:00Z,97.48249121859999,103.34
2025-12-09T11:00:00Z,96.82675736859396,97.83
2025-12-09T12:00:00Z,101.3256599174259,101.1
2025-12-09T13:00:00Z,106.78758860769629,100.22
2025-12-09T14:00:00Z,115.73748116920785,110.885
2025-12-09T15:00:00Z,118.47290959262521,108.3
2025-12-09T16:00:00Z,117.4576498589727,104.5675
2025-12-09T17:00:00Z,111.42687843368346,96.91
2025-12-09T18:00:00Z,99.84624047046407,85.1025
2025-12-09T19:00:00Z,84.67422871762275,83.67
2025-12-09T20:00:00Z,67.48776234775448,79.35499999999999
2025-12-09T21:00:00Z,59.364308546094236,73.3325
2025-12-09T22:00:00Z,46.16633940578236,55.42
2025-12-09T23:00:00Z,48.356961149580336,43.9
2025-12-10T00:00:00Z,39.83518894832745,36.48
2025-12-10T01:00:00Z,40.213366541200294,31.0
2025-12-10T02:00:00Z,44.35149963131113,35.1125
2025-12-10T03:00:00Z,52.0583610965328,48.09
2025-12-10T04:00:00Z,66.55165251054535,69.65
2025-12-10T05:00:00Z,90.2665654713488,79.12
2025-12-10T06:00:00Z,112.55651494456927,87.505
2025-12-10T07:00:00Z,125.9584853749765,94.3325
2025-12-10T08:00:00Z,114.78901024343679,94.225
2025-12-10T09:00:00Z,103.60075494793668,87.72749999999999
2025-12-10T10:00:00Z,103.63065587514595,80.9975
2025-12-10T11:00:00Z,101.60384854737106,79.5
2025-12-10T12:00:00Z,105.92010471356426,81.4425
2025-12-10T13:00:00Z,111.66452264617237,90.2225
2025-12-10T14:00:00Z,121.56754469550172,100.665
2025-12-10T15:00:00Z,128.5431886394368,104.0025
2025-12-10T16:00:00Z,128.14053754507125,105.6725
2025-12-10T17:00:00Z,123.85465214435507,104.695
2025-12-10T18:00:00Z,116.0711738553496,96.7725
2025-12-10T19:00:00Z,104.1657532392587,87.75
2025-12-10T20:00:00Z,94.5795506081145,86.31
2025-12-10T21:00:00Z,85.9072114654561,82.485
2025-12-10T22:00:00Z,71.69611885157974,76.425
2025-12-10T23:00:00Z,57.84711943635652,73.975
2025-12-11T00:00:00Z,51.09507469046563,73.41749999999999
2025-12-11T01:00:00Z,49.69241539934247,72.515
2025-12-11T02:00:00Z,51.66686566529214,75.2075
2025-12-11T03:00:00Z,59.80718822090689,76.9125
2025-12-11T04:00:00Z,78.65203207085598,80.5925
2025-12-11T05:00:00Z,101.76476020143542,90.09
2025-12-11T06:00:00Z,119.95185399607124,98.11
2025-12-11T07:00:00Z,128.93381212996616,110.3575
2025-12-11T08:00:00Z,121.76805854324769,106.1675
2025-12-11T09:00:00Z,110.26312742751475,93.18
2025-12-11T10:00:00Z,104.12518307580268,91.9175
2025-12-11T11:00:00Z,101.4975260719284,89.4
2025-12-11T12:00:00Z,104.43650022152582,90.22
2025-12-11T13:00:00Z,110.18530562425664,97.7875
2025-12-11T14:00:00Z,123.63061478780378,111.265
2025-12-11T15:00:00Z,134.0784729715755,114.7
2025-12-11T16:00:00Z,137.05550292125994,115.405
2025-12-11T17:00:00Z,139.58062209807548,112.5675
2025-12-11T18:00:00Z,130.8040718530699,107.79
2025-12-11T19:00:00Z,122.45220577787377,103.6425
2025-12-11T20:00:00Z,116.48085002046395,94.3925
2025-12-11T21:00:00Z,112.25077271496103,93.585
2025-12-11T22:00:00Z,102.41116368945123,93.735
2025-12-11T23:00:00Z,96.55737149889129,83.78
2025-12-12T00:00:00Z,93.42767203806366,86.22
2025-12-12T01:00:00Z,94.79179197448516,87.9
2025-12-12T02:00:00Z,98.75682109425173,90.1825
2025-12-12T03:00:00Z,105.35533576439772,90.7075
2025-12-12T04:00:00Z,116.15387926638898,92.2125
2025-12-12T05:00:00Z,136.19672112797767,101.2275
2025-12-12T06:00:00Z,152.72577571452067,121.325
2025-12-12T07:00:00Z,160.52554114231577,130.8525
2025-12-12T08:00:00Z,153.44345076160027,126.9025
2025-12-12T09:00:00Z,142.84705798523296,121.955
2025-12-12T10:00:00Z,138.65792926049693,118.305
2025-12-12T11:00:00Z,138.44738215062048,113.0675
2025-12-12T12:00:00Z,143.7058015645806,118.26
2025-12-12T13:00:00Z,150.2405306702493,126.8225
2025-12-12T14:00:00Z,162.76195437359434,131.9475
2025-12-12T15:00:00Z,170.3603328395957,145.4875
2025-12-12T16:00:00Z,173.86234170695616,146.825
2025-12-12T17:00:00Z,175.36768647052168,133.1
2025-12-12T18:00:00Z,166.65370205894982,128.0575
2025-12-12T19:00:00Z,151.140209730128,117.0025
2025-12-12T20:00:00Z,140.54065251468288,114.93
2025-12-12T21:00:00Z,132.91377621973567,103.82
2025-12-12T22:00:00Z,119.48673042008824,91.7525
2025-12-12T23:00:00Z,105.29141551487243,92.2825
2025-12-13T00:00:00Z,99.57956601141532,90.5025
2025-12-13T01:00:00Z,97.15742470439079,87.39
2025-12-13T02:00:00Z,95.05589847896732,87.0425
2025-12-13T03:00:00Z,89.91013625954336,85.0
2025-12-13T04:00:00Z,96.42801711504073,84.66749999999999
2025-12-13T05:00:00Z,106.14499296289651,79.1425
2025-12-13T06:00:00Z,116.99560529727631,81.135
2025-12-13T07:00:00Z,127.49991211525216,95.9525
2025-12-13T08:00:00Z,129.08535942353316,106.77
2025-12-13T09:00:00Z,127.0568735251087,102.585
2025-12-13T10:00:00Z,125.73040567574793,98.0925
2025-12-13T11:00:00Z,123.33232017089165,93.7575
2025-12-13T12:00:00Z,124.30900694491147,92.935
2025-12-13T13:00:00Z,124.675640540073,95.7575
2025-12-13T14:00:00Z,132.389009709388,114.6575
2025-12-13T15:00:00Z,142.96393028050724,119.7075
2025-12-13T16:00:00Z,144.0755424839673,118.4475
2025-12-13T17:00:00Z,140.7785408098856,112.255
2025-12-13T18:00:00Z,134.11769041220606,103.63
2025-12-13T19:00:00Z,121.0522674927897,91.7075
2025-12-13T20:00:00Z,109.2279233962499,90.5575
2025-12-13T21:00:00Z,100.71958426899576,93.685
2025-12-13T22:00:00Z,88.92093288523552,84.3875
2025-12-13T23:00:00Z,83.86379906157464,91.195
2025-12-14T00:00:00Z,72.64955439205193,90.5225
2025-12-14T01:00:00Z,71.32121981906181,81.9
2025-12-14T02:00:00Z,70.5163287864164,79.95
2025-12-14T03:00:00Z,71.10610115091224,77.305
2025-12-14T04:00:00Z,68.28105066662728,78.7625
2025-12-14T05:00:00Z,65.53696381210982,77.175
2025-12-14T06:00:00Z,74.83017893078306,77.4725
2025-12-14T07:00:00Z,83.34080138856426,81.76
2025-12-14T08:00:00Z,87.1611748571983,82.345
2025-12-14T09:00:00Z,83.30173908106313,80.005
2025-12-14T10:00:00Z,82.40763247501361,84.0775
2025-12-14T11:00:00Z,79.4141761416214,87.27250000000001
2025-12-14T12:00:00Z,78.27533571806418,86.95750000000001
2025-12-14T13:00:00Z,81.01054711814972,88.65
2025-12-14T14:00:00Z,91.69067663971336,92.0975
2025-12-14T15:00:00Z,98.98161349982445,99.2825
2025-12-14T16:00:00Z,102.56744298798833,102.785
2025-12-14T17:00:00Z,101.36777582804837,103.2925
2025-12-14T18:00:00Z,94.54987482063873,92.99
2025-12-14T19:00:00Z,84.87771222255338,90.3975
2025-12-14T20:00:00Z,77.45864975866888,84.4025
2025-12-14T21:00:00Z,74.95063126717943,82.65
2025-12-14T22:00:00Z,67.51432840475374,75.75
2025-12-14T23:00:00Z,62.562753583231945,72.5
2025-12-15T00:00:00Z,59.57752609555702,71.8775
2025-12-15T01:00:00Z,58.24143958695357,71.0375
2025-12-15T02:00:00Z,60.87973500420212,70.6675
2025-12-15T03:00:00Z,66.4162170804236,75.28
2025-12-15T04:00:00Z,84.28573979965661,76.8025
2025-12-15T05:00:00Z,108.56267579996357,86.525
2025-12-15T06:00:00Z,127.538373707895,98.79
2025-12-15T07:00:00Z,132.11873848547359,101.1275
2025-12-15T08:00:00Z,119.5274745424654,96.65
2025-12-15T09:00:00Z,105.18099727613603,89.61500000000001
2025-12-15T10:00:00Z,100.94716856921991,79.7225
2025-12-15T11:00:00Z,100.4073816446895,79.77
2025-12-15T12:00:00Z,105.14282904554202,88.26
2025-12-15T13:00:00Z,111.81486575870449,95.4375
2025-12-15T14:00:00Z,125.37904355296537,107.3
2025-12-15T15:00:00Z,131.64964834504514,108.655
2025-12-15T16:00:00Z,132.54446520941013,104.2125
2025-12-15T17:00:00Z,132.68883448779684,98.1575
2025-12-15T18:00:00Z,126.27782528604837,90.4175
2025-12-15T19:00:00Z,116.1915691108988,84.25
2025-12-15T20:00:00Z,103.79425203969356,85.17
2025-12-15T21:00:00Z,98.31082320581669,84.9775
2025-12-15T22:00:00Z,86.17058231084064,80.4625
2025-12-15T23:00:00Z,85.42599392748687,80.67
2025-12-16T00:00:00Z,79.53933357592965,79.05250000000001
2025-12-16T01:00:00Z,82.51193224633872,77.0975
2025-12-16T02:00:00Z,86.23460605911727,79.0525
2025-12-16T03:00:00Z,88.60295201959075,80.3875
2025-12-16T04:00:00Z,97.86735545886722,82.3125
2025-12-16T05:00:00Z,118.57385517297602,88.4
2025-12-16T06:00:00Z,136.30069485099636,91.385
2025-12-16T07:00:00Z,142.7296876710381,100.4675
2025-12-16T08:00:00Z,130.23822858310808,101.265
2025-12-16T09:00:00Z,117.26970878901732,92.345
2025-12-16T10:00:00Z,110.67436681920172,90.6075
2025-12-16T11:00:00Z,113.97098608632177,91.5125
2025-12-16T12:00:00Z,124.35187666435587,99.885
2025-12-16T13:00:00Z,135.07626841880773,124.3975
2025-12-16T14:00:00Z,154.19116300110738,139.3775
2025-12-16T15:00:00Z,160.20274767452554,155.3125
2025-12-16T16:00:00Z,162.48210255063532,162.20499999999998
2025-12-16T17:00:00Z,162.91998715825304,142.25
2025-12-16T18:00:00Z,157.64058314698184,137.0975
2025-12-16T19:00:00Z,147.59498503105365,128.85
2025-12-16T20:00:00Z,139.57671722952867,118.9425
2025-12-16T21:00:00Z,131.3321600596352,115.575
2025-12-16T22:00:00Z,122.33002439068363,103.42
2025-12-16T23:00:00Z,103.16079616248761,89.0025
2025-12-17T00:00:00Z,96.14043723349067,89.79
2025-12-17T01:00:00Z,96.75682255992585,86.4925
2025-12-17T02:00:00Z,100.72999229500823,85.025
2025-12-17T03:00:00Z,104.94735202321485,88.0775
2025-12-17T04:00:00Z,115.02408798842393,90.4975
2025-12-17T05:00:00Z,132.96113186343132,95.4875
2025-12-17T06:00:00Z,148.79953787647185,108.825
2025-12-17T07:00:00Z,154.46717428694075,133.46
2025-12-17T08:00:00Z,142.99570148230333,126.295
2025-12-17T09:00:00Z,129.08662217307497,124.535
2025-12-17T10:00:00Z,125.66071113806265,118.15
2025-12-17T11:00:00Z,127.60337418347572,111.895
2025-12-17T12:00:00Z,133.77395082057876,122.6575
2025-12-17T13:00:00Z,143.72189472825073,129.97
2025-12-17T14:00:00Z,156.55967956083276,127.5025
2025-12-17T15:00:00Z,163.45988536861285,126.4975
2025-12-17T16:00:00Z,163.73501016511378,122.825
2025-12-17T17:00:00Z,155.57998190704564,111.4
2025-12-17T18:00:00Z,146.53809117475214,97.505
2025-12-17T19:00:00Z,130.78140051191912,94.71
2025-12-17T20:00:00Z,116.58746049309428,94.7025
2025-12-17T21:00:00Z,102.3388930511006,93.2175
2025-12-17T22:00:00Z,85.04322334337104,85.0
2025-12-17T23:00:00Z,68.97885741910935,77.755
2025-12-18T00:00:00Z,57.82942651180327,69.065
2025-12-18T01:00:00Z,52.27474583291122,60.1275
2025-12-18T02:00:00Z,49.46647421744914,48.89
2025-12-18T03:00:00Z,50.1867986498686,44.8175
2025-12-18T04:00:00Z,55.39695079006485,50.8275
2025-12-18T05:00:00Z,67.81813749730408,63.24250000000001
2025-12-18T06:00:00Z,83.50862360800214,81.525
2025-12-18T07:00:00Z,91.70947768232335,90.7425
2025-12-18T08:00:00Z,80.73983688902432,88.5575
2025-12-18T09:00:00Z,69.2992272433934,78.2825
2025-12-18T10:00:00Z,63.86745995517691,78.2875
2025-12-18T11:00:00Z,64.81451329994856,77.4225
2025-12-18T12:00:00Z,72.24218651544417,79.47749999999999
2025-12-18T13:00:00Z,84.72781048272493,103.755
2025-12-18T14:00:00Z,97.888533680609,114.4925
2025-12-18T15:00:00Z,102.37400778113351,110.8825
2025-12-18T16:00:00Z,98.65332655992788,103.4175
2025-12-18T17:00:00Z,91.60350830889436,88.255
2025-12-18T18:00:00Z,77.82696064477908,80.14
2025-12-18T19:00:00Z,60.43162908441808,67.6825
2025-12-18T20:00:00Z,51.476130999810636,53.255
2025-12-18T21:00:00Z,47.038751716793094,51.8
2025-12-18T22:00:00Z,38.47282266927784,18.6525
2025-12-18T23:00:00Z,33.36600199552156,9.84
2025-12-19T00:00:00Z,25.59268297205284,5.8575
2025-12-19T01:00:00Z,24.457637791960153,4.33
2025-12-19T02:00:00Z,25.680904473400602,3.515
2025-12-19T03:00:00Z,35.160976443036006,4.115
2025-12-19T04:00:00Z,49.78676084697938,10.775
2025-12-19T05:00:00Z,73.033539115953,40.28
2025-12-19T06:00:00Z,97.64047044417877,76.7125
2025-12-19T07:00:00Z,108.47118798794658,89.5425
2025-12-19T08:00:00Z,102.51185375530983,89.38499999999999
2025-12-19T09:00:00Z,93.18824595614765,89.23
2025-12-19T10:00:00Z,91.40562875714738,87.49000000000001
2025-12-19T11:00:00Z,94.79527907456485,84.57249999999999
2025-12-19T12:00:00Z,100.55004294300997,87.625
2025-12-19T13:00:00Z,109.32652976894498,93.3475
2025-12-19T14:00:00Z,118.00118056875014,97.4025
2025-12-19T15:00:00Z,125.4093319369301,100.3325
2025-12-19T16:00:00Z,127.00466803591877,106.905
2025-12-19T17:00:00Z,125.9633507847778,107.48
2025-12-19T18:00:00Z,122.56586959311082,105.1225
2025-12-19T19:00:00Z,110.03728233285938,102.91
2025-12-19T20:00:00Z,98.85398516721523,98.4625
2025-12-19T21:00:00Z,94.92700157168089,96.2775
2025-12-19T22:00:00Z,83.29557109896248,90.18
2025-12-19T23:00:00Z,79.38343438524369,84.8125
2025-12-20T00:00:00Z,80.33281305401275,83.4
2025-12-20T01:00:00Z,80.2900409823001,85.0025
2025-12-20T02:00:00Z,82.8361827743305,87.4875
2025-12-20T03:00:00Z,82.71053467686622,88.46000000000001
2025-12-20T04:00:00Z,88.02107788173325,89.915
2025-12-20T05:00:00Z,98.35469477006228,95.975
2025-12-20T06:00:00Z,113.15252051796938,104.0
2025-12-20T07:00:00Z,125.50604938839633,113.2075
2025-12-20T08:00:00Z,126.06485935614357,114.8
2025-12-20T09:00:00Z,122.44208079078564,112.6675
2025-12-20T10:00:00Z,117.71663206818604,110.9875
2025-12-20T11:00:00Z,115.97443186955759,110.2675
2025-12-20T12:00:00Z,117.32372921376435,114.9825
2025-12-20T13:00:00Z,121.71777543532824,119.4825
2025-12-20T14:00:00Z,132.2984629029981,120.6375
2025-12-20T15:00:00Z,139.13357840970457,120.205
2025-12-20T16:00:00Z,143.07237464535007,122.3925
2025-12-20T17:00:00Z,143.9553221269386,118.265
2025-12-20T18:00:00Z,136.85259483577659,104.11
2025-12-20T19:00:00Z,125.35331184973965,96.3825
2025-12-20T20:00:00Z,115.1285160227607,93.01
2025-12-20T21:00:00Z,106.57723887730396,92.245
2025-12-20T22:00:00Z,95.37674580080525,90.6725
2025-12-20T23:00:00Z,96.48526310049901,95.7
2025-12-21T00:00:00Z,85.1895545825366,90.045
2025-12-21T01:00:00Z,84.18800121852576,86.485
2025-12-21T02:00:00Z,83.48747750058092,85.39500000000001
2025-12-21T03:00:00Z,84.2670208159469,85.6275
2025-12-21T04:00:00Z,86.67461240190273,86.825
2025-12-21T05:00:00Z,92.38633589465765,88.14
2025-12-21T06:00:00Z,99.21755089985646,92.8525
2025-12-21T07:00:00Z,105.59480203298224,102.1475
2025-12-21T08:00:00Z,104.27950908192965,107.01
2025-12-21T09:00:00Z,97.61381854634169,102.5825
2025-12-21T10:00:00Z,93.36685006613509,101.3
2025-12-21T11:00:00Z,89.6134904963502,98.4825
2025-12-21T12:00:00Z,90.91555032798274,94.8675
2025-12-21T13:00:00Z,93.24151311174532,98.8925
2025-12-21T14:00:00Z,100.363037512553,100.87
2025-12-21T15:00:00Z,101.71797808769068,97.515
2025-12-21T16:00:00Z,101.57723443145102,97.0675
2025-12-21T17:00:00Z,97.88491115462838,90.795
2025-12-21T18:00:00Z,89.38713083641052,86.14
2025-12-21T19:00:00Z,79.3409877610257,81.655
2025-12-21T20:00:00Z,70.01767635231201,78.8625
2025-12-21T21:00:00Z,65.06721071777817,77.495
2025-12-21T22:00:00Z,58.34167265893787,70.905
2025-12-21T23:00:00Z,56.572988293422284,70.22749999999999
2025-12-22T00:00:00Z,51.79699499930017,68.8275
2025-12-22T01:00:00Z,54.05184905245146,67.785
2025-12-22T02:00:00Z,57.223827705100135,66.31
2025-12-22T03:00:00Z,62.494931442201974,71.5175
2025-12-22T04:00:00Z,76.70894653202664,74.1125
2025-12-22T05:00:00Z,97.64338094807924,78.1875
2025-12-22T06:00:00Z,114.25479554088541,90.4475
2025-12-22T07:00:00Z,121.29438559730991,93.3425
2025-12-22T08:00:00Z,118.9037390767546,90.7925
2025-12-22T09:00:00Z,111.09994852332719,89.2475
2025-12-22T10:00:00Z,107.74618938595552,85.0
2025-12-22T11:00:00Z,105.96960060178309,86.34
2025-12-22T12:00:00Z,103.84043972892763,88.615
2025-12-22T13:00:00Z,105.86017854120442,92.1225
2025-12-22T14:00:00Z,112.07326447211742,99.5375
2025-12-22T15:00:00Z,113.99129783297477,101.18
2025-12-22T16:00:00Z,115.21912233916468,107.8925
2025-12-22T17:00:00Z,115.88402007561274,100.9
2025-12-22T18:00:00Z,111.66680914798137,93.79
2025-12-22T19:00:00Z,104.11632623499852,89.47749999999999
2025-12-22T20:00:00Z,95.18300773360781,84.86
2025-12-22T21:00:00Z,89.11656189521105,84.8225
2025-12-22T22:00:00Z,75.22964926546584,77.9675
2025-12-22T23:00:00Z,65.63377051395105,72.2325
2025-12-23T00:00:00Z,54.9077546017715,65.0325
2025-12-23T01:00:00Z,53.807305646850075,62.005
2025-12-23T02:00:00Z,53.952550981945095,59.06
2025-12-23T03:00:00Z,57.59295174240363,58.1125
2025-12-23T04:00:00Z,67.04176687964001,59.0225
2025-12-23T05:00:00Z,81.41957758138186,67.8475
2025-12-23T06:00:00Z,95.10435944084384,78.0175
2025-12-23T07:00:00Z,101.29403919130041,83.875
2025-12-23T08:00:00Z,98.61878810483637,85.465
2025-12-23T09:00:00Z,88.16495170451256,83.8375
2025-12-23T10:00:00Z,84.09495732423713,81.86749999999999
2025-12-23T11:00:00Z,82.82887554762259,80.485
2025-12-23T12:00:00Z,82.34146724005203,79.2125
2025-12-23T13:00:00Z,82.09872266294157,79.215
2025-12-23T14:00:00Z,88.67060533343599,81.8275
2025-12-23T15:00:00Z,92.60799751313618,83.6875
2025-12-23T16:00:00Z,93.96743794027566,82.4675
2025-12-23T17:00:00Z,89.50210485066542,83.945
2025-12-23T18:00:00Z,85.68399768418388,82.465
2025-12-23T19:00:00Z,78.85399422628714,78.005
2025-12-23T20:00:00Z,70.26535850851708,69.93
2025-12-23T21:00:00Z,68.11455659469377,71.83500000000001
2025-12-23T22:00:00Z,60.91607168459908,64.0925
2025-12-23T23:00:00Z,47.103011402146535,60.2475
2025-12-24T00:00:00Z,39.47821634904369,55.8625
2025-12-24T01:00:00Z,40.92787226078805,56.8
2025-12-24T02:00:00Z,44.938386186270805,55.84
2025-12-24T03:00:00Z,46.9303312470251,55.8475
2025-12-24T04:00:00Z,49.46298405373707,55.85
2025-12-24T05:00:00Z,55.8213585455445,57.215
2025-12-24T06:00:00Z,70.78524787878976,67.44500000000001
2025-12-24T07:00:00Z,80.71457503435735,81.0
2025-12-24T08:00:00Z,81.81777666071635,82.47
2025-12-24T09:00:00Z,72.52650491235724,76.02250000000001
2025-12-24T10:00:00Z,67.9491816110661,69.2875
2025-12-24T11:00:00Z,63.50143704843453,68.5125
2025-12-24T12:00:00Z,61.73774655442141,67.9875
2025-12-24T13:00:00Z,63.68730469908958,73.7575
2025-12-24T14:00:00Z,73.78397558426236,83.0525
2025-12-24T15:00:00Z,79.55294077047483,87.9
2025-12-24T16:00:00Z,80.71807335154577,89.1325
2025-12-24T17:00:00Z,81.42321713534574,78.9075
2025-12-24T18:00:00Z,74.0221873603393,71.77250000000001
2025-12-24T19:00:00Z,64.51627894287839,68.1575
2025-12-24T20:00:00Z,60.52146882841274,67.9875
2025-12-24T21:00:00Z,59.15428319681172,69.0075
2025-12-24T22:00:00Z,50.69746097858727,65.1625
2025-12-24T23:00:00Z,41.024839176074934,63.22
2025-12-25T00:00:00Z,33.041229578737806,58.4425
2025-12-25T01:00:00Z,31.820744574174988,56.8575
2025-12-25T02:00:00Z,34.159008016558154,55.845
2025-12-25T03:00:00Z,35.76594035581505,54.53
2025-12-25T04:00:00Z,38.19376776924681,52.605
2025-12-25T05:00:00Z,40.04894039939875,49.165
2025-12-25T06:00:00Z,50.67399040311595,54.0275
2025-12-25T07:00:00Z,59.542696917892776,64.205
2025-12-25T08:00:00Z,53.4871322673001,64.7075
2025-12-25T09:00:00Z,42.76887327926471,53.765
2025-12-25T10:00:00Z,39.353271905512244,48.9825
2025-12-25T11:00:00Z,37.443407762335,48.4875
2025-12-25T12:00:00Z,41.13147490309177,47.865
2025-12-25T13:00:00Z,53.16961724865109,68.5475
2025-12-25T14:00:00Z,72.22005708421598,89.41499999999999
2025-12-25T15:00:00Z,83.07772328119097,92.235
2025-12-25T16:00:00Z,86.62629496142372,94.005
2025-12-25T17:00:00Z,88.89349999543776,94.055
2025-12-25T18:00:00Z,89.82722104024693,91.715
2025-12-25T19:00:00Z,86.35131988946877,91.0325
2025-12-25T20:00:00Z,83.6431456583776,92.7
2025-12-25T21:00:00Z,82.23404797869107,96.1525
2025-12-25T22:00:00Z,74.31227719191318,91.47
2025-12-25T23:00:00Z,75.58741191667458,97.1
2025-12-26T00:00:00Z,67.16200433804934,91.0525
2025-12-26T01:00:00Z,66.1144849682619,85.8175
2025-12-26T02:00:00Z,66.34169935438229,83.05250000000001
2025-12-26T03:00:00Z,68.79417601951005,82.3925
2025-12-26T04:00:00Z,71.20895362479443,82.83500000000001
2025-12-26T05:00:00Z,72.87246419084298,85.02
2025-12-26T06:00:00Z,81.60509117254641,93.115
2025-12-26T07:00:00Z,87.11516493978695,98.9
2025-12-26T08:00:00Z,80.78539186555807,96.73
2025-12-26T09:00:00Z,64.5379473536911,89.25
2025-12-26T10:00:00Z,60.12178817951817,84.9925
2025-12-26T11:00:00Z,59.37153027665034,82.3125
2025-12-26T12:00:00Z,61.59271718638272,83.0975
2025-12-26T13:00:00Z,75.76801179762415,92.7
2025-12-26T14:00:00Z,97.79307993412505,109.1425
2025-12-26T15:00:00Z,108.27807936980477,116.7725
2025-12-26T16:00:00Z,113.02946225246421,120.47
2025-12-26T17:00:00Z,116.29871655209993,116.9725
2025-12-26T18:00:00Z,114.22428631894388,116.2625
2025-12-26T19:00:00Z,109.58764725403869,113.725
2025-12-26T20:00:00Z,105.59128526046572,111.5
2025-12-26T21:00:00Z,102.9001055125268,108.255
2025-12-26T22:00:00Z,93.88020092866007,99.3675
2025-12-26T23:00:00Z,98.10147803510336,96.69
2025-12-27T00:00:00Z,92.45439939376149,91.725
2025-12-27T01:00:00Z,89.20356552445516,84.7075
2025-12-27T02:00:00Z,84.50541678183022,82.7175
2025-12-27T03:00:00Z,83.20091601094683,83.9975
2025-12-27T04:00:00Z,85.18418659775841,83.17
2025-12-27T05:00:00Z,87.32637528676334,88.015
2025-12-27T06:00:00Z,92.542996594905,99.505
2025-12-27T07:00:00Z,97.90882317132514,102.32
2025-12-27T08:00:00Z,88.25605352575828,93.81
2025-12-27T09:00:00Z,74.55111201264317,80.0325
2025-12-27T10:00:00Z,63.419825200994936,75.395
2025-12-27T11:00:00Z,54.42361341399953,74.54
2025-12-27T12:00:00Z,53.998042898412194,76.7375
2025-12-27T13:00:00Z,61.19630054396155,81.19999999999999
2025-12-27T14:00:00Z,75.79264607631947,94.5425
2025-12-27T15:00:00Z,93.5409137770825,103.0075
2025-12-27T16:00:00Z,96.52900604132213,105.925
2025-12-27T17:00:00Z,99.47042225245218,108.4275
2025-12-27T18:00:00Z,96.53061790156583,105.0
2025-12-27T19:00:00Z,93.41497474607517,102.5875
2025-12-27T20:00:00Z,91.97675390506083,93.895
2025-12-27T21:00:00Z,90.92139719382325,95.4175
2025-12-27T22:00:00Z,85.11019734102425,91.295
2025-12-27T23:00:00Z,83.61930293199568,84.33500000000001
2025-12-28T00:00:00Z,75.82974859331955,83.37
2025-12-28T01:00:00Z,77.79605141105807,79.96000000000001
2025-12-28T02:00:00Z,83.39554778726863,78.8175
2025-12-28T03:00:00Z,89.12188704793435,80.4475
2025-12-28T04:00:00Z,95.09613253373392,83.61
2025-12-28T05:00:00Z,102.71831281708758,86.47749999999999
2025-12-28T06:00:00Z,117.28776357868244,92.15
2025-12-28T07:00:00Z,120.55400007704155,97.3625
2025-12-28T08:00:00Z,114.14227274985325,96.565
2025-12-28T09:00:00Z,97.56397807579424,88.2125
2025-12-28T10:00:00Z,90.10283620784587,88.3675
2025-12-28T11:00:00Z,86.45779193839618,80.0225
2025-12-28T12:00:00Z,86.50208184353704,80.025
2025-12-28T13:00:00Z,93.93285280950879,86.6775
2025-12-28T14:00:00Z,115.58403236612428,100.87
2025-12-28T15:00:00Z,127.1505152052762,110.8825
2025-12-28T16:00:00Z,132.1422639390617,113.7025
2025-12-28T17:00:00Z,132.68366803621578,114.455
2025-12-28T18:00:00Z,120.57742754747385,109.3325
2025-12-28T19:00:00Z,109.37677608912128,105.01
2025-12-28T20:00:00Z,96.2109572855328,99.0275
2025-12-28T21:00:00Z,90.78965550372668,98.2825
2025-12-28T22:00:00Z,79.39088399874797,88.44
2025-12-28T23:00:00Z,72.112530148592,89.88
2025-12-29T00:00:00Z,64.11191934244532,84.98249999999999
2025-12-29T01:00:00Z,58.18290004680394,84.1825
2025-12-29T02:00:00Z,55.91807622323312,82.19
2025-12-29T03:00:00Z,58.61959413594665,83.6225
2025-12-29T04:00:00Z,74.23119856544535,90.7925
2025-12-29T05:00:00Z,94.45420192566878,96.3325
2025-12-29T06:00:00Z,113.35512929248338,104.7175
2025-12-29T07:00:00Z,119.49734802063139,113.8775
2025-12-29T08:00:00Z,111.30567505654881,111.01
2025-12-29T09:00:00Z,99.62429437148747,97.645
2025-12-29T10:00:00Z,91.7261181040832,90.345
2025-12-29T11:00:00Z,87.39226881140702,87.6575
2025-12-29T12:00:00Z,87.47061968183277,88.52250000000001
2025-12-29T13:00:00Z,91.74051247097194,96.1025
2025-12-29T14:00:00Z,101.91096845799848,103.5075
2025-12-29T15:00:00Z,106.74226631957515,108.655
2025-12-29T16:00:00Z,111.02495441620317,107.0075
2025-12-29T17:00:00Z,113.64001996873453,103.3075
2025-12-29T18:00:00Z,108.56826027969548,95.1475
2025-12-29T19:00:00Z,100.45126496722858,90.3725
2025-12-29T20:00:00Z,91.24268121415649,83.245
2025-12-29T21:00:00Z,87.80840666069967,87.91499999999999
2025-12-29T22:00:00Z,74.84070780323071,83.3425
2025-12-29T23:00:00Z,70.75121195252389,77.8625
2025-12-30T00:00:00Z,60.980744819422256,73.215
2025-12-30T01:00:00Z,63.27322274370833,71.855
2025-12-30T02:00:00Z,65.1924998502119,69.3575
2025-12-30T03:00:00Z,66.77090888346439,68.5375
2025-12-30T04:00:00Z,75.77448362592989,71.99
2025-12-30T05:00:00Z,93.44005717145785,80.02
2025-12-30T06:00:00Z,107.52961647305376,87.97
2025-12-30T07:00:00Z,115.4776600716718,94.8775
2025-12-30T08:00:00Z,105.38960083332697,94.3925
2025-12-30T09:00:00Z,93.48672672925943,85.82
2025-12-30T10:00:00Z,87.93961885937348,79.38
2025-12-30T11:00:00Z,84.81212937289271,76.155
2025-12-30T12:00:00Z,86.30043138384858,76.7575
2025-12-30T13:00:00Z,97.77678707037542,88.9675
2025-12-30T14:00:00Z,117.09437645028751,102.325
2025-12-30T15:00:00Z,131.11553962898557,109.1
2025-12-30T16:00:00Z,130.32482654200936,110.715
2025-12-30T17:00:00Z,134.44430632606924,109.12
2025-12-30T18:00:00Z,128.47087751636846,105.6075
2025-12-30T19:00:00Z,121.5297348130768,101.04
2025-12-30T20:00:00Z,112.89216620765636,93.3225
2025-12-30T21:00:00Z,109.13402732954897,92.045
2025-12-30T22:00:00Z,95.12897502637422,85.8075
2025-12-30T23:00:00Z,85.59931816363923,88.0825
2025-12-31T00:00:00Z,74.4956490255056,84.3375
2025-12-31T01:00:00Z,71.05989105016769,80.2125
2025-12-31T02:00:00Z,67.64340732062183,76.58
2025-12-31T03:00:00Z,63.168367544405214,74.9325
2025-12-31T04:00:00Z,63.12419062521667,77.3775
2025-12-31T05:00:00Z,69.9768737381228,81.86749999999999
2025-12-31T06:00:00Z,80.34983934619441,85.2825
2025-12-31T07:00:00Z,86.4704356922255,95.7925
2025-12-31T08:00:00Z,84.27874043592965,95.335
2025-12-31T09:00:00Z,74.93667554454011,89.26249999999999
2025-12-31T10:00:00Z,71.41197990657054,83.48
2025-12-31T11:00:00Z,71.0186461941183,83.0475
2025-12-31T12:00:00Z,69.00371832201014,85.17
2025-12-31T13:00:00Z,74.02562280065492,85.17750000000001
2025-12-31T14:00:00Z,87.81908627651214,90.8325
2025-12-31T15:00:00Z,93.76545656820372,100.705
2025-12-31T16:00:00Z,98.94905900365748,110.1
2025-12-31T17:00:00Z,102.14513975442894,107.5275
2025-12-31T18:00:00Z,95.23476256690252,95.99
2025-12-31T19:00:00Z,84.44717383076254,86.8025
2025-12-31T20:00:00Z,76.30819561848563,79.7975
2025-12-31T21:00:00Z,67.56577265168325,81.39
2025-12-31T22:00:00Z,57.11891415116742,76.4475
2025-12-31T23:00:00Z,42.44262676041261,58.2775
2026-01-19T23:00:00Z,129.1101015112067,115.06
2026-01-20T00:00:00Z,121.3857426801035,114.335
2026-01-20T01:00:00Z,123.21064026798041,110.355
2026-01-20T02:00:00Z,125.5250081079739,109.8675
2026-01-20T03:00:00Z,129.00289405707935,113.1725
2026-01-20T04:00:00Z,138.3711198304061,125.28
2026-01-20T05:00:00Z,160.06588390377343,190.105
2026-01-20T06:00:00Z,181.96577965600693,240.8775
2026-01-20T07:00:00Z,188.73575202374292,262.785
2026-01-20T08:00:00Z,170.42710196349196,179.535
2026-01-20T09:00:00Z,146.97214072706169,132.17
2026-01-20T10:00:00Z,132.3796153434276,107.9525
2026-01-20T11:00:00Z,126.90282945571701,103.6225
2026-01-20T12:00:00Z,131.66090603193197,105.755
2026-01-20T13:00:00Z,145.27201609996268,136.7225
2026-01-20T14:00:00Z,167.09471907852895,178.26
2026-01-20T15:00:00Z,185.8750516958046,276.735
2026-01-20T16:00:00Z,193.47791369252383,249.63
2026-01-20T17:00:00Z,188.07947822165178,193.925
2026-01-20T18:00:00Z,177.35963185377742,181.9175
2026-01-20T19:00:00Z,162.5138751119933,155.10000000000002
2026-01-20T20:00:00Z,149.97614134253473,139.89
2026-01-20T21:00:00Z,143.20463080289986,117.1925
2026-01-20T22:00:00Z,133.38267345597558,107.8375
2026-01-20T23:00:00Z,124.04129828612406,101.49
2026-01-21T00:00:00Z,115.55385984549991,101.7175
2026-01-21T01:00:00Z,113.7469984409821,98.7575
2026-01-21T02:00:00Z,114.93532627061047,100.91
2026-01-21T03:00:00Z,117.45366382759596,98.845
2026-01-21T04:00:00Z,126.03682405382766,98.6925
2026-01-21T05:00:00Z,152.21281559223462,107.8725
2026-01-21T06:00:00Z,176.92747844107816,160.0
2026-01-21T07:00:00Z,182.5434441882138,176.3975
2026-01-21T08:00:00Z,149.1546580799194,142.89249999999998
2026-01-21T09:00:00Z,120.62417480513497,118.3
2026-01-21T10:00:00Z,106.67811736245102,100.9925
2026-01-21T11:00:00Z,101.7315036881771,99.13
2026-01-21T12:00:00Z,105.00410496225123,103.475
2026-01-21T13:00:00Z,117.80616513469788,108.6225
2026-01-21T14:00:00Z,139.9898506841833,126.9275
2026-01-21T15:00:00Z,172.18929981873026,145.035
2026-01-21T16:00:00Z,170.4674974518912,139.11
2026-01-21T17:00:00Z,158.68071250375485,138.9075
2026-01-21T18:00:00Z,149.27902763481245,127.83
2026-01-21T19:00:00Z,132.68117330867193,105.4475
2026-01-21T20:00:00Z,117.77596438187165,102.44
2026-01-21T21:00:00Z,102.47385415924745,104.76
2026-01-21T22:00:00Z,88.75929629032305,99.375
2026-01-21T23:00:00Z,86.61173922552827,92.7975
2026-01-22T00:00:00Z,77.56535625690158,92.5275
2026-01-22T01:00:00Z,77.85427939621832,91.45
2026-01-22T02:00:00Z,80.58985804352247,91.82
2026-01-22T03:00:00Z,83.22312775482214,92.85
2026-01-22T04:00:00Z,92.52534380065143,93.1875
2026-01-22T05:00:00Z,113.47700200536681,100.6775
2026-01-22T06:00:00Z,139.36965178128176,125.52
2026-01-22T07:00:00Z,147.73764384483235,137.1225
2026-01-22T08:00:00Z,128.11977545823237,114.4175
2026-01-22T09:00:00Z,106.94229044388166,95.2575
2026-01-22T10:00:00Z,92.27051294473068,89.075
2026-01-22T11:00:00Z,84.28235303531847,83.8575
2026-01-22T12:00:00Z,89.07623564345451,88.065
2026-01-22T13:00:00Z,99.38032689403781,94.91
2026-01-22T14:00:00Z,120.85006331687528,107.78
2026-01-22T15:00:00Z,140.20155616098572,130.8975
2026-01-22T16:00:00Z,145.55584594196733,136.365
2026-01-22T17:00:00Z,144.74799202095556,129.6675
2026-01-22T18:00:00Z,138.13867930323877,121.5675
2026-01-22T19:00:00Z,123.1321978335277,109.35
2026-01-22T20:00:00Z,114.35373858107579,106.945
2026-01-22T21:00:00Z,110.75455098496293,103.3225
2026-01-22T22:00:00Z,101.46158696688828,97.3075
2026-01-22T23:00:00Z,94.1620032518043,97.8875
2026-01-23T00:00:00Z,84.51164633070596,97.245
2026-01-23T01:00:00Z,84.74681821050282,95.9475
2026-01-23T02:00:00Z,85.81007553820169,95.0025
2026-01-23T03:00:00Z,90.27724339660496,95.6225
2026-01-23T04:00:00Z,98.97804435642632,96.9975
2026-01-23T05:00:00Z,115.1204526517221,108.1975
2026-01-23T06:00:00Z,136.51118166108012,133.0
2026-01-23T07:00:00Z,141.85341068442858,152.9375
2026-01-23T08:00:00Z,128.86642001412872,142.4875
2026-01-23T09:00:00Z,109.92024985784327,115.3775
2026-01-23T10:00:00Z,96.99147179081709,100.1275
2026-01-23T11:00:00Z,90.25264364997795,96.2125
2026-01-23T12:00:00Z,89.85974689684862,95.76
2026-01-23T13:00:00Z,94.05040962661553,97.08
2026-01-23T14:00:00Z,107.75340296459245,108.7675
2026-01-23T15:00:00Z,122.42487095688351,124.0475
2026-01-23T16:00:00Z,128.29683382174701,136.08499999999998
2026-01-23T17:00:00Z,127.26030709339577,128.48250000000002
2026-01-23T18:00:00Z,122.18254192803875,116.8025
2026-01-23T19:00:00Z,112.03304179040978,107.2225
2026-01-23T20:00:00Z,102.69608506571677,103.96
2026-01-23T21:00:00Z,98.39498171987071,104.79
2026-01-23T22:00:00Z,89.82178320149299,96.995
2026-01-23T23:00:00Z,85.5568192862597,99.8
2026-01-24T00:00:00Z,84.56986956739304,99.035
2026-01-24T01:00:00Z,83.32296382171926,98.315
2026-01-24T02:00:00Z,86.26011910678704,97.825
2026-01-24T03:00:00Z,89.61633327187938,97.5475
2026-01-24T04:00:00Z,95.01675650467458,98.91
2026-01-24T05:00:00Z,101.93848482829921,100.3975
2026-01-24T06:00:00Z,116.329828837278,104.06
2026-01-24T07:00:00Z,128.2171856116871,110.9975
2026-01-24T08:00:00Z,129.33920204887585,123.0925
2026-01-24T09:00:00Z,122.07121333489988,119.24
2026-01-24T10:00:00Z,112.93859458296247,110.2975
2026-01-24T11:00:00Z,106.70480754552837,106.2175
2026-01-24T12:00:00Z,104.92698148453425,101.8725
2026-01-24T13:00:00Z,105.84045865721905,105.12
2026-01-24T14:00:00Z,118.96719495891105,118.2275
2026-01-24T15:00:00Z,138.6825268377591,131.905
2026-01-24T16:00:00Z,148.3776289303123,146.7225
2026-01-24T17:00:00Z,148.12292406899303,141.7475
2026-01-24T18:00:00Z,140.88056838111046,131.9325
2026-01-24T19:00:00Z,130.29183408588716,118.6725
2026-01-24T20:00:00Z,123.6335033467664,110.5375
2026-01-24T21:00:00Z,122.1452366034984,110.31
2026-01-24T22:00:00Z,115.61862475325923,104.15
2026-01-24T23:00:00Z,112.43288922223789,101.4425
2026-01-25T00:00:00Z,104.09171790339472,101.7575
2026-01-25T01:00:00Z,101.8431790859407,101.315
2026-01-25T02:00:00Z,103.06940131109818,101.77
2026-01-25T03:00:00Z,103.84886269593001,100.8625
2026-01-25T04:00:00Z,106.21070932840246,100.5125
2026-01-25T05:00:00Z,110.1902732815832,99.965
2026-01-25T06:00:00Z,116.25663168550122,102.06
2026-01-25T07:00:00Z,122.74236622489488,103.7575
2026-01-25T08:00:00Z,128.0901865405359,108.8875
2026-01-25T09:00:00Z,125.60065173020762,113.1925
2026-01-25T10:00:00Z,122.13650511665396,116.0175
2026-01-25T11:00:00Z,119.50687172896795,120.03
2026-01-25T12:00:00Z,115.42374307375817,116.1075
2026-01-25T13:00:00Z,111.56447760259283,114.315
2026-01-25T14:00:00Z,116.02142860304983,111.7525
2026-01-25T15:00:00Z,124.63119471690847,116.9
2026-01-25T16:00:00Z,135.2046441913513,131.2125
2026-01-25T17:00:00Z,138.34606563175407,137.375
2026-01-25T18:00:00Z,132.70805260210005,132.575
2026-01-25T19:00:00Z,122.87973959940918,124.0175
2026-01-25T20:00:00Z,117.42399931625708,114.0225
2026-01-25T21:00:00Z,114.32724087434609,111.9425
2026-01-25T22:00:00Z,104.05495109426309,104.49
2026-01-25T23:00:00Z,102.15777182879053,103.925
2026-01-26T00:00:00Z,95.18427094240778,101.1125
2026-01-26T01:00:00Z,93.92134210870384,98.7275
2026-01-26T02:00:00Z,93.75781504823385,95.8525
2026-01-26T03:00:00Z,97.37288495563578,95.0325
2026-01-26T04:00:00Z,111.08600905973549,97.1925
2026-01-26T05:00:00Z,133.08784913900593,114.2775
2026-01-26T06:00:00Z,151.50487469121424,153.1975
2026-01-26T07:00:00Z,154.76775488222114,175.1325
2026-01-26T08:00:00Z,152.32513881206265,177.9675
2026-01-26T09:00:00Z,144.85251615406193,178.0125
2026-01-26T10:00:00Z,143.83989214475463,170.3425
2026-01-26T11:00:00Z,144.19628080032425,156.03
2026-01-26T12:00:00Z,142.48075627989542,149.39499999999998
2026-01-26T13:00:00Z,141.2225846092582,147.78
2026-01-26T14:00:00Z,147.583220257011,159.97
2026-01-26T15:00:00Z,157.35242505592245,166.32999999999998
2026-01-26T16:00:00Z,171.0495003998018,178.6975
2026-01-26T17:00:00Z,178.99015572177962,178.0225
2026-01-26T18:00:00Z,172.97017948318916,169.9725
2026-01-26T19:00:00Z,163.4593292702281,154.16500000000002
2026-01-26T20:00:00Z,152.64007340755893,137.1125
2026-01-26T21:00:00Z,144.53953555494212,121.5
2026-01-26T22:00:00Z,132.95258616252067,111.685
2026-01-26T23:00:00Z,134.4509411572376,118.7675
2026-01-27T00:00:00Z,127.9439095318516,113.7025
2026-01-27T01:00:00Z,130.47989544390015,112.1575
2026-01-27T02:00:00Z,131.53023387721427,111.4875
2026-01-27T03:00:00Z,133.909561472497,110.545
2026-01-27T04:00:00Z,140.5344040860857,111.65
2026-01-27T05:00:00Z,159.66818490640236,133.61
2026-01-27T06:00:00Z,181.91099267956764,159.875
2026-01-27T07:00:00Z,188.85353414673665,176.635
2026-01-27T08:00:00Z,175.11345895587186,171.195
2026-01-27T09:00:00Z,163.7724445915416,148.45749999999998
2026-01-27T10:00:00Z,152.13858825726564,133.29
2026-01-27T11:00:00Z,145.41831374106462,123.03
2026-01-27T12:00:00Z,137.90242430931022,112.4875
2026-01-27T13:00:00Z,134.17171202204955,131.0825
2026-01-27T14:00:00Z,140.3531892290046,127.4475
2026-01-27T15:00:00Z,148.590691666786,132.98
2026-01-27T16:00:00Z,158.09791375746028,152.62
2026-01-27T17:00:00Z,156.37460399917694,141.14
2026-01-27T18:00:00Z,149.5028883177094,138.8825
2026-01-27T19:00:00Z,137.69713478497283,121.5875
2026-01-27T20:00:00Z,125.52860324065657,119.3675
2026-01-27T21:00:00Z,115.20529144168424,120.7
2026-01-27T22:00:00Z,103.11854449530682,111.85
2026-01-27T23:00:00Z,100.86983357417947,105.475
2026-01-28T00:00:00Z,92.34646421141672,104.465
2026-01-28T01:00:00Z,91.81814374330338,104.465
2026-01-28T02:00:00Z,92.26446041595334,102.24
2026-01-28T03:00:00Z,97.91015417405228,104.7125
2026-01-28T04:00:00Z,108.86504348133323,106.6
2026-01-28T05:00:00Z,134.16672608785098,113.6975
2026-01-28T06:00:00Z,159.34883113148157,143.5975
2026-01-28T07:00:00Z,170.14424705250173,171.0025
2026-01-28T08:00:00Z,165.30877658963763,173.64499999999998
2026-01-28T09:00:00Z,153.36330362358188,172.325
2026-01-28T10:00:00Z,147.11883524350898,166.24
2026-01-28T11:00:00Z,141.52209112014788,157.0875
2026-01-28T12:00:00Z,139.0239515501537,147.9125
2026-01-28T13:00:00Z,139.01709194714536,145.035
2026-01-28T14:00:00Z,141.27475134014765,141.13750000000002
2026-01-28T15:00:00Z,146.53606839398162,147.1275
2026-01-28T16:00:00Z,156.42494455603662,164.2225
2026-01-28T17:00:00Z,157.03040555775337,170.425
2026-01-28T18:00:00Z,153.01503701026127,161.225
2026-01-28T19:00:00Z,138.12561094298889,134.265
2026-01-28T20:00:00Z,130.11444826908811,119.01
2026-01-28T21:00:00Z,123.33553482751165,117.0
2026-01-28T22:00:00Z,116.01081846691895,110.9575
2026-01-28T23:00:00Z,107.81207330134995,104.55
2026-01-29T00:00:00Z,97.04195090710516,104.0
2026-01-29T01:00:00Z,98.98782001738877,101.88
2026-01-29T02:00:00Z,103.84659871418947,100.0225
2026-01-29T03:00:00Z,110.84330172372181,100.9325
2026-01-29T04:00:00Z,120.38589266232896,104.6375
2026-01-29T05:00:00Z,135.62684742802554,116.12
2026-01-29T06:00:00Z,155.2056143704395,149.595
2026-01-29T07:00:00Z,165.8433645229132,165.6825
2026-01-29T08:00:00Z,164.350729468985,168.035
2026-01-29T09:00:00Z,156.04524985060712,160.675
2026-01-29T10:00:00Z,150.01973043603152,152.7925
2026-01-29T11:00:00Z,148.0953734094519,143.035
2026-01-29T12:00:00Z,144.21504232165773,142.815
2026-01-29T13:00:00Z,141.2392230856978,142.9925
2026-01-29T14:00:00Z,145.73508015832527,147.6125
2026-01-29T15:00:00Z,154.36205456602613,153.1025
2026-01-29T16:00:00Z,163.62303284601916,159.4775
2026-01-29T17:00:00Z,164.7619037444682,157.24
2026-01-29T18:00:00Z,155.6220058115809,150.0375
2026-01-29T19:00:00Z,140.43135412064896,126.5575
2026-01-29T20:00:00Z,127.06095220968672,113.57
2026-01-29T21:00:00Z,118.95753088620185,109.315
2026-01-29T22:00:00Z,108.91919009756059,102.9775
2026-01-29T23:00:00Z,102.58934046960354,111.065
2026-01-30T00:00:00Z,92.99225664374434,103.3125
2026-01-30T01:00:00Z,91.74813911309015,100.8525
2026-01-30T02:00:00Z,92.7937249393025,97.3875
2026-01-30T03:00:00Z,96.90998234495501,97.3
2026-01-30T04:00:00Z,107.09152262786117,96.2775
2026-01-30T05:00:00Z,124.20090670796107,111.125
2026-01-30T06:00:00Z,146.6658344768809,131.7775
2026-01-30T07:00:00Z,152.54111883440612,143.755
2026-01-30T08:00:00Z,150.4655803325524,147.035
2026-01-30T09:00:00Z,138.76362651608991,132.63
2026-01-30T10:00:00Z,132.08307718756993,126.1
2026-01-30T11:00:00Z,126.60804738367065,118.205
2026-01-30T12:00:00Z,123.17413595868298,110.39
2026-01-30T13:00:00Z,121.37203154599882,110.3175
2026-01-30T14:00:00Z,125.27922455188668,111.195
2026-01-30T15:00:00Z,132.35484935625914,114.9375
2026-01-30T16:00:00Z,135.69917928243754,124.81
2026-01-30T17:00:00Z,131.50353866802553,122.8875
2026-01-30T18:00:00Z,121.4020273321878,113.0875
2026-01-30T19:00:00Z,105.15073544635027,108.5975
2026-01-30T20:00:00Z,93.6478728349009,101.6825
2026-01-30T21:00:00Z,88.78219175392043,101.09
2026-01-30T22:00:00Z,77.18923740568101,92.695
2026-01-30T23:00:00Z,81.44637088552871,96.9525
2026-01-31T00:00:00Z,75.90142108739,97.3775
2026-01-31T01:00:00Z,72.89471140379362,94.5075
2026-01-31T02:00:00Z,71.1250855610522,94.08
2026-01-31T03:00:00Z,72.14180361674192,93.325
2026-01-31T04:00:00Z,77.05141070554063,94.0575
2026-01-31T05:00:00Z,83.84271914289229,93.45
2026-01-31T06:00:00Z,95.66552588617489,92.9025
2026-01-31T07:00:00Z,105.51765512776086,103.955
2026-01-31T08:00:00Z,110.9100373130228,109.0625
2026-01-31T09:00:00Z,105.55821903979732,114.215
2026-01-31T10:00:00Z,100.85631681776502,113.47
2026-01-31T11:00:00Z,97.61908968173536,111.2775
2026-01-31T12:00:00Z,92.12596362529843,107.39
2026-01-31T13:00:00Z,90.14039224689179,110.305
2026-01-31T14:00:00Z,98.41655476772415,113.1675
2026-01-31T15:00:00Z,111.62650008137052,119.3575
2026-01-31T16:00:00Z,123.81845806679632,134.605
2026-01-31T17:00:00Z,127.10421917526438,138.0375
2026-01-31T18:00:00Z,120.76499953906233,133.95
2026-01-31T19:00:00Z,112.21544952010834,125.645
2026-01-31T20:00:00Z,103.4628530226239,114.2075
2026-01-31T21:00:00Z,102.87064898536862,114.145
2026-01-31T22:00:00Z,95.97943834570344,105.9
2026-01-31T23:00:00Z,91.56335938996247,96.09
2026-02-01T00:00:00Z,84.19729683749739,94.0075
2026-02-01T01:00:00Z,83.5767660025657,98.4025
2026-02-01T02:00:00Z,85.57395747968445,96.0575
2026-02-01T03:00:00Z,84.56956056563418,98.3125
2026-02-01T04:00:00Z,87.21430080796507,98.2225
2026-02-01T05:00:00Z,91.79797465139657,96.015
2026-02-01T06:00:00Z,96.85263208832477,99.5
2026-02-01T07:00:00Z,104.46523403727221,105.255
2026-02-01T08:00:00Z,108.14011128567472,109.235
2026-02-01T09:00:00Z,106.9350140842623,109.845
2026-02-01T10:00:00Z,106.85433359741563,108.1575
2026-02-01T11:00:00Z,103.65811155470072,107.125
2026-02-01T12:00:00Z,99.54093693301364,100.3875
2026-02-01T13:00:00Z,96.82178709591014,102.235
2026-02-01T14:00:00Z,102.75244429173354,108.9575
2026-02-01T15:00:00Z,114.08387886921648,114.6675
2026-02-01T16:00:00Z,126.5999619430533,129.4875
2026-02-01T17:00:00Z,128.2010770977089,136.8425
2026-02-01T18:00:00Z,121.88780440388555,137.39
2026-02-01T19:00:00Z,112.07534568362176,125.5925
2026-02-01T20:00:00Z,103.11748415322366,113.8575
2026-02-01T21:00:00Z,99.58202269910998,113.885
2026-02-01T22:00:00Z,89.03636502343328,106.5525
2026-02-01T23:00:00Z,76.63187301453723,99.5925
2026-02-02T00:00:00Z,69.19828639054111,97.9925
2026-02-02T01:00:00Z,68.58947703575798,95.0925
2026-02-02T02:00:00Z,70.15612579125096,91.0
2026-02-02T03:00:00Z,74.00859251747734,91.7325
2026-02-02T04:00:00Z,87.82139082705986,94.7225
2026-02-02T05:00:00Z,111.29216307545185,106.575
2026-02-02T06:00:00Z,131.24225248849916,122.885
2026-02-02T07:00:00Z,134.11425898814292,136.8675
2026-02-02T08:00:00Z,124.23020599922097,140.155
2026-02-02T09:00:00Z,113.69364574069692,124.54
2026-02-02T10:00:00Z,106.38851802007574,114.6675
2026-02-02T11:00:00Z,102.1484287717526,109.2125
2026-02-02T12:00:00Z,96.92351331588428,104.0
2026-02-02T13:00:00Z,95.5092679419108,102.9025
2026-02-02T14:00:00Z,102.42865061868028,105.0775
2026-02-02T15:00:00Z,113.14822809900605,109.7775
2026-02-02T16:00:00Z,125.17085159935621,118.1975
2026-02-02T17:00:00Z,128.03205582177347,118.9675
2026-02-02T18:00:00Z,119.78765305145768,105.0
2026-02-02T19:00:00Z,106.3922334912704,102.255
2026-02-02T20:00:00Z,92.80518295553067,102.015
2026-02-02T21:00:00Z,86.19591156585906,101.2275
2026-02-02T22:00:00Z,74.09740701983068,91.385
2026-02-02T23:00:00Z,69.39134151269448,91.7175
2026-02-03T00:00:00Z,61.82783145342581,89.36500000000001
2026-02-03T01:00:00Z,60.30568558851961,84.0075
2026-02-03T02:00:00Z,60.85487618500442,79.9375
2026-02-03T03:00:00Z,63.1926290431611,76.84
2026-02-03T04:00:00Z,70.12537041661821,82.16
2026-02-03T05:00:00Z,87.43966536443374,91.16
2026-02-03T06:00:00Z,107.35298669012721,97.6925
2026-02-03T07:00:00Z,111.81430787107024,106.2725
2026-02-03T08:00:00Z,105.12091149621318,108.225
2026-02-03T09:00:00Z,93.45444690193123,99.94
2026-02-03T10:00:00Z,84.408904499349,90.83
2026-02-03T11:00:00Z,81.23765952288775,87.94749999999999
2026-02-03T12:00:00Z,78.58912402307163,89.905
2026-02-03T13:00:00Z,79.6837052740835,93.1525
2026-02-03T14:00:00Z,86.52418123218273,100.41
2026-02-03T15:00:00Z,98.71151005822023,106.615
2026-02-03T16:00:00Z,113.07564886048934,125.7725
2026-02-03T17:00:00Z,117.32019572880563,126.3475
2026-02-03T18:00:00Z,112.4499555241445,123.2275
2026-02-03T19:00:00Z,103.47486726671657,112.9
2026-02-03T20:00:00Z,93.9325652005665,103.2925
2026-02-03T21:00:00Z,88.71706044387722,100.895
2026-02-03T22:00:00Z,78.92555324360279,94.8125
2026-02-03T23:00:00Z,76.5626206002564,95.0025
2026-02-04T00:00:00Z,70.2677386229406,92.7875
2026-02-04T01:00:00Z,70.9432800450538,92.9625
2026-02-04T02:00:00Z,74.6576035309889,94.6225
2026-02-04T03:00:00Z,80.67103249406588,93.9575
2026-02-04T04:00:00Z,93.86067601465442,96.585
2026-02-04T05:00:00Z,113.89821033740367,105.285
2026-02-04T06:00:00Z,132.03149786674908,122.935
2026-02-04T07:00:00Z,138.7969048656862,131.605
2026-02-04T08:00:00Z,129.9146951731504,122.6725
2026-02-04T09:00:00Z,117.62924820367061,110.0
2026-02-04T10:00:00Z,108.58105707973668,98.7075
2026-02-04T11:00:00Z,107.23846215328649,91.915
2026-02-04T12:00:00Z,108.04247600698474,91.3825
2026-02-04T13:00:00Z,109.82486575093564,96.0775
2026-02-04T14:00:00Z,119.20991150641966,102.875
2026-02-04T15:00:00Z,130.0333141446481,114.185
2026-02-04T16:00:00Z,138.15990486998783,124.6175
2026-02-04T17:00:00Z,137.08117509766768,117.04
2026-02-04T18:00:00Z,131.29196013896149,104.52
2026-02-04T19:00:00Z,118.86772094434211,96.2875
2026-02-04T20:00:00Z,106.80348951725837,94.7525
2026-02-04T21:00:00Z,97.46307401046431,93.8225
2026-02-04T22:00:00Z,88.02876776586791,86.3075
2026-02-04T23:00:00Z,86.2064640975642,90.3025
2026-02-05T00:00:00Z,79.82693803278183,88.4375
2026-02-05T01:00:00Z,81.60300788809704,87.4325
2026-02-05T02:00:00Z,84.47595540485501,87.795
2026-02-05T03:00:00Z,88.14152510873379,89.565
2026-02-05T04:00:00Z,100.83827024411463,91.51
2026-02-05T05:00:00Z,121.7815205319302,102.845
2026-02-05T06:00:00Z,144.06095697695446,113.32
2026-02-05T07:00:00Z,150.65237509145737,125.365
2026-02-05T08:00:00Z,145.06795933376708,121.52
2026-02-05T09:00:00Z,135.01057287373976,118.1925
2026-02-05T10:00:00Z,127.85338666551311,121.0675
2026-02-05T11:00:00Z,121.17480466222995,108.2525
2026-02-05T12:00:00Z,117.13513214011022,109.7575
2026-02-05T13:00:00Z,117.33184718803483,110.1025
2026-02-05T14:00:00Z,123.98252392433331,116.98
2026-02-05T15:00:00Z,139.10052714598754,126.0
2026-02-05T16:00:00Z,151.7611923599291,140.5
2026-02-05T17:00:00Z,153.53983606004078,136.64499999999998
2026-02-05T18:00:00Z,148.36604459764933,132.9075
2026-02-05T19:00:00Z,134.9895476223056,120.81
2026-02-05T20:00:00Z,128.09892875130217,107.7825
2026-02-05T21:00:00Z,122.7586744928349,105.88
2026-02-05T22:00:00Z,114.11067326021413,100.0375
2026-02-05T23:00:00Z,108.96208012060333,99.31
2026-02-06T00:00:00Z,100.33326798407357,99.1275
2026-02-06T01:00:00Z,103.48726524821282,98.0875
2026-02-06T02:00:00Z,106.8078612026547,98.2275
2026-02-06T03:00:00Z,113.39479694881878,98.7425
2026-02-06T04:00:00Z,125.699840342481,102.3325
2026-02-06T05:00:00Z,144.70614919314866,115.4225
2026-02-06T06:00:00Z,161.38538546003184,139.4625
2026-02-06T07:00:00Z,167.1104819771241,144.74
2026-02-06T08:00:00Z,160.335603627121,144.2025
2026-02-06T09:00:00Z,154.57442397097745,142.0925
2026-02-06T10:00:00Z,154.02401179259817,138.91
2026-02-06T11:00:00Z,152.62921253595755,136.21
2026-02-06T12:00:00Z,151.48279525976525,135.89249999999998
2026-02-06T13:00:00Z,148.54897497678587,135.66750000000002
2026-02-06T14:00:00Z,151.02027440772278,139.4725
2026-02-06T15:00:00Z,159.87224846777139,133.9625
2026-02-06T16:00:00Z,167.09955026069417,137.1875
2026-02-06T17:00:00Z,165.92309326745954,132.19
2026-02-06T18:00:00Z,158.32394650739556,125.6275
2026-02-06T19:00:00Z,145.31230753469748,110.9825
2026-02-06T20:00:00Z,132.66990430760592,108.85
2026-02-06T21:00:00Z,125.43256308163168,106.2625
2026-02-06T22:00:00Z,115.53944143971754,102.2375
2026-02-06T23:00:00Z,110.87519918132199,101.4925
2026-02-07T00:00:00Z,106.81920953877082,100.0
2026-02-07T01:00:00Z,104.92460768568677,98.0425
2026-02-07T02:00:00Z,105.52387433592048,96.885
2026-02-07T03:00:00Z,106.55223069527787,96.395
2026-02-07T04:00:00Z,112.22404973025479,96.725
2026-02-07T05:00:00Z,121.3171602884159,97.095
2026-02-07T06:00:00Z,133.973414511527,105.5475
2026-02-07T07:00:00Z,141.51262478729652,114.08
2026-02-07T08:00:00Z,144.22159379196046,117.975
2026-02-07T09:00:00Z,139.9683827785109,110.0625
2026-02-07T10:00:00Z,133.5843378936924,104.5325
2026-02-07T11:00:00Z,127.875078100265,100.1175
2026-02-07T12:00:00Z,123.20695538174408,97.3875
2026-02-07T13:00:00Z,122.6779635410682,99.9275
2026-02-07T14:00:00Z,130.10630625273075,106.3325
2026-02-07T15:00:00Z,140.86420567379938,120.29
2026-02-07T16:00:00Z,151.21964315058148,134.03750000000002
2026-02-07T17:00:00Z,150.91978887459658,135.33249999999998
2026-02-07T18:00:00Z,144.87361831459265,127.4975
2026-02-07T19:00:00Z,132.35978969250658,113.395
2026-02-07T20:00:00Z,123.96116372470325,104.39
2026-02-07T21:00:00Z,118.75314956418597,104.0725
2026-02-07T22:00:00Z,109.62805412198551,98.76
2026-02-07T23:00:00Z,102.52120947521034,102.035
2026-02-08T00:00:00Z,93.09461760266959,99.045
2026-02-08T01:00:00Z,92.0195453749066,97.5675
2026-02-08T02:00:00Z,92.39509153060817,96.425
2026-02-08T03:00:00Z,92.55262557551481,94.86
2026-02-08T04:00:00Z,93.60058975519341,95.75
2026-02-08T05:00:00Z,95.51123048359236,95.0
2026-02-08T06:00:00Z,103.7824053103045,95.805
2026-02-08T07:00:00Z,111.61615804365135,100.3475
2026-02-08T08:00:00Z,114.18765165297165,101.9875
2026-02-08T09:00:00Z,111.41519378177216,102.645
2026-02-08T10:00:00Z,105.30976006003765,99.6
2026-02-08T11:00:00Z,101.10768939156635,96.5725
2026-02-08T12:00:00Z,96.68073818975753,95.45
2026-02-08T13:00:00Z,94.91881639500582,97.22
2026-02-08T14:00:00Z,104.3343269400515,103.3225
2026-02-08T15:00:00Z,122.63838393875585,111.785
2026-02-08T16:00:00Z,136.5382533624547,127.6325
2026-02-08T17:00:00Z,140.9881700031084,131.26749999999998
2026-02-08T18:00:00Z,134.14136644779822,126.9075
2026-02-08T19:00:00Z,125.51117439015795,113.2825
2026-02-08T20:00:00Z,118.04891528104358,107.6275
2026-02-08T21:00:00Z,116.73818487116831,105.14
2026-02-08T22:00:00Z,110.19782222095867,99.9825
2026-02-08T23:00:00Z,108.82463898576582,96.745
2026-02-09T00:00:00Z,103.34769414867458,95.4525
2026-02-09T01:00:00Z,104.8694292620392,95.7025
2026-02-09T02:00:00Z,108.39410501252587,95.4675
2026-02-09T03:00:00Z,114.2766015959867,96.565
2026-02-09T04:00:00Z,127.9071519616224,104.735
2026-02-09T05:00:00Z,150.08963350882874,132.235
2026-02-09T06:00:00Z,166.2903677494199,158.595
2026-02-09T07:00:00Z,171.59889566570763,182.71
2026-02-09T08:00:00Z,166.1151325045949,169.2075
2026-02-09T09:00:00Z,158.16917529874206,157.29
2026-02-09T10:00:00Z,152.87696117851212,144.38
2026-02-09T11:00:00Z,148.37169974312621,137.0725
2026-02-09T12:00:00Z,144.20955541276322,135.025
2026-02-09T13:00:00Z,145.95720735669482,137.6575
2026-02-09T14:00:00Z,154.54899349602593,149.0775
2026-02-09T15:00:00Z,168.97113073197175,168.9825
2026-02-09T16:00:00Z,181.3210354002069,227.2125
2026-02-09T17:00:00Z,184.16440201354467,182.225
2026-02-09T18:00:00Z,172.50742621813447,165.81
2026-02-09T19:00:00Z,161.5320629555569,144.1275
2026-02-09T20:00:00Z,149.70862685540743,134.6
2026-02-09T21:00:00Z,143.99062226615854,122.895
2026-02-09T22:00:00Z,133.43178959805275,108.9225
2026-02-09T23:00:00Z,127.1173040109738,104.6425
2026-02-10T00:00:00Z,117.943269645631,103.745
2026-02-10T01:00:00Z,116.79576750101091,102.7475
2026-02-10T02:00:00Z,118.06570537401232,102.435
2026-02-10T03:00:00Z,119.86770813442406,102.435
2026-02-10T04:00:00Z,130.10947196705325,105.4275
2026-02-10T05:00:00Z,148.39117406355217,119.9175
2026-02-10T06:00:00Z,166.14085063181534,134.89
2026-02-10T07:00:00Z,172.80810066120964,143.8275
2026-02-10T08:00:00Z,160.38364915001432,132.08249999999998
2026-02-10T09:00:00Z,146.85435278713237,129.0875
2026-02-10T10:00:00Z,137.70569381437232,119.4425
2026-02-10T11:00:00Z,132.09090403784194,109.2225
2026-02-10T12:00:00Z,130.74563304337124,109.47
2026-02-10T13:00:00Z,135.46983296189842,116.2225
2026-02-10T14:00:00Z,145.75089268764805,128.115
2026-02-10T15:00:00Z,159.0923091155723,127.6625
2026-02-10T16:00:00Z,175.51195973409648,135.2425
2026-02-10T17:00:00Z,166.17566295327757,131.7125
2026-02-10T18:00:00Z,153.3241448177382,120.3275
2026-02-10T19:00:00Z,137.62616263699283,111.2525
2026-02-10T20:00:00Z,125.2226825417695,107.1575
2026-02-10T21:00:00Z,118.09075733540702,106.69
2026-02-10T22:00:00Z,106.10562744067127,100.5275
2026-02-10T23:00:00Z,92.67429059631759,96.7825
2026-02-11T00:00:00Z,84.1045302812985,96.63
2026-02-11T01:00:00Z,83.49360464637608,95.605
2026-02-11T02:00:00Z,86.68672595928128,94.68
2026-02-11T03:00:00Z,87.80594028387166,94.845
2026-02-11T04:00:00Z,95.20902899916192,99.1425
2026-02-11T05:00:00Z,113.04736580746786,110.4775
2026-02-11T06:00:00Z,131.70436624746134,129.0
2026-02-11T07:00:00Z,138.84220511640257,137.0675
2026-02-11T08:00:00Z,132.98795276687275,131.4375
2026-02-11T09:00:00Z,124.97713182457633,127.5
2026-02-11T10:00:00Z,119.38570373138415,125.94
2026-02-11T11:00:00Z,116.35155766832918,115.8625
2026-02-11T12:00:00Z,115.68758181525496,116.7
2026-02-11T13:00:00Z,114.57618640592045,116.7
2026-02-11T14:00:00Z,121.18667852228904,118.185
2026-02-11T15:00:00Z,128.16299885336701,122.315
2026-02-11T16:00:00Z,135.90457179392627,127.9
2026-02-11T17:00:00Z,139.20636806972192,125.465
2026-02-11T18:00:00Z,130.36161363108275,112.02
2026-02-11T19:00:00Z,114.86812872998523,104.9275
2026-02-11T20:00:00Z,102.07810182355335,104.38
2026-02-11T21:00:00Z,94.35856287746842,101.9975
2026-02-11T22:00:00Z,82.82121583890061,95.3075
2026-02-11T23:00:00Z,77.32935095616533,88.1925
2026-02-12T00:00:00Z,65.4512716603651,87.58
2026-02-12T01:00:00Z,67.70160536613807,86.2025
2026-02-12T02:00:00Z,68.47298685636977,84.8925
2026-02-12T03:00:00Z,72.63931457224076,86.0125
2026-02-12T04:00:00Z,86.04657008831626,89.43
2026-02-12T05:00:00Z,107.49800201899194,99.8625
2026-02-12T06:00:00Z,128.9964077561726,116.0075
2026-02-12T07:00:00Z,136.16245236782964,123.0725
2026-02-12T08:00:00Z,132.1173698852955,121.205
2026-02-12T09:00:00Z,125.2132644696835,117.52
2026-02-12T10:00:00Z,121.81600815444718,111.1525
2026-02-12T11:00:00Z,117.19477211281688,105.515
2026-02-12T12:00:00Z,116.09249696048332,103.555
2026-02-12T13:00:00Z,115.60097380494224,105.2125
2026-02-12T14:00:00Z,120.1442398735343,107.98
2026-02-12T15:00:00Z,128.45621214798695,110.785
2026-02-12T16:00:00Z,134.21078088054824,123.05
2026-02-12T17:00:00Z,136.820724506636,125.6625
2026-02-12T18:00:00Z,129.4405032472583,120.8725
2026-02-12T19:00:00Z,114.91241458431418,109.1025
2026-02-12T20:00:00Z,108.48538727507832,99.6925
2026-02-12T21:00:00Z,101.01473600194265,97.175
2026-02-12T22:00:00Z,89.74052324229423,89.33250000000001
2026-02-12T23:00:00Z,71.18941310343152,83.8575
2026-02-13T00:00:00Z,62.23899278499696,83.66
2026-02-13T01:00:00Z,63.220767526980325,82.2175
2026-02-13T02:00:00Z,67.13289617027536,81.855
2026-02-13T03:00:00Z,73.28677091443623,83.35
2026-02-13T04:00:00Z,86.80720648720236,87.1875
2026-02-13T05:00:00Z,106.89711160240702,98.7275
2026-02-13T06:00:00Z,128.11151569538822,117.7275
2026-02-13T07:00:00Z,137.51904763751799,123.85
2026-02-13T08:00:00Z,131.33487975536042,119.15
2026-02-13T09:00:00Z,125.54786586068033,106.3925
2026-02-13T10:00:00Z,119.97414527561452,101.03
2026-02-13T11:00:00Z,116.27192324954437,97.3
2026-02-13T12:00:00Z,117.4240710181719,97.495
2026-02-13T13:00:00Z,120.17807151753566,102.09
2026-02-13T14:00:00Z,131.41084881613102,118.0975
2026-02-13T15:00:00Z,144.41451601517446,125.905
2026-02-13T16:00:00Z,157.31079422657746,131.985
2026-02-13T17:00:00Z,161.0148268319153,136.02249999999998
2026-02-13T18:00:00Z,156.85063808176625,131.89249999999998
2026-02-13T19:00:00Z,144.81132012838907,126.0
2026-02-13T20:00:00Z,131.69661196464415,117.58
2026-02-13T21:00:00Z,124.53990301898746,109.9475
2026-02-13T22:00:00Z,113.20187903105773,100.8575
2026-02-13T23:00:00Z,99.27093100767232,96.9925
2026-02-14T00:00:00Z,93.48227519225026,91.83
2026-02-14T01:00:00Z,89.46711639698424,89.09
2026-02-14T02:00:00Z,88.42517778231336,88.6725
2026-02-14T03:00:00Z,88.9511899081965,87.5075
2026-02-14T04:00:00Z,93.03301637885278,88.75
2026-02-14T05:00:00Z,100.44359273166639,90.2175
2026-02-14T06:00:00Z,112.27182282293035,93.1175
2026-02-14T07:00:00Z,120.54776333887489,101.8325
2026-02-14T08:00:00Z,121.69845701919272,107.49
2026-02-14T09:00:00Z,117.60173311195048,103.97
2026-02-14T10:00:00Z,112.50231941921922,98.1625
2026-02-14T11:00:00Z,109.33192741601317,95.16
2026-02-14T12:00:00Z,107.56590554959298,93.9725
2026-02-14T13:00:00Z,105.45176782569575,97.1125
2026-02-14T14:00:00Z,115.64346319433452,104.9525
2026-02-14T15:00:00Z,131.4756198528438,116.8875
2026-02-14T16:00:00Z,143.59559360632295,126.1
2026-02-14T17:00:00Z,150.71855437136713,131.9275
2026-02-14T18:00:00Z,146.84426577301406,128.72
2026-02-14T19:00:00Z,136.49419430876117,123.1925
2026-02-14T20:00:00Z,127.13863985377463,116.98
2026-02-14T21:00:00Z,120.77530001637831,111.2025
2026-02-14T22:00:00Z,110.18650264247738,101.1
2026-02-14T23:00:00Z,107.6257818079713,101.7775
2026-02-15T00:00:00Z,97.02574433554037,99.9475
2026-02-15T01:00:00Z,93.4500699151701,100.755
2026-02-15T02:00:00Z,90.20067190872636,98.025
2026-02-15T03:00:00Z,89.70709571374917,96.52
2026-02-15T04:00:00Z,90.17210173269264,94.355
2026-02-15T05:00:00Z,91.90550701820915,94.1675
2026-02-15T06:00:00Z,93.99043973283213,96.115
2026-02-15T07:00:00Z,89.73334120648111,96.8
2026-02-15T08:00:00Z,77.43037123211813,93.065
2026-02-15T09:00:00Z,60.85187326509009,83.0175
2026-02-15T10:00:00Z,51.305090537282,74.7225
2026-02-15T11:00:00Z,44.791836244473984,67.37
2026-02-15T12:00:00Z,39.59836227786465,64.4075
2026-02-15T13:00:00Z,42.58909813059048,64.4225
2026-02-15T14:00:00Z,57.17258220115587,71.9525
2026-02-15T15:00:00Z,75.41406856422225,84.205
2026-02-15T16:00:00Z,88.16881884333979,96.385
2026-02-15T17:00:00Z,84.15661325187945,98.2025
2026-02-15T18:00:00Z,73.49774316817768,83.6125
2026-02-15T19:00:00Z,59.97527268429353,71.0025
2026-02-15T20:00:00Z,51.23218052670673,67.2625
2026-02-15T21:00:00Z,47.40053290576178,65.61500000000001
2026-02-15T22:00:00Z,38.21486835518296,58.04
2026-02-15T23:00:00Z,30.678864642367678,68.93
2026-02-16T00:00:00Z,26.56825732244316,65.375
2026-02-16T01:00:00Z,26.9929070765764,64.41
2026-02-16T02:00:00Z,28.923475287392684,64.4125
2026-02-16T03:00:00Z,35.08396496180016,66.0525
2026-02-16T04:00:00Z,46.91658092940401,69.985
2026-02-16T05:00:00Z,66.61227943574801,79.3275
2026-02-16T06:00:00Z,86.9596726502546,94.0725
2026-02-16T07:00:00Z,96.07072687494549,101.0325
2026-02-16T08:00:00Z,94.13177073817442,104.425
2026-02-16T09:00:00Z,87.7955259321776,101.54
2026-02-16T10:00:00Z,82.67236899104171,94.86
2026-02-16T11:00:00Z,83.76197435209983,92.0025
2026-02-16T12:00:00Z,85.15367247237904,94.4025
2026-02-16T13:00:00Z,88.03825641910925,96.0125
2026-02-16T14:00:00Z,100.343384270482,104.075
2026-02-16T15:00:00Z,116.96220603642192,115.3025
2026-02-16T16:00:00Z,137.6555213458881,130.355
2026-02-16T17:00:00Z,142.61234768466346,129.1175
2026-02-16T18:00:00Z,132.5294023071016,126.355
2026-02-16T19:00:00Z,119.82350566723069,115.6325
2026-02-16T20:00:00Z,109.75905214843962,103.8975
2026-02-16T21:00:00Z,100.55340345017291,101.92
2026-02-16T22:00:00Z,89.23234678169158,92.755
2026-02-23T23:00:00Z,56.725023419683296,82.3575
2026-02-24T00:00:00Z,55.21746865422085,83.9625
2026-02-24T01:00:00Z,63.97113259607028,85.975
2026-02-24T02:00:00Z,75.52972420077836,86.45
2026-02-24T03:00:00Z,86.33690808806904,88.205
2026-02-24T04:00:00Z,105.2686686003224,94.17
2026-02-24T05:00:00Z,132.82823686725658,111.1225
2026-02-24T06:00:00Z,154.79375178955758,133.0975
2026-02-24T07:00:00Z,160.91238713057678,147.475
2026-02-24T08:00:00Z,152.6392245199807,140.72
2026-02-24T09:00:00Z,140.72033122680324,128.7675
2026-02-24T10:00:00Z,130.81556074424992,111.395
2026-02-24T11:00:00Z,116.93117179264891,100.19
2026-02-24T12:00:00Z,111.83891103462773,99.3
2026-02-24T13:00:00Z,116.03701564304185,95.005
2026-02-24T14:00:00Z,128.12756066701553,107.0725
2026-02-24T15:00:00Z,146.6226046527304,125.8075
2026-02-24T16:00:00Z,164.57294530407046,182.22
2026-02-24T17:00:00Z,167.2652615291017,184.0475
2026-02-24T18:00:00Z,163.0113415029985,144.4175
2026-02-24T19:00:00Z,146.90831013723135,118.9575
2026-02-24T20:00:00Z,134.8818768858345,108.725
2026-02-24T21:00:00Z,125.32375890543571,101.705
2026-02-24T22:00:00Z,113.69571303770948,93.9025
2026-02-24T23:00:00Z,109.47303377613859,92.1425
2026-02-25T00:00:00Z,102.77892216511074,87.4025
2026-02-25T01:00:00Z,103.12051745386816,84.83250000000001
2026-02-25T02:00:00Z,105.17678738730977,88.095
2026-02-25T03:00:00Z,109.7395122105246,88.61
2026-02-25T04:00:00Z,119.96230838011232,93.1725
2026-02-25T05:00:00Z,138.44786373847373,113.8175
2026-02-25T06:00:00Z,154.51060715894272,130.7325
2026-02-25T07:00:00Z,148.62341350730412,119.8525
2026-02-25T08:00:00Z,127.97429199016456,107.175
2026-02-25T09:00:00Z,105.88825322303816,90.83
2026-02-25T10:00:00Z,88.93555196636669,79.8475
2026-02-25T11:00:00Z,72.08376646860606,65.80250000000001
2026-02-25T12:00:00Z,65.86131417667045,60.1975
2026-02-25T13:00:00Z,67.58348256497847,67.8475
2026-02-25T14:00:00Z,89.37295728431909,80.9825
2026-02-25T15:00:00Z,122.6136347109601,101.37
2026-02-25T16:00:00Z,154.9167508070474,118.6425
2026-02-25T17:00:00Z,151.14752561832302,121.77
2026-02-25T18:00:00Z,129.40231043169416,107.1525
2026-02-25T19:00:00Z,108.59805252238112,94.255
2026-02-25T20:00:00Z,93.05902204592628,87.28
2026-02-25T21:00:00Z,83.04963811797398,86.8275
2026-02-25T22:00:00Z,71.68620881766816,79.12
2026-02-25T23:00:00Z,65.05204751815057,76.4225
2026-02-26T00:00:00Z,54.220595662446286,72.39
2026-02-26T01:00:00Z,52.95539447568731,68.74249999999999
2026-02-26T02:00:00Z,54.73309059360359,67.9325
2026-02-26T03:00:00Z,57.89211039371744,67.3775
2026-02-26T04:00:00Z,69.98759850257738,75.855
2026-02-26T05:00:00Z,89.4761767123443,100.8175
2026-02-26T06:00:00Z,103.34150242589041,110.1
2026-02-26T07:00:00Z,93.23985439471605,97.4475
2026-02-26T08:00:00Z,74.47848225883837,80.42500000000001
2026-02-26T09:00:00Z,58.83843620439377,67.85
2026-02-26T10:00:00Z,46.38953400360137,53.345
2026-02-26T11:00:00Z,35.50019523014878,20.0375
2026-02-26T12:00:00Z,35.22984040411076,14.0525
2026-02-26T13:00:00Z,43.681074435808235,44.6375
2026-02-26T14:00:00Z,70.1916133400112,71.3075
2026-02-26T15:00:00Z,103.42908074225669,94.7325
2026-02-26T16:00:00Z,126.42034964765415,111.1375
2026-02-26T17:00:00Z,124.38690133946591,113.095
2026-02-26T18:00:00Z,110.38947037989679,107.985
2026-02-26T19:00:00Z,93.52382597365948,93.4475
2026-02-26T20:00:00Z,79.12552584455366,84.0775
2026-02-26T21:00:00Z,69.26566030670352,80.45750000000001
2026-02-26T22:00:00Z,57.02035019490612,71.575
2026-02-26T23:00:00Z,39.24896085498459,55.1475
2026-02-27T00:00:00Z,33.50380541298873,56.0075
2026-02-27T01:00:00Z,36.03412852301964,57.3025
2026-02-27T02:00:00Z,40.23901619113019,60.0
2026-02-27T03:00:00Z,45.061623735258344,61.795
2026-02-27T04:00:00Z,56.359890239358684,65.9925
2026-02-27T05:00:00Z,75.88997771017718,76.565
2026-02-27T06:00:00Z,86.97813263004093,88.525
2026-02-27T07:00:00Z,73.72741303535899,79.33
2026-02-27T08:00:00Z,49.65443694137566,64.415
2026-02-27T09:00:00Z,27.16911607227975,31.5475
2026-02-27T10:00:00Z,10.978528917865091,0.97
2026-02-27T11:00:00Z,-4.891125320914597,-0.0125
2026-02-27T12:00:00Z,-4.091542031434344,-0.01
2026-02-27T13:00:00Z,14.78458343985993,7.7375
2026-02-27T14:00:00Z,44.43575991871657,59.755
2026-02-27T15:00:00Z,88.51413023199552,92.0
2026-02-27T16:00:00Z,123.67501240935488,115.195
2026-02-27T17:00:00Z,123.10906921673265,118.1
2026-02-27T18:00:00Z,112.71231900025867,109.2525
2026-02-27T19:00:00Z,98.49261854251677,100.03
2026-02-27T20:00:00Z,87.5179000223049,90.9625
2026-02-27T21:00:00Z,82.51427798414855,87.51
2026-02-27T22:00:00Z,69.84005963975298,80.0025
2026-02-27T23:00:00Z,68.4326811397675,80.02
2026-02-28T00:00:00Z,68.12980183480256,76.305
2026-02-28T01:00:00Z,66.54816209928747,74.7275
2026-02-28T02:00:00Z,63.61089574585073,71.775
2026-02-28T03:00:00Z,64.77250273159599,71.8925
2026-02-28T04:00:00Z,70.83539209905946,72.25
2026-02-28T05:00:00Z,77.18258654761092,72.9225
2026-02-28T06:00:00Z,80.29872395134377,76.29
2026-02-28T07:00:00Z,62.70260565044201,57.115
2026-02-28T08:00:00Z,41.333852524476185,17.7975
2026-02-28T09:00:00Z,19.419230443940087,-0.01
2026-02-28T10:00:00Z,0.3403748143456369,-0.0275
2026-02-28T11:00:00Z,-8.756546636678735,-0.2525
2026-02-28T12:00:00Z,-10.094634350552056,-0.2225
2026-02-28T13:00:00Z,-4.601551872874012,-0.0075
2026-02-28T14:00:00Z,21.324499718788253,14.8625
2026-02-28T15:00:00Z,59.42531296027356,65.6475
2026-02-28T16:00:00Z,85.59831232040597,89.935
2026-02-28T17:00:00Z,90.6466707516442,95.1925
2026-02-28T18:00:00Z,82.49106631944792,85.1675
2026-02-28T19:00:00Z,69.79245192454773,69.1175
2026-02-28T20:00:00Z,61.98640388981696,64.6675
2026-02-28T21:00:00Z,56.40823183026656,64.6625
2026-02-28T22:00:00Z,45.502203753011905,60.6725
2026-02-28T23:00:00Z,43.21252559530917,47.6475
2026-03-01T00:00:00Z,37.22006330437011,51.55
2026-03-01T01:00:00Z,43.35546314546903,54.2475
2026-03-01T02:00:00Z,50.206559245814006,57.072500000000005
2026-03-01T03:00:00Z,60.29214482390073,61.085
2026-03-01T04:00:00Z,65.52752001524976,65.18
2026-03-01T05:00:00Z,70.38942637044408,66.00750000000001
2026-03-01T06:00:00Z,73.58474776894563,64.9975
2026-03-01T07:00:00Z,62.01048512406286,52.535
2026-03-01T08:00:00Z,39.708703427206245,19.98
2026-03-01T09:00:00Z,22.047008944362688,0.0
2026-03-01T10:00:00Z,15.611888043326204,-0.025
2026-03-01T11:00:00Z,7.191811856062657,-0.365
2026-03-01T12:00:00Z,6.640935252130049,-0.7875
2026-03-01T13:00:00Z,11.195327868645506,-0.005
2026-03-01T14:00:00Z,34.628299720333814,25.9525
2026-03-01T15:00:00Z,76.0440027147908,74.84
2026-03-01T16:00:00Z,113.136262481726,103.76
2026-03-01T17:00:00Z,119.8778337182419,110.2025
2026-03-01T18:00:00Z,107.57279868533028,101.685
2026-03-01T19:00:00Z,91.14179395109937,90.735
2026-03-01T20:00:00Z,78.00587081877971,81.315
2026-03-01T21:00:00Z,75.53591111129565,74.66499999999999
2026-03-01T22:00:00Z,67.2890798219153,68.1475
2026-03-01T23:00:00Z,54.77701689534004,65.13
2026-03-02T00:00:00Z,51.130480018517865,66.94500000000001
2026-03-02T01:00:00Z,56.16961614361111,69.0075
2026-03-02T02:00:00Z,60.56059221139757,69.5675
2026-03-02T03:00:00Z,69.65276264232591,74.03
2026-03-02T04:00:00Z,84.28067163638335,85.03
2026-03-02T05:00:00Z,106.17730122588054,100.1675
2026-03-02T06:00:00Z,118.58468695996633,138.6525
2026-03-02T07:00:00Z,102.76314428127327,124.8625
2026-03-02T08:00:00Z,71.9942468899255,89.4625
2026-03-02T09:00:00Z,46.467063720328426,69.9
2026-03-02T10:00:00Z,32.50309311388822,53.5625
2026-03-02T11:00:00Z,21.245795776960065,29.067500000000003
2026-03-02T12:00:00Z,19.00388673073745,40.2525
2026-03-02T13:00:00Z,30.979910467101348,64.03
2026-03-02T14:00:00Z,63.85405835019904,84.9875
2026-03-02T15:00:00Z,110.67110427923839,109.1525
2026-03-02T16:00:00Z,147.42139884505076,173.5
2026-03-02T17:00:00Z,152.91320593862366,187.995
2026-03-02T18:00:00Z,139.49581532298467,143.61
2026-03-02T19:00:00Z,123.99296498048994,107.685
2026-03-02T20:00:00Z,109.46347716012534,96.4675
2026-03-02T21:00:00Z,99.07197912779372,96.8
2026-03-02T22:00:00Z,89.67171802184912,88.89500000000001
2026-03-02T23:00:00Z,94.40852127787447,89.0625
2026-03-03T00:00:00Z,90.69941792174433,90.1225
2026-03-03T01:00:00Z,95.42794680039093,89.425
2026-03-03T02:00:00Z,100.987178940288,92.815
2026-03-03T03:00:00Z,107.26028629608611,95.7225
2026-03-03T04:00:00Z,120.38261353112904,103.32
2026-03-03T05:00:00Z,140.98967100589283,136.0475
2026-03-03T06:00:00Z,158.07496032003633,156.3975
2026-03-03T07:00:00Z,142.90762335951587,136.78
2026-03-03T08:00:00Z,112.15388970141228,99.52
2026-03-03T09:00:00Z,84.3646332748593,78.17
2026-03-03T10:00:00Z,64.97502835797256,55.9225
2026-03-03T11:00:00Z,50.10779183239006,32.365
2026-03-03T12:00:00Z,52.23846839310639,35.6625
2026-03-03T13:00:00Z,65.37753336087695,64.14500000000001
2026-03-03T14:00:00Z,95.12036093857628,86.7675
2026-03-03T15:00:00Z,135.35952297491963,114.18
2026-03-03T16:00:00Z,181.02776790281615,158.615
2026-03-03T17:00:00Z,192.28066943741686,204.2575
2026-03-03T18:00:00Z,175.15196833865178,173.37
2026-03-03T19:00:00Z,157.72957407431414,131.725
2026-03-03T20:00:00Z,146.15880638417119,116.18
2026-03-03T21:00:00Z,139.09454706005457,111.32
2026-03-03T22:00:00Z,129.14417010814128,104.695
2026-03-03T23:00:00Z,132.34935464190133,129.01
2026-03-04T00:00:00Z,127.00957130030338,127.8225
2026-03-04T01:00:00Z,125.56064920324826,125.3225
2026-03-04T02:00:00Z,127.57366395520988,124.735
2026-03-04T03:00:00Z,136.64392008466808,128.2025
2026-03-04T04:00:00Z,147.80470171848629,141.16
2026-03-04T05:00:00Z,170.1367561917517,200.2975
2026-03-04T06:00:00Z,183.71918627390642,267.485
2026-03-04T07:00:00Z,169.01809463297286,193.3475
2026-03-04T08:00:00Z,141.24416691982742,150.76
2026-03-04T09:00:00Z,110.3774002632588,110.4175
2026-03-04T10:00:00Z,84.45510812084345,78.2975
2026-03-04T11:00:00Z,65.4515754797985,42.495
2026-03-04T12:00:00Z,59.84601694360081,32.975
2026-03-04T13:00:00Z,71.0756587257543,65.405
2026-03-04T14:00:00Z,99.39790340193792,99.1125
2026-03-04T15:00:00Z,141.453323038807,137.21
2026-03-04T16:00:00Z,184.81660668607827,244.265
2026-03-04T17:00:00Z,204.76519526219238,310.86
2026-03-04T18:00:00Z,195.10149991940287,239.6275
2026-03-04T19:00:00Z,174.34759486886412,169.86
2026-03-04T20:00:00Z,159.13173163907365,151.8775
2026-03-04T21:00:00Z,148.29015933635128,142.24
2026-03-04T22:00:00Z,135.23891520935496,124.8075
2026-03-04T23:00:00Z,128.2141300287615,116.485
2026-03-05T00:00:00Z,119.30422830362232,109.9325
2026-03-05T01:00:00Z,119.22395439317984,109.2625
2026-03-05T02:00:00Z,121.34259467828267,108.785
2026-03-05T03:00:00Z,127.43695055359112,111.0625
2026-03-05T04:00:00Z,140.16584201068554,126.9325
2026-03-05T05:00:00Z,166.54379904477048,154.3875
2026-03-05T06:00:00Z,183.0329908151038,175.54500000000002
2026-03-05T07:00:00Z,147.3301739194733,139.32999999999998
2026-03-05T08:00:00Z,112.55420613824154,97.0925
2026-03-05T09:00:00Z,82.05388138996385,64.145
2026-03-05T10:00:00Z,57.712342424741024,22.955
2026-03-05T11:00:00Z,26.984105191796623,2.1225
2026-03-05T12:00:00Z,23.4905554991744,2.825
2026-03-05T13:00:00Z,50.55186350408979,38.835
2026-03-05T14:00:00Z,88.60126637679438,90.0025
2026-03-05T15:00:00Z,134.21915210094332,137.75
2026-03-05T16:00:00Z,188.12425125040596,180.375
2026-03-05T17:00:00Z,201.81555775073022,192.02
2026-03-05T18:00:00Z,170.6509771213157,165.0
2026-03-05T19:00:00Z,143.16389791100005,135.245
2026-03-05T20:00:00Z,129.59167859817634,130.59
2026-03-05T21:00:00Z,122.62529998680793,130.1425
2026-03-05T22:00:00Z,114.34184653953031,119.7
2026-03-05T23:00:00Z,105.2965641692183,104.125
2026-03-06T00:00:00Z,102.56540473853927,106.0
2026-03-06T01:00:00Z,107.94106461766567,108.5225
2026-03-06T02:00:00Z,114.13569547626619,109.525
2026-03-06T03:00:00Z,122.60050071344597,115.5
2026-03-06T04:00:00Z,136.57195342767312,129.6575
2026-03-06T05:00:00Z,158.86031395992273,157.285
2026-03-06T06:00:00Z,168.3808765904255,177.025
2026-03-06T07:00:00Z,140.55135727196773,138.2875
2026-03-06T08:00:00Z,105.5503654131337,111.9625
2026-03-06T09:00:00Z,74.79179415677892,96.5
2026-03-06T10:00:00Z,48.51496813658071,66.7125
2026-03-06T11:00:00Z,34.63510204217266,52.64
2026-03-06T12:00:00Z,31.783387644557358,48.6525
2026-03-06T13:00:00Z,46.971371249053846,73.9375
2026-03-06T14:00:00Z,86.79989837206661,107.0675
2026-03-06T15:00:00Z,136.56704368999772,130.39749999999998
2026-03-06T16:00:00Z,179.82723119449133,177.4375
2026-03-06T17:00:00Z,190.3906551523417,229.5525
2026-03-06T18:00:00Z,178.1262497276731,189.765
2026-03-06T19:00:00Z,160.90541670487096,153.11
2026-03-06T20:00:00Z,149.24098461029803,134.1925
2026-03-06T21:00:00Z,141.16962157044725,127.245
2026-03-06T22:00:00Z,130.83346534307472,126.075
2026-03-06T23:00:00Z,123.28899217680704,135.1625
2026-03-07T00:00:00Z,121.31027488642788,130.6775
2026-03-07T01:00:00Z,121.31150949458713,125.6725
2026-03-07T02:00:00Z,122.64394553362054,124.39
2026-03-07T03:00:00Z,126.24021567923108,124.7475
2026-03-07T04:00:00Z,131.99017633642163,129.575
2026-03-07T05:00:00Z,142.0640671387879,135.62
2026-03-07T06:00:00Z,142.36432774748852,129.5575
2026-03-07T07:00:00Z,114.26310915244521,112.9025
2026-03-07T08:00:00Z,85.76145818322703,102.7875
2026-03-07T09:00:00Z,58.30371443782498,74.445
2026-03-07T10:00:00Z,25.001702145719136,30.5425
2026-03-07T11:00:00Z,12.52192962127971,13.03
2026-03-07T12:00:00Z,11.424912376292056,1.4175
2026-03-07T13:00:00Z,37.57657069201734,18.1775
2026-03-07T14:00:00Z,72.78667711853733,83.285
2026-03-07T15:00:00Z,120.88871022297737,126.315
2026-03-07T16:00:00Z,168.49939378929136,147.37
2026-03-07T17:00:00Z,189.79094847881032,180.8725
2026-03-07T18:00:00Z,176.03842280919025,166.725
2026-03-07T19:00:00Z,154.61206396926895,148.1975
2026-03-07T20:00:00Z,141.8336362722506,137.61
2026-03-07T21:00:00Z,135.00278091657415,134.1975
2026-03-07T22:00:00Z,127.01809761184163,130.645
2026-03-07T23:00:00Z,123.8620029693157,135.9925
2026-03-08T00:00:00Z,115.20755191999501,132.7325
2026-03-08T01:00:00Z,114.63521665773371,131.1925
2026-03-08T02:00:00Z,114.79230877756697,130.0925
2026-03-08T03:00:00Z,116.02875633624366,129.335
2026-03-08T04:00:00Z,119.0023907965546,129.635
2026-03-08T05:00:00Z,124.18092209848447,131.0975
2026-03-08T06:00:00Z,119.65212176370729,116.985
2026-03-08T07:00:00Z,97.8092313876624,108.5625
2026-03-08T08:00:00Z,74.31532764717281,90.7175
2026-03-08T09:00:00Z,44.9006845100223,62.94
2026-03-08T10:00:00Z,7.88810369561476,18.0275
2026-03-08T11:00:00Z,-3.2816830419180008,8.3325
2026-03-08T12:00:00Z,-7.795599762869173,-0.005
2026-03-08T13:00:00Z,14.344899798679037,6.48
2026-03-08T14:00:00Z,55.041321355138855,64.25999999999999
2026-03-08T15:00:00Z,105.20986287493919,117.2025
2026-03-08T16:00:00Z,139.7683139734767,146.3125
2026-03-08T17:00:00Z,157.01994654106164,160.26
2026-03-08T18:00:00Z,143.2098069334652,154.0525
2026-03-08T19:00:00Z,127.46187655231056,138.7925
2026-03-08T20:00:00Z,116.87509886029294,127.435
2026-03-08T21:00:00Z,112.74053702774539,121.115
2026-03-08T22:00:00Z,106.9840555533572,113.5725
2026-03-08T23:00:00Z,105.34342138519094,114.0875
2026-03-09T00:00:00Z,103.13206031281605,109.2725
2026-03-09T01:00:00Z,106.29688246342054,109.12
2026-03-09T02:00:00Z,110.70286019299057,110.48
2026-03-09T03:00:00Z,118.08497098523834,116.39
2026-03-09T04:00:00Z,132.03654945747354,136.9975
2026-03-09T05:00:00Z,152.82751475110763,163.925
2026-03-09T06:00:00Z,156.73559220624125,191.58
2026-03-09T07:00:00Z,136.03053620085115,162.605
2026-03-09T08:00:00Z,105.68953037733127,127.0725
2026-03-09T09:00:00Z,74.48226564978351,101.1175
2026-03-09T10:00:00Z,48.6801816386602,81.0475
2026-03-09T11:00:00Z,38.14342025180834,67.69
2026-03-09T12:00:00Z,41.106376900643454,67.2925
2026-03-09T13:00:00Z,52.635150192646336,81.375
2026-03-09T14:00:00Z,91.11518940423349,112.9925
2026-03-09T15:00:00Z,138.09563643005248,143.4375
2026-03-09T16:00:00Z,177.0268988820223,187.025
2026-03-09T17:00:00Z,191.6915763842082,243.9725
2026-03-09T18:00:00Z,184.2186379410308,222.405
2026-03-09T19:00:00Z,169.21597940500806,180.89
2026-03-09T20:00:00Z,157.06802807850147,152.1575
2026-03-09T21:00:00Z,148.2350541058728,143.27
2026-03-09T22:00:00Z,135.30600224304658,132.695
2026-03-09T23:00:00Z,131.22463842896678,138.58
2026-03-10T00:00:00Z,122.16448511082623,130.44
2026-03-10T01:00:00Z,122.44527026560058,127.6125
2026-03-10T02:00:00Z,126.03453227812798,126.9
2026-03-10T03:00:00Z,132.7347211207437,128.48250000000002
2026-03-10T04:00:00Z,145.47839703565194,140.70999999999998
2026-03-10T05:00:00Z,166.96675321736637,168.1025
2026-03-10T06:00:00Z,175.27915248154164,180.17
2026-03-10T07:00:00Z,149.84185003853366,173.32
2026-03-10T08:00:00Z,117.48690615019538,140.53750000000002
2026-03-10T09:00:00Z,88.32676363876652,118.25
2026-03-10T10:00:00Z,67.90996609552987,103.7925
2026-03-10T11:00:00Z,58.91402064337566,91.44
2026-03-10T12:00:00Z,64.97863520011641,97.0375
2026-03-10T13:00:00Z,78.62741303169841,107.165
2026-03-10T14:00:00Z,105.34294289149405,121.4925
2026-03-10T15:00:00Z,141.78492203635497,144.3925
2026-03-10T16:00:00Z,180.84579584940533,179.0025
2026-03-10T17:00:00Z,200.96368871616528,218.2275
2026-03-10T18:00:00Z,186.76796186036267,201.13
2026-03-10T19:00:00Z,164.21781939762147,159.5475
2026-03-10T20:00:00Z,143.99807707669547,139.9675
2026-03-10T21:00:00Z,127.44307871690927,123.255
2026-03-10T22:00:00Z,112.33564785204044,98.5825
2026-03-10T23:00:00Z,95.40507634159636,83.9575
2026-03-11T00:00:00Z,80.0151087830165,70.805
2026-03-11T01:00:00Z,74.84879918506813,65.425
2026-03-11T02:00:00Z,71.67930114669849,63.5725
2026-03-11T03:00:00Z,73.58523861738686,56.0725
2026-03-11T04:00:00Z,82.00738506341595,64.535
2026-03-11T05:00:00Z,101.118479410095,70.8675
2026-03-11T06:00:00Z,108.38143481258868,80.87
2026-03-11T07:00:00Z,89.27205716864748,75.5025
2026-03-11T08:00:00Z,64.39485531303666,57.945
2026-03-11T09:00:00Z,43.12849848137614,26.2275
2026-03-11T10:00:00Z,29.17393727846799,12.1975
2026-03-11T11:00:00Z,27.178464903869568,9.9125
2026-03-11T12:00:00Z,33.79253485684807,16.1375
2026-03-11T13:00:00Z,45.73879726476499,47.2725
2026-03-11T14:00:00Z,68.9203902887963,79.33
2026-03-11T15:00:00Z,100.69545418833556,104.105
2026-03-11T16:00:00Z,133.8539940215559,128.7775
2026-03-11T17:00:00Z,157.97229650400828,153.13750000000002
2026-03-11T18:00:00Z,148.08879869363517,156.72
2026-03-11T19:00:00Z,129.13629827975535,132.19
2026-03-11T20:00:00Z,117.13545810663882,123.0275
2026-03-11T21:00:00Z,110.44108144923564,119.3025
2026-03-11T22:00:00Z,94.66006839664246,104.0025
2026-03-11T23:00:00Z,82.58967651148258,100.185
2026-03-12T00:00:00Z,74.9228905651767,92.0425
2026-03-12T01:00:00Z,73.60985019274703,88.8125
2026-03-12T02:00:00Z,76.62295410044135,88.61
2026-03-12T03:00:00Z,80.35507021505832,89.6625
2026-03-12T04:00:00Z,91.688015920618,99.8225
2026-03-12T05:00:00Z,104.18988647829086,130.6675
2026-03-12T06:00:00Z,109.63673286532557,137.14
2026-03-12T07:00:00Z,93.36613394462547,104.805
2026-03-12T08:00:00Z,65.0590084096257,79.9975
2026-03-12T09:00:00Z,32.11379818447841,28.475
2026-03-12T10:00:00Z,10.34102225723035,0.3425
2026-03-12T11:00:00Z,-2.6886638787574952,-1.0925
2026-03-12T12:00:00Z,-6.603520124170672,-2.4925
2026-03-12T13:00:00Z,1.3539501276590755,-0.9025
2026-03-12T14:00:00Z,22.44433985899117,3.6
2026-03-12T15:00:00Z,53.07408574942771,51.165
2026-03-12T16:00:00Z,89.82875288955312,108.5775
2026-03-12T17:00:00Z,108.04955967978556,114.865
2026-03-12T18:00:00Z,97.97158322479342,105.9975
2026-03-12T19:00:00Z,78.44251526709952,86.57
2026-03-12T20:00:00Z,62.93153008026647,69.79
2026-03-12T21:00:00Z,53.02401769268272,62.555
2026-03-12T22:00:00Z,41.16874969476744,17.9025
2026-03-12T23:00:00Z,38.31333894685612,6.29
2026-03-13T00:00:00Z,31.878623326071164,4.1025
2026-03-13T01:00:00Z,30.803842367418753,2.8875
2026-03-13T02:00:00Z,31.78427649440259,1.1475
2026-03-13T03:00:00Z,33.15499192136109,1.46
2026-03-13T04:00:00Z,44.06739472264992,2.9075
2026-03-13T05:00:00Z,64.73559207788374,8.46
2026-03-13T06:00:00Z,65.94766538904152,19.9375
2026-03-13T07:00:00Z,40.97599272879307,6.415
2026-03-13T08:00:00Z,21.87763931895428,-0.24
2026-03-13T09:00:00Z,3.4418753736138967,-4.9975
2026-03-13T10:00:00Z,-12.635287224024879,-9.0
2026-03-13T11:00:00Z,-9.914215808226459,-8.3475
2026-03-13T12:00:00Z,-0.0014471542352225697,-2.5525
2026-03-13T13:00:00Z,20.392131775267444,1.1725
2026-03-13T14:00:00Z,43.64236179278357,47.07
2026-03-13T15:00:00Z,88.3265027012679,101.31
2026-03-13T16:00:00Z,133.58141326938286,141.93
2026-03-13T17:00:00Z,155.47471079379613,161.4925
2026-03-13T18:00:00Z,155.21791807833648,165.745
2026-03-13T19:00:00Z,137.48516071374107,145.7225
2026-03-13T20:00:00Z,126.07570090964782,130.335
2026-03-13T21:00:00Z,119.23000178720793,123.4225
2026-03-13T22:00:00Z,103.13381067602569,115.8075
2026-03-13T23:00:00Z,99.40015453859789,112.945
2026-03-14T00:00:00Z,95.82783561422686,109.07
2026-03-14T01:00:00Z,96.8981478631823,103.99
2026-03-14T02:00:00Z,98.3982806928441,101.8625
2026-03-14T03:00:00Z,101.09962956044488,105.115
2026-03-14T04:00:00Z,104.72187586784253,109.0675
2026-03-14T05:00:00Z,108.4285900118247,111.52
2026-03-14T06:00:00Z,114.82843667890756,116.7075
2026-03-14T07:00:00Z,109.1604193587584,121.88
2026-03-14T08:00:00Z,90.98004188670079,116.14
2026-03-14T09:00:00Z,83.63814535067422,107.5225
2026-03-14T10:00:00Z,76.12237628097878,103.525
2026-03-14T11:00:00Z,73.25791197675755,104.195
2026-03-14T12:00:00Z,69.50143713828352,103.43
2026-03-14T13:00:00Z,75.09875587649397,105.6775
2026-03-14T14:00:00Z,94.14420121019967,114.22
2026-03-14T15:00:00Z,124.5227229422974,130.0
2026-03-14T16:00:00Z,147.0416927715811,138.65
2026-03-14T17:00:00Z,162.80972424138264,161.1
2026-03-14T18:00:00Z,161.6012749795262,169.83499999999998
2026-03-14T19:00:00Z,150.61730609007003,150.265
2026-03-14T20:00:00Z,141.18501400416775,137.4525
2026-03-14T21:00:00Z,133.38406116392113,135.2375
2026-03-14T22:00:00Z,123.75566785278994,128.04500000000002
2026-03-14T23:00:00Z,123.79858537947572,137.3425
2026-03-15T00:00:00Z,116.51178498269027,133.73000000000002
2026-03-15T01:00:00Z,112.27962517507149,124.96
2026-03-15T02:00:00Z,111.28961513272961,123.5275
2026-03-15T03:00:00Z,113.17053932708849,122.1775
2026-03-15T04:00:00Z,116.90353795621823,124.12
2026-03-15T05:00:00Z,120.77172122062973,124.3875
2026-03-15T06:00:00Z,121.92741473522835,118.46
2026-03-15T07:00:00Z,115.7006622730517,109.095
2026-03-15T08:00:00Z,104.609491896027,94.77
2026-03-15T09:00:00Z,92.63294597550704,87.305
2026-03-15T10:00:00Z,79.41609568116239,72.21
2026-03-15T11:00:00Z,69.26180826996126,52.9675
2026-03-15T12:00:00Z,61.24689146432888,36.4575
2026-03-15T13:00:00Z,60.16929753360354,37.1975
2026-03-15T14:00:00Z,76.03270977049887,63.0775
2026-03-15T15:00:00Z,100.43667461464499,89.245
2026-03-15T16:00:00Z,124.23460026481231,127.9125
2026-03-15T17:00:00Z,138.4696505660478,149.115
2026-03-15T18:00:00Z,127.0087234446568,131.87
2026-03-15T19:00:00Z,105.87059075348529,108.4825
2026-03-15T20:00:00Z,87.61278706353609,91.875
2026-03-15T21:00:00Z,76.55239580510249,82.8625
2026-03-15T22:00:00Z,61.96878234932559,64.015
2026-03-15T23:00:00Z,52.66438768315433,34.165
2026-03-16T00:00:00Z,43.79864275969138,23.3275
2026-03-16T01:00:00Z,41.24104620200922,17.59
2026-03-16T02:00:00Z,46.64004040689658,14.1375
2026-03-16T03:00:00Z,54.690719591738,20.0575
2026-03-16T04:00:00Z,70.56251457439946,37.4275
2026-03-16T05:00:00Z,92.31854217818112,66.19
2026-03-16T06:00:00Z,102.19813688318035,95.5675
2026-03-16T07:00:00Z,94.62930579492455,95.9775
2026-03-16T08:00:00Z,76.43487251834716,73.105
2026-03-16T09:00:00Z,61.48567048095407,42.595
2026-03-16T10:00:00Z,50.78160480684399,17.365000000000002
2026-03-16T11:00:00Z,46.281732125789475,12.035
2026-03-16T12:00:00Z,45.22959679911115,15.88
2026-03-16T13:00:00Z,46.601037632860944,42.1725
2026-03-16T14:00:00Z,70.29609237884608,64.445
2026-03-16T15:00:00Z,106.9359097075546,106.21
2026-03-16T16:00:00Z,149.06540748408537,138.6025
2026-03-16T17:00:00Z,179.11646889177155,165.035
2026-03-16T18:00:00Z,167.12283661108262,179.8875
2026-03-16T19:00:00Z,149.84580846992668,154.785
2026-03-16T20:00:00Z,137.12857662395834,125.7125
2026-03-16T21:00:00Z,126.76274083097596,121.9125
2026-03-16T22:00:00Z,111.64233720569501,99.765
2026-03-16T23:00:00Z,108.04701457632058,113.665
2026-03-17T00:00:00Z,98.0115598777396,105.585
2026-03-17T01:00:00Z,92.40364653049946,106.4225
2026-03-17T02:00:00Z,89.15432107416633,106.5225
2026-03-17T03:00:00Z,97.93966032719644,110.03
2026-03-17T04:00:00Z,111.9429056291554,119.915
2026-03-17T05:00:00Z,133.4889741304936,147.965
2026-03-17T06:00:00Z,142.98950677127957,167.98
2026-03-17T07:00:00Z,133.14004265094954,152.5125
2026-03-17T08:00:00Z,112.04558680417162,124.0725
2026-03-17T09:00:00Z,92.45891705736085,108.64
2026-03-17T10:00:00Z,78.65136257500951,100.65
2026-03-17T11:00:00Z,71.37224678029825,95.2275
2026-03-17T12:00:00Z,70.06171795438809,96.765
2026-03-17T13:00:00Z,77.4920770417178,99.325
2026-03-17T14:00:00Z,95.46240512616899,112.1075
2026-03-17T15:00:00Z,126.55962024143022,131.7775
2026-03-17T16:00:00Z,157.97766133276838,162.2025
2026-03-17T17:00:00Z,176.8056961287125,207.2975
2026-03-17T18:00:00Z,168.78696334054044,170.3825
2026-03-17T19:00:00Z,146.0732565616598,144.2375
2026-03-17T20:00:00Z,123.73827817722946,129.79000000000002
2026-03-17T21:00:00Z,108.64475373854492,114.24
2026-03-17T22:00:00Z,92.75404105490387,100.4575
2026-03-17T23:00:00Z,86.35774277164543,89.8
2026-03-18T00:00:00Z,76.33214940510084,86.72749999999999
2026-03-18T01:00:00Z,75.75645858992547,85.685
2026-03-18T02:00:00Z,77.95810008510578,86.8675
2026-03-18T03:00:00Z,83.46594555098658,88.83500000000001
2026-03-18T04:00:00Z,97.76411063603828,100.055
2026-03-18T05:00:00Z,119.50419351651033,130.74
2026-03-18T06:00:00Z,118.92583081177895,133.5925
2026-03-18T07:00:00Z,92.17562743630036,99.9375
2026-03-18T08:00:00Z,62.96536930968616,62.95
2026-03-18T09:00:00Z,39.218946243605,9.9975
2026-03-18T10:00:00Z,28.30839159685636,-1.62
2026-03-18T11:00:00Z,12.485520169400871,-2.31
2026-03-18T12:00:00Z,14.895477920960971,-2.7125
2026-03-18T13:00:00Z,34.11240580723808,0.2224999999999999
2026-03-18T14:00:00Z,59.14551271933695,47.19499999999999
2026-03-18T15:00:00Z,100.18607854810577,107.0325
2026-03-18T16:00:00Z,146.13520584130623,145.2125
2026-03-18T17:00:00Z,174.2501828751033,177.6225
2026-03-18T18:00:00Z,157.67953591230446,170.1975
2026-03-18T19:00:00Z,140.5136183369662,148.49
2026-03-18T20:00:00Z,128.03663329243042,132.0575
2026-03-18T21:00:00Z,117.65556091571318,123.775
2026-03-18T22:00:00Z,106.69049130879671,113.375
2026-03-18T23:00:00Z,104.01551794206864,109.25
2026-03-19T00:00:00Z,99.28637827414558,112.64
2026-03-19T01:00:00Z,102.59875110146018,113.9925
2026-03-19T02:00:00Z,108.69247988818196,115.525
2026-03-19T03:00:00Z,116.92611226624146,123.275
2026-03-19T04:00:00Z,130.8524724657624,132.78
2026-03-19T05:00:00Z,153.18859526018153,160.1275
2026-03-19T06:00:00Z,149.89525737289736,158.2425
2026-03-19T07:00:00Z,119.31460062263974,138.6025
2026-03-19T08:00:00Z,84.09262885333864,90.9025
2026-03-19T09:00:00Z,46.94988954111521,55.3
2026-03-19T10:00:00Z,28.588716132910207,7.869999999999999
2026-03-19T11:00:00Z,10.391894094551816,0.0
2026-03-19T12:00:00Z,13.315251633988922,2.53
2026-03-19T13:00:00Z,30.77171992532176,43.715
2026-03-19T14:00:00Z,62.32318181579094,85.9475
2026-03-19T15:00:00Z,113.03648072542885,120.3475
2026-03-19T16:00:00Z,159.48707911623956,152.175
2026-03-19T17:00:00Z,184.85423605547678,209.2675
2026-03-19T18:00:00Z,176.99222293716844,214.3825
2026-03-19T19:00:00Z,161.70190404400827,163.37
2026-03-19T20:00:00Z,148.89602444596795,149.04000000000002
2026-03-19T21:00:00Z,140.2876868317925,139.55
2026-03-19T22:00:00Z,128.69962602023938,132.2375
2026-03-19T23:00:00Z,120.23005950990368,143.5625
2026-03-20T00:00:00Z,114.8690858178608,137.96
2026-03-20T01:00:00Z,116.80683588616958,135.6425
2026-03-20T02:00:00Z,120.5339183837209,137.475
2026-03-20T03:00:00Z,124.58490287001236,138.905
2026-03-20T04:00:00Z,133.62000522067135,154.59
2026-03-20T05:00:00Z,154.99218838901865,192.295
2026-03-20T06:00:00Z,153.87863514072492,197.6425
2026-03-20T07:00:00Z,132.4880469959212,161.3025
2026-03-20T08:00:00Z,103.3407180162167,132.0075
2026-03-20T09:00:00Z,74.3366231253758,101.085
2026-03-20T10:00:00Z,48.280324529857296,78.4725
2026-03-20T11:00:00Z,38.55234134899723,65.61
2026-03-20T12:00:00Z,36.61902624735203,65.61
2026-03-20T13:00:00Z,47.638871657801204,87.4
2026-03-20T14:00:00Z,77.58440975743942,117.155
2026-03-20T15:00:00Z,114.33249358749916,144.675
2026-03-20T16:00:00Z,153.84709855481256,174.8175
2026-03-20T17:00:00Z,185.41382885502355,211.005
2026-03-20T18:00:00Z,181.4890859641083,212.31
2026-03-20T19:00:00Z,161.00500596687957,180.035
2026-03-20T20:00:00Z,149.60091051045347,163.05
2026-03-20T21:00:00Z,140.88543402454843,151.8525
2026-03-20T22:00:00Z,129.72405021551094,148.125
2026-03-20T23:00:00Z,129.5452035859682,142.3975
2026-03-21T00:00:00Z,125.7848106682257,138.3425
2026-03-21T01:00:00Z,126.164281015874,136.085
2026-03-21T02:00:00Z,127.56449298256568,132.0575
2026-03-21T03:00:00Z,128.90511196931686,131.1925
2026-03-21T04:00:00Z,135.78096978288272,137.665
2026-03-21T05:00:00Z,146.8145156610579,142.34
2026-03-21T06:00:00Z,141.91283642710133,139.6625
2026-03-21T07:00:00Z,120.3838996236368,127.265
2026-03-21T08:00:00Z,98.46994781175081,100.5775
2026-03-21T09:00:00Z,75.16890869730653,76.4725
2026-03-21T10:00:00Z,60.8646287800376,45.9
2026-03-21T11:00:00Z,52.359833932086865,23.49
2026-03-21T12:00:00Z,51.745083276354556,24.27
2026-03-21T13:00:00Z,61.32819443242991,62.9275
2026-03-21T14:00:00Z,83.6742693481172,90.0
2026-03-21T15:00:00Z,113.25431931828311,115.665
2026-03-21T16:00:00Z,145.90866450805518,146.025
2026-03-21T17:00:00Z,168.75283182658666,171.6175
2026-03-21T18:00:00Z,160.88242284276373,163.10500000000002
2026-03-21T19:00:00Z,139.75274620335838,141.8275
2026-03-21T20:00:00Z,125.37966557311739,126.875
2026-03-21T21:00:00Z,116.36358594486063,120.2425
2026-03-21T22:00:00Z,106.57328965770577,108.0
2026-03-21T23:00:00Z,99.28773937296026,100.4125
2026-03-22T00:00:00Z,87.83006367721437,95.755
2026-03-22T01:00:00Z,86.96442344891466,94.2025
2026-03-22T02:00:00Z,87.58448522954352,95.26
2026-03-22T03:00:00Z,90.22425037831475,98.5975
2026-03-22T04:00:00Z,92.95250520985425,101.6625
2026-03-22T05:00:00Z,93.40307108866652,100.105
2026-03-22T06:00:00Z,75.77680167544334,84.71
2026-03-22T07:00:00Z,49.73380843568279,41.33
2026-03-22T08:00:00Z,27.48324358457915,6.7725
2026-03-22T09:00:00Z,-1.8347525250880494,-0.43
2026-03-22T10:00:00Z,-17.49469794374417,-4.3625
2026-03-22T11:00:00Z,-28.344273700251932,-11.76
2026-03-22T12:00:00Z,-27.782935977853754,-10.31
2026-03-22T13:00:00Z,-9.342058706901227,-2.1775
2026-03-22T14:00:00Z,35.35485631004016,11.25
2026-03-22T15:00:00Z,83.73854589042415,93.1525
2026-03-22T16:00:00Z,136.0238447856532,145.635
2026-03-22T17:00:00Z,165.37514773415194,174.19
2026-03-22T18:00:00Z,159.54268776502823,173.3825
2026-03-22T19:00:00Z,147.37017267133126,164.7325
2026-03-22T20:00:00Z,139.03959008170239,155.3775
2026-03-22T21:00:00Z,135.52861306064008,146.7975
2026-03-22T22:00:00Z,127.76152173010965,143.505
2026-03-22T23:00:00Z,120.12547637934246,131.13750000000002
2026-03-23T00:00:00Z,118.38349325244624,125.9
2026-03-23T01:00:00Z,119.30172861794335,125.16
2026-03-23T02:00:00Z,121.78180529650226,128.5875
2026-03-23T03:00:00Z,129.84492840281632,138.26749999999998
2026-03-23T04:00:00Z,142.22237966091527,155.72
2026-03-23T05:00:00Z,155.89582498230732,182.29
2026-03-23T06:00:00Z,145.63413248711743,186.185
2026-03-23T07:00:00Z,112.05105329790753,147.60500000000002
2026-03-23T08:00:00Z,76.06622782757333,108.0
2026-03-23T09:00:00Z,47.10982551586472,81.4325
2026-03-23T10:00:00Z,24.34663573357725,48.0825
2026-03-23T11:00:00Z,22.429517424811337,49.255
2026-03-23T12:00:00Z,37.88994896889219,74.875
2026-03-23T13:00:00Z,51.74505711135435,94.98
2026-03-23T14:00:00Z,75.92644905143857,114.4525
2026-03-23T15:00:00Z,120.67373744540396,138.5425
2026-03-23T16:00:00Z,162.97660961855232,190.775
2026-03-23T17:00:00Z,188.24203714449914,263.01
2026-03-23T18:00:00Z,189.63837430772597,241.56
2026-03-23T19:00:00Z,179.77209716209381,206.5875
2026-03-23T20:00:00Z,167.77078816871432,177.32
2026-03-23T21:00:00Z,156.82722462434313,155.74
2026-03-23T22:00:00Z,144.89313701010025,140.45
2026-03-23T23:00:00Z,129.9470878849614,141.0625
2026-03-24T00:00:00Z,116.93954405459223,124.3175
2026-03-24T01:00:00Z,110.74314477205922,109.9975
2026-03-24T02:00:00Z,107.04457643430555,101.64
2026-03-24T03:00:00Z,105.57593644616546,100.375
2026-03-24T04:00:00Z,111.83012124409123,100.9725
2026-03-24T05:00:00Z,125.2180467102229,110.8175
2026-03-24T06:00:00Z,118.25874466257542,113.0475
2026-03-24T07:00:00Z,91.26881444846009,97.4575
2026-03-24T08:00:00Z,61.95122877633824,70.905
2026-03-24T09:00:00Z,38.18341894150823,23.7275
2026-03-24T10:00:00Z,17.778310518180554,1.195
2026-03-24T11:00:00Z,13.798894126642594,-0.01
2026-03-24T12:00:00Z,17.79985267834332,-0.02
2026-03-24T13:00:00Z,26.116590337098096,-0.0025
2026-03-24T14:00:00Z,45.504522644255935,19.9975
2026-03-24T15:00:00Z,75.3001845061337,77.4325
2026-03-24T16:00:00Z,111.76988043928253,112.84
2026-03-24T17:00:00Z,140.15740168164322,135.8425
2026-03-24T18:00:00Z,122.39477880104764,137.9925
2026-03-24T19:00:00Z,97.49253402264115,101.1
2026-03-24T20:00:00Z,75.55476419800165,74.4975
2026-03-24T21:00:00Z,58.48292512797326,66.1025
2026-03-24T22:00:00Z,46.75008250615641,22.0975
2026-03-24T23:00:00Z,37.5251142912813,1.81
2026-03-25T00:00:00Z,24.51381341966939,0.3675
2026-03-25T01:00:00Z,20.509500186106706,-0.0025
2026-03-25T02:00:00Z,19.46831264783947,-0.01
2026-03-25T03:00:00Z,23.68999656507104,-0.005
2026-03-25T04:00:00Z,33.517064750370366,0.365
2026-03-25T05:00:00Z,52.702484622240064,3.6425
2026-03-25T06:00:00Z,57.753374907152946,8.9025
2026-03-25T07:00:00Z,46.96045491057501,0.9075
2026-03-25T08:00:00Z,29.36747532309937,-0.03
2026-03-25T09:00:00Z,20.150625606635565,-0.0275
2026-03-25T10:00:00Z,14.810601432823034,-0.01
2026-03-25T11:00:00Z,10.499734117280667,-0.01
2026-03-25T12:00:00Z,6.442892524876612,-0.01
2026-03-25T13:00:00Z,4.687900861870418,0.0075
2026-03-25T14:00:00Z,20.57043279989862,4.775
2026-03-25T15:00:00Z,47.8278890156036,41.9025
2026-03-25T16:00:00Z,87.8261279011268,98.8375
2026-03-25T17:00:00Z,116.51196087156956,134.82999999999998
2026-03-25T18:00:00Z,123.61788749703231,161.925
2026-03-25T19:00:00Z,102.18865641797953,134.9075
2026-03-25T20:00:00Z,86.97839554225264,114.46
2026-03-25T21:00:00Z,79.37095425422099,108.1
2026-03-25T22:00:00Z,60.02771377005243,88.80250000000001
2026-03-25T23:00:00Z,58.06577685173515,99.6375
2026-03-26T00:00:00Z,53.57901895010457,95.0725
2026-03-26T01:00:00Z,51.09947430294173,91.605
2026-03-26T02:00:00Z,52.78450801243358,94.87
2026-03-26T03:00:00Z,56.43853955708188,97.5775
2026-03-26T04:00:00Z,63.47324079432022,105.2675
2026-03-26T05:00:00Z,72.68886182551368,120.28
2026-03-26T06:00:00Z,78.35212060885196,137.345
2026-03-26T07:00:00Z,59.694780761669165,125.79
2026-03-26T08:00:00Z,41.32852400949795,87.41499999999999
2026-03-26T09:00:00Z,26.404177178954868,41.8525
2026-03-26T10:00:00Z,15.67357052064817,13.74
2026-03-26T11:00:00Z,11.695763449655956,3.12
2026-03-26T12:00:00Z,8.926916340076417,0.6300000000000001
2026-03-26T13:00:00Z,7.078156462303184,5.9025
2026-03-26T14:00:00Z,23.621897211416318,37.435
2026-03-26T15:00:00Z,52.66565173600718,75.8175
2026-03-26T16:00:00Z,99.79685903970127,115.9225
2026-03-26T17:00:00Z,135.06526555380748,155.4175
2026-03-26T18:00:00Z,148.79324475512038,167.22
2026-03-26T19:00:00Z,128.2190317979377,153.745
2026-03-26T20:00:00Z,113.31039593234804,130.505
2026-03-26T21:00:00Z,106.80382925638818,124.3725
2026-03-26T22:00:00Z,97.03842457698667,115.025
2026-03-26T23:00:00Z,108.74132471895892,119.3925
2026-03-27T00:00:00Z,105.82960593687991,119.5
2026-03-27T01:00:00Z,111.09685758390212,117.3425
2026-03-27T02:00:00Z,118.91126955085196,117.8325
2026-03-27T03:00:00Z,127.53300751997321,120.2475
2026-03-27T04:00:00Z,139.58157054877097,136.4625
2026-03-27T05:00:00Z,159.06531685152726,172.63
2026-03-27T06:00:00Z,154.41874839692542,176.395
2026-03-27T07:00:00Z,130.84390374305434,147.5575
2026-03-27T08:00:00Z,102.78468118535741,114.0025
2026-03-27T09:00:00Z,71.62486274158037,87.25999999999999
2026-03-27T10:00:00Z,47.89320013370251,72.81
2026-03-27T11:00:00Z,33.54970608370613,63.31999999999999
2026-03-27T12:00:00Z,28.919773610339462,59.6
2026-03-27T13:00:00Z,33.203294015530936,74.075
2026-03-27T14:00:00Z,57.4141033968118,92.3225
2026-03-27T15:00:00Z,88.9331428503506,103.0825
2026-03-27T16:00:00Z,131.24977594209378,139.05
2026-03-27T17:00:00Z,162.34977851604165,158.9325
2026-03-27T18:00:00Z,159.60377677789324,168.245
2026-03-27T19:00:00Z,138.43042978939448,142.89
2026-03-27T20:00:00Z,120.43882424854189,118.995
2026-03-27T21:00:00Z,109.9611354431043,116.66
2026-03-27T22:00:00Z,98.89587976842124,106.0125
2026-03-27T23:00:00Z,96.2609950563378,95.135
2026-03-28T00:00:00Z,94.07341975789106,92.665
2026-03-28T01:00:00Z,91.06257360827303,89.5475
2026-03-28T02:00:00Z,89.34744442451175,87.2625
2026-03-28T03:00:00Z,92.15612504361039,88.1175
2026-03-28T04:00:00Z,98.50137247080482,91.6125
2026-03-28T05:00:00Z,104.79068315744979,87.92
2026-03-28T06:00:00Z,99.35960352600398,79.185
2026-03-28T07:00:00Z,82.4368805309504,68.3
2026-03-28T08:00:00Z,71.46117562852051,44.9075
2026-03-28T09:00:00Z,61.496182698210276,17.5825
2026-03-28T10:00:00Z,57.87757695253083,7.6425
2026-03-28T11:00:00Z,55.436275274161815,6.695
2026-03-28T12:00:00Z,56.94975543489947,7.8475
2026-03-28T13:00:00Z,64.94568659941417,20.475
2026-03-28T14:00:00Z,86.79465859335285,54.2425
2026-03-28T15:00:00Z,112.45120336102539,81.05250000000001
2026-03-28T16:00:00Z,140.5908232395846,110.34
2026-03-28T17:00:00Z,164.42408214472286,138.925
2026-03-28T18:00:00Z,166.7444729252549,154.07
2026-03-28T19:00:00Z,148.5847015153099,143.9525
2026-03-28T20:00:00Z,133.17890037758727,131.595
2026-03-28T21:00:00Z,123.05069884411517,125.33
2026-03-28T22:00:00Z,105.81611832261954,119.58
2026-03-28T23:00:00Z,95.59755143809467,114.56
2026-03-29T00:00:00Z,88.43495807468071,107.6975
2026-03-29T01:00:00Z,88.81166517977657,101.165
2026-03-29T02:00:00Z,89.9540715219141,105.225
2026-03-29T03:00:00Z,96.28269394607509,104.605
2026-03-29T04:00:00Z,102.48049809368678,109.755
2026-03-29T05:00:00Z,105.7987777473436,115.03
2026-03-29T06:00:00Z,100.34850869679317,114.8425
2026-03-29T07:00:00Z,85.4344534509899,94.3975
2026-03-29T08:00:00Z,68.62267839394923,74.8075
2026-03-29T09:00:00Z,48.1326535922951,44.6975
2026-03-29T10:00:00Z,27.7237351286416,9.73
2026-03-29T11:00:00Z,10.787560285841835,-0.005
2026-03-29T12:00:00Z,-0.20594651090279115,-1.785
2026-03-29T13:00:00Z,-3.40347934501537,-2.1
2026-03-29T14:00:00Z,16.75989922853136,0.8724999999999999
2026-03-29T15:00:00Z,52.105559257864584,33.31
2026-03-29T16:00:00Z,91.50732976870603,89.25999999999999
2026-03-29T17:00:00Z,111.66937848377984,105.6775
2026-03-29T18:00:00Z,99.7223579401715,95.18
2026-03-29T19:00:00Z,84.47980256805961,74.8125
2026-03-29T20:00:00Z,73.29029240069806,66.85
2026-03-29T21:00:00Z,62.496368524320815,25.635
2026-03-29T22:00:00Z,53.82328540992344,9.1975
2026-03-29T23:00:00Z,48.86323299673711,2.3000000000000003
2026-03-30T00:00:00Z,43.38011291445697,5.02
2026-03-30T01:00:00Z,43.55819435233713,3.825
2026-03-30T02:00:00Z,50.571444329538025,4.3575
2026-03-30T03:00:00Z,57.02480293311688,18.4225
2026-03-30T04:00:00Z,77.27296335442155,66.87
2026-03-30T05:00:00Z,97.08444484874434,90.3125
2026-03-30T06:00:00Z,103.87134546125992,109.2225
2026-03-30T07:00:00Z,88.74293457322797,96.8375
2026-03-30T08:00:00Z,73.51495048166572,73.8475
2026-03-30T09:00:00Z,55.892475640545484,45.9975
2026-03-30T10:00:00Z,40.47735074977964,23.5875
2026-03-30T11:00:00Z,34.15033936287508,11.4
2026-03-30T12:00:00Z,31.914056891532844,7.5425
2026-03-30T13:00:00Z,31.846850241369545,12.9375
2026-03-30T14:00:00Z,46.75381854154939,35.145
2026-03-30T15:00:00Z,78.82926524110393,77.45
2026-03-30T16:00:00Z,117.44514273881587,104.8275
2026-03-30T17:00:00Z,144.947179902795,121.6525
2026-03-30T18:00:00Z,136.45552400515308,125.6075
2026-03-30T19:00:00Z,119.52223477018077,126.165
2026-03-30T20:00:00Z,102.45108502539857,121.175
2026-03-30T21:00:00Z,84.27972036972123,108.88
2026-03-30T22:00:00Z,71.43920690006253,109.245
2026-03-30T23:00:00Z,66.43032021253767,102.68
2026-03-31T00:00:00Z,61.311573701211856,101.26
2026-03-31T01:00:00Z,61.820279468066914,100.535
2026-03-31T02:00:00Z,66.60773046382859,101.68
2026-03-31T03:00:00Z,76.8706786802755,108.0425
2026-03-31T04:00:00Z,98.58085979843389,137.1975
2026-03-31T05:00:00Z,117.75687238415955,152.125
2026-03-31T06:00:00Z,120.76749771776268,163.79
2026-03-31T07:00:00Z,103.22891814253309,135.555
2026-03-31T08:00:00Z,83.4816888760046,104.255
2026-03-31T09:00:00Z,60.85662858985467,87.35
2026-03-31T10:00:00Z,43.416243537195456,78.67
2026-03-31T11:00:00Z,33.92575095615873,55.225
2026-03-31T12:00:00Z,26.405520904085925,53.4875
2026-03-31T13:00:00Z,26.2775314868379,63.0525
2026-03-31T14:00:00Z,48.90257481333434,82.2175
2026-03-31T15:00:00Z,85.77010467862323,110.9675
2026-03-31T16:00:00Z,125.59490601110997,151.0
2026-03-31T17:00:00Z,157.13594290584996,175.0025
2026-03-31T18:00:00Z,156.92201103426282,176.005
2026-03-31T19:00:00Z,149.63705978217536,171.725
2026-03-31T20:00:00Z,139.75548457841538,158.32999999999998
2026-03-31T21:00:00Z,131.87921133712683,148.475
2026-03-31T22:00:00Z,128.9178390300736,145.51
2026-03-31T23:00:00Z,125.31876906251601,129.48749999999998
2026-04-01T00:00:00Z,121.53662927444148,125.345
2026-04-01T01:00:00Z,126.2227255543351,129.4275
2026-04-01T02:00:00Z,131.36966059594204,136.025
2026-04-01T03:00:00Z,143.37429801108738,149.115
2026-04-01T04:00:00Z,165.14043277922306,180.835
2026-04-01T05:00:00Z,174.52107462482698,226.9475
2026-04-01T06:00:00Z,169.80144226866327,199.9775
2026-04-01T07:00:00Z,143.72964415874424,171.515
2026-04-01T08:00:00Z,112.79050209804838,139.8
2026-04-01T09:00:00Z,87.22050572999723,128.0775
2026-04-01T10:00:00Z,69.03325425397541,115.0525
2026-04-01T11:00:00Z,51.73580000661711,93.835
2026-04-01T12:00:00Z,42.070728845133615,86.3325
2026-04-01T13:00:00Z,48.76154529205708,93.8375
2026-04-01T14:00:00Z,70.64071242824147,105.515
2026-04-01T15:00:00Z,107.92386948664581,130.12
2026-04-01T16:00:00Z,150.88231783486313,152.095
2026-04-01T17:00:00Z,176.89479248999055,188.665
2026-04-01T18:00:00Z,174.14798020115768,181.1925
2026-04-01T19:00:00Z,161.00176787559747,165.8225
2026-04-01T20:00:00Z,148.3195054109122,152.8225
2026-04-01T21:00:00Z,137.8610199688749,133.7825
2026-04-01T22:00:00Z,127.8646061424426,127.1725
2026-04-01T23:00:00Z,121.55540273044087,118.995
2026-04-02T00:00:00Z,114.3926116997997,114.13
2026-04-02T01:00:00Z,116.17119988026391,109.185
2026-04-02T02:00:00Z,120.60281508547865,107.41
2026-04-02T03:00:00Z,130.71688468896713,119.2925
2026-04-02T04:00:00Z,151.6576907614134,152.0525
2026-04-02T05:00:00Z,165.74917229683285,160.0075
2026-04-02T06:00:00Z,143.99683423285822,157.6575
2026-04-02T07:00:00Z,108.53322924615804,114.2775
2026-04-02T08:00:00Z,78.5132892127233,90.6625
2026-04-02T09:00:00Z,54.5577564314849,74.25
2026-04-02T10:00:00Z,42.13961770218414,59.745000000000005
2026-04-02T11:00:00Z,37.38773068807331,42.455
2026-04-02T12:00:00Z,41.40270617786514,52.86
2026-04-02T13:00:00Z,55.07446790575758,73.77
2026-04-02T14:00:00Z,77.62495807484864,92.7575
2026-04-02T15:00:00Z,109.64909750524141,108.81
2026-04-02T16:00:00Z,137.73018790704182,134.385
2026-04-02T17:00:00Z,159.7575881570645,161.84
2026-04-02T18:00:00Z,152.42567994414742,159.635
2026-04-02T19:00:00Z,143.57717075079114,146.5225
2026-04-02T20:00:00Z,132.78648695032564,134.9975
2026-04-02T21:00:00Z,119.87051245046001,123.97
2026-04-02T22:00:00Z,111.80263496761933,133.6
2026-04-02T23:00:00Z,106.02574302836663,121.985
2026-04-03T00:00:00Z,97.96423760312646,119.515
2026-04-03T01:00:00Z,100.69198905722052,117.6675
2026-04-03T02:00:00Z,104.55633403189962,120.1825
2026-04-03T03:00:00Z,108.31937951257248,123.4025
2026-04-03T04:00:00Z,116.56682450855766,133.125
2026-04-03T05:00:00Z,117.56913209858183,135.8625
2026-04-03T06:00:00Z,105.01028080860459,131.04250000000002
2026-04-03T07:00:00Z,77.90216568218555,113.18
2026-04-03T08:00:00Z,52.505440620415456,85.585
2026-04-03T09:00:00Z,30.14430815902285,52.9575
2026-04-03T10:00:00Z,15.956140127715848,27.01
2026-04-03T11:00:00Z,-1.311666932405302,9.945
2026-04-03T12:00:00Z,-9.472097754457465,1.6525
2026-04-03T13:00:00Z,-3.826057964617874,3.05
2026-04-03T14:00:00Z,17.2103757169222,23.942500000000003
2026-04-03T15:00:00Z,44.335320737167265,66.7975
2026-04-03T16:00:00Z,77.90871231121075,88.9725
2026-04-03T17:00:00Z,101.58057847060977,99.39
2026-04-03T18:00:00Z,92.91730729549417,96.3375
2026-04-03T19:00:00Z,76.37615228520868,84.2025
2026-04-03T20:00:00Z,63.91454360177222,81.28
2026-04-03T21:00:00Z,53.589445601961174,60.5875
2026-04-03T22:00:00Z,47.49534572556638,9.7275
2026-04-03T23:00:00Z,43.284819993297305,8.955
2026-04-04T00:00:00Z,39.69886089166215,6.4325
2026-04-04T01:00:00Z,40.70770588971196,1.9875
2026-04-04T02:00:00Z,43.25796208539046,6.4025
2026-04-04T03:00:00Z,49.001015472546996,11.735
2026-04-04T04:00:00Z,57.261832627061395,13.3625
2026-04-04T05:00:00Z,63.02474396159436,19.2675
2026-04-04T06:00:00Z,64.49641629074641,16.695
2026-04-04T07:00:00Z,51.41547936177276,6.6
2026-04-04T08:00:00Z,36.01343827930464,1.81
2026-04-04T09:00:00Z,16.756487757326724,-0.01
2026-04-04T10:00:00Z,5.131531329710199,-0.2475
2026-04-04T11:00:00Z,0.666142719070308,-0.035
2026-04-04T12:00:00Z,3.050207217838917,-0.0175
2026-04-04T13:00:00Z,9.835462417461457,0.025
2026-04-04T14:00:00Z,31.219378206736565,10.69
2026-04-04T15:00:00Z,73.61211222748446,62.735
2026-04-04T16:00:00Z,116.05852508517972,109.595
2026-04-04T17:00:00Z,140.6408498858723,149.8725
2026-04-04T18:00:00Z,131.5604610409215,135.74
2026-04-04T19:00:00Z,103.49847217160763,103.8375
2026-04-04T20:00:00Z,86.83374446746355,76.8075
2026-04-04T21:00:00Z,68.4550376468709,41.8325
2026-04-04T22:00:00Z,29.713253187639864,1.0575
2026-04-04T23:00:00Z,17.174304188353787,-0.005
2026-04-05T00:00:00Z,4.108316707312312,-0.3625
2026-04-05T01:00:00Z,-1.7294919664366688,-1.2075
2026-04-05T02:00:00Z,0.425686606988549,-1.6175
2026-04-05T03:00:00Z,-2.1341577708458743,-2.0425
2026-04-05T04:00:00Z,-5.438743759965433,-2.995
2026-04-05T05:00:00Z,-8.048452385208776,-1.29
2026-04-05T06:00:00Z,-22.080468919687434,-2.43
2026-04-05T07:00:00Z,-42.371286956062036,-10.5575
2026-04-05T08:00:00Z,-60.00410308603472,-39.9675
2026-04-05T09:00:00Z,-78.01476736816122,-71.3425
2026-04-05T10:00:00Z,-95.48577874415531,-84.9525
2026-04-05T11:00:00Z,-99.85328222879946,-105.175
2026-04-05T12:00:00Z,-94.39670473658148,-98.705
2026-04-05T13:00:00Z,-75.11912143040041,-66.9075
2026-04-05T14:00:00Z,-46.93806831595012,-29.98
2026-04-05T15:00:00Z,-3.131410947089421,-6.5875
2026-04-05T16:00:00Z,36.20740448983795,-0.1025
2026-04-05T17:00:00Z,69.43629974298601,20.0425
2026-04-05T18:00:00Z,72.31782621374032,33.35
2026-04-05T19:00:00Z,62.26185436836677,30.205
2026-04-05T20:00:00Z,53.68100338760736,30.3775
2026-04-05T21:00:00Z,32.25563633681688,19.0225
2026-04-05T22:00:00Z,30.05948173310574,3.24
2026-04-05T23:00:00Z,28.803986238821054,1.985
2026-04-06T00:00:00Z,29.95735126915993,1.04
2026-04-06T01:00:00Z,26.23751638409003,1.36
2026-04-06T02:00:00Z,30.51851403231784,1.06
2026-04-06T03:00:00Z,38.69293416425667,2.11
2026-04-06T04:00:00Z,44.754099716674716,1.985
2026-04-06T05:00:00Z,43.176707834059144,1.3325
2026-04-06T06:00:00Z,23.421064362707604,-0.9425
2026-04-06T07:00:00Z,-2.7406942651018653,-11.105
2026-04-06T08:00:00Z,-31.81472611768723,-26.0025
2026-04-06T09:00:00Z,-67.02861069943572,-59.760000000000005
2026-04-06T10:00:00Z,-81.94962648878612,-79.515
2026-04-06T11:00:00Z,-94.333185815485,-125.6375
2026-04-06T12:00:00Z,-91.37389450980695,-123.535
2026-04-06T13:00:00Z,-74.3695004150799,-84.6175
2026-04-06T14:00:00Z,-34.93540165075618,-28.72
2026-04-06T15:00:00Z,7.460118131771409,-5.609999999999999
2026-04-06T16:00:00Z,55.5398247018429,48.625
2026-04-06T17:00:00Z,94.73039556529713,107.6875
2026-04-06T18:00:00Z,108.3716908785044,116.005
2026-04-06T19:00:00Z,104.01999740102447,109.2225
2026-04-06T20:00:00Z,103.01864190781278,113.8475
2026-04-06T21:00:00Z,96.4300978533472,108.805
2026-04-06T22:00:00Z,93.36686286399535,106.4
2026-04-06T23:00:00Z,92.95364829401908,101.295
2026-04-07T00:00:00Z,89.6201261536475,101.6475
2026-04-07T01:00:00Z,90.72842229486938,102.28
2026-04-07T02:00:00Z,96.48889655588572,105.135
2026-04-07T03:00:00Z,109.46825777486887,117.7675
2026-04-07T04:00:00Z,129.123187878867,143.9125
2026-04-07T05:00:00Z,133.03799962500585,178.2625
2026-04-07T06:00:00Z,111.90110965232302,127.8575
2026-04-07T07:00:00Z,75.87222578697937,81.8025
2026-04-07T08:00:00Z,43.52012282115005,24.8875
2026-04-07T09:00:00Z,6.152128109780804,-0.0074999999999999
2026-04-07T10:00:00Z,-10.095636489653458,-3.01
2026-04-07T11:00:00Z,-30.438255546196814,-11.2875
2026-04-07T12:00:00Z,-29.210358429973155,-11.23
2026-04-07T13:00:00Z,-17.177516020520784,-4.205
2026-04-07T14:00:00Z,24.10656410539699,3.8
2026-04-07T15:00:00Z,66.51354478003205,79.9025
2026-04-07T16:00:00Z,119.24771390844788,137.995
2026-04-07T17:00:00Z,157.87780363262485,194.0275
2026-04-07T18:00:00Z,157.31867293993645,188.8825
2026-04-07T19:00:00Z,141.33370352214126,144.0025
2026-04-07T20:00:00Z,131.5218097674906,129.01
2026-04-07T21:00:00Z,123.54614158696216,118.2
2026-04-07T22:00:00Z,113.78107001435137,107.17
2026-04-07T23:00:00Z,109.80021486782013,102.21
2026-04-08T00:00:00Z,104.38652874557353,100.82
2026-04-08T01:00:00Z,106.93647276344201,103.4975
2026-04-08T02:00:00Z,113.3367968684822,107.5125
2026-04-08T03:00:00Z,127.1893507520856,116.9275
2026-04-08T04:00:00Z,149.0284920952508,149.79500000000002
2026-04-08T05:00:00Z,158.16591653604343,168.7975
2026-04-08T06:00:00Z,123.53811621631345,138.5075
2026-04-08T07:00:00Z,82.22819604693387,97.45
2026-04-08T08:00:00Z,41.62793480600052,51.12
2026-04-08T09:00:00Z,7.526731973384614,-0.0499999999999998
2026-04-08T10:00:00Z,-6.240052294622288,-18.8275
2026-04-08T11:00:00Z,-17.584171399831476,-32.78
2026-04-08T12:00:00Z,-15.45797451453575,-29.735
2026-04-08T13:00:00Z,-5.350631322940529,-13.155
2026-04-08T14:00:00Z,27.867919590407915,13.3525
2026-04-08T15:00:00Z,79.03364922768463,91.875
2026-04-08T16:00:00Z,128.24812484774066,134.2475
2026-04-08T17:00:00Z,163.47106874666983,170.0075
2026-04-08T18:00:00Z,153.34037923516593,160.5525
2026-04-08T19:00:00Z,127.97495561415559,137.10250000000002
2026-04-08T20:00:00Z,112.3403451932038,121.3925
2026-04-08T21:00:00Z,100.59922860813973,109.475
2026-04-08T22:00:00Z,83.81928196879777,104.8975
2026-04-08T23:00:00Z,80.47820703179555,101.1025
2026-04-09T00:00:00Z,77.45456056146259,101.095
2026-04-09T01:00:00Z,83.75904571382463,101.8625
2026-04-09T02:00:00Z,93.58081886819615,105.1
2026-04-09T03:00:00Z,108.06334498860022,115.8725
2026-04-09T04:00:00Z,129.49072177969657,135.29500000000002
2026-04-09T05:00:00Z,136.6626272896292,146.6
2026-04-09T06:00:00Z,120.2346298483219,128.09
2026-04-09T07:00:00Z,86.41118814386381,99.675
2026-04-09T08:00:00Z,52.71043779840893,54.9975
2026-04-09T09:00:00Z,20.047289878309115,1.2075
2026-04-09T10:00:00Z,3.853070623740706,-1.03
2026-04-09T11:00:00Z,-8.161439308000013,-7.865
2026-04-09T12:00:00Z,-10.48657738543578,-8.1375
2026-04-09T13:00:00Z,0.7802188133138372,-1.3025
2026-04-09T14:00:00Z,27.75808746081232,27.08
2026-04-09T15:00:00Z,78.1184995122932,82.5275
2026-04-09T16:00:00Z,114.72341363430252,115.355
2026-04-09T17:00:00Z,138.62126385609366,137.1675
2026-04-09T18:00:00Z,129.3490263933635,127.325
2026-04-09T19:00:00Z,108.27981614594435,110.95
2026-04-09T20:00:00Z,92.76664506032188,100.23
2026-04-09T21:00:00Z,79.21667019778255,81.05250000000001
2026-04-09T22:00:00Z,71.5133950529469,81.88
2026-04-09T23:00:00Z,65.61712602363087,79.32
2026-04-10T00:00:00Z,59.312626513506025,78.83
2026-04-10T01:00:00Z,65.61741243044422,78.5525
2026-04-10T02:00:00Z,74.20040264063319,81.1225
2026-04-10T03:00:00Z,87.2608861323546,88.7675
2026-04-10T04:00:00Z,105.34875113890084,112.1575
2026-04-10T05:00:00Z,117.18866342620231,126.4375
2026-04-10T06:00:00Z,120.4881444997907,123.16
2026-04-10T07:00:00Z,111.92421056629017,119.265
2026-04-10T08:00:00Z,94.14992612627697,109.84
2026-04-10T09:00:00Z,70.08532246668146,102.99
2026-04-10T10:00:00Z,56.48678890373306,92.09
2026-04-10T11:00:00Z,46.46720060705474,88.9375
2026-04-10T12:00:00Z,41.22871441371603,87.4
2026-04-10T13:00:00Z,43.8887718803932,94.0175
2026-04-10T14:00:00Z,61.73617100527591,108.78
2026-04-10T15:00:00Z,99.50185526296106,130.1025
2026-04-10T16:00:00Z,133.30842611000762,155.29
2026-04-10T17:00:00Z,163.29292904098017,227.7675
2026-04-10T18:00:00Z,164.05423792811365,245.115
2026-04-10T19:00:00Z,150.70837706936516,176.4775
2026-04-10T20:00:00Z,142.04175988171752,149.305
2026-04-10T21:00:00Z,128.34260564159024,131.96
2026-04-10T22:00:00Z,116.88761795413069,134.015
2026-04-10T23:00:00Z,109.599320118625,120.6325
2026-04-11T00:00:00Z,107.11868332306884,114.3825
2026-04-11T01:00:00Z,88.58998264878659,112.35
2026-04-11T02:00:00Z,85.00941464391595,110.8375
2026-04-11T03:00:00Z,89.42800884627971,108.36
2026-04-11T04:00:00Z,92.6091601182974,106.605
2026-04-11T05:00:00Z,89.69635508280518,93.2375
2026-04-11T06:00:00Z,65.29338002032426,69.61
2026-04-11T07:00:00Z,37.36846801217298,21.57
2026-04-11T08:00:00Z,14.692486176870375,-0.1574999999999997
2026-04-11T09:00:00Z,-17.726258094452618,-8.307500000000001
2026-04-11T10:00:00Z,-33.95422695593996,-40.2525
2026-04-11T11:00:00Z,-42.84813932954502,-79.965
2026-04-11T12:00:00Z,-39.87859882304414,-77.635
2026-04-11T13:00:00Z,-28.311862456060595,-45.8275
2026-04-11T14:00:00Z,6.669655453470824,-15.7975
2026-04-11T15:00:00Z,41.23892099251733,-0.7149999999999999
2026-04-11T16:00:00Z,77.92198258504489,43.697500000000005
2026-04-11T17:00:00Z,111.36148946602825,73.8175
2026-04-11T18:00:00Z,110.20822811750206,74.7875
2026-04-11T19:00:00Z,79.13987705572815,65.2325
2026-04-11T20:00:00Z,70.69384798683075,68.6275
2026-04-11T21:00:00Z,74.96534784973429,68.625
2026-04-11T22:00:00Z,70.30269465900194,72.52250000000001
2026-04-11T23:00:00Z,73.71927711317731,76.57249999999999
2026-04-12T00:00:00Z,71.72857697644686,80.4225
2026-04-12T01:00:00Z,75.48910913297401,85.26
2026-04-12T02:00:00Z,83.37933288755066,95.1025
2026-04-12T03:00:00Z,92.07170373936026,98.05
2026-04-12T04:00:00Z,97.13808490937645,98.7
2026-04-12T05:00:00Z,98.22382555386193,94.3175
2026-04-12T06:00:00Z,89.42436953086433,76.10249999999999
2026-04-12T07:00:00Z,72.30258494765587,53.3225
2026-04-12T08:00:00Z,57.60297121300637,30.2325
2026-04-12T09:00:00Z,45.88471780486773,22.415
2026-04-12T10:00:00Z,31.102096131736438,14.975
2026-04-12T11:00:00Z,16.882226975983194,1.97
2026-04-12T12:00:00Z,17.671105553904283,4.625
2026-04-12T13:00:00Z,30.034841456546104,15.905
2026-04-12T14:00:00Z,51.62131475450505,67.55
2026-04-12T15:00:00Z,79.89449913300113,110.1775
2026-04-12T16:00:00Z,112.73327521413759,135.3875
2026-04-12T17:00:00Z,133.82649982543626,144.765
2026-04-12T18:00:00Z,133.0707158332908,146.8025
2026-04-12T19:00:00Z,126.63204953068534,136.73250000000002
2026-04-12T20:00:00Z,115.31937832438854,130.6075
2026-04-12T21:00:00Z,108.19165589203578,121.0175
2026-04-12T22:00:00Z,99.60604860344867,116.5425
2026-04-12T23:00:00Z,96.50161779027972,109.795
2026-04-13T00:00:00Z,92.0494094067963,107.315
2026-04-13T01:00:00Z,93.27759684019969,107.59
2026-04-13T02:00:00Z,99.11867535236792,110.02
2026-04-13T03:00:00Z,110.778395103647,119.0725
2026-04-13T04:00:00Z,127.1269281613221,136.115
2026-04-13T05:00:00Z,133.7045761386119,145.12
2026-04-13T06:00:00Z,126.99349986588359,173.88
2026-04-13T07:00:00Z,111.50567543864992,160.965
2026-04-13T08:00:00Z,98.24382250968705,138.63
2026-04-13T09:00:00Z,81.53621439445457,116.0
2026-04-13T10:00:00Z,68.95694332955188,104.735
2026-04-13T11:00:00Z,58.234427748501176,97.3925
2026-04-13T12:00:00Z,56.85516733312815,101.695
2026-04-13T13:00:00Z,61.11010467791802,104.6375
2026-04-13T14:00:00Z,80.28963908604096,114.5975
2026-04-13T15:00:00Z,104.72580726337142,130.3775
2026-04-13T16:00:00Z,125.80245610565973,148.2
2026-04-13T17:00:00Z,139.2752561604426,164.5225
2026-04-13T18:00:00Z,138.5669746248335,156.61
2026-04-13T19:00:00Z,125.02584078349452,139.0475
2026-04-13T20:00:00Z,117.0885437720553,129.76
2026-04-13T21:00:00Z,108.45672241718572,122.6275
2026-04-13T22:00:00Z,104.07699981612564,116.0625
2026-04-13T23:00:00Z,103.17905365112192,113.665
2026-04-14T00:00:00Z,98.04531599251393,114.99
2026-04-14T01:00:00Z,102.04925803272229,113.385
2026-04-14T02:00:00Z,107.48198004868917,114.68
2026-04-14T03:00:00Z,118.1245940511392,118.1475
2026-04-14T04:00:00Z,136.66624208983058,138.72
2026-04-14T05:00:00Z,146.94078794112508,163.0225
2026-04-14T06:00:00Z,150.11221737157484,164.495
2026-04-14T07:00:00Z,132.74781923308336,144.32999999999998
2026-04-14T08:00:00Z,114.89914052593852,128.82999999999998
2026-04-14T09:00:00Z,97.03819783556712,117.3325
2026-04-14T10:00:00Z,85.0745911574368,109.5075
2026-04-14T11:00:00Z,78.30782789517296,104.7
2026-04-14T12:00:00Z,79.90443368884432,108.91
2026-04-14T13:00:00Z,82.8617851401522,115.5675
2026-04-14T14:00:00Z,98.59021606182971,121.695
2026-04-14T15:00:00Z,122.66440761990987,137.4375
2026-04-14T16:00:00Z,148.94562171073397,160.015
2026-04-14T17:00:00Z,172.53250190828294,224.7525
2026-04-14T18:00:00Z,171.26053193232096,234.2775
2026-04-14T19:00:00Z,153.6241497667129,165.9475
2026-04-14T20:00:00Z,141.33512495477203,148.2575
2026-04-14T21:00:00Z,131.88717158338804,135.37
2026-04-14T22:00:00Z,122.15934652922826,121.6
2026-04-14T23:00:00Z,118.0182590326825,116.4575
2026-04-15T00:00:00Z,110.88220602042084,111.7675
2026-04-15T01:00:00Z,110.94188075290063,110.0175
2026-04-15T02:00:00Z,115.66238599620789,110.8425
2026-04-15T03:00:00Z,126.17357202419181,123.18
2026-04-15T04:00:00Z,145.163202284857,148.44
2026-04-15T05:00:00Z,156.05948468451624,159.5525
2026-04-15T06:00:00Z,135.74234648032763,140.1
2026-04-15T07:00:00Z,103.3376732223878,116.32
2026-04-15T08:00:00Z,77.01035169341145,100.8025
2026-04-15T09:00:00Z,58.05543756769271,78.94
2026-04-15T10:00:00Z,48.36938834399434,58.3175
2026-04-15T11:00:00Z,47.00631957981061,50.2325
2026-04-15T12:00:00Z,53.433446916028636,67.25750000000001
2026-04-15T13:00:00Z,64.7222830214136,81.4925
2026-04-15T14:00:00Z,85.89651148282584,99.255
2026-04-15T15:00:00Z,118.90095072662533,124.84
2026-04-15T16:00:00Z,150.1210073750004,141.9
2026-04-15T17:00:00Z,179.2753914106491,180.07999999999998
2026-04-15T18:00:00Z,178.36434933173263,180.8
2026-04-15T19:00:00Z,150.29723780489655,148.07999999999998
2026-04-15T20:00:00Z,134.15267128798797,132.685
2026-04-15T21:00:00Z,119.58997282175031,117.77
2026-04-15T22:00:00Z,104.7247001581417,106.215
2026-04-15T23:00:00Z,102.3170181688137,101.3975
2026-04-16T00:00:00Z,96.66861424896521,99.595
2026-04-16T01:00:00Z,97.66293877429078,98.365
2026-04-16T02:00:00Z,102.01375552634568,100.9025
2026-04-16T03:00:00Z,115.27517661089846,110.605
2026-04-16T04:00:00Z,136.48195319704968,139.475
2026-04-16T05:00:00Z,144.5495193690209,145.02249999999998
2026-04-16T06:00:00Z,130.42859911713097,133.635
2026-04-16T07:00:00Z,103.23531845134411,110.195
2026-04-16T08:00:00Z,77.24847347233573,96.3525
2026-04-16T09:00:00Z,52.95609814427099,75.6725
2026-04-16T10:00:00Z,39.18800891446812,60.5125
2026-04-16T11:00:00Z,33.36858245249913,45.7675
2026-04-16T12:00:00Z,37.87702972450993,53.9725
2026-04-16T13:00:00Z,46.592225269261185,70.87
2026-04-16T14:00:00Z,66.7693575700859,89.7575
2026-04-16T15:00:00Z,103.99287557218167,111.555
2026-04-16T16:00:00Z,140.07081939177638,131.145
2026-04-16T17:00:00Z,171.55259365631338,166.9275
2026-04-16T18:00:00Z,169.87908855973853,187.3175
2026-04-16T19:00:00Z,153.0468453844307,155.01
2026-04-16T20:00:00Z,141.3783137937791,138.76
2026-04-16T21:00:00Z,132.17357356199142,127.3625
2026-04-16T22:00:00Z,122.45727766699646,121.7725
2026-04-16T23:00:00Z,117.1328481089758,115.5225
2026-04-17T00:00:00Z,112.60823500792533,112.5325
2026-04-17T01:00:00Z,112.4934005526548,108.5125
2026-04-17T02:00:00Z,116.86931302978697,111.4675
2026-04-17T03:00:00Z,126.33891671404311,120.1925
2026-04-17T04:00:00Z,145.01145155226197,146.5675
2026-04-17T05:00:00Z,146.08475914794207,148.555
2026-04-17T06:00:00Z,122.1838159267658,127.1575
2026-04-17T07:00:00Z,87.0437263203966,101.9025
2026-04-17T08:00:00Z,60.28432696208492,90.7825
2026-04-17T09:00:00Z,40.41197395337335,57.88
2026-04-17T10:00:00Z,19.72208828743068,30.87
2026-04-17T11:00:00Z,14.976467136461991,26.445
2026-04-17T12:00:00Z,29.723594015211305,31.3725
2026-04-17T13:00:00Z,43.496183330454755,59.9975
2026-04-17T14:00:00Z,68.42616074954124,81.82
2026-04-17T15:00:00Z,104.19004511073395,102.31
2026-04-17T16:00:00Z,133.50130481145573,126.755
2026-04-17T17:00:00Z,163.00223759194546,157.405
2026-04-17T18:00:00Z,164.76927311528436,157.1125
2026-04-17T19:00:00Z,142.74130653944013,138.0075
2026-04-17T20:00:00Z,128.3113563121782,123.93
2026-04-17T21:00:00Z,115.35703175594726,112.71
2026-04-17T22:00:00Z,103.0565617077022,116.245
2026-04-17T23:00:00Z,98.11329513598284,110.8775
2026-04-18T00:00:00Z,96.70069423457316,109.6625
2026-04-18T01:00:00Z,98.44764991266986,107.695
2026-04-18T02:00:00Z,102.53791454580987,108.8725
2026-04-18T03:00:00Z,107.43905190028028,110.905
2026-04-18T04:00:00Z,116.7769775388463,110.83
2026-04-18T05:00:00Z,111.3298555278244,105.7425
2026-04-18T06:00:00Z,92.40089949835863,92.2875
2026-04-18T07:00:00Z,63.873249938409515,75.1275
2026-04-18T08:00:00Z,44.09372717879356,39.5675
2026-04-18T09:00:00Z,13.002075436865411,3.94
2026-04-18T10:00:00Z,-1.4140899360125303,-3.3825000000000003
2026-04-18T11:00:00Z,-2.8305256089712856,-4.08
2026-04-18T12:00:00Z,14.604719540289096,-0.1
2026-04-18T13:00:00Z,31.553873598112453,18.8975
2026-04-18T14:00:00Z,56.37421439830078,44.8875
2026-04-18T15:00:00Z,85.23672470634908,90.805
2026-04-18T16:00:00Z,120.12011692141769,119.595
2026-04-18T17:00:00Z,146.19426503644561,131.54
2026-04-18T18:00:00Z,145.33943815491813,144.89
2026-04-18T19:00:00Z,133.80754051987367,140.29500000000002
2026-04-18T20:00:00Z,124.37240097404822,129.9925
2026-04-18T21:00:00Z,117.23383570400749,125.0
2026-04-18T22:00:00Z,115.19833631612296,116.56
2026-04-18T23:00:00Z,111.5798543952668,109.95
2026-04-19T00:00:00Z,105.16958740125506,109.205
2026-04-19T01:00:00Z,102.00297764390389,106.3225
2026-04-19T02:00:00Z,106.79421065251049,105.415
2026-04-19T03:00:00Z,107.57083373499226,106.55
2026-04-19T04:00:00Z,107.71443217389835,104.7825
2026-04-19T05:00:00Z,103.46452872230792,100.0325
2026-04-19T06:00:00Z,93.81604180006528,96.63
2026-04-19T07:00:00Z,80.79963322913338,93.8425
2026-04-19T08:00:00Z,63.76007381757279,71.385
2026-04-19T09:00:00Z,39.97900197323184,31.985
2026-04-19T10:00:00Z,25.407043419538788,5.735
2026-04-19T11:00:00Z,13.44209877328332,-0.8475
2026-04-19T12:00:00Z,4.218825087180321,-3.005
2026-04-19T13:00:00Z,2.6778919161377956,-2.255
2026-04-19T14:00:00Z,21.63122675823228,16.02
2026-04-19T15:00:00Z,57.15060305651786,73.7575
2026-04-19T16:00:00Z,89.72272993691676,103.855
2026-04-19T17:00:00Z,113.58570064737235,117.3525
2026-04-19T18:00:00Z,123.86843312842987,124.1125
2026-04-19T19:00:00Z,118.71013913065107,121.5475
2026-04-19T20:00:00Z,110.54479108640226,119.3625
2026-04-19T21:00:00Z,102.53509848478375,111.2325
2026-04-19T22:00:00Z,85.54274685468492,106.3075
2026-04-19T23:00:00Z,80.35146933888592,101.1125
2026-04-20T00:00:00Z,79.7221050381936,99.0125
2026-04-20T01:00:00Z,79.65188171780528,99.04
2026-04-20T02:00:00Z,84.63182064416795,102.3025
2026-04-20T03:00:00Z,98.84922273780062,111.6
2026-04-20T04:00:00Z,117.31576198973355,129.385
2026-04-20T05:00:00Z,121.05508112350788,142.2075
2026-04-20T06:00:00Z,112.53991584471122,134.32
2026-04-20T07:00:00Z,92.16371326376527,110.015
2026-04-20T08:00:00Z,72.9340892882539,90.1975
2026-04-20T09:00:00Z,53.68703832311198,75.88749999999999
2026-04-20T10:00:00Z,34.97809647620843,51.182500000000005
2026-04-20T11:00:00Z,28.636416378838746,32.595
2026-04-20T12:00:00Z,25.292181353967003,29.57
2026-04-20T13:00:00Z,26.46915928273954,46.475
2026-04-20T14:00:00Z,41.78681632793917,78.325
2026-04-20T15:00:00Z,76.0382317786677,97.245
2026-04-20T16:00:00Z,102.31852611815239,112.91
2026-04-20T17:00:00Z,126.49909582714857,123.4075
2026-04-20T18:00:00Z,124.2483368361302,127.18
2026-04-20T19:00:00Z,115.1590215447831,121.94
2026-04-20T20:00:00Z,107.43274484218881,115.9725
2026-04-20T21:00:00Z,91.24753073773003,106.7925
2026-04-20T22:00:00Z,82.54340720027189,99.0
2026-04-20T23:00:00Z,79.42256622887645,98.6425
2026-04-21T00:00:00Z,76.90161059334162,98.3725
2026-04-21T01:00:00Z,81.30283209326419,99.075
2026-04-21T02:00:00Z,87.24146773520694,100.19
2026-04-21T03:00:00Z,99.49236686473215,108.4475
2026-04-21T04:00:00Z,117.7041446490142,127.085
2026-04-21T05:00:00Z,122.89944586497036,135.3275
2026-04-21T06:00:00Z,109.65948645752574,118.9475
2026-04-21T07:00:00Z,80.24730106884718,97.305
2026-04-21T08:00:00Z,55.802211431664546,59.895
2026-04-21T09:00:00Z,42.00167992461786,19.602500000000003
2026-04-21T10:00:00Z,23.530935205304928,-0.0974999999999999
2026-04-21T11:00:00Z,19.41663833639504,-1.7525
2026-04-21T12:00:00Z,21.446449342526883,-3.7
2026-04-21T13:00:00Z,26.274661475675245,-1.8625
2026-04-21T14:00:00Z,50.32237974763915,14.535
2026-04-21T15:00:00Z,82.77864298775776,69.83
2026-04-21T16:00:00Z,116.02635221693703,102.645
2026-04-21T17:00:00Z,144.79386244726697,134.11
2026-04-21T18:00:00Z,147.4423333233775,144.775
2026-04-21T19:00:00Z,127.96341758656608,129.62
2026-04-21T20:00:00Z,120.28710529662096,119.845
2026-04-21T21:00:00Z,108.00342951663842,111.8725
2026-04-21T22:00:00Z,103.56542403660211,107.095
2026-04-21T23:00:00Z,103.70937854092898,104.11
2026-04-22T00:00:00Z,99.177105836123,104.2
2026-04-22T01:00:00Z,105.33145350655913,104.8475
2026-04-22T02:00:00Z,107.52539274421697,109.6925
2026-04-22T03:00:00Z,117.37898268397333,121.2325
2026-04-22T04:00:00Z,130.5924189063148,139.8425
2026-04-22T05:00:00Z,121.15617490258111,134.7975
2026-04-22T06:00:00Z,96.83702212210373,113.865
2026-04-22T07:00:00Z,61.56423003640986,79.555
2026-04-22T08:00:00Z,19.788035744751554,20.155
2026-04-22T09:00:00Z,-2.835561403994916,-2.42
2026-04-22T10:00:00Z,-28.884448000732363,-8.8325
2026-04-22T11:00:00Z,-28.422971196947003,-20.985
2026-04-22T12:00:00Z,-30.253959486757864,-19.0
2026-04-22T13:00:00Z,-21.959861430689415,-4.92
2026-04-22T14:00:00Z,11.107450374585852,-0.0099999999999998
2026-04-22T15:00:00Z,60.488271984002566,57.405
2026-04-22T16:00:00Z,107.50053622786153,105.2975
2026-04-22T17:00:00Z,145.1885180130355,140.1175
2026-04-22T18:00:00Z,147.64312448297235,153.91
2026-04-22T19:00:00Z,128.26933078553333,128.51
2026-04-22T20:00:00Z,116.99827922573635,114.45
2026-04-22T21:00:00Z,103.3481729333738,105.0775
2026-04-22T22:00:00Z,89.88401380062204,100.14
2026-04-22T23:00:00Z,87.0969337730428,97.625
2026-04-23T00:00:00Z,82.1687505603151,96.735
2026-04-23T01:00:00Z,83.41803970709933,96.2075
2026-04-23T02:00:00Z,86.6219919162254,95.85
2026-04-23T03:00:00Z,95.92234876574258,104.16
2026-04-23T04:00:00Z,111.77795088687289,119.0
2026-04-23T05:00:00Z,106.43997727012767,119.4
2026-04-23T06:00:00Z,83.0916298289418,109.6975
2026-04-23T07:00:00Z,47.54577685768139,63.2925
2026-04-23T08:00:00Z,16.6034966755865,-0.5625
2026-04-23T09:00:00Z,-16.833038605085193,-6.175
2026-04-23T10:00:00Z,-34.03274006629469,-29.0075
2026-04-23T11:00:00Z,-43.82764569837384,-49.56
2026-04-23T12:00:00Z,-42.54742230066232,-48.8625
2026-04-23T13:00:00Z,-32.08568617544255,-22.89
2026-04-23T14:00:00Z,-5.133073665901449,-1.93
2026-04-23T15:00:00Z,31.358588502556067,21.9675
2026-04-23T16:00:00Z,80.3299252506906,93.5725
2026-04-23T17:00:00Z,118.16484337535513,121.5
2026-04-23T18:00:00Z,126.3092260535999,136.955
2026-04-23T19:00:00Z,107.63388738800137,116.2875
2026-04-23T20:00:00Z,94.27788527940025,108.235
2026-04-23T21:00:00Z,85.70914879117547,99.4575
2026-04-23T22:00:00Z,80.10697604335057,102.455
2026-04-23T23:00:00Z,78.46818497568204,100.13
2026-04-24T00:00:00Z,75.00541380427293,100.71
2026-04-24T01:00:00Z,78.01116854909354,101.69
2026-04-24T02:00:00Z,84.35089558912306,105.3575
2026-04-24T03:00:00Z,97.73910775419785,116.305
2026-04-24T04:00:00Z,116.93231643939376,131.8725
2026-04-24T05:00:00Z,119.65070029394366,137.9875
2026-04-24T06:00:00Z,101.01842320521544,117.685
2026-04-24T07:00:00Z,65.19247101186416,80.905
2026-04-24T08:00:00Z,29.284274355463687,19.5725
2026-04-24T09:00:00Z,11.572899213385199,-0.035
2026-04-24T10:00:00Z,-18.396566885237945,-6.9075
2026-04-24T11:00:00Z,-34.85917043224879,-26.14
2026-04-24T12:00:00Z,-38.252637184998534,-30.0025
2026-04-24T13:00:00Z,-28.113250379205752,-16.555
2026-04-24T14:00:00Z,1.8250059145886866,-1.6124999999999998
2026-04-24T15:00:00Z,31.99430739218277,50.9075
2026-04-24T16:00:00Z,83.67238209273596,104.8175
2026-04-24T17:00:00Z,122.5617321782682,133.81
2026-04-24T18:00:00Z,133.01391594672492,137.34
2026-04-24T19:00:00Z,120.79068747228911,131.025
2026-04-24T20:00:00Z,107.88293535651803,121.8775
2026-04-24T21:00:00Z,98.20338426644167,113.4425
2026-04-24T22:00:00Z,90.17326104912648,100.625
2026-04-24T23:00:00Z,87.56315933091187,95.54
2026-04-25T00:00:00Z,84.56588271763607,95.12
2026-04-25T01:00:00Z,84.9086311668049,95.1575
2026-04-25T02:00:00Z,84.8910055971208,88.4575
2026-04-25T03:00:00Z,86.60055291802068,88.03
2026-04-25T04:00:00Z,90.06417185366134,83.1825
2026-04-25T05:00:00Z,81.35046346270224,71.3625
2026-04-25T06:00:00Z,57.453558623023795,20.035
2026-04-25T07:00:00Z,31.225461389534175,-0.0424999999999999
2026-04-25T08:00:00Z,-9.899211238423135,-7.27
2026-04-25T09:00:00Z,-31.449693457405743,-42.1425
2026-04-25T10:00:00Z,-44.15667195852339,-100.5125
2026-04-25T11:00:00Z,-55.52802523923745,-176.4425
2026-04-25T12:00:00Z,-54.85753774343192,-190.865
2026-04-25T13:00:00Z,-43.789151552279066,-133.8025
2026-04-25T14:00:00Z,-21.041742875029087,-53.975
2026-04-25T15:00:00Z,20.053900966872682,-5.245
2026-04-25T16:00:00Z,56.56750469244393,4.615
2026-04-25T17:00:00Z,91.01439360934424,65.19749999999999
2026-04-25T18:00:00Z,95.72523516446057,75.42
2026-04-25T19:00:00Z,87.77582529119968,72.005
2026-04-25T20:00:00Z,80.49382411067813,72.6775
2026-04-25T21:00:00Z,74.97125313293765,69.97999999999999
2026-04-25T22:00:00Z,74.6696382690719,79.44
2026-04-25T23:00:00Z,75.8460769295803,83.595
2026-04-26T00:00:00Z,78.09117118186626,87.1
2026-04-26T01:00:00Z,82.96751670134573,90.4875
2026-04-26T02:00:00Z,87.50008364746289,94.1525
2026-04-26T03:00:00Z,96.28230290685488,98.64
2026-04-26T04:00:00Z,96.37742117333714,94.185
2026-04-26T05:00:00Z,82.37334168093473,83.1525
2026-04-26T06:00:00Z,49.921445335606464,54.3125
2026-04-26T07:00:00Z,21.96635806492106,-0.01
2026-04-26T08:00:00Z,-8.092875999625136,-28.185
2026-04-26T09:00:00Z,-31.405820130933975,-127.365
2026-04-26T10:00:00Z,-53.61934503259624,-259.96000000000004
2026-04-26T11:00:00Z,-72.48734772686794,-413.77
2026-04-26T12:00:00Z,-66.7155442997464,-413.245
2026-04-26T13:00:00Z,-39.8179419871736,-235.8925
2026-04-26T14:00:00Z,1.6635657312065462,-37.305
2026-04-26T15:00:00Z,62.633613565756946,11.177499999999998
2026-04-26T16:00:00Z,107.07719730783569,113.0975
2026-04-26T17:00:00Z,152.83509003247377,150.2875
2026-04-26T18:00:00Z,162.36107743417404,157.815
2026-04-26T19:00:00Z,154.04685485778566,140.6525
2026-04-26T20:00:00Z,147.44171807394162,126.4075
2026-04-26T21:00:00Z,140.8014057655095,122.875
2026-04-26T22:00:00Z,131.2977850978404,118.4475
2026-04-26T23:00:00Z,129.47223000200296,113.03
2026-04-27T00:00:00Z,129.7490883331337,112.71
2026-04-27T01:00:00Z,133.76578859238833,112.825
2026-04-27T02:00:00Z,139.67798066546732,116.74
2026-04-27T03:00:00Z,153.67670345916756,125.6675
2026-04-27T04:00:00Z,167.83596627704375,165.5675
2026-04-27T05:00:00Z,161.14688576198543,153.69
2026-04-27T06:00:00Z,132.25410739633213,126.5475
2026-04-27T07:00:00Z,89.58917966935844,92.5275
2026-04-27T08:00:00Z,58.18504018455233,59.1425
2026-04-27T09:00:00Z,10.425452287113728,4.14
2026-04-27T10:00:00Z,-27.52851446851247,-0.0975
2026-04-27T11:00:00Z,-64.36514327194385,-0.83
2026-04-27T12:00:00Z,-65.19150353186987,-0.1625
2026-04-27T13:00:00Z,-17.033871529834585,5.1425
2026-04-27T14:00:00Z,43.398218836434005,68.66499999999999
2026-04-27T15:00:00Z,83.52830429324419,107.185
2026-04-27T16:00:00Z,134.43985262080838,129.8525
2026-04-27T17:00:00Z,163.04495709996615,172.3
2026-04-27T18:00:00Z,165.3038535852736,188.1175
2026-04-27T19:00:00Z,145.66411537669063,148.46
2026-04-27T20:00:00Z,129.25086677805257,125.6475
2026-04-27T21:00:00Z,118.95837379421451,115.2025
2026-04-27T22:00:00Z,103.598964099741,112.66
2026-04-27T23:00:00Z,98.24940399337656,106.9025
2026-04-28T00:00:00Z,92.38593576797126,102.98
2026-04-28T01:00:00Z,94.44746273650114,102.83
2026-04-28T02:00:00Z,97.9666506755466,105.2775
2026-04-28T03:00:00Z,107.5568772530463,111.835
2026-04-28T04:00:00Z,122.77265385165666,122.1
2026-04-28T05:00:00Z,116.87366104219649,121.43
2026-04-28T06:00:00Z,96.9684028395744,112.315
2026-04-28T07:00:00Z,66.43050500307865,79.7775
2026-04-28T08:00:00Z,34.8525745828239,21.815
2026-04-28T09:00:00Z,-2.2005055716311688,-1.085
2026-04-28T10:00:00Z,-15.86720152775726,-14.0425
2026-04-28T11:00:00Z,-24.539296021714406,-29.0
2026-04-28T12:00:00Z,-25.05542334471393,-29.0075
2026-04-28T13:00:00Z,-19.26342292682179,-17.33
2026-04-28T14:00:00Z,19.08077199718098,-4.655
2026-04-28T15:00:00Z,52.36263588418483,33.315
2026-04-28T16:00:00Z,91.68597066399073,90.1
2026-04-28T17:00:00Z,127.99845929010394,117.4
2026-04-28T18:00:00Z,134.19466586912824,120.9725
2026-04-28T19:00:00Z,116.7225779019551,115.8275
2026-04-28T20:00:00Z,98.57868692146505,111.295
2026-04-28T21:00:00Z,91.1749876608227,101.77
2026-04-28T22:00:00Z,86.43464934490564,98.2075
2026-04-28T23:00:00Z,83.85141673849917,96.725
2026-04-29T00:00:00Z,79.68122705841775,97.9175
2026-04-29T01:00:00Z,83.71549941073312,98.5275
2026-04-29T02:00:00Z,91.37617214179984,100.65
2026-04-29T03:00:00Z,105.3361201758305,107.905
2026-04-29T04:00:00Z,119.48088451153708,139.7975
2026-04-29T05:00:00Z,118.0344817980866,126.8475
2026-04-29T06:00:00Z,94.8589072499602,112.365
2026-04-29T07:00:00Z,58.07354894023602,66.42
2026-04-29T08:00:00Z,19.60764461596296,-1.0775
2026-04-29T09:00:00Z,-11.54542334661518,-11.5675
2026-04-29T10:00:00Z,-25.441790431853008,-33.765
2026-04-29T11:00:00Z,-36.81826761034313,-60.3625
2026-04-29T12:00:00Z,-36.346533828450006,-55.4325
2026-04-29T13:00:00Z,-28.83802016253057,-36.22
2026-04-29T14:00:00Z,0.9456025263078374,-11.25
2026-04-29T15:00:00Z,36.206465428938095,19.645
2026-04-29T16:00:00Z,85.48494539472759,91.145
2026-04-29T17:00:00Z,123.74713269126781,125.81
2026-04-29T18:00:00Z,132.40178643393463,145.5925
2026-04-29T19:00:00Z,121.59990435209906,129.95
2026-04-29T20:00:00Z,105.3837740970085,115.6575
2026-04-29T21:00:00Z,95.49898361142785,105.0975
2026-04-29T22:00:00Z,86.92431493297396,100.32
2026-04-29T23:00:00Z,87.03162188275704,100.11
2026-04-30T00:00:00Z,86.3999858274564,98.57
2026-04-30T01:00:00Z,89.45137220591546,99.4775
2026-04-30T02:00:00Z,95.56149461952792,104.09
2026-04-30T03:00:00Z,104.34472894777444,114.1025
2026-04-30T04:00:00Z,120.03558725422809,139.12
2026-04-30T05:00:00Z,109.06452198270973,122.285
2026-04-30T06:00:00Z,82.22814658916778,96.2175
2026-04-30T07:00:00Z,41.12982089839657,45.555
2026-04-30T08:00:00Z,-5.108561673617672,-0.0375
2026-04-30T09:00:00Z,-21.870774033160004,-3.875
2026-04-30T10:00:00Z,-36.166542469317605,-16.2525
2026-04-30T11:00:00Z,-46.063250842938714,-32.02
2026-04-30T12:00:00Z,-44.20329460241207,-28.93
2026-04-30T13:00:00Z,-33.10437182475901,-12.05
2026-04-30T14:00:00Z,-5.095922266835217,-2.2925
2026-04-30T15:00:00Z,29.483137093182094,20.58
2026-04-30T16:00:00Z,84.59857143257382,92.43
2026-04-30T17:00:00Z,125.8784974437691,139.0875
2026-04-30T18:00:00Z,135.55528124981615,178.62
2026-04-30T19:00:00Z,120.6631113979067,145.84
2026-04-30T20:00:00Z,106.00820794307512,118.92
2026-04-30T21:00:00Z,94.85760660503522,109.6075
2026-04-30T22:00:00Z,83.94087476486003,107.2275
2026-04-30T23:00:00Z,81.36706709003967,103.085
2026-05-01T00:00:00Z,77.85520666070605,101.385
2026-05-01T01:00:00Z,80.6315984280498,99.245
2026-05-01T02:00:00Z,84.14476296727312,97.98
2026-05-01T03:00:00Z,89.73137313700568,97.495
2026-05-01T04:00:00Z,89.37906041063144,103.7675
2026-05-01T05:00:00Z,67.74970142635988,80.34
2026-05-01T06:00:00Z,38.247170165789484,35.3325
2026-05-01T07:00:00Z,-3.715783751117911,-0.0275
2026-05-01T08:00:00Z,-33.14044295877376,-21.18
2026-05-01T09:00:00Z,-48.900389195465266,-108.6175
2026-05-01T10:00:00Z,-56.75133230475879,-318.58
2026-05-01T11:00:00Z,-59.272151962116794,-499.0
2026-05-01T12:00:00Z,-47.265991056472885,-474.9675
2026-05-01T13:00:00Z,-27.356901209190895,-205.8775
2026-05-01T14:00:00Z,-3.7522747674326524,-26.2475
2026-05-01T15:00:00Z,43.356561650516376,5.555
2026-05-01T16:00:00Z,100.87469017665062,92.53
2026-05-01T17:00:00Z,146.21256493750556,154.19
2026-05-01T18:00:00Z,160.833620298097,173.325
2026-05-01T19:00:00Z,137.00861953006387,142.95
2026-05-01T20:00:00Z,118.50597532891622,113.2225
2026-05-01T21:00:00Z,106.44618200009637,96.9825
2026-05-01T22:00:00Z,99.09515974946706,117.425
2026-05-01T23:00:00Z,93.59057285511284,103.7125
2026-05-02T00:00:00Z,92.3742717485021,99.4775
2026-05-02T01:00:00Z,91.67263375647926,93.335
2026-05-02T02:00:00Z,92.04105530655056,93.545
2026-05-02T03:00:00Z,93.65716813807876,93.6975
2026-05-02T04:00:00Z,91.0737432767499,91.78
2026-05-02T05:00:00Z,70.60059238636994,78.0125
2026-05-02T06:00:00Z,44.17439359694363,18.27
2026-05-02T07:00:00Z,25.118234109233413,1.27
2026-05-02T08:00:00Z,3.0251878856091423,-2.3875
2026-05-02T09:00:00Z,-27.871279859772557,-21.9125
2026-05-02T10:00:00Z,-77.65762045210997,-83.6075
2026-05-02T11:00:00Z,-119.82134149216085,-130.0275
2026-05-02T12:00:00Z,-118.19641521833074,-86.8425
2026-05-02T13:00:00Z,-58.07682284075781,-14.0375
2026-05-02T14:00:00Z,-6.402385469878581,0.0325
2026-05-02T15:00:00Z,45.843492945647725,54.945
2026-05-02T16:00:00Z,100.36563049512793,127.14
2026-05-02T17:00:00Z,146.46639969874155,165.0
2026-05-02T18:00:00Z,156.88847698438872,195.45
2026-05-02T19:00:00Z,137.5617145119923,154.32
2026-05-02T20:00:00Z,118.4027955684332,139.96
2026-05-02T21:00:00Z,110.36022818668148,123.865
2026-05-02T22:00:00Z,105.9674194235094,121.195
2026-05-02T23:00:00Z,100.03616822651983,116.0325
2026-05-03T00:00:00Z,93.41011171120736,110.1625
2026-05-03T01:00:00Z,91.96004070755824,108.4775
2026-05-03T02:00:00Z,92.49157346406545,106.2925
2026-05-03T03:00:00Z,94.63868604090025,107.0725
2026-05-03T04:00:00Z,90.8713564109726,101.7
2026-05-03T05:00:00Z,70.9644251918045,85.3375
2026-05-03T06:00:00Z,41.722850048324105,71.7375
2026-05-03T07:00:00Z,21.258661513675506,32.6575
2026-05-03T08:00:00Z,-1.8374023666499966,1.2875
2026-05-03T09:00:00Z,-14.084860210416949,-1.4275
2026-05-03T10:00:00Z,-38.24371206993722,-6.79
2026-05-03T11:00:00Z,-54.29730401724757,-14.435
2026-05-03T12:00:00Z,-41.103640306730284,-10.8825
2026-05-03T13:00:00Z,-5.349275967177164,-3.9675
2026-05-03T14:00:00Z,18.636987212022824,9.1325
2026-05-03T15:00:00Z,57.89772442521388,80.7075
2026-05-03T16:00:00Z,104.83578172039434,120.5725
2026-05-03T17:00:00Z,138.1556070592557,134.795
2026-05-03T18:00:00Z,145.7576643724143,140.87
2026-05-03T19:00:00Z,132.08046969151627,137.31
2026-05-03T20:00:00Z,121.49944849475595,130.3775
2026-05-03T21:00:00Z,108.84128935585574,121.115
2026-05-03T22:00:00Z,95.345463729872,117.355
2026-05-03T23:00:00Z,94.44002778344782,108.41
2026-05-04T00:00:00Z,93.18881191963499,110.5575
2026-05-04T01:00:00Z,94.09859633915784,106.3475
2026-05-04T02:00:00Z,101.7221400471099,109.9075
2026-05-04T03:00:00Z,118.41464757510295,128.8825
2026-05-04T04:00:00Z,134.76490155419663,149.5475
2026-05-04T05:00:00Z,133.44613566390785,151.26749999999998
2026-05-04T06:00:00Z,116.67350103414236,134.6025
2026-05-04T07:00:00Z,86.19321091197654,113.625
2026-05-04T08:00:00Z,61.2648378008686,99.99
2026-05-04T09:00:00Z,47.704409538269815,93.095
2026-05-04T10:00:00Z,39.05162839565793,75.065
2026-05-04T11:00:00Z,38.26805339183956,69.4075
2026-05-04T12:00:00Z,44.95879371426812,81.0775
2026-05-04T13:00:00Z,55.827915524690724,94.0025
2026-05-04T14:00:00Z,78.92984411411284,107.9675
2026-05-04T15:00:00Z,117.75201156494401,128.9925
2026-05-04T16:00:00Z,142.1891353928658,169.0
2026-05-04T17:00:00Z,162.03089347730435,245.03
2026-05-04T18:00:00Z,165.62596008227553,266.83500000000004
2026-05-04T19:00:00Z,154.77595626917582,194.3
2026-05-04T20:00:00Z,146.49474164928483,153.04500000000002
2026-05-04T21:00:00Z,136.13947959559334,137.2
2026-05-04T22:00:00Z,129.10610912177134,131.36
2026-05-04T23:00:00Z,124.44551301842883,126.2
2026-05-05T00:00:00Z,120.92595768758277,122.11
2026-05-05T01:00:00Z,120.24993415847653,122.045
2026-05-05T02:00:00Z,122.62775376288614,123.9
2026-05-05T03:00:00Z,135.1315563996819,133.9025
2026-05-05T04:00:00Z,150.8133995158504,160.1125
2026-05-05T05:00:00Z,154.8036429227143,160.765
2026-05-05T06:00:00Z,139.95725341306792,147.23250000000002
2026-05-05T07:00:00Z,116.77036502691666,129.61
2026-05-05T08:00:00Z,97.34015601518698,114.12
2026-05-05T09:00:00Z,85.75810403396642,108.2575
2026-05-05T10:00:00Z,77.47028250601412,99.0925
2026-05-05T11:00:00Z,73.1583538078703,98.055
2026-05-05T12:00:00Z,79.12300636925183,97.745
2026-05-05T13:00:00Z,86.4587484696207,105.99
2026-05-05T14:00:00Z,97.88126913515441,111.9775
2026-05-05T15:00:00Z,117.17655770063581,128.67000000000002
2026-05-05T16:00:00Z,143.2066439999138,145.7625
2026-05-05T17:00:00Z,170.55978270872532,163.685
2026-05-05T18:00:00Z,172.25727655882255,163.9025
2026-05-05T19:00:00Z,146.51777501691438,146.9975
2026-05-05T20:00:00Z,127.1541093592445,132.745
2026-05-05T21:00:00Z,112.9561881487054,115.2925
2026-05-05T22:00:00Z,98.21249524784136,120.035
2026-05-05T23:00:00Z,91.81071051925169,114.23
2026-05-06T00:00:00Z,84.25332337058187,113.165
2026-05-06T01:00:00Z,82.64349419245184,112.995
2026-05-06T02:00:00Z,87.31752688322918,113.34
2026-05-06T03:00:00Z,97.326876221439,118.225
2026-05-06T04:00:00Z,114.06395801507048,131.14
2026-05-06T05:00:00Z,119.8446708548268,142.45
2026-05-06T06:00:00Z,109.55643645582383,141.55
2026-05-06T07:00:00Z,92.586551894772,121.305
2026-05-06T08:00:00Z,76.83882437880793,108.8
2026-05-06T09:00:00Z,67.26846730294582,104.12
2026-05-06T10:00:00Z,58.082471662510926,100.0925
2026-05-06T11:00:00Z,51.717742473423314,89.34
2026-05-06T12:00:00Z,52.809140122152726,91.33
2026-05-06T13:00:00Z,58.86830299060924,103.125
2026-05-06T14:00:00Z,74.70875287770568,112.6625
2026-05-06T15:00:00Z,97.43375311028132,125.0525
2026-05-06T16:00:00Z,119.25449843834575,137.91
2026-05-06T17:00:00Z,138.6727395820753,154.605
2026-05-06T18:00:00Z,143.07921796292572,156.915
2026-05-06T19:00:00Z,132.95429557364352,154.61
2026-05-06T20:00:00Z,122.59429705930557,143.4125
2026-05-06T21:00:00Z,113.07716591154386,128.26
2026-05-06T22:00:00Z,104.33216261579761,125.1525
2026-05-06T23:00:00Z,103.73924353348596,116.485
2026-05-07T00:00:00Z,98.50973548962442,115.2575
2026-05-07T01:00:00Z,101.78684968089419,116.49
2026-05-07T02:00:00Z,105.76844894391019,119.1375
2026-05-07T03:00:00Z,117.2016270520441,126.875
2026-05-07T04:00:00Z,134.8181249127488,151.0
2026-05-07T05:00:00Z,143.2067612385397,167.29250000000002
2026-05-07T06:00:00Z,137.31634232934402,155.5925
2026-05-07T07:00:00Z,118.32601908748147,136.41
2026-05-07T08:00:00Z,106.17518461582802,120.1325
2026-05-07T09:00:00Z,94.06445778808977,113.525
2026-05-07T10:00:00Z,84.78618477843648,103.9225
2026-05-07T11:00:00Z,76.00936585120215,101.915
2026-05-07T12:00:00Z,73.5219433513998,101.73
2026-05-07T13:00:00Z,77.34848827499975,107.445
2026-05-07T14:00:00Z,87.73196009191815,117.9975
2026-05-07T15:00:00Z,108.01536928483748,132.56
2026-05-07T16:00:00Z,133.68003833705848,148.70499999999998
2026-05-07T17:00:00Z,157.37133848892864,185.655
2026-05-07T18:00:00Z,163.16015774507687,221.4775
2026-05-07T19:00:00Z,154.21901491462984,182.715
2026-05-07T20:00:00Z,140.80660530745058,154.435
2026-05-07T21:00:00Z,128.4116186744193,142.7575
2026-05-07T22:00:00Z,119.79325993072048,130.3425
2026-05-07T23:00:00Z,113.89574997787888,120.66
2026-05-08T00:00:00Z,107.94504473929732,118.215
2026-05-08T01:00:00Z,108.95866201911491,116.9775
2026-05-08T02:00:00Z,114.32964033065706,118.565
2026-05-08T03:00:00Z,123.38408933937397,126.185
2026-05-08T04:00:00Z,134.4111941114888,143.6
2026-05-08T05:00:00Z,132.34192320148793,147.0275
2026-05-08T06:00:00Z,111.36810814031304,137.4
2026-05-08T07:00:00Z,77.55729202417187,115.2475
2026-05-08T08:00:00Z,52.29963040551388,97.7475
2026-05-08T09:00:00Z,33.18161803981441,75.81
2026-05-08T10:00:00Z,18.58922239847915,65.37
2026-05-08T11:00:00Z,8.728169563875795,58.7075
2026-05-08T12:00:00Z,10.270775122043304,64.34
2026-05-08T13:00:00Z,28.48275474774502,81.8925
2026-05-08T14:00:00Z,53.56417456499577,94.0625
2026-05-08T15:00:00Z,83.4147217457236,109.5
2026-05-08T16:00:00Z,115.87169212200826,127.815
2026-05-08T17:00:00Z,145.133562249884,143.54250000000002
2026-05-08T18:00:00Z,155.58067091306432,152.9775
2026-05-08T19:00:00Z,135.08098542060702,138.9
2026-05-08T20:00:00Z,114.14299983380627,127.5025
2026-05-08T21:00:00Z,101.11268008863293,119.14
2026-05-08T22:00:00Z,94.25014912513026,127.6925
2026-05-08T23:00:00Z,90.62351482588949,123.4075
2026-05-09T00:00:00Z,90.87143288565504,123.48
2026-05-09T01:00:00Z,94.01549742835985,124.3525
2026-05-09T02:00:00Z,97.26353180439017,125.7375
2026-05-09T03:00:00Z,100.57021548218484,126.4525
2026-05-09T04:00:00Z,99.928953808817,127.5225
2026-05-09T05:00:00Z,86.01221500905882,118.67
2026-05-09T06:00:00Z,58.41339111160062,107.6725
2026-05-09T07:00:00Z,30.77275125891005,68.3075
2026-05-09T08:00:00Z,-0.46888797083668976,9.9275
2026-05-09T09:00:00Z,-14.023364129149257,-0.015
2026-05-09T10:00:00Z,-19.140344390297713,-0.0625
2026-05-09T11:00:00Z,-20.670029972823542,-0.09
2026-05-09T12:00:00Z,-11.97681126758711,-0.0125
2026-05-09T13:00:00Z,-3.0199269675002114,0.0025
2026-05-09T14:00:00Z,22.42473620762778,27.715000000000003
2026-05-09T15:00:00Z,52.55188849346291,93.69
2026-05-09T16:00:00Z,91.86466643464209,123.19
2026-05-09T17:00:00Z,130.62701748047988,138.5075
2026-05-09T18:00:00Z,142.8012247653826,146.965
2026-05-09T19:00:00Z,131.2912460039655,143.485
2026-05-09T20:00:00Z,121.01675766997161,136.3
2026-05-09T21:00:00Z,112.32096966474037,127.0875
2026-05-09T22:00:00Z,109.61403758915667,128.0925
2026-05-09T23:00:00Z,107.73429429243006,125.4475
2026-05-10T00:00:00Z,103.57366476978994,125.4325
2026-05-10T01:00:00Z,104.20394794367783,123.4825
2026-05-10T02:00:00Z,105.49304715052074,124.1975
2026-05-10T03:00:00Z,107.59480194764248,123.94
2026-05-10T04:00:00Z,99.78515799511817,115.14
2026-05-10T05:00:00Z,78.31804653362634,101.1675
2026-05-10T06:00:00Z,50.61316995401724,70.835
2026-05-10T07:00:00Z,18.692793567865387,11.18
2026-05-10T08:00:00Z,-18.120389966805803,0.0025
2026-05-10T09:00:00Z,-29.998608112701035,-0.6699999999999999
2026-05-10T10:00:00Z,-34.46716374597359,-1.88
2026-05-10T11:00:00Z,-36.87700982338369,-2.165
2026-05-10T12:00:00Z,-30.18484607993433,-1.4
2026-05-10T13:00:00Z,-18.76151826447861,-0.255
2026-05-10T14:00:00Z,16.276897484765165,1.8825
2026-05-10T15:00:00Z,59.43513323317592,71.005
2026-05-10T16:00:00Z,92.54824930172396,110.9425
2026-05-10T17:00:00Z,118.73242196112763,122.0
2026-05-10T18:00:00Z,127.7703551546069,129.3175
2026-05-10T19:00:00Z,121.94440559713416,128.515
2026-05-10T20:00:00Z,117.78189217627795,124.14
2026-05-10T21:00:00Z,115.16020269664219,119.8375
2026-05-10T22:00:00Z,109.27131673365427,118.785
2026-05-10T23:00:00Z,108.94624400864576,112.335
2026-05-11T00:00:00Z,107.19253090035272,110.4275
2026-05-11T01:00:00Z,107.98577024344092,112.6575
2026-05-11T02:00:00Z,113.08316249142757,113.0925
2026-05-11T03:00:00Z,127.1544619281494,122.1375
2026-05-11T04:00:00Z,142.98511274277075,136.475
2026-05-11T05:00:00Z,146.29615376151867,154.0475
2026-05-11T06:00:00Z,136.3112906036786,150.0125
2026-05-11T07:00:00Z,107.21284687768332,136.79999999999998
2026-05-11T08:00:00Z,89.83509763627899,126.3075
2026-05-11T09:00:00Z,78.8302566790564,113.4325
2026-05-11T10:00:00Z,67.84003897585833,105.485
2026-05-11T11:00:00Z,56.4872482885164,98.78
2026-05-11T12:00:00Z,51.41664271064637,95.98
2026-05-11T13:00:00Z,45.357253361477056,96.2
2026-05-11T14:00:00Z,50.73520231405013,100.49
2026-05-11T15:00:00Z,73.86464216510996,116.3025
2026-05-11T16:00:00Z,101.81828176432114,122.98
2026-05-11T17:00:00Z,118.21759685644597,130.7175
2026-05-11T18:00:00Z,123.20581004688404,131.12
2026-05-11T19:00:00Z,108.80416630722638,127.8725
2026-05-11T20:00:00Z,90.55642993664574,120.765
2026-05-11T21:00:00Z,74.9485142636383,108.9525
2026-05-11T22:00:00Z,68.63172168494611,99.065
2026-05-11T23:00:00Z,64.44593830881647,95.275
2026-05-12T00:00:00Z,59.00167031246098,91.73
2026-05-12T01:00:00Z,61.932822284094605,89.8975
2026-05-12T02:00:00Z,66.68312787859168,91.375
2026-05-12T03:00:00Z,76.48285104038028,94.0025
2026-05-12T04:00:00Z,91.44374256564194,111.2625
2026-05-12T05:00:00Z,94.65822113874748,122.575
2026-05-12T06:00:00Z,81.55295461574143,112.145
2026-05-12T07:00:00Z,59.17166350360823,94.075
2026-05-12T08:00:00Z,48.08597789772916,79.5575
2026-05-12T09:00:00Z,41.8395703962094,63.535
2026-05-12T10:00:00Z,34.385679679504015,45.91
2026-05-12T11:00:00Z,31.148540214471588,27.33
2026-05-12T12:00:00Z,29.402954846424265,19.9725
2026-05-12T13:00:00Z,27.44279398436604,44.760000000000005
2026-05-12T14:00:00Z,37.7410594205037,74.405
2026-05-12T15:00:00Z,62.74697083242672,96.0
2026-05-12T16:00:00Z,91.38195984843254,114.88
2026-05-12T17:00:00Z,120.90525127723001,136.2775
2026-05-12T18:00:00Z,129.99010971198894,142.985
2026-05-12T19:00:00Z,126.58987363901785,142.7425
2026-05-12T20:00:00Z,117.69211981829493,131.225
2026-05-12T21:00:00Z,108.2663049359522,118.345
2026-05-12T22:00:00Z,95.70190185916687,114.33
2026-05-12T23:00:00Z,82.31466059415034,106.2175
2026-05-13T00:00:00Z,78.09730319853222,104.3575
2026-05-13T01:00:00Z,81.21290787144018,107.435
2026-05-13T02:00:00Z,87.25850650479516,111.195
2026-05-13T03:00:00Z,97.67525359325643,120.0
2026-05-13T04:00:00Z,113.71908027816048,137.1825
2026-05-13T05:00:00Z,118.80648022581363,141.1225
2026-05-13T06:00:00Z,105.37352951701415,126.7
2026-05-13T07:00:00Z,82.36669043312341,102.525
2026-05-13T08:00:00Z,63.43221472002006,86.44
2026-05-13T09:00:00Z,57.88822871598093,83.7775
2026-05-13T10:00:00Z,50.143584736319795,74.10249999999999
2026-05-13T11:00:00Z,38.923603280828395,71.77250000000001
2026-05-13T12:00:00Z,35.84646426200665,70.2025
2026-05-13T13:00:00Z,44.330931464299766,82.2675
2026-05-13T14:00:00Z,66.00602341576538,92.375
2026-05-13T15:00:00Z,93.44516100030684,112.6025
2026-05-13T16:00:00Z,119.12097812794016,132.355
2026-05-13T17:00:00Z,146.96589116853636,151.4925
2026-05-13T18:00:00Z,151.87962761631087,171.26749999999998
2026-05-13T19:00:00Z,142.4635749683481,160.04500000000002
2026-05-13T20:00:00Z,126.64053980196871,142.20499999999998
2026-05-13T21:00:00Z,114.12000138874942,123.095
2026-05-13T22:00:00Z,98.7588556958418,130.54
2026-05-13T23:00:00Z,98.89861751803278,121.75
2026-05-14T00:00:00Z,87.6328568310072,119.225
2026-05-14T01:00:00Z,88.57485845555377,115.6375
2026-05-14T02:00:00Z,89.26289986664463,112.9175
2026-05-14T03:00:00Z,90.22525128379112,112.045
2026-05-14T04:00:00Z,88.71727674000765,111.405
2026-05-14T05:00:00Z,78.77369394517734,108.09
2026-05-14T06:00:00Z,64.86298709892084,99.2575
2026-05-14T07:00:00Z,46.72519617012498,85.15
2026-05-14T08:00:00Z,36.24077581457135,58.6425
2026-05-14T09:00:00Z,27.846837883464623,35.5675
2026-05-14T10:00:00Z,15.012580338304105,16.055
2026-05-14T11:00:00Z,8.893695035507676,7.5525
2026-05-14T12:00:00Z,6.682945993581768,4.6025
2026-05-14T13:00:00Z,15.48211696640022,17.8475
2026-05-14T14:00:00Z,36.671966666085304,66.9125
2026-05-14T15:00:00Z,67.52192340811166,94.76
2026-05-14T16:00:00Z,101.80057033358939,126.0
2026-05-14T17:00:00Z,132.6456776026432,142.5825
2026-05-14T18:00:00Z,148.3508040448573,150.4475
2026-05-14T19:00:00Z,144.78638815099666,152.2025
2026-05-14T20:00:00Z,131.78943758555116,150.91
2026-05-14T21:00:00Z,121.57382990421698,136.32
2026-05-14T22:00:00Z,121.39690164507994,137.9725
2026-05-14T23:00:00Z,116.6577024260016,131.3725
2026-05-15T00:00:00Z,109.12925743778679,126.3125
2026-05-15T01:00:00Z,105.8768573873394,121.9375
2026-05-15T02:00:00Z,108.93144165535756,123.7125
2026-05-15T03:00:00Z,113.61465968452033,127.16
2026-05-15T04:00:00Z,115.93522336128164,136.1
2026-05-15T05:00:00Z,109.51203924974199,132.515
2026-05-15T06:00:00Z,92.66647160725762,123.995
2026-05-15T07:00:00Z,69.3093383139358,104.54
2026-05-15T08:00:00Z,52.209630972300474,81.7825
2026-05-15T09:00:00Z,36.06214071607166,66.8175
2026-05-15T10:00:00Z,24.126710236730126,54.3025
2026-05-15T11:00:00Z,16.128767275455125,40.3225
2026-05-15T12:00:00Z,14.33385771057705,40.1475
2026-05-15T13:00:00Z,20.37006351697601,51.0025
2026-05-15T14:00:00Z,42.455616476144115,77.32
2026-05-15T15:00:00Z,72.29170567501376,105.0475
2026-05-15T16:00:00Z,104.15842830739685,125.0425
2026-05-15T17:00:00Z,130.41355721704457,143.31
2026-05-15T18:00:00Z,140.93170222105707,153.455
2026-05-15T19:00:00Z,140.53453340060958,151.14499999999998
2026-05-15T20:00:00Z,128.77534701039383,144.685
2026-05-15T21:00:00Z,114.1797364018753,135.5125
2026-05-15T22:00:00Z,107.2725970834984,130.0
2026-05-15T23:00:00Z,101.36573215854088,121.7875
2026-05-16T00:00:00Z,98.97876420982479,117.5625
2026-05-16T01:00:00Z,95.75951989313569,116.0025
2026-05-16T02:00:00Z,95.32239907148079,114.02
2026-05-16T03:00:00Z,95.00493871689719,109.3425
2026-05-16T04:00:00Z,94.47479993481167,105.7075
2026-05-16T05:00:00Z,86.59209312184122,100.045
2026-05-16T06:00:00Z,66.39620736661698,86.9525
2026-05-16T07:00:00Z,42.085453741946516,43.9525
2026-05-16T08:00:00Z,21.332807261155374,4.2025
2026-05-16T09:00:00Z,7.11454767212517,-0.03
2026-05-16T10:00:00Z,-1.6185656591499082,-1.195
2026-05-16T11:00:00Z,-18.397165398757878,-2.2
2026-05-16T12:00:00Z,-19.479976421420147,-1.9325
2026-05-16T13:00:00Z,-8.592367905115466,-0.9975
2026-05-16T14:00:00Z,11.310651825368709,4.779999999999999
2026-05-16T15:00:00Z,45.06508321938427,60.0925
2026-05-16T16:00:00Z,84.25245232090613,100.2225
2026-05-16T17:00:00Z,124.92701870252043,126.47
2026-05-16T18:00:00Z,143.21984255402924,139.9975
2026-05-16T19:00:00Z,147.44060686869832,140.6875
2026-05-16T20:00:00Z,136.30698267095414,135.99
2026-05-16T21:00:00Z,127.44918243609919,127.7
2026-05-16T22:00:00Z,118.87113260708604,127.7175
2026-05-16T23:00:00Z,112.88132311192412,119.0625
2026-05-17T00:00:00Z,105.98151039521866,115.565
2026-05-17T01:00:00Z,106.8565752708761,113.8975
2026-05-17T02:00:00Z,107.717924929194,109.17
2026-05-17T03:00:00Z,107.15619814000989,105.445
2026-05-17T04:00:00Z,96.90395218335115,98.7925
2026-05-17T05:00:00Z,73.75094086199437,80.795
2026-05-17T06:00:00Z,49.83724068024661,53.8425
2026-05-17T07:00:00Z,21.490585205013424,18.97
2026-05-17T08:00:00Z,-4.600864071979046,3.49
2026-05-17T09:00:00Z,-8.618544661321195,0.56
2026-05-17T10:00:00Z,-14.658363378298333,0.8225
2026-05-17T11:00:00Z,-16.116534269913004,0.0
2026-05-17T12:00:00Z,-12.246014069759397,0.98
2026-05-17T13:00:00Z,4.76021033717025,11.31
2026-05-17T14:00:00Z,25.4587662444781,52.4375
2026-05-17T15:00:00Z,67.19656641924949,100.315
2026-05-17T16:00:00Z,106.22545429225073,129.3875
2026-05-17T17:00:00Z,138.59827090422866,143.0675
2026-05-17T18:00:00Z,149.56950910601762,155.8
2026-05-17T19:00:00Z,147.3566747781933,156.70499999999998
2026-05-17T20:00:00Z,139.31680707394938,151.3675
2026-05-17T21:00:00Z,129.36678525935352,142.575
2026-05-17T22:00:00Z,118.17349347413949,134.6575
2026-05-17T23:00:00Z,112.71179843504771,125.9725
2026-05-18T00:00:00Z,109.45833765949116,125.9975
2026-05-18T01:00:00Z,109.99229637027139,126.3925
2026-05-18T02:00:00Z,113.89821629686324,129.36
2026-05-18T03:00:00Z,125.07239104832021,137.0225
2026-05-18T04:00:00Z,137.71157906416352,152.51749999999998
2026-05-18T05:00:00Z,134.26468413885627,160.075
2026-05-18T06:00:00Z,115.56749673087063,152.105
2026-05-18T07:00:00Z,88.06430756174726,125.88
2026-05-18T08:00:00Z,68.92727028540587,107.85
2026-05-18T09:00:00Z,61.24611291103787,100.0525
2026-05-18T10:00:00Z,57.31792221152531,94.895
2026-05-18T11:00:00Z,54.06126052255783,94.9775
2026-05-18T12:00:00Z,55.379208800711055,96.77
2026-05-18T13:00:00Z,59.75132869341062,102.405
2026-05-18T14:00:00Z,78.00558614338432,113.965
2026-05-18T15:00:00Z,107.56742757346903,134.065
2026-05-18T16:00:00Z,136.5493639736548,152.1375
2026-05-18T17:00:00Z,160.21532809835767,192.8525
2026-05-18T18:00:00Z,167.44237742166632,250.8975
2026-05-18T19:00:00Z,162.98645300581882,214.3375
2026-05-18T20:00:00Z,149.7012171302839,160.6475
2026-05-18T21:00:00Z,141.2369848050753,148.89499999999998
2026-05-18T22:00:00Z,133.43052052391837,148.2525
2026-05-18T23:00:00Z,130.7667739586544,141.9425
2026-05-19T00:00:00Z,121.0072723041496,139.3225
2026-05-19T01:00:00Z,122.3757327497014,138.54000000000002
2026-05-19T02:00:00Z,126.24138400625705,141.5675
2026-05-19T03:00:00Z,135.46843309167045,146.92000000000002
2026-05-19T04:00:00Z,146.31320043860103,164.46
2026-05-19T05:00:00Z,143.1636551938472,153.7725
2026-05-19T06:00:00Z,122.71982114239759,131.855
2026-05-19T07:00:00Z,90.88799813071735,108.7425
2026-05-19T08:00:00Z,71.19516692855541,94.265
2026-05-19T09:00:00Z,61.751392327503766,82.08500000000001
2026-05-19T10:00:00Z,57.28827640960553,73.145
2026-05-19T11:00:00Z,56.04296928751097,73.7375
2026-05-19T12:00:00Z,57.52962763638118,79.81
2026-05-19T13:00:00Z,64.76283858996798,87.57
2026-05-19T14:00:00Z,82.3207394763123,102.25
2026-05-19T15:00:00Z,110.02471632973928,127.2925
2026-05-19T16:00:00Z,134.59250137045632,144.95
2026-05-19T17:00:00Z,164.66499781588462,172.485
2026-05-19T18:00:00Z,176.4139715609673,180.9025
2026-05-19T19:00:00Z,158.2856997334025,163.63
2026-05-19T20:00:00Z,132.7041173734984,145.545
2026-05-19T21:00:00Z,119.58034325407974,131.8025
2026-05-19T22:00:00Z,106.60092072329718,123.73
2026-05-19T23:00:00Z,100.77434985141568,114.635
2026-05-20T00:00:00Z,93.6368025980242,109.7525
2026-05-20T01:00:00Z,94.60870392847602,109.9725
2026-05-20T02:00:00Z,100.31269194730457,110.41
2026-05-20T03:00:00Z,108.90116310159013,119.05
2026-05-20T04:00:00Z,122.92797416743258,134.9875
2026-05-20T05:00:00Z,124.3396279332679,136.975
2026-05-20T06:00:00Z,111.84525402079211,125.5125
2026-05-20T07:00:00Z,91.18115371297152,109.06
2026-05-20T08:00:00Z,74.21558139146217,89.7
2026-05-20T09:00:00Z,61.73042418155393,75.46249999999999
2026-05-20T10:00:00Z,58.21427635544214,64.005
2026-05-20T11:00:00Z,48.53603160163618,44.9975
2026-05-20T12:00:00Z,48.610695875942596,33.5125
2026-05-20T13:00:00Z,51.32995077270745,45.66
2026-05-20T14:00:00Z,65.62836740431919,65.01
2026-05-20T15:00:00Z,93.14692881895351,99.3975
2026-05-20T16:00:00Z,120.19854328953761,130.2125
2026-05-20T17:00:00Z,151.44856095037278,149.5675
2026-05-20T18:00:00Z,163.7553950099132,167.9225
2026-05-20T19:00:00Z,157.13146552916726,165.0
2026-05-20T20:00:00Z,136.1742454291482,150.02
2026-05-20T21:00:00Z,122.13158511565968,139.0025
2026-05-20T22:00:00Z,108.31907643238546,133.0275
2026-05-20T23:00:00Z,103.29522521468527,121.66
2026-05-21T00:00:00Z,94.69644081307496,116.0225
2026-05-21T01:00:00Z,95.1850002680417,113.55
2026-05-21T02:00:00Z,99.449626934978,116.01
2026-05-21T03:00:00Z,111.30824184225287,128.405
2026-05-21T04:00:00Z,123.49192757806125,142.815
2026-05-21T05:00:00Z,119.5450148770575,143.6175
2026-05-21T06:00:00Z,100.17103461894266,131.3875
2026-05-21T07:00:00Z,74.7401382009143,104.14
2026-05-21T08:00:00Z,58.285845492242096,81.1975
2026-05-21T09:00:00Z,43.76549031408975,42.752500000000005
2026-05-21T10:00:00Z,35.56088974365571,12.1375
2026-05-21T11:00:00Z,26.340817842842903,7.369999999999999
2026-05-21T12:00:00Z,23.484410957025716,8.8125
2026-05-21T13:00:00Z,32.32914527564828,35.2
2026-05-21T14:00:00Z,50.35568744154729,71.7075
2026-05-21T15:00:00Z,83.73637223762621,104.995
2026-05-21T16:00:00Z,120.4055033463491,135.8875
2026-05-21T17:00:00Z,149.6110892166532,163.35500000000002
2026-05-21T18:00:00Z,164.49748515267504,204.695
2026-05-21T19:00:00Z,159.83374037687256,188.4175
2026-05-21T20:00:00Z,145.0434228318628,166.035
2026-05-21T21:00:00Z,133.39828759104105,146.39249999999998
2026-05-21T22:00:00Z,129.1008803779746,144.315
2026-05-21T23:00:00Z,124.1816516920786,136.9
2026-05-22T00:00:00Z,117.17227950683622,131.6375
2026-05-22T01:00:00Z,116.83374518909707,128.95000000000002
2026-05-22T02:00:00Z,120.97625760194947,131.4975
2026-05-22T03:00:00Z,128.28865439381397,135.7175
2026-05-22T04:00:00Z,134.95853859488133,144.35500000000002
2026-05-22T05:00:00Z,122.43146837387968,138.1775
2026-05-22T06:00:00Z,96.7306392278767,123.135
2026-05-22T07:00:00Z,64.65708928212368,91.8825
2026-05-22T08:00:00Z,30.12382437767905,42.48
2026-05-22T09:00:00Z,8.96493133705826,3.94
2026-05-22T10:00:00Z,-2.1628401048606065,0.005
2026-05-22T11:00:00Z,-5.478847258234367,0.0
2026-05-22T12:00:00Z,-2.540884436921104,1.0
2026-05-22T13:00:00Z,10.437987883532912,20.305
2026-05-22T14:00:00Z,46.75740073515325,70.24
2026-05-22T15:00:00Z,84.59190884957488,104.195
2026-05-22T16:00:00Z,123.62204345707505,134.95
2026-05-22T17:00:00Z,158.65124969733893,161.2225
2026-05-22T18:00:00Z,176.44758388225884,218.4275
2026-05-22T19:00:00Z,166.221447987653,193.6625
2026-05-22T20:00:00Z,147.9060330301532,154.635
2026-05-22T21:00:00Z,132.46854723132162,140.735
2026-05-22T22:00:00Z,121.31497130305287,136.76
2026-05-22T23:00:00Z,113.89604502098939,130.0
2026-05-23T00:00:00Z,110.13497762839276,125.8675
2026-05-23T01:00:00Z,107.92736940496471,125.3675
2026-05-23T02:00:00Z,107.28550878113614,121.7325
2026-05-23T03:00:00Z,106.30597655754008,119.26
2026-05-23T04:00:00Z,99.38535236982179,116.3675
2026-05-23T05:00:00Z,77.60992505120053,97.085
2026-05-23T06:00:00Z,53.857732897621815,49.8625
2026-05-23T07:00:00Z,19.02519917209853,1.6
2026-05-23T08:00:00Z,-1.4933262061359756,-0.3325
2026-05-23T09:00:00Z,-16.45768307636402,-3.9
2026-05-23T10:00:00Z,-26.029181740849367,-12.392499999999998
2026-05-23T11:00:00Z,-27.022133437612837,-31.8175
2026-05-23T12:00:00Z,-23.096126087908985,-18.42
2026-05-23T13:00:00Z,-12.82529962620184,-4.0
2026-05-23T14:00:00Z,17.631435689274134,-0.2875
2026-05-23T15:00:00Z,70.67583950188299,44.4475
2026-05-23T16:00:00Z,116.82303034375119,120.7625
2026-05-23T17:00:00Z,154.04781967523326,149.6575
2026-05-23T18:00:00Z,178.03216336170027,174.52
2026-05-23T19:00:00Z,163.4589409746112,171.065
2026-05-23T20:00:00Z,144.03477465660671,156.915
2026-05-23T21:00:00Z,132.08734535957007,144.6525
2026-05-23T22:00:00Z,123.72648751322257,143.8025
2026-05-23T23:00:00Z,117.5282746710189,133.3775
2026-05-24T00:00:00Z,108.61753760993177,136.885
2026-05-24T01:00:00Z,107.30945266499148,125.44
2026-05-24T02:00:00Z,107.6767967983762,122.89
2026-05-24T03:00:00Z,107.03925788434367,117.7225
2026-05-24T04:00:00Z,96.54895410768385,108.795
2026-05-24T05:00:00Z,71.47135214262728,88.4625
2026-05-24T06:00:00Z,40.1357821269243,16.3675
2026-05-24T07:00:00Z,-3.3810372262056205,-0.0275
2026-05-24T08:00:00Z,-20.969472916147055,-2.5025
2026-05-24T09:00:00Z,-32.21932101653607,-13.8325
2026-05-24T10:00:00Z,-41.4317425704273,-37.6125
2026-05-24T11:00:00Z,-50.681301476829674,-75.9375
2026-05-24T12:00:00Z,-45.294011417237414,-61.7525
2026-05-24T13:00:00Z,-37.17319952986463,-23.4925
2026-05-24T14:00:00Z,-17.73984166060741,-1.9575
2026-05-24T15:00:00Z,34.023583796107175,14.375
2026-05-24T16:00:00Z,90.12085973280088,96.3775
2026-05-24T17:00:00Z,130.04164657161013,133.2175
2026-05-24T18:00:00Z,150.8523233393047,151.0175
2026-05-24T19:00:00Z,145.54772074210993,153.2275
2026-05-24T20:00:00Z,132.35384547701562,144.42000000000002
2026-05-24T21:00:00Z,123.99002583611868,132.1
2026-05-24T22:00:00Z,115.85929646416477,130.8675
2026-05-24T23:00:00Z,112.88195323996143,125.9825
2026-05-25T00:00:00Z,110.7527195848495,125.24
2026-05-25T01:00:00Z,109.26267703669484,126.0125
2026-05-25T02:00:00Z,111.64627224751754,129.3125
2026-05-25T03:00:00Z,111.47345492480606,131.995
2026-05-25T04:00:00Z,100.44387398158388,130.195
2026-05-25T05:00:00Z,73.77706141050535,117.8775
2026-05-25T06:00:00Z,30.445483187506277,77.68
2026-05-25T07:00:00Z,-9.13739088234584,5.0
2026-05-25T08:00:00Z,-24.949208146422578,-0.1674999999999999
2026-05-25T09:00:00Z,-38.129606806438915,-5.2625
2026-05-25T10:00:00Z,-46.953208375317274,-12.7125
2026-05-25T11:00:00Z,-58.75760116586804,-29.295
2026-05-25T12:00:00Z,-54.14197862871782,-27.1825
2026-05-25T13:00:00Z,-39.72353262278618,-10.05
2026-05-25T14:00:00Z,-17.715786495033228,-2.915
2026-05-25T15:00:00Z,26.9865756499456,31.95
2026-05-25T16:00:00Z,86.59627339452553,118.8225
2026-05-25T17:00:00Z,134.00345715855048,150.575
2026-05-25T18:00:00Z,157.345710535008,172.185
2026-05-25T19:00:00Z,152.93705162470897,170.25
2026-05-25T20:00:00Z,138.27606386476663,157.33249999999998
2026-05-25T21:00:00Z,126.43945113017642,141.025
2026-05-25T22:00:00Z,118.58851811629788,136.36
2026-05-25T23:00:00Z,112.72982759492689,125.6475
2026-05-26T00:00:00Z,106.10992245799466,120.645
2026-05-26T01:00:00Z,107.46815035875893,121.18
2026-05-26T02:00:00Z,113.5128807487373,119.53
2026-05-26T03:00:00Z,120.9744183202983,128.91
2026-05-26T04:00:00Z,128.23832122367668,143.105
2026-05-26T05:00:00Z,116.87120343988562,141.54
2026-05-26T06:00:00Z,90.1830102654449,122.045
2026-05-26T07:00:00Z,48.48132207082956,78.8
2026-05-26T08:00:00Z,15.958912136178618,6.52
2026-05-26T09:00:00Z,1.7581222739531768,-0.0075
2026-05-26T10:00:00Z,-6.526523720079126,-1.825
2026-05-26T11:00:00Z,-9.13641489454163,-2.5
2026-05-26T12:00:00Z,-7.475195333114726,-0.835
2026-05-26T13:00:00Z,1.073257204735512,-0.015
2026-05-26T14:00:00Z,29.441648716308478,13.115
2026-05-26T15:00:00Z,68.3401255443172,89.685
2026-05-26T16:00:00Z,121.07808436977797,134.7875
2026-05-26T17:00:00Z,159.15133402020518,185.1025
2026-05-26T18:00:00Z,170.35361663628493,217.9475
2026-05-26T19:00:00Z,156.07480882096942,184.785
2026-05-26T20:00:00Z,135.07339899053585,153.775
2026-05-26T21:00:00Z,120.68120559326593,130.5325
2026-05-26T22:00:00Z,109.92867119248227,134.7875
2026-05-26T23:00:00Z,102.41895535114975,127.5175
2026-05-27T00:00:00Z,94.04160613483175,120.5425
2026-05-27T01:00:00Z,91.42162350512304,118.87
2026-05-27T02:00:00Z,92.83350479221949,119.0475
2026-05-27T03:00:00Z,100.36256939820598,121.235
2026-05-27T04:00:00Z,107.91730653330048,134.2
2026-05-27T05:00:00Z,101.5917592787496,131.1
2026-05-27T06:00:00Z,80.44817442222472,106.4525
2026-05-27T07:00:00Z,47.029941605778646,48.235
2026-05-27T08:00:00Z,6.04890440295685,3.425
2026-05-27T09:00:00Z,-4.525648949155013,-0.27
2026-05-27T10:00:00Z,-12.864075578727139,-1.05
2026-05-27T11:00:00Z,-18.57303740571031,-1.635
2026-05-27T12:00:00Z,-20.440936699583816,-1.645
2026-05-27T13:00:00Z,-19.378082610369006,-1.7025
2026-05-27T14:00:00Z,5.307148390451573,-0.4225
2026-05-27T15:00:00Z,45.89341351533199,32.2075
2026-05-27T16:00:00Z,91.4750410138075,97.8475
2026-05-27T17:00:00Z,134.39872914598556,136.51749999999998
2026-05-27T18:00:00Z,156.2038325394625,156.6775
2026-05-27T19:00:00Z,146.60097250338865,157.53
2026-05-27T20:00:00Z,128.62667340646573,144.16
2026-05-27T21:00:00Z,117.53633516789631,133.45499999999998
2026-05-27T22:00:00Z,114.90721828746598,132.945
2026-05-27T23:00:00Z,115.20011827523456,129.5375
2026-05-28T00:00:00Z,110.84541101029262,127.2375
2026-05-28T01:00:00Z,114.77713512359033,127.3625
2026-05-28T02:00:00Z,118.69380979751358,130.09
2026-05-28T03:00:00Z,124.73375128576143,135.5025
2026-05-28T04:00:00Z,131.93637821236385,148.4525
2026-05-28T05:00:00Z,121.98449883562944,138.155
2026-05-28T06:00:00Z,92.47915174412968,123.4025
2026-05-28T07:00:00Z,48.15324701911155,87.5425
2026-05-28T08:00:00Z,7.87046923667657,19.3075
2026-05-28T09:00:00Z,-7.49912799264979,0.5675
2026-05-28T10:00:00Z,-15.070765987633024,0.0024999999999999
2026-05-28T11:00:00Z,-19.80093053964721,-0.0125
2026-05-28T12:00:00Z,-19.6005364009672,0.0
2026-05-28T13:00:00Z,-12.681174253664267,1.2975
2026-05-28T14:00:00Z,5.586067720551739,39.645
2026-05-28T15:00:00Z,53.18388303790476,101.2575
2026-05-28T16:00:00Z,107.10160562657717,138.25
2026-05-28T17:00:00Z,150.84466808795992,217.6025
2026-05-28T18:00:00Z,170.825149037876,393.935
2026-05-28T19:00:00Z,172.1080214126925,368.0175
2026-05-28T20:00:00Z,156.66820333514278,215.75
2026-05-28T21:00:00Z,147.72287211380464,159.7975
2026-05-28T22:00:00Z,140.28337054993884,144.4425
2026-05-28T23:00:00Z,133.69192560672323,133.9275
2026-05-29T00:00:00Z,124.23192758989317,127.975
2026-05-29T01:00:00Z,122.66511728660902,126.1925
2026-05-29T02:00:00Z,122.74406475432286,125.2775
2026-05-29T03:00:00Z,124.89253135313018,125.495
2026-05-29T04:00:00Z,128.28810435761784,131.885
2026-05-29T05:00:00Z,109.64978950244969,125.995
2026-05-29T06:00:00Z,81.29453292664772,113.565
2026-05-29T07:00:00Z,51.65851557565715,71.9075
2026-05-29T08:00:00Z,9.272909814174753,17.0275
2026-05-29T09:00:00Z,-8.424185698017254,0.29
2026-05-29T10:00:00Z,-11.73079476501239,-0.055
2026-05-29T11:00:00Z,-11.428154486972332,-0.0349999999999999
2026-05-29T12:00:00Z,-8.980377070242767,0.0
2026-05-29T13:00:00Z,2.747244029545996,9.41
2026-05-29T14:00:00Z,35.330854037704945,51.61
2026-05-29T15:00:00Z,89.22989321237495,103.4075
2026-05-29T16:00:00Z,140.4563179845597,136.985
2026-05-29T17:00:00Z,182.70399842193427,174.9475
2026-05-29T18:00:00Z,219.3616768916735,240.61
2026-05-29T19:00:00Z,199.4933790237321,201.405
2026-05-29T20:00:00Z,150.04827918193408,161.70000000000002
2026-05-29T21:00:00Z,125.79865311955047,145.1925
2026-05-29T22:00:00Z,122.15599078438086,135.515
2026-05-29T23:00:00Z,114.13610936444016,128.45
2026-05-30T00:00:00Z,110.63610764926513,123.7725
2026-05-30T01:00:00Z,106.68160684412965,121.085
2026-05-30T02:00:00Z,107.38337573021039,125.3575
2026-05-30T03:00:00Z,109.87993183160881,125.045
2026-05-30T04:00:00Z,107.017841872507,118.9925
2026-05-30T05:00:00Z,97.46426892598915,109.095
2026-05-30T06:00:00Z,73.13689696924317,88.8675
2026-05-30T07:00:00Z,38.90605165005762,36.682500000000005
2026-05-30T08:00:00Z,2.6568251450426885,2.96
2026-05-30T09:00:00Z,-12.508150714121314,-0.005
2026-05-30T10:00:00Z,-27.22200407882292,-0.0525
2026-05-30T11:00:00Z,-35.25610265860426,-1.4425
2026-05-30T12:00:00Z,-32.78283868748018,-0.7475
2026-05-30T13:00:00Z,-26.817981329874414,-0.01
2026-05-30T14:00:00Z,-1.3443149067990134,3.0075
2026-05-30T15:00:00Z,44.95124076631471,62.5
2026-05-30T16:00:00Z,92.15667296448468,107.0075
2026-05-30T17:00:00Z,138.05347423187234,139.8725
2026-05-30T18:00:00Z,169.51176601451576,160.52499999999998
2026-05-30T19:00:00Z,160.40532726749268,171.845
2026-05-30T20:00:00Z,141.48919198532576,159.4025
2026-05-30T21:00:00Z,128.97119907077817,143.04000000000002
2026-05-30T22:00:00Z,122.04197022778996,136.4125
2026-05-30T23:00:00Z,119.15120687297672,129.10500000000002
2026-05-31T00:00:00Z,112.011594622587,125.915
2026-05-31T01:00:00Z,112.05070668388781,125.1975
2026-05-31T02:00:00Z,114.98094042791786,126.95
2026-05-31T03:00:00Z,115.34701442383631,123.3575
2026-05-31T04:00:00Z,107.13230644416652,115.0025
2026-05-31T05:00:00Z,89.4853975354796,100.56
2026-05-31T06:00:00Z,64.24674102988197,90.4375
2026-05-31T07:00:00Z,36.230846672773204,56.29
2026-05-31T08:00:00Z,20.977642993906343,7.5675
2026-05-31T09:00:00Z,2.1968984182628333,0.0
2026-05-31T10:00:00Z,-3.736078303022765,-0.005
2026-05-31T11:00:00Z,-9.015854419278725,-0.01
2026-05-31T12:00:00Z,-7.898624700163566,-0.01
2026-05-31T13:00:00Z,5.988965751037242,0.0
2026-05-31T14:00:00Z,25.477231291910556,49.002500000000005
2026-05-31T15:00:00Z,66.35704146157684,95.925
2026-05-31T16:00:00Z,101.38906129975139,127.265
2026-05-31T17:00:00Z,139.52841640793875,141.37
2026-05-31T18:00:00Z,149.94880000113739,152.7625
2026-05-31T19:00:00Z,144.4383801223521,156.035
2026-05-31T20:00:00Z,136.36107486443004,153.1275
2026-05-31T21:00:00Z,128.9080261306405,145.3475
2026-05-31T22:00:00Z,117.5423104821969,141.0075
2026-05-31T23:00:00Z,112.89158571731585,128.255
2026-06-01T00:00:00Z,110.17096206770884,123.1375
2026-06-01T01:00:00Z,113.0387741765189,120.295
2026-06-01T02:00:00Z,118.93979821426353,124.4875
2026-06-01T03:00:00Z,128.41706115989774,135.0925
2026-06-01T04:00:00Z,139.00180439820633,164.03
2026-06-01T05:00:00Z,132.74162563271577,160.0
2026-06-01T06:00:00Z,113.73124866393391,151.715
2026-06-01T07:00:00Z,78.73275999527108,133.2
2026-06-01T08:00:00Z,53.0407402675657,117.66
2026-06-01T09:00:00Z,39.19627044110644,108.1425
2026-06-01T10:00:00Z,32.34212093511752,93.0825
2026-06-01T11:00:00Z,16.858147183458385,89.9075
2026-06-01T12:00:00Z,16.784178443615616,87.44749999999999
2026-06-01T13:00:00Z,32.41383341366577,95.0975
2026-06-01T14:00:00Z,59.554794493987686,106.735
2026-06-01T15:00:00Z,93.42244603619584,125.2425
2026-06-01T16:00:00Z,130.77473289416469,141.4575
2026-06-01T17:00:00Z,160.8989788243747,226.6125
2026-06-01T18:00:00Z,176.75728919493338,355.2525
2026-06-01T19:00:00Z,172.6283741203021,333.3675
2026-06-01T20:00:00Z,158.6527136190593,222.5025
2026-06-01T21:00:00Z,144.10275918138638,161.025
2026-06-01T22:00:00Z,131.60811876560598,142.065
2026-06-01T23:00:00Z,123.3228889688296,131.7225
2026-06-02T00:00:00Z,112.80523146548104,125.085
2026-06-02T01:00:00Z,111.26797856981267,120.915
2026-06-02T02:00:00Z,114.20899866078227,120.6275
2026-06-02T03:00:00Z,120.95540437813888,124.215
2026-06-02T04:00:00Z,129.77971676668122,131.0275
2026-06-02T05:00:00Z,123.6610884220996,131.79500000000002
2026-06-02T06:00:00Z,110.01420941368097,121.0825
2026-06-02T07:00:00Z,87.6071996408821,105.41
2026-06-02T08:00:00Z,71.46961518321281,90.515
2026-06-02T09:00:00Z,59.91598400139611,84.69999999999999
2026-06-02T10:00:00Z,55.408003191104896,80.2925
2026-06-02T11:00:00Z,56.248452580871486,84.9575
2026-06-02T12:00:00Z,59.418251221628076,90.7825
2026-06-02T13:00:00Z,72.4785820973374,99.7375
2026-06-02T14:00:00Z,92.353340328493,112.2475
2026-06-02T15:00:00Z,119.93649111007228,131.1375
2026-06-02T16:00:00Z,141.15171921319916,146.97750000000002
2026-06-02T17:00:00Z,175.9005587189474,167.9375
2026-06-02T18:00:00Z,205.11499222136266,167.2725
2026-06-02T19:00:00Z,186.83039943857028,152.325
2026-06-02T20:00:00Z,144.43757521374062,140.435
2026-06-02T21:00:00Z,120.65646915311619,125.2375
2026-06-02T22:00:00Z,103.13620973881366,116.3
2026-06-02T23:00:00Z,100.65237519871602,111.895
2026-06-03T00:00:00Z,95.24295271455327,108.0175
2026-06-03T01:00:00Z,93.4990248627319,107.3
2026-06-03T02:00:00Z,99.41142039303352,107.19
2026-06-03T03:00:00Z,110.37270874126337,113.275
2026-06-03T04:00:00Z,120.58418124662158,130.7375
2026-06-03T05:00:00Z,119.17547366410074,136.82999999999998
2026-06-03T06:00:00Z,101.99691106538177,131.0775
2026-06-03T07:00:00Z,76.38410646055405,112.1475
2026-06-03T08:00:00Z,61.055764001439314,94.0925
2026-06-03T09:00:00Z,49.62358463671316,80.2475
2026-06-03T10:00:00Z,40.95124675390266,58.17
2026-06-03T11:00:00Z,35.32358094234317,37.8325
2026-06-03T12:00:00Z,36.1977764667005,38.0425
2026-06-03T13:00:00Z,36.27485627941648,47.1
2026-06-03T14:00:00Z,49.86903166026451,76.9
2026-06-03T15:00:00Z,78.5149284300816,95.5325
2026-06-03T16:00:00Z,107.16965423889886,122.1875
2026-06-03T17:00:00Z,136.66622547385933,138.3675
2026-06-03T18:00:00Z,147.94895126052654,146.2375
2026-06-03T19:00:00Z,132.6595633029779,133.42000000000002
2026-06-03T20:00:00Z,105.69056204877822,120.9525
2026-06-03T21:00:00Z,84.29993928015317,99.4075
2026-06-03T22:00:00Z,60.23538072555625,86.205
2026-06-03T23:00:00Z,51.009968974708464,75.4875
2026-06-04T00:00:00Z,43.51991907396389,66.92
2026-06-04T01:00:00Z,45.11188410233991,67.4725
2026-06-04T02:00:00Z,49.16907201296069,68.2925
2026-06-04T03:00:00Z,55.20633471141022,71.185
2026-06-04T04:00:00Z,57.76788184766659,73.97
2026-06-04T05:00:00Z,49.72665184326515,87.08
2026-06-04T06:00:00Z,40.85834656538602,75.62
2026-06-04T07:00:00Z,25.119429564294585,34.125
2026-06-04T08:00:00Z,11.875843397495672,4.79
2026-06-04T09:00:00Z,5.835830620431693,-0.0025
2026-06-04T10:00:00Z,1.4130046491740416,-0.025
2026-06-04T11:00:00Z,-2.4217673277837406,-0.0475
2026-06-04T12:00:00Z,1.6660918393010036,-0.035
2026-06-04T13:00:00Z,12.321285205514215,1.6175
2026-06-04T14:00:00Z,31.728528982017863,28.6375
2026-06-04T15:00:00Z,60.20955413442355,70.1525
2026-06-04T16:00:00Z,82.23363550121611,101.5025
2026-06-04T17:00:00Z,102.47962168372955,114.165
2026-06-04T18:00:00Z,117.61386500105644,117.9625
2026-06-04T19:00:00Z,109.35676358304269,115.3725
2026-06-04T20:00:00Z,96.55925852546643,111.69
2026-06-04T21:00:00Z,80.44108497834142,100.05
2026-06-04T22:00:00Z,69.12991966489467,80.695
2026-06-04T23:00:00Z,65.62565996574358,79.44749999999999
2026-06-05T00:00:00Z,58.80421496122985,83.44749999999999
2026-06-05T01:00:00Z,60.62318243646465,85.025
2026-06-05T02:00:00Z,67.58821694663979,89.8325
2026-06-05T03:00:00Z,78.70350044686015,97.2575
2026-06-05T04:00:00Z,84.25695805386043,114.8975
2026-06-05T05:00:00Z,84.71481232829132,118.6175
2026-06-05T06:00:00Z,72.67684651216,113.8175
2026-06-05T07:00:00Z,49.2069733670688,98.3
2026-06-05T08:00:00Z,32.46469572478486,86.115
2026-06-05T09:00:00Z,23.18423866479766,70.825
2026-06-05T10:00:00Z,13.427610919430734,45.205
2026-06-05T11:00:00Z,8.814743509706176,34.1775
2026-06-05T12:00:00Z,8.358659221750457,27.2
2026-06-05T13:00:00Z,10.856399383541742,38.01
2026-06-05T14:00:00Z,30.948058450146306,72.555
2026-06-05T15:00:00Z,65.30885743047659,104.2525
2026-06-05T16:00:00Z,99.85811655528016,128.9025
2026-06-05T17:00:00Z,135.20174340618854,150.4975
2026-06-05T18:00:00Z,153.17186608674245,179.0775
2026-06-05T19:00:00Z,153.83166971269557,189.355
2026-06-05T20:00:00Z,142.5886942603468,169.135
2026-06-05T21:00:00Z,131.72033968823348,152.06
2026-06-05T22:00:00Z,119.02620340217106,148.2425
2026-06-05T23:00:00Z,115.03444053727448,137.18
2026-06-06T00:00:00Z,112.88732669271957,134.79
2026-06-06T01:00:00Z,112.65141948642977,116.1675
2026-06-06T02:00:00Z,115.71398441734672,130.1825
2026-06-06T03:00:00Z,115.0832632837188,126.035
2026-06-06T04:00:00Z,108.04851114555449,117.69
2026-06-06T05:00:00Z,88.93430786561012,102.315
2026-06-06T06:00:00Z,65.90255445655717,81.0175
2026-06-06T07:00:00Z,41.44118691617371,50.0
2026-06-06T08:00:00Z,19.690940601330745,14.7425
2026-06-06T09:00:00Z,13.550915036870109,0.0325
2026-06-06T10:00:00Z,5.209228734977458,-0.03
2026-06-06T11:00:00Z,5.305433435450183,-0.025
2026-06-06T12:00:00Z,6.429952356660763,0.0225
2026-06-06T13:00:00Z,23.465838583333387,9.51
2026-06-06T14:00:00Z,46.68270296451077,46.105
2026-06-06T15:00:00Z,79.30608271902815,93.2825
2026-06-06T16:00:00Z,107.3732032703364,121.7875
2026-06-06T17:00:00Z,137.11720885565563,133.85
2026-06-06T18:00:00Z,149.57128928184173,152.4325
2026-06-06T19:00:00Z,147.9204045468045,150.9225
2026-06-06T20:00:00Z,131.95691441014515,134.3275
2026-06-06T21:00:00Z,112.08705292922599,121.5425
2026-06-06T22:00:00Z,100.965975740274,110.7
2026-06-06T23:00:00Z,93.64882977561507,99.5125
2026-06-07T00:00:00Z,79.74928122897617,92.2075
2026-06-07T01:00:00Z,74.84404151142522,81.41499999999999
2026-06-07T02:00:00Z,77.5598585073285,67.0125
2026-06-07T03:00:00Z,73.46463334588276,39.21
2026-06-07T04:00:00Z,60.537243530289366,5.0475
2026-06-07T05:00:00Z,44.502584642577055,0.46
2026-06-07T06:00:00Z,28.473253314259516,-0.5525
2026-06-07T07:00:00Z,8.581311990955996,-5.05
2026-06-07T08:00:00Z,-7.518900281216077,-8.0
2026-06-07T09:00:00Z,-14.895743876409867,-14.0525
2026-06-07T10:00:00Z,-25.73604131800515,-18.2625
2026-06-07T11:00:00Z,-27.41175664091523,-35.9375
2026-06-07T12:00:00Z,-31.35241932004753,-44.7375
2026-06-07T13:00:00Z,-26.716483215327216,-36.47
2026-06-07T14:00:00Z,-3.561824226595675,-15.96
2026-06-07T15:00:00Z,26.130303598045032,-1.135
2026-06-07T16:00:00Z,66.9233254734086,53.625
2026-06-07T17:00:00Z,105.18958552300889,108.0025
2026-06-07T18:00:00Z,132.15773499817988,128.26749999999998
2026-06-07T19:00:00Z,137.5728216815683,137.1375
2026-06-07T20:00:00Z,128.7596576372311,141.1875
2026-06-07T21:00:00Z,119.1898473811529,140.3425
2026-06-07T22:00:00Z,115.72536068080683,140.43
2026-06-07T23:00:00Z,111.18252911146004,134.2375
2026-06-08T00:00:00Z,105.50211961165039,132.71
2026-06-08T01:00:00Z,104.07571116110084,127.67
2026-06-08T02:00:00Z,104.62257380465317,130.175
2026-06-08T03:00:00Z,108.37096489724642,138.5625
2026-06-08T04:00:00Z,110.64172847929164,150.675
2026-06-08T05:00:00Z,100.55547812908834,145.675
2026-06-08T06:00:00Z,77.25477099174881,124.875
2026-06-08T07:00:00Z,53.44267553084616,100.9025
2026-06-08T08:00:00Z,42.599881467830535,75.91499999999999
2026-06-08T09:00:00Z,34.16477891799027,55.6425
2026-06-08T10:00:00Z,19.88121373080388,54.4825
2026-06-08T11:00:00Z,28.07726924428423,55.2175
2026-06-08T12:00:00Z,31.324848959350568,68.67
2026-06-08T13:00:00Z,44.80719040761556,88.8525
2026-06-08T14:00:00Z,63.21548894029576,102.58
2026-06-08T15:00:00Z,86.04967216605742,128.875
2026-06-08T16:00:00Z,119.63082886161513,151.32999999999998
2026-06-08T17:00:00Z,153.57454323783173,199.3225
2026-06-08T18:00:00Z,162.0344223435534,208.9025
2026-06-08T19:00:00Z,155.8228448460938,185.75
2026-06-08T20:00:00Z,140.41888025883554,152.3675
2026-06-08T21:00:00Z,128.2456278282992,128.20499999999998
2026-06-08T22:00:00Z,114.96700741605092,129.0125
2026-06-08T23:00:00Z,107.35724330056016,122.1575
2026-06-09T00:00:00Z,99.99113507110094,115.5
2026-06-09T01:00:00Z,94.19616213600892,111.2175
2026-06-09T02:00:00Z,98.68843415102732,110.475
2026-06-09T03:00:00Z,104.33155677790938,115.8425
2026-06-09T04:00:00Z,116.91362031176115,130.1525
2026-06-09T05:00:00Z,115.97593773293872,134.6325
2026-06-09T06:00:00Z,107.4654750442577,126.89
2026-06-09T07:00:00Z,82.95300150116452,107.0
2026-06-09T08:00:00Z,65.54526332789807,82.33500000000001
2026-06-09T09:00:00Z,46.08212615492076,60.9
2026-06-09T10:00:00Z,34.94811594597004,25.215
2026-06-09T11:00:00Z,27.524439113549747,3.5325
2026-06-09T12:00:00Z,25.39553923025894,0.145
2026-06-09T13:00:00Z,33.73109123603763,1.52
2026-06-09T14:00:00Z,46.28972032775986,30.585
2026-06-09T15:00:00Z,71.08666000273378,75.72749999999999
2026-06-09T16:00:00Z,107.01439411078837,118.5475
2026-06-09T17:00:00Z,146.37895577842008,137.3
2026-06-09T18:00:00Z,161.63594261498216,153.73000000000002
2026-06-09T19:00:00Z,157.06999449370417,156.275
2026-06-09T20:00:00Z,135.99441022808907,144.9925
2026-06-09T21:00:00Z,118.14910422292698,131.3075
2026-06-09T22:00:00Z,103.1852390977968,124.9125
2026-06-09T23:00:00Z,95.9728422466022,116.9025
2026-06-10T00:00:00Z,89.0090460043303,111.1275
2026-06-10T01:00:00Z,90.32699802012556,111.3075
2026-06-10T02:00:00Z,95.34326751938568,113.24
2026-06-10T03:00:00Z,103.76170694898651,118.7525
2026-06-10T04:00:00Z,113.50484705325367,131.89249999999998
2026-06-10T05:00:00Z,117.13745142702257,136.8075
2026-06-10T06:00:00Z,101.65833098105526,126.6525
2026-06-10T07:00:00Z,79.84419467752986,104.6025
2026-06-10T08:00:00Z,62.8047291603953,86.5575
2026-06-10T09:00:00Z,51.22351045634851,73.0575
2026-06-10T10:00:00Z,42.76124786748739,68.67750000000001
2026-06-10T11:00:00Z,37.08765013021913,71.5675
2026-06-10T12:00:00Z,39.832739721124355,77.825
2026-06-10T13:00:00Z,45.82361142283325,86.625
2026-06-10T14:00:00Z,66.081161311024,103.4525
2026-06-10T15:00:00Z,95.42443279437626,125.4
2026-06-10T16:00:00Z,124.72915339781255,140.525
2026-06-10T17:00:00Z,149.47663569089448,170.9675
2026-06-10T18:00:00Z,159.92945588012978,213.98
2026-06-10T19:00:00Z,161.2480156749686,204.9975
2026-06-10T20:00:00Z,150.45761934915532,168.635
2026-06-10T21:00:00Z,137.92468259365083,151.75
2026-06-10T22:00:00Z,131.9460563605909,140.7325
2026-06-10T23:00:00Z,126.46902526708786,133.4875
2026-06-11T00:00:00Z,117.7868064412475,126.195
2026-06-11T01:00:00Z,117.30981045566976,125.7575
2026-06-11T02:00:00Z,119.67927743801607,126.045
2026-06-11T03:00:00Z,126.45447419199567,126.6625
2026-06-11T04:00:00Z,136.0883594560852,138.32999999999998
2026-06-11T05:00:00Z,136.95312419729257,138.7975
2026-06-11T06:00:00Z,121.8685179571477,126.64
2026-06-11T07:00:00Z,93.62363855056566,103.7975
2026-06-11T08:00:00Z,73.2321923899675,90.5425
2026-06-11T09:00:00Z,61.42083649662602,76.9725
2026-06-11T10:00:00Z,50.581751094265144,60.2725
2026-06-11T11:00:00Z,43.82207404481028,45.31
2026-06-11T12:00:00Z,38.859988077509634,31.58
2026-06-11T13:00:00Z,41.61980570395859,51.025
2026-06-11T14:00:00Z,56.003547877864435,78.4675
2026-06-11T15:00:00Z,89.4858275190333,101.5975
2026-06-11T16:00:00Z,117.32478879283349,127.98
2026-06-11T17:00:00Z,149.86643632856095,146.235
2026-06-11T18:00:00Z,169.96439491964665,174.85750000000002
2026-06-11T19:00:00Z,168.8594731249371,164.9425
2026-06-11T20:00:00Z,146.34649447467046,137.2325
2026-06-11T21:00:00Z,127.84479471298914,116.0625
2026-06-11T22:00:00Z,111.99952494743036,116.895
2026-06-11T23:00:00Z,100.43926909522551,102.0125
2026-06-12T00:00:00Z,87.76119151557444,94.505
2026-06-12T01:00:00Z,85.2211339972405,92.0525
2026-06-12T02:00:00Z,88.0901269422289,93.0475
2026-06-12T03:00:00Z,95.08115905992372,96.0775
2026-06-12T04:00:00Z,106.1695318331204,117.7575
2026-06-12T05:00:00Z,110.3479234014828,122.655
2026-06-12T06:00:00Z,104.55395534994003,127.34
2026-06-12T07:00:00Z,91.6907258516886,117.405
2026-06-12T08:00:00Z,81.03695349406246,102.1
2026-06-12T09:00:00Z,67.62806765459806,90.51
2026-06-12T10:00:00Z,57.2963320782154,81.005
2026-06-12T11:00:00Z,44.30609670015241,70.1325
2026-06-12T12:00:00Z,31.081699259458198,60.370000000000005
2026-06-12T13:00:00Z,32.5263350742802,56.0475
2026-06-12T14:00:00Z,43.9059812197263,68.2675
2026-06-12T15:00:00Z,62.797942680561846,78.8725
2026-06-12T16:00:00Z,89.02545418870874,103.65
2026-06-12T17:00:00Z,118.11907907550733,115.8725
2026-06-12T18:00:00Z,129.84528877232188,110.665
2026-06-12T19:00:00Z,125.54611980028584,109.81
2026-06-12T20:00:00Z,109.78126098133333,111.1225
2026-06-12T21:00:00Z,94.22109047416532,100.8975
2026-06-12T22:00:00Z,73.18842265154488,87.085
2026-06-12T23:00:00Z,65.26889580519212,74.045
2026-06-13T00:00:00Z,62.44232767530316,65.85249999999999
2026-06-13T01:00:00Z,59.26699193069667,63.835
2026-06-13T02:00:00Z,61.95608975937179,65.5575
2026-06-13T03:00:00Z,60.46472251564887,53.795
2026-06-13T04:00:00Z,57.72605939293639,31.63
2026-06-13T05:00:00Z,47.29289462196733,13.655
2026-06-13T06:00:00Z,34.737285661293505,0.3274999999999999
2026-06-13T07:00:00Z,23.92220659132132,-1.1075
2026-06-13T08:00:00Z,11.324045921793697,-4.9175
2026-06-13T09:00:00Z,0.3846017320639703,-15.695
2026-06-13T10:00:00Z,-16.15566386475794,-27.4225
2026-06-13T11:00:00Z,-24.121361865004403,-45.8675
2026-06-13T12:00:00Z,-25.514458585447443,-44.9975
2026-06-13T13:00:00Z,-24.985806809150915,-31.54
2026-06-13T14:00:00Z,6.08673158525383,-19.17
2026-06-13T15:00:00Z,19.833532549498756,-4.215
2026-06-13T16:00:00Z,44.133592684294996,-0.5475000000000001
2026-06-13T17:00:00Z,55.19152905565514,33.410000000000004
2026-06-13T18:00:00Z,70.89987733392778,72.25500000000001
2026-06-13T19:00:00Z,75.4389324669717,87.16
2026-06-13T20:00:00Z,72.53599510830237,102.485
2026-06-13T21:00:00Z,63.633825133411094,88.0
2026-06-13T22:00:00Z,57.08388078695081,67.7875
2026-06-13T23:00:00Z,49.998928494515994,49.44
2026-06-14T00:00:00Z,43.84103288451719,34.0775
2026-06-14T01:00:00Z,39.706424210614536,28.0725
2026-06-14T02:00:00Z,41.391129901040316,26.5725
2026-06-14T03:00:00Z,41.367427347651656,21.3675
2026-06-14T04:00:00Z,27.338870551076596,7.74
2026-06-14T05:00:00Z,11.618529142927173,0.4599999999999999
2026-06-14T06:00:00Z,4.1811683647892295,-0.3475
2026-06-14T07:00:00Z,-6.957411462945402,-2.8325
2026-06-14T08:00:00Z,-6.954815477240629,-6.37
2026-06-14T09:00:00Z,-11.56600067435727,-9.2875
2026-06-14T10:00:00Z,-19.46005890163856,-14.9925
2026-06-14T11:00:00Z,-40.66252978295836,-23.4225
2026-06-14T12:00:00Z,-47.39279538811493,-25.0
2026-06-14T13:00:00Z,-32.37687976376219,-20.0
2026-06-14T14:00:00Z,-21.2454574029493,-9.2025
2026-06-14T15:00:00Z,-4.53283884833607,-1.745
2026-06-14T16:00:00Z,11.19362763983628,5.28
2026-06-14T17:00:00Z,45.686730208796234,62.0825
2026-06-14T18:00:00Z,71.93136139692615,94.88
2026-06-14T19:00:00Z,85.31583843347816,102.6275
2026-06-14T20:00:00Z,88.93936346716052,112.28
2026-06-14T21:00:00Z,79.45550342188943,103.395
2026-06-14T22:00:00Z,65.43769944349032,101.4325
2026-06-14T23:00:00Z,61.31577836753091,92.91
2026-06-15T00:00:00Z,53.97193093670405,85.375
2026-06-15T01:00:00Z,56.01422925672289,83.7475
2026-06-15T02:00:00Z,58.21102149806537,84.3875
2026-06-15T03:00:00Z,66.18280497341374,91.405
2026-06-15T04:00:00Z,70.57179665554384,105.6925
2026-06-15T05:00:00Z,67.52127773714771,107.3925
2026-06-15T06:00:00Z,53.38573338422249,91.44
2026-06-15T07:00:00Z,34.58884002303428,63.6525
2026-06-15T08:00:00Z,25.048500527861762,21.5575
2026-06-15T09:00:00Z,16.037448929603016,1.0075
2026-06-15T10:00:00Z,3.937771519096316,-0.0275
2026-06-15T11:00:00Z,-1.3288499745309537,-1.4825
2026-06-15T12:00:00Z,-4.924148320387616,-2.9025
2026-06-15T13:00:00Z,-1.0558523673631157,-0.9325
2026-06-15T14:00:00Z,10.113830962763458,-0.015
2026-06-15T15:00:00Z,29.128922350762984,43.6775
2026-06-15T16:00:00Z,56.892389842536474,91.4525
2026-06-15T17:00:00Z,99.53361349583011,129.0825
2026-06-15T18:00:00Z,122.38989959312434,148.695
2026-06-15T19:00:00Z,132.63051591913438,156.26
2026-06-15T20:00:00Z,128.85246700352428,153.7925
2026-06-15T21:00:00Z,118.84902589088463,134.755
2026-06-15T22:00:00Z,115.88883516815908,122.8275
2026-06-15T23:00:00Z,111.15409458813156,117.3175
2026-06-16T00:00:00Z,107.59179935151077,113.775
2026-06-16T01:00:00Z,109.28528358894954,110.9925
2026-06-16T02:00:00Z,114.87995217065317,111.24
2026-06-16T03:00:00Z,123.86378479386569,115.1225
2026-06-16T04:00:00Z,134.1396229365002,127.9925
2026-06-16T05:00:00Z,129.0247215320162,131.695
2026-06-16T06:00:00Z,115.22260593870422,126.315
2026-06-16T07:00:00Z,93.62424228841948,109.5025
2026-06-16T08:00:00Z,73.15888234952821,85.98
2026-06-16T09:00:00Z,60.3765102620296,80.5375
2026-06-16T10:00:00Z,49.38906297610406,66.4975
2026-06-16T11:00:00Z,44.88989958765987,54.255
2026-06-16T12:00:00Z,43.815897040282096,50.7325
2026-06-16T13:00:00Z,46.04024914678824,60.22
2026-06-16T14:00:00Z,55.762824138297695,81.4575
2026-06-16T15:00:00Z,85.31788838895271,109.7225
2026-06-16T16:00:00Z,116.63768091895682,127.11
2026-06-16T17:00:00Z,145.43453328346925,148.1175
2026-06-16T18:00:00Z,162.4262083959597,174.1025
2026-06-16T19:00:00Z,164.59635002691388,181.42
2026-06-16T20:00:00Z,152.04624847295707,163.86
2026-06-16T21:00:00Z,138.03822644886714,143.10750000000002
2026-06-16T22:00:00Z,128.5996332064916,141.23000000000002
2026-06-16T23:00:00Z,125.64569289895546,135.39249999999998
2026-06-17T00:00:00Z,118.27928711843893,129.32999999999998
2026-06-17T01:00:00Z,118.62962746684653,127.54
2026-06-17T02:00:00Z,120.52674847595665,127.415
2026-06-17T03:00:00Z,125.80575788925469,128.045
2026-06-17T04:00:00Z,132.4839722381628,140.265
2026-06-17T05:00:00Z,127.8785625752827,136.675
2026-06-17T06:00:00Z,111.31066365726217,121.755
2026-06-17T07:00:00Z,84.42217767793814,105.795
2026-06-17T08:00:00Z,61.862662768528935,88.245
2026-06-17T09:00:00Z,49.311913038288424,78.4875
2026-06-17T10:00:00Z,39.20544332841371,72.23
2026-06-17T11:00:00Z,37.08738990477551,62.7925
2026-06-17T12:00:00Z,35.89549889458973,66.2575
2026-06-17T13:00:00Z,45.83643420651181,75.975
2026-06-17T14:00:00Z,61.80873255709652,88.0925
2026-06-17T15:00:00Z,90.85367895428352,106.425
2026-06-17T16:00:00Z,117.56103768034842,120.7375
2026-06-17T17:00:00Z,145.0689945422019,142.5575
2026-06-17T18:00:00Z,164.1647307735418,162.39
2026-06-17T19:00:00Z,164.96779466520277,164.115
2026-06-17T20:00:00Z,147.2711300779539,158.61
2026-06-17T21:00:00Z,132.80399579155053,142.7375
2026-06-17T22:00:00Z,120.9598307325258,135.2575
2026-06-17T23:00:00Z,117.46256091792823,125.7275
2026-06-18T00:00:00Z,108.5916323360023,121.8625
2026-06-18T01:00:00Z,109.42132401022656,119.685
2026-06-18T02:00:00Z,110.65171621901588,119.3125
2026-06-18T03:00:00Z,115.97528014898114,127.09
2026-06-18T04:00:00Z,125.35807729322747,135.3
2026-06-18T05:00:00Z,120.07723341855015,135.265
2026-06-18T06:00:00Z,99.76607067780317,118.7325
2026-06-18T07:00:00Z,73.19955801591686,101.715
2026-06-18T08:00:00Z,51.93050679062962,75.135
2026-06-18T09:00:00Z,25.50293881648976,44.0275
2026-06-18T10:00:00Z,17.508100552343564,28.2475
2026-06-18T11:00:00Z,11.012431805535783,18.67
2026-06-18T12:00:00Z,11.566451961007658,25.9
2026-06-18T13:00:00Z,23.693363629808708,48.0975
2026-06-18T14:00:00Z,52.525050361938185,79.06
2026-06-18T15:00:00Z,85.954477346885,105.515
2026-06-18T16:00:00Z,123.04613120761144,135.70749999999998
2026-06-18T17:00:00Z,162.41567150588557,253.3925
2026-06-18T18:00:00Z,185.32502395119707,435.0675
2026-06-18T19:00:00Z,184.07517478367583,441.915
2026-06-18T20:00:00Z,168.39024833881143,264.32
2026-06-18T21:00:00Z,147.7893315384712,163.0175
2026-06-18T22:00:00Z,134.4752185651172,146.6425
2026-06-18T23:00:00Z,125.96160175019645,132.5125
2026-06-19T00:00:00Z,116.91449863026504,124.8225
2026-06-19T01:00:00Z,115.91329854242977,120.46
2026-06-19T02:00:00Z,118.92592234675494,118.4675
2026-06-19T03:00:00Z,125.17150622090342,120.595
2026-06-19T04:00:00Z,132.78662504888487,138.7175
2026-06-19T05:00:00Z,127.41206452292406,127.3725
2026-06-19T06:00:00Z,109.44340803643104,111.9575
2026-06-19T07:00:00Z,82.09422497156838,95.395
2026-06-19T08:00:00Z,59.17696889396362,69.9075
2026-06-19T09:00:00Z,28.963276000547523,32.09
2026-06-19T10:00:00Z,17.133020583144976,15.0
2026-06-19T11:00:00Z,11.18267006189501,11.235
2026-06-19T12:00:00Z,12.867072335590223,16.305
2026-06-19T13:00:00Z,27.521561333435535,42.8525
2026-06-19T14:00:00Z,58.59334181803004,80.685
2026-06-19T15:00:00Z,94.63578899251263,108.3225
2026-06-19T16:00:00Z,132.76816136626988,129.7025
2026-06-19T17:00:00Z,182.6826270132813,170.785
2026-06-19T18:00:00Z,218.49139051633384,201.36
2026-06-19T19:00:00Z,208.75865632424225,185.5325
2026-06-19T20:00:00Z,156.01676998821577,157.8625
2026-06-19T21:00:00Z,119.67046938912499,137.7825
2026-06-19T22:00:00Z,107.21830402488581,130.35
2026-06-19T23:00:00Z,100.20993062453,121.12
2026-06-20T00:00:00Z,100.20472120102801,118.6
2026-06-20T01:00:00Z,103.14714937099944,116.7625
2026-06-20T02:00:00Z,104.17050068289846,114.7975
2026-06-20T03:00:00Z,101.49542359024016,114.4925
2026-06-20T04:00:00Z,98.6021232079961,109.7275
2026-06-20T05:00:00Z,80.9581800456905,101.6775
2026-06-20T06:00:00Z,60.618904372355544,89.9875
2026-06-20T07:00:00Z,44.65840703570178,41.335
2026-06-20T08:00:00Z,16.829873802339407,4.125
2026-06-20T09:00:00Z,-5.821653355324045,-0.0025
2026-06-20T10:00:00Z,-18.159993481593673,-0.0125
2026-06-20T11:00:00Z,-19.93729956844824,-0.0175
2026-06-20T12:00:00Z,-17.190195308971738,-0.0125
2026-06-20T13:00:00Z,-2.4568739794676446,0.25
2026-06-20T14:00:00Z,23.566600680571938,18.3075
2026-06-20T15:00:00Z,70.56716615590761,84.22
2026-06-20T16:00:00Z,106.33381979184682,119.7825
2026-06-20T17:00:00Z,144.34173826907974,147.3975
2026-06-20T18:00:00Z,165.24904645128225,171.98749999999998
2026-06-20T19:00:00Z,160.77441630408538,182.55
2026-06-20T20:00:00Z,151.22226360819303,165.0675
2026-06-20T21:00:00Z,132.78376056323145,146.8075
2026-06-20T22:00:00Z,123.21461802661236,137.915
2026-06-20T23:00:00Z,118.61708766220654,128.565
2026-06-21T00:00:00Z,112.76024018258059,126.415
2026-06-21T01:00:00Z,109.43223205231617,124.17
2026-06-21T02:00:00Z,108.90319606662317,122.4325
2026-06-21T03:00:00Z,108.69317446165027,119.5875
2026-06-21T04:00:00Z,94.64797210199882,112.1
2026-06-21T05:00:00Z,76.02722410597755,102.355
2026-06-21T06:00:00Z,49.535944208468294,70.815
2026-06-21T07:00:00Z,8.953029789208145,25.9825
2026-06-21T08:00:00Z,-12.446046208419475,1.3624999999999998
2026-06-21T09:00:00Z,-26.267691088540843,-0.0025
2026-06-21T10:00:00Z,-34.61036684128689,-0.0075
2026-06-21T11:00:00Z,-34.518796710770076,-0.01
2026-06-21T12:00:00Z,-27.345804397384583,-0.005
2026-06-21T13:00:00Z,-19.847317639189626,0.0075
2026-06-21T14:00:00Z,2.8787967398095446,12.7625
2026-06-21T15:00:00Z,54.75324312577762,77.72
2026-06-21T16:00:00Z,94.04493994422882,115.615
2026-06-21T17:00:00Z,130.91921479041235,133.92000000000002
2026-06-21T18:00:00Z,149.37076162186327,150.0025
2026-06-21T19:00:00Z,150.17406324764852,150.265
2026-06-21T20:00:00Z,134.49015735545476,146.1
2026-06-21T21:00:00Z,120.26659177354539,133.9925
2026-06-21T22:00:00Z,111.05958673849265,128.3775
2026-06-21T23:00:00Z,108.20867573885266,120.1225
2026-06-22T00:00:00Z,106.29238764423184,114.9625
2026-06-22T01:00:00Z,107.81790166350963,115.225
2026-06-22T02:00:00Z,111.51394634875396,117.13
2026-06-22T03:00:00Z,117.83150080391704,123.89
2026-06-22T04:00:00Z,126.4983091084882,140.3425
2026-06-22T05:00:00Z,121.32615605948115,146.0375
2026-06-22T06:00:00Z,98.6488943157716,128.8225
2026-06-22T07:00:00Z,61.870372510049215,107.1625
2026-06-22T08:00:00Z,31.441396355738675,84.64750000000001
2026-06-22T09:00:00Z,7.642432491718722,57.3025
2026-06-22T10:00:00Z,1.9738688840402432,39.5175
2026-06-22T11:00:00Z,-0.4567553086304912,32.34
2026-06-22T12:00:00Z,2.6321726261586775,41.805
2026-06-22T13:00:00Z,8.620996839890736,63.517500000000005
2026-06-22T14:00:00Z,35.16226948036132,90.8975
2026-06-22T15:00:00Z,73.71916893709572,114.07
2026-06-22T16:00:00Z,111.88575728154123,145.585
2026-06-22T17:00:00Z,144.8081579121697,198.5075
2026-06-22T18:00:00Z,162.10362815200605,271.77750000000003
2026-06-22T19:00:00Z,162.20907650514602,250.455
2026-06-22T20:00:00Z,151.92696499446248,189.57
2026-06-22T21:00:00Z,138.97126150206958,156.0025
2026-06-22T22:00:00Z,131.3824056254634,146.06
2026-06-22T23:00:00Z,127.9225894969168,139.125
2026-06-23T00:00:00Z,121.9764159078151,135.01
2026-06-23T01:00:00Z,124.82516567430525,135.8225
2026-06-23T02:00:00Z,128.4121831683306,138.06
2026-06-23T03:00:00Z,134.98355619643158,142.3
2026-06-23T04:00:00Z,142.20089090615826,164.22
2026-06-23T05:00:00Z,136.44332252896868,160.1325
2026-06-23T06:00:00Z,113.17596926985543,133.7875
2026-06-23T07:00:00Z,81.05160822785436,112.1175
2026-06-23T08:00:00Z,56.09921855248724,96.3125
2026-06-23T09:00:00Z,27.823944346356647,76.52
2026-06-23T10:00:00Z,14.929362965417738,67.145
2026-06-23T11:00:00Z,10.378750822299452,60.345
2026-06-23T12:00:00Z,15.831442955783608,67.6525
2026-06-23T13:00:00Z,28.78263350586643,81.35249999999999
2026-06-23T14:00:00Z,61.43532635759129,101.065
2026-06-23T15:00:00Z,93.10190853455818,121.7075
2026-06-23T16:00:00Z,132.59184681695226,169.6825
2026-06-23T17:00:00Z,174.52781840246976,340.70500000000004
2026-06-23T18:00:00Z,202.40988846451182,545.505
2026-06-23T19:00:00Z,201.1950170966058,528.7375
2026-06-23T20:00:00Z,180.671787184011,335.1175
2026-06-23T21:00:00Z,164.41204687567895,199.3975
2026-06-23T22:00:00Z,153.82266822861203,178.8025
2026-06-23T23:00:00Z,146.73996929745334,162.655
2026-06-24T00:00:00Z,138.05773386359073,148.005
2026-06-24T01:00:00Z,137.91252143713538,144.05
2026-06-24T02:00:00Z,141.70360749296907,144.46
2026-06-24T03:00:00Z,147.57412975704727,151.6175
2026-06-24T04:00:00Z,157.104536251222,178.1675
2026-06-24T05:00:00Z,148.78071249135962,172.61
2026-06-24T06:00:00Z,122.59640026743213,149.3475
2026-06-24T07:00:00Z,89.7323784373456,119.3125
2026-06-24T08:00:00Z,55.272983016423126,102.4125
2026-06-24T09:00:00Z,36.48938295429202,84.52
2026-06-24T10:00:00Z,25.63835606472702,73.51
2026-06-24T11:00:00Z,20.50254430042518,70.9825
2026-06-24T12:00:00Z,26.926360169352208,74.515
2026-06-24T13:00:00Z,40.93715416749912,89.3475
2026-06-24T14:00:00Z,67.34922857862647,109.375
2026-06-24T15:00:00Z,110.25887472499193,129.66
2026-06-24T16:00:00Z,156.62548206181975,196.785
2026-06-24T17:00:00Z,225.89821752680925,455.1375
2026-06-24T18:00:00Z,283.02313504499983,665.8199999999999
2026-06-24T19:00:00Z,275.94778627874075,660.1575
2026-06-24T20:00:00Z,224.67813825453374,463.2525
2026-06-24T21:00:00Z,186.0408988345028,263.61
2026-06-24T22:00:00Z,165.11493266390409,169.5675
2026-06-24T23:00:00Z,156.983143344545,154.935
2026-06-25T00:00:00Z,146.07622907702782,145.385
2026-06-25T01:00:00Z,146.0315716678232,142.9725
2026-06-25T02:00:00Z,148.14573143517458,141.9075
2026-06-25T03:00:00Z,152.51684209327416,144.5725
2026-06-25T04:00:00Z,163.83153174861633,161.32999999999998
2026-06-25T05:00:00Z,157.09761707619236,148.41750000000002
2026-06-25T06:00:00Z,133.32728922388262,119.0975
2026-06-25T07:00:00Z,101.30709139233099,105.0075
2026-06-25T08:00:00Z,67.46201320093942,84.745
2026-06-25T09:00:00Z,48.60061484713893,67.0925
2026-06-25T10:00:00Z,35.990498261680756,42.7
2026-06-25T11:00:00Z,31.565935452267468,33.96
2026-06-25T12:00:00Z,33.49057326187084,37.265
2026-06-25T13:00:00Z,45.87674022822959,67.8075
2026-06-25T14:00:00Z,67.71426924065203,88.2925
2026-06-25T15:00:00Z,112.64019244948923,106.6
2026-06-25T16:00:00Z,160.19327120542044,135.23
2026-06-25T17:00:00Z,247.06889588571102,203.315
2026-06-25T18:00:00Z,303.41364169889897,285.77250000000004
2026-06-25T19:00:00Z,286.28995489894635,276.615
2026-06-25T20:00:00Z,216.56923663145272,186.6375
2026-06-25T21:00:00Z,154.10194001367586,155.745
2026-06-25T22:00:00Z,132.0226738440905,144.7
2026-06-25T23:00:00Z,123.53846234828927,130.725
2026-06-26T00:00:00Z,114.02835569970202,122.4825
2026-06-26T01:00:00Z,113.0376529052995,120.9325
2026-06-26T02:00:00Z,114.8593347880199,122.605
2026-06-26T03:00:00Z,118.68942066282702,129.5475
2026-06-26T04:00:00Z,126.5964475231558,146.03
2026-06-26T05:00:00Z,118.28414079152996,137.97
2026-06-26T06:00:00Z,95.83357557709004,119.805
2026-06-26T07:00:00Z,70.01999225661453,108.2725
2026-06-26T08:00:00Z,36.60678767594367,93.2425
2026-06-26T09:00:00Z,15.162836195392813,67.705
2026-06-26T10:00:00Z,-1.397371639021216,49.49
2026-06-26T11:00:00Z,-8.041996740789003,38.5
2026-06-26T12:00:00Z,-3.7849627383206723,40.0
2026-06-26T13:00:00Z,16.19151169742262,68.9825
2026-06-26T14:00:00Z,42.16766977223518,93.12
2026-06-26T15:00:00Z,86.71568236323918,110.9925
2026-06-26T16:00:00Z,130.9173433567494,150.345
2026-06-26T17:00:00Z,177.9896932789103,243.545
2026-06-26T18:00:00Z,203.10838217434565,350.46000000000004
2026-06-26T19:00:00Z,187.1020416765161,295.77750000000003
2026-06-26T20:00:00Z,148.10633522225768,202.655
2026-06-26T21:00:00Z,125.14764901239425,154.86
2026-06-26T22:00:00Z,113.34453378182056,132.045
2026-06-26T23:00:00Z,106.71212848774587,124.5
2026-06-27T00:00:00Z,101.62422707492911,117.995
2026-06-27T01:00:00Z,101.79988593591737,115.83
2026-06-27T02:00:00Z,103.48886660513432,115.325
2026-06-27T03:00:00Z,105.48693196355038,114.0
2026-06-27T04:00:00Z,106.34163194392026,112.725
2026-06-27T05:00:00Z,94.54084454861163,109.2725
2026-06-27T06:00:00Z,78.18930532260678,102.8675
2026-06-27T07:00:00Z,56.83900026224951,73.5675
2026-06-27T08:00:00Z,31.396571059727698,36.025
2026-06-27T09:00:00Z,10.96631383083718,9.6675
2026-06-27T10:00:00Z,-0.6093106043773844,0.525
2026-06-27T11:00:00Z,0.7820392291294525,0.0275
2026-06-27T12:00:00Z,3.4820383364559433,3.3925
2026-06-27T13:00:00Z,20.75420824991822,12.7675
2026-06-27T14:00:00Z,49.93209730336402,51.0
2026-06-27T15:00:00Z,86.19903609683931,100.605
2026-06-27T16:00:00Z,136.14527841650545,127.1325
2026-06-27T17:00:00Z,188.81044324384587,171.755
2026-06-27T18:00:00Z,214.7890139276098,221.25
2026-06-27T19:00:00Z,201.63716069766656,214.3075
2026-06-27T20:00:00Z,167.45335600187184,174.9975
2026-06-27T21:00:00Z,143.985107155272,144.595
2026-06-27T22:00:00Z,129.32736484486682,136.46
2026-06-27T23:00:00Z,118.02799275322147,126.03
2026-06-28T00:00:00Z,104.16639922201017,119.6825
2026-06-28T01:00:00Z,107.80000991643054,115.6875
2026-06-28T02:00:00Z,103.05595151140011,114.735
2026-06-28T03:00:00Z,101.24757444673375,115.1225
2026-06-28T04:00:00Z,95.27540008904133,112.0625
2026-06-28T05:00:00Z,83.41793735614526,104.43
2026-06-28T06:00:00Z,60.46788921915382,76.685
2026-06-28T07:00:00Z,35.90672333729089,32.8125
2026-06-28T08:00:00Z,5.652764071419114,5.1525
2026-06-28T09:00:00Z,-12.055397287757302,0.12
2026-06-28T10:00:00Z,-18.6157871824403,-0.0225
2026-06-28T11:00:00Z,-18.569392845407236,-0.905
2026-06-28T12:00:00Z,-13.537819455784316,-0.0275
2026-06-28T13:00:00Z,-0.7802912032382068,1.62
2026-06-28T14:00:00Z,26.022170181625036,27.665
2026-06-28T15:00:00Z,79.07703191488793,84.6425
2026-06-28T16:00:00Z,119.55781627553705,114.51
2026-06-28T17:00:00Z,158.4854499092331,137.9875
2026-06-28T18:00:00Z,181.06804400263957,153.1775
2026-06-28T19:00:00Z,175.3808737964045,161.04
2026-06-28T20:00:00Z,152.98231448068282,157.29500000000002
2026-06-28T21:00:00Z,137.61881089453223,144.115
2026-06-28T22:00:00Z,127.20304649475253,123.1175
2026-06-28T23:00:00Z,122.61942498844756,113.665
2026-06-29T00:00:00Z,119.55980987454856,113.025
2026-06-29T01:00:00Z,119.81633491044857,109.76
2026-06-29T02:00:00Z,122.75543990210396,114.87
2026-06-29T03:00:00Z,131.1077963427612,127.3425
2026-06-29T04:00:00Z,138.20324943959122,149.7375
2026-06-29T05:00:00Z,136.61538016090242,152.1625
2026-06-29T06:00:00Z,122.70712926876007,143.2925
2026-06-29T07:00:00Z,95.41187189302858,120.9475
2026-06-29T08:00:00Z,73.47546725412276,106.925
2026-06-29T09:00:00Z,60.842232151426956,99.1
2026-06-29T10:00:00Z,51.31769990716012,89.5075
2026-06-29T11:00:00Z,48.065325361425096,82.0275
2026-06-29T12:00:00Z,48.67147699786024,86.38499999999999
2026-06-29T13:00:00Z,50.83000928355689,96.78
2026-06-29T14:00:00Z,67.4649244863202,103.7325
2026-06-29T15:00:00Z,97.03425674888598,115.075
2026-06-29T16:00:00Z,128.1529335271485,134.91
2026-06-29T17:00:00Z,157.57773870102847,197.65
2026-06-29T18:00:00Z,173.05716796187923,284.3325
2026-06-29T19:00:00Z,173.0877415093688,301.365
2026-06-29T20:00:00Z,161.3820784669589,230.89
2026-06-29T21:00:00Z,150.0453934406475,170.0
2026-07-01T00:00:00Z,139.89688473352035,146.78
2026-07-01T01:00:00Z,139.40810775464422,146.995
2026-07-01T02:00:00Z,143.2339549025477,151.0375
2026-07-01T03:00:00Z,151.73071986661049,160.35500000000002
2026-07-01T04:00:00Z,167.98622096390625,196.3275
2026-07-01T05:00:00Z,172.45609708650798,203.2975
2026-07-01T06:00:00Z,158.52876816926474,180.2425
2026-07-01T07:00:00Z,134.92557939899177,145.70000000000002
2026-07-01T08:00:00Z,116.63720723063896,125.41
2026-07-01T09:00:00Z,102.14123464379057,119.4475
2026-07-01T10:00:00Z,90.43945115231377,115.8575
2026-07-01T11:00:00Z,83.73672487081998,110.3925
2026-07-01T12:00:00Z,79.85463459470898,99.715
2026-07-01T13:00:00Z,79.9365025821967,97.275
2026-07-01T14:00:00Z,92.82057716104676,99.39
2026-07-01T15:00:00Z,117.10630520856618,101.41
2026-07-01T16:00:00Z,163.58694559705702,120.27
2026-07-01T17:00:00Z,239.24135717509142,167.9975
2026-07-01T18:00:00Z,268.28819342427846,231.685
2026-07-01T19:00:00Z,243.3457380430914,243.455
2026-07-01T20:00:00Z,197.4085195434558,199.465
2026-07-01T21:00:00Z,158.44560557026946,156.66500000000002
2026-07-01T22:00:00Z,140.15488878952885,160.165
2026-07-01T23:00:00Z,128.10840941153836,143.41
2026-07-02T00:00:00Z,118.1516016772969,130.3575
2026-07-02T01:00:00Z,112.69234956122577,120.3275
2026-07-02T02:00:00Z,109.41649385899738,114.0925
2026-07-02T03:00:00Z,111.22203774726903,114.4525
2026-07-02T04:00:00Z,118.4609268244862,121.065
2026-07-02T05:00:00Z,109.93546723598448,112.9275
2026-07-02T06:00:00Z,81.9690033468604,91.315
2026-07-02T07:00:00Z,47.72622907521129,45.0925
2026-07-02T08:00:00Z,26.91149798245052,5.534999999999999
2026-07-02T09:00:00Z,8.537644448299105,-0.0725
2026-07-02T10:00:00Z,-1.4241728953820285,-1.6475
2026-07-02T11:00:00Z,-5.369938121301132,-1.965
2026-07-02T12:00:00Z,2.013479917840428,-3.0025
2026-07-02T13:00:00Z,7.139013283795364,-1.9975
2026-07-02T14:00:00Z,19.48727229708053,-0.505
2026-07-02T15:00:00Z,31.594378953763965,2.895
2026-07-02T16:00:00Z,54.33568009420676,46.8375
2026-07-02T17:00:00Z,92.24880007079388,90.46
2026-07-02T18:00:00Z,116.36400106274165,107.2525
2026-07-02T19:00:00Z,115.2474702372207,117.9225
2026-07-02T20:00:00Z,96.71965319566122,126.9
2026-07-02T21:00:00Z,78.94746446156853,117.6075
2026-07-02T22:00:00Z,68.00769266446144,91.2625
2026-07-02T23:00:00Z,61.59072754047837,86.995
2026-07-03T00:00:00Z,56.66991187768318,82.6825
2026-07-03T01:00:00Z,59.08540457942493,85.91
2026-07-03T02:00:00Z,61.77054343382804,84.4575
2026-07-03T03:00:00Z,68.64703047381857,86.82
2026-07-03T04:00:00Z,76.3093263240073,99.4925
2026-07-03T05:00:00Z,68.9414904757464,104.4675
2026-07-03T06:00:00Z,42.8209588924966,63.0275
2026-07-03T07:00:00Z,6.478846254759219,9.565
2026-07-03T08:00:00Z,-11.735333398499023,-0.1
2026-07-03T09:00:00Z,-23.589550158484286,-1.055
2026-07-03T10:00:00Z,-40.934403992573095,-1.885
2026-07-03T11:00:00Z,-45.17053362576104,-3.5025
2026-07-03T12:00:00Z,-46.63355365176966,-4.9875
2026-07-03T13:00:00Z,-43.015770011467595,-4.055
2026-07-03T14:00:00Z,-22.63642514501069,-2.605
2026-07-03T15:00:00Z,1.052485142597945,-0.0474999999999999
2026-07-03T16:00:00Z,37.18713481013822,35.385
2026-07-03T17:00:00Z,85.58367289253769,102.645
2026-07-03T18:00:00Z,113.34732219930731,124.4425
2026-07-03T19:00:00Z,122.90775146737148,130.0275
2026-07-03T20:00:00Z,116.08483010446642,135.805
2026-07-03T21:00:00Z,103.84851522575019,124.275
2026-07-03T22:00:00Z,95.44662991678304,125.0
2026-07-03T23:00:00Z,91.80718629884633,120.0875
2026-07-04T00:00:00Z,86.39268354159765,116.435
2026-07-04T01:00:00Z,87.81463330166056,113.8225
2026-07-04T02:00:00Z,90.1688268930369,106.3375
2026-07-04T03:00:00Z,91.28516567385671,99.6725
2026-07-04T04:00:00Z,94.14394800319437,92.25
2026-07-04T05:00:00Z,78.79269872013151,72.6525
2026-07-04T06:00:00Z,49.721128803264456,28.93
2026-07-04T07:00:00Z,20.752281781767955,0.9925
2026-07-04T08:00:00Z,3.9031706736594174,-0.01
2026-07-04T09:00:00Z,-18.174685535604382,-0.8
2026-07-04T10:00:00Z,-28.596102312182055,-3.1025
2026-07-04T11:00:00Z,-34.11348895440901,-8.25
2026-07-04T12:00:00Z,-33.355563233951884,-10.31
2026-07-04T13:00:00Z,-28.071186340946937,-4.265000000000001
2026-07-04T14:00:00Z,-4.933945024477325,-0.34
2026-07-04T15:00:00Z,11.741448684325661,4.2925
2026-07-04T16:00:00Z,42.423949474891494,57.7325
2026-07-04T17:00:00Z,87.74133607816975,107.1925
2026-07-04T18:00:00Z,108.11706532731881,125.64
2026-07-04T19:00:00Z,115.65461462068114,131.03
2026-07-04T20:00:00Z,109.9994318171872,128.0275
2026-07-04T21:00:00Z,98.99175624098655,118.62
2026-07-04T22:00:00Z,92.50108903292602,122.8725
2026-07-04T23:00:00Z,83.64179103567426,115.9225
2026-07-05T00:00:00Z,72.67217849033864,110.4975
2026-07-05T01:00:00Z,73.5154852703622,105.9525
2026-07-05T02:00:00Z,72.6239638187976,101.41
2026-07-05T03:00:00Z,73.85347617247157,97.09
2026-07-05T04:00:00Z,70.3167846901725,85.0025
2026-07-05T05:00:00Z,54.28814983972399,44.1625
2026-07-05T06:00:00Z,27.842483081143108,14.795
2026-07-05T07:00:00Z,6.648045305096744,1.3825
2026-07-05T08:00:00Z,-0.12621232020806872,-0.0075
2026-07-05T09:00:00Z,-4.026865903410908,-0.03
2026-07-05T10:00:00Z,-10.153003892311261,-0.105
2026-07-05T11:00:00Z,-13.477034528368549,-0.6174999999999999
2026-07-05T12:00:00Z,-15.597386345120654,-1.165
2026-07-05T13:00:00Z,-14.633364584646543,-1.0225
2026-07-05T14:00:00Z,-1.9289676257844093,-0.06
2026-07-05T15:00:00Z,23.99532434601761,4.9
2026-07-05T16:00:00Z,64.47900241426734,64.0
2026-07-05T17:00:00Z,100.81149026925775,107.505
2026-07-05T18:00:00Z,116.36184802525793,129.2975
2026-07-05T19:00:00Z,121.8096477738171,136.54
2026-07-05T20:00:00Z,118.21529596298856,139.8925
2026-07-05T21:00:00Z,112.49526873505698,127.895
2026-07-05T22:00:00Z,106.88134515997646,138.555
2026-07-05T23:00:00Z,104.84419876349733,124.5375
2026-07-06T00:00:00Z,98.5563602042887,119.7625
2026-07-06T01:00:00Z,96.0584238998351,115.55
2026-07-06T02:00:00Z,94.59280028172927,115.925
2026-07-06T03:00:00Z,97.80618528519555,120.86
2026-07-06T04:00:00Z,105.61322379815226,136.0325
2026-07-06T05:00:00Z,95.93262165332158,139.56
2026-07-06T06:00:00Z,79.4476671344714,133.865
2026-07-06T07:00:00Z,58.039876971531925,110.615
2026-07-06T08:00:00Z,44.31201464690934,90.275
2026-07-06T09:00:00Z,32.396454025517706,72.065
2026-07-06T10:00:00Z,24.675362326666708,43.015
2026-07-06T11:00:00Z,15.522563327598043,20.445
2026-07-06T12:00:00Z,8.738612556745593,9.8075
2026-07-06T13:00:00Z,7.640860787888926,5.0
2026-07-06T14:00:00Z,12.237117184350666,20.51
2026-07-06T15:00:00Z,27.32136256510703,66.5825
2026-07-06T16:00:00Z,58.73512319679015,99.3375
2026-07-06T17:00:00Z,93.36267772845568,117.865
2026-07-06T18:00:00Z,114.14976978520764,138.32999999999998
2026-07-06T19:00:00Z,120.51376420158041,151.2025
2026-07-06T20:00:00Z,113.36750530152358,147.155
2026-07-06T21:00:00Z,104.29814482513932,135.0
2026-07-06T22:00:00Z,96.56967733524677,120.98
2026-07-06T23:00:00Z,88.39362942523377,114.6525
2026-07-07T00:00:00Z,79.64236410013673,107.9875
2026-07-07T01:00:00Z,76.8097304649725,101.0025
2026-07-07T02:00:00Z,80.9425683248432,98.3825
2026-07-07T03:00:00Z,84.2994631292559,102.4075
2026-07-07T04:00:00Z,94.32245513985312,115.6
2026-07-07T05:00:00Z,94.85917666560799,118.6425
2026-07-07T06:00:00Z,80.02271494640142,114.89
2026-07-07T07:00:00Z,56.48643876972586,94.6475
2026-07-07T08:00:00Z,35.69975072514745,43.39
2026-07-07T09:00:00Z,13.436620140112154,4.922499999999999
2026-07-07T10:00:00Z,-3.344029610684359,-0.8300000000000001
2026-07-07T11:00:00Z,-11.383962114528345,-2.705
2026-07-07T12:00:00Z,-18.05664394254451,-2.835
2026-07-07T13:00:00Z,-14.439495123780802,-1.485
2026-07-07T14:00:00Z,-0.20422675946055335,-0.52
2026-07-07T15:00:00Z,31.881846637633863,7.0175
2026-07-07T16:00:00Z,60.70561736832619,60.712500000000006
2026-07-07T17:00:00Z,87.47391780283517,86.1825
2026-07-07T18:00:00Z,104.51701856481611,107.9725
2026-07-07T19:00:00Z,102.38671968490837,118.4025
2026-07-07T20:00:00Z,96.52051558973014,120.755
2026-07-07T21:00:00Z,85.94290834999376,117.0825
2026-07-07T22:00:00Z,80.73608163879781,114.9225
2026-07-07T23:00:00Z,78.97384792631141,115.845
2026-07-08T00:00:00Z,75.3609341300967,111.7575
2026-07-08T01:00:00Z,76.38833441775668,108.17
2026-07-08T02:00:00Z,81.68638082439641,113.5825
2026-07-08T03:00:00Z,94.38956936054656,119.705
2026-07-08T04:00:00Z,105.36045236282568,130.75
2026-07-08T05:00:00Z,103.16936107123371,131.91
2026-07-08T06:00:00Z,87.73141540646743,125.7925
2026-07-08T07:00:00Z,63.06848360678547,100.4225
2026-07-08T08:00:00Z,38.72395638818851,79.5825
2026-07-08T09:00:00Z,17.780999447371677,71.075
2026-07-08T10:00:00Z,6.714890275639675,49.0075
2026-07-08T11:00:00Z,-14.044615027857546,17.245
2026-07-08T12:00:00Z,-21.36335319567216,7.9025
2026-07-08T13:00:00Z,-13.048845459103703,9.79
2026-07-08T14:00:00Z,-1.5015355609975671,35.02
2026-07-08T15:00:00Z,20.800185000859166,77.3075
2026-07-08T16:00:00Z,60.908344555069064,104.43
2026-07-08T17:00:00Z,100.54719235483292,135.0475
2026-07-08T18:00:00Z,126.41812122037939,150.8475
2026-07-08T19:00:00Z,135.52800866518686,160.62
2026-07-08T20:00:00Z,128.36215597638497,159.2
2026-07-08T21:00:00Z,117.01286329429104,145.0475
2026-07-08T22:00:00Z,108.4142291928368,140.3275
2026-07-08T23:00:00Z,107.09586283800189,133.20749999999998
2026-07-09T00:00:00Z,100.85414881932535,127.3225
2026-07-09T01:00:00Z,103.37733290427991,124.8475
2026-07-09T02:00:00Z,108.84108096013294,125.4425
2026-07-09T03:00:00Z,118.6828432723551,133.955
2026-07-09T04:00:00Z,127.92182031254316,149.15
2026-07-09T05:00:00Z,121.99590092589578,147.66
2026-07-09T06:00:00Z,104.59782241373094,138.2975
2026-07-09T07:00:00Z,78.74757190427076,118.03
2026-07-09T08:00:00Z,56.93692692493268,99.63
2026-07-09T09:00:00Z,42.908055346772606,86.83
2026-07-09T10:00:00Z,14.705406424193171,66.69
2026-07-09T11:00:00Z,0.3777508974670951,43.625
2026-07-09T12:00:00Z,-6.616139391933899,38.005
2026-07-09T13:00:00Z,-4.746673323007428,51.04
2026-07-09T14:00:00Z,24.88611825508376,81.01
2026-07-09T15:00:00Z,56.48078805750361,108.4125
2026-07-09T16:00:00Z,97.09743771867021,130.4075
2026-07-09T17:00:00Z,138.94364360085254,166.5
2026-07-09T18:00:00Z,158.54127484759113,210.7
2026-07-09T19:00:00Z,162.4283415598598,213.3125
2026-07-09T20:00:00Z,151.6284135067489,183.965
2026-07-09T21:00:00Z,137.84757490000533,162.745
2026-07-09T22:00:00Z,129.9268198933537,153.5575
2026-07-09T23:00:00Z,123.99350563472127,143.4325
2026-07-10T00:00:00Z,116.90161431998231,139.7
2026-07-10T01:00:00Z,118.63739016133954,137.9275
2026-07-10T02:00:00Z,124.22903558359242,138.27
2026-07-10T03:00:00Z,133.1366535829589,142.4525
2026-07-10T04:00:00Z,140.90473141495477,151.14
2026-07-10T05:00:00Z,133.5178932188294,147.6925
2026-07-10T06:00:00Z,106.98416520936398,134.9025
2026-07-10T07:00:00Z,73.86536834669832,121.975
2026-07-10T08:00:00Z,37.69178437879707,99.895
2026-07-10T09:00:00Z,19.03423196100792,78.31
2026-07-10T10:00:00Z,0.3916902711892476,56.805
2026-07-10T11:00:00Z,-8.927049790189855,37.36
2026-07-10T12:00:00Z,-3.8959756217896313,40.95
2026-07-10T13:00:00Z,7.778205342957207,62.1
2026-07-10T14:00:00Z,31.66922296638809,88.4125
2026-07-10T15:00:00Z,72.37831911051286,113.82
2026-07-10T16:00:00Z,109.31606311601163,128.435
2026-07-10T17:00:00Z,149.11874391568952,165.01999999999998
2026-07-10T18:00:00Z,169.15438487625585,186.6775
2026-07-10T19:00:00Z,165.02965332320485,176.885
2026-07-10T20:00:00Z,144.56718149717653,168.0
2026-07-10T21:00:00Z,130.06303978687077,154.4625
2026-07-10T22:00:00Z,121.25554820815768,150.4975
2026-07-10T23:00:00Z,115.413678142888,143.95
2026-07-11T00:00:00Z,113.04473901160743,141.10750000000002
2026-07-11T01:00:00Z,113.56918762595544,140.6725
2026-07-11T02:00:00Z,115.42231271206091,140.4625
2026-07-11T03:00:00Z,115.9655718868063,138.8625
2026-07-11T04:00:00Z,111.76449179271205,136.335
2026-07-11T05:00:00Z,92.44462450877677,124.2825
2026-07-11T06:00:00Z,63.609496180969444,115.3525
2026-07-11T07:00:00Z,22.634351028031247,73.86
2026-07-11T08:00:00Z,1.2932639091320084,16.0875
2026-07-11T09:00:00Z,-14.152374468449253,0.3275
2026-07-11T10:00:00Z,-25.051676728136982,-0.0075
2026-07-11T11:00:00Z,-31.66127621447835,-0.6950000000000001
2026-07-11T12:00:00Z,-29.970799501662583,-0.975
2026-07-11T13:00:00Z,-17.384146943917855,-0.5025000000000001
2026-07-11T14:00:00Z,7.798113776849121,6.1725
2026-07-11T15:00:00Z,53.259281203201674,74.695
2026-07-11T16:00:00Z,94.4703884276312,120.3525
2026-07-11T17:00:00Z,136.38649779589923,141.0
2026-07-11T18:00:00Z,156.39328124655708,151.82
2026-07-11T19:00:00Z,151.30694846949964,156.375
2026-07-11T20:00:00Z,133.72288531559053,154.8875
2026-07-11T21:00:00Z,121.97198095992442,145.58249999999998
2026-07-11T22:00:00Z,114.9701469294775,137.4425
2026-07-11T23:00:00Z,107.57051861130785,131.885
2026-07-12T00:00:00Z,98.07985024753233,125.57
2026-07-12T01:00:00Z,96.33883420803579,125.1
2026-07-12T02:00:00Z,96.46590167449955,122.8825
2026-07-12T03:00:00Z,95.22103895506041,119.915
2026-07-12T04:00:00Z,87.58242967318638,111.6125
2026-07-12T05:00:00Z,69.57987120067077,99.775
2026-07-12T06:00:00Z,42.523335497941886,62.1175
2026-07-12T07:00:00Z,-0.8104571717039164,5.385
2026-07-12T08:00:00Z,-26.076936569095977,-0.045
2026-07-12T09:00:00Z,-38.56104346579626,-2.165
2026-07-12T10:00:00Z,-47.107105734476534,-7.1575
2026-07-12T11:00:00Z,-48.073655072214535,-10.7125
2026-07-12T12:00:00Z,-44.73914321683267,-10.055
2026-07-12T13:00:00Z,-35.255677519541194,-5.9075
2026-07-12T14:00:00Z,-12.678329702845701,-2.6925
2026-07-12T15:00:00Z,35.72648103344755,7.630000000000001
2026-07-12T16:00:00Z,84.48628918303034,93.4325
2026-07-12T17:00:00Z,123.70530506806784,131.8075
2026-07-12T18:00:00Z,142.65891845977612,140.8975
2026-07-12T19:00:00Z,143.35843154947509,144.4875
2026-07-12T20:00:00Z,131.66284880369318,144.93
2026-07-12T21:00:00Z,123.10260521356625,139.3175
2026-07-12T22:00:00Z,115.61436715274954,129.73
2026-07-12T23:00:00Z,112.78610013475193,124.605
2026-07-13T00:00:00Z,109.49595221831494,120.5675
2026-07-13T01:00:00Z,110.78400083890692,121.475
2026-07-13T02:00:00Z,115.01990642387533,123.5425
2026-07-13T03:00:00Z,124.90872685457188,134.2425
2026-07-13T04:00:00Z,133.71832935451832,149.8425
2026-07-13T05:00:00Z,126.7640643936397,159.43
2026-07-13T06:00:00Z,101.43382361671915,138.9875
2026-07-13T07:00:00Z,63.26827035379175,122.6075
2026-07-13T08:00:00Z,30.881842139489848,100.0175
2026-07-13T09:00:00Z,19.121886787501964,74.1225
2026-07-13T10:00:00Z,7.754622382047202,50.6225
2026-07-13T11:00:00Z,4.482162014929187,32.900000000000006
2026-07-13T12:00:00Z,7.622065414848208,38.5375
2026-07-13T13:00:00Z,18.634281633766562,63.97500000000001
2026-07-13T14:00:00Z,45.688429150819196,90.95
2026-07-13T15:00:00Z,76.3997550209577,121.5275
2026-07-13T16:00:00Z,122.1802711003022,140.0
2026-07-13T17:00:00Z,153.40706345724084,165.9625
2026-07-13T18:00:00Z,161.7812377765755,182.9975
2026-07-13T19:00:00Z,158.36915148845372,168.8
2026-07-13T20:00:00Z,135.61175922946947,159.0725
2026-07-13T21:00:00Z,127.42669945374936,144.07
2026-07-13T22:00:00Z,116.75501209137397,139.64
2026-07-13T23:00:00Z,116.71592579844592,133.8875
2026-07-14T00:00:00Z,110.45884529113906,127.35
2026-07-14T01:00:00Z,112.41727540279155,127.2175
2026-07-14T02:00:00Z,114.6628607796377,127.65
2026-07-14T03:00:00Z,123.328943323434,135.02
2026-07-14T04:00:00Z,131.49227274459471,145.805
2026-07-14T05:00:00Z,134.52394300166065,152.265
2026-07-14T06:00:00Z,118.20574827686814,135.67000000000002
2026-07-14T07:00:00Z,92.04919647625141,121.8925
2026-07-14T08:00:00Z,65.8082005735096,107.4775
2026-07-14T09:00:00Z,43.93062247204062,91.6875
2026-07-14T10:00:00Z,18.2938709388131,64.0425
2026-07-14T11:00:00Z,9.374769255445486,51.825
2026-07-14T12:00:00Z,11.906814465230354,57.73
2026-07-14T13:00:00Z,21.89900295882503,70.0
2026-07-14T14:00:00Z,51.90737357385392,93.2575
2026-07-14T15:00:00Z,81.76490344172744,117.44
2026-07-14T16:00:00Z,115.74609590724526,138.2975
2026-07-14T17:00:00Z,148.9545947791455,159.005
2026-07-14T18:00:00Z,165.3318384031,182.48
2026-07-14T19:00:00Z,158.01584468155735,175.315
2026-07-14T20:00:00Z,141.76743050842867,168.765
2026-07-14T21:00:00Z,128.5153598453554,151.51999999999998
2026-07-14T22:00:00Z,121.98733334180174,153.5175
2026-07-14T23:00:00Z,118.46770637336014,144.4475
2026-07-15T00:00:00Z,109.0324481734879,139.0375
2026-07-15T01:00:00Z,109.95170259592564,136.6175
2026-07-15T02:00:00Z,114.36893655355169,140.865
2026-07-15T03:00:00Z,123.50596014856978,150.2825
2026-07-15T04:00:00Z,134.55573092001208,166.6925
2026-07-15T05:00:00Z,134.99963291653555,165.88
2026-07-15T06:00:00Z,118.69182710311938,155.9325
2026-07-15T07:00:00Z,92.75533516674844,135.10250000000002
2026-07-15T08:00:00Z,68.77579957740015,111.4175
2026-07-15T09:00:00Z,40.82148713940163,96.2525
2026-07-15T10:00:00Z,22.929704658847662,74.345
2026-07-15T11:00:00Z,13.1663847077468,63.5975
2026-07-15T12:00:00Z,15.808045073099656,62.9175
2026-07-15T13:00:00Z,24.657503416548856,73.075
2026-07-15T14:00:00Z,57.14918298075594,97.1475
2026-07-15T15:00:00Z,87.45321752945964,118.1825
2026-07-15T16:00:00Z,119.49964111701338,145.5625
2026-07-15T17:00:00Z,153.6286199120252,175.8875
2026-07-15T18:00:00Z,169.91510581872154,205.975
2026-07-15T19:00:00Z,165.53812272317083,201.65
2026-07-15T20:00:00Z,149.6372534801224,188.38
2026-07-15T21:00:00Z,137.29645954132346,171.415
2026-07-15T22:00:00Z,130.76743588337035,166.0325
2026-07-15T23:00:00Z,126.4626356682635,159.2
2026-07-16T00:00:00Z,120.31256748060136,152.9075
2026-07-16T01:00:00Z,121.62440169005558,148.97750000000002
2026-07-16T02:00:00Z,126.45425943656316,152.1875
2026-07-16T03:00:00Z,135.9084064859619,159.945
2026-07-16T04:00:00Z,146.69937066797755,175.45
2026-07-16T05:00:00Z,143.65193985131054,172.76
2026-07-16T06:00:00Z,125.65328150535865,158.5125
2026-07-16T07:00:00Z,95.0162095301232,137.14249999999998
2026-07-16T08:00:00Z,67.95337763148075,118.3075
2026-07-16T09:00:00Z,41.259071052196646,107.2325
2026-07-16T10:00:00Z,25.90299101509946,94.69
2026-07-16T11:00:00Z,18.30522357473606,87.475
2026-07-16T12:00:00Z,23.614371126761768,96.46
2026-07-16T13:00:00Z,34.40672475354663,109.6025
2026-07-16T14:00:00Z,68.54462404389496,119.6375
2026-07-16T15:00:00Z,104.17188386911991,139.935
2026-07-16T16:00:00Z,141.14538064265156,177.6975
2026-07-16T17:00:00Z,179.27361057928312,241.1025
2026-07-16T18:00:00Z,188.1322023404801,311.685
2026-07-16T19:00:00Z,183.69979865726543,262.6
2026-07-16T20:00:00Z,165.27048289605034,206.84
2026-07-16T21:00:00Z,147.48084973639965,180.3125
2026-07-16T22:00:00Z,141.5849883224261,170.565
2026-07-16T23:00:00Z,136.50116256578912,161.45
2026-07-17T00:00:00Z,128.31427932282975,151.975
2026-07-17T01:00:00Z,127.57351474182629,143.94
2026-07-17T02:00:00Z,134.99983997276595,142.89999999999998
2026-07-17T03:00:00Z,143.89707309440286,153.4875
2026-07-17T04:00:00Z,152.5787049260936,165.11
2026-07-17T05:00:00Z,151.19126265724927,165.7525
2026-07-17T06:00:00Z,137.52011058478223,157.10500000000002
2026-07-17T07:00:00Z,111.86113554525264,135.42000000000002
2026-07-17T08:00:00Z,93.30846300305313,127.4525
2026-07-17T09:00:00Z,74.442913833707,113.7825
2026-07-17T10:00:00Z,62.92413399598962,103.8875
2026-07-17T11:00:00Z,57.735314839098905,98.2
2026-07-17T12:00:00Z,63.33975635180228,98.4275
2026-07-17T13:00:00Z,67.8581705630478,105.98
2026-07-17T14:00:00Z,81.58053472571196,114.7
2026-07-17T15:00:00Z,102.81771803744073,127.425
2026-07-17T16:00:00Z,132.48667254817738,137.58
2026-07-17T17:00:00Z,167.46444767257935,151.0325
2026-07-17T18:00:00Z,191.1114764739429,159.065
2026-07-17T19:00:00Z,177.01825010803327,166.8625
2026-07-17T20:00:00Z,149.74572993605182,164.675
2026-07-17T21:00:00Z,131.50042298753874,158.3
2026-07-17T22:00:00Z,117.90752441342946,156.2
2026-07-17T23:00:00Z,107.9949151607632,145.38
2026-07-18T00:00:00Z,103.87588258356949,142.0
2026-07-18T01:00:00Z,99.50856161921186,135.3
2026-07-18T02:00:00Z,97.77575420710438,134.81
2026-07-18T03:00:00Z,101.17079776926889,132.235
2026-07-18T04:00:00Z,101.0540072187232,126.5075
2026-07-18T05:00:00Z,89.74974855201359,119.3
2026-07-18T06:00:00Z,70.40778414663325,97.5425
2026-07-18T07:00:00Z,44.13870433420446,44.9275
2026-07-18T08:00:00Z,29.266412768071923,9.9675
2026-07-18T09:00:00Z,7.633857733997857,-0.005
2026-07-18T10:00:00Z,-3.0953022163166963,-0.125
2026-07-18T11:00:00Z,-7.890722191090418,-1.165
2026-07-18T12:00:00Z,-7.683392366879673,-1.9925
2026-07-18T13:00:00Z,-4.466184518353117,-2.9475
2026-07-18T14:00:00Z,19.291160496130487,-1.76
2026-07-18T15:00:00Z,39.28815086498188,0.4325
2026-07-18T16:00:00Z,70.75224614166665,55.9225
2026-07-18T17:00:00Z,107.24373390836914,110.2
2026-07-18T18:00:00Z,128.85694048221484,132.17000000000002
2026-07-18T19:00:00Z,133.43356450260237,145.95
2026-07-18T20:00:00Z,126.4615494528946,152.4625
2026-07-18T21:00:00Z,117.91144794023913,145.7625
2026-07-18T22:00:00Z,115.33032009728774,138.6975
2026-07-18T23:00:00Z,111.82237240302312,130.7425
2026-07-19T00:00:00Z,102.28938124993788,121.9
2026-07-19T01:00:00Z,98.67094003163577,118.8975
2026-07-19T02:00:00Z,101.46009681710743,115.275
2026-07-19T03:00:00Z,103.07869243362421,109.4175
2026-07-19T04:00:00Z,97.03142248704643,101.8475
2026-07-19T05:00:00Z,87.02212416354297,88.46000000000001
2026-07-19T06:00:00Z,66.93970716607782,43.1575
2026-07-19T07:00:00Z,38.864741897656884,4.165
2026-07-19T08:00:00Z,19.08786667611932,0.015
2026-07-19T09:00:00Z,6.68641686383738,-0.045
2026-07-19T10:00:00Z,-15.169722296912667,-0.7424999999999999
2026-07-19T11:00:00Z,-25.731881590905743,-2.6775
2026-07-19T12:00:00Z,-32.475193678165695,-4.9975000000000005
2026-07-19T13:00:00Z,-29.308266303858545,-4.955
2026-07-19T14:00:00Z,-20.060027518799302,-2.4375
2026-07-19T15:00:00Z,13.435689052276317,-0.395
2026-07-19T16:00:00Z,54.35403144125098,47.8425
2026-07-19T17:00:00Z,106.72012990067007,117.16
2026-07-19T18:00:00Z,132.9582084589438,144.1225
2026-07-19T19:00:00Z,138.9971767536445,149.68
2026-07-19T20:00:00Z,133.7208562110592,149.6575
2026-07-19T21:00:00Z,124.80025750541961,138.2025
2026-07-19T22:00:00Z,110.84681077698419,147.4525
2026-07-19T23:00:00Z,105.16437875318822,138.48250000000002
2026-07-20T00:00:00Z,102.92620208392906,128.85500000000002
2026-07-20T01:00:00Z,103.01757752369866,123.53
2026-07-20T02:00:00Z,105.64687201260362,131.27
2026-07-20T03:00:00Z,114.75860330973747,138.79
2026-07-20T04:00:00Z,122.75939239403418,149.31
2026-07-20T05:00:00Z,114.74518353956873,150.5275
2026-07-20T06:00:00Z,89.0570844859055,130.9975
2026-07-20T07:00:00Z,54.9469590744716,92.7175
2026-07-20T08:00:00Z,35.56737088460264,60.2725
2026-07-20T09:00:00Z,24.162045239320136,15.7875
2026-07-20T10:00:00Z,18.031933259526255,7.6625
2026-07-20T11:00:00Z,13.441109109530245,0.015
2026-07-20T12:00:00Z,9.566115988424144,0.0075
2026-07-20T13:00:00Z,12.000075328163717,0.9575
2026-07-20T14:00:00Z,26.7964583948538,15.105
2026-07-20T15:00:00Z,51.65468214774094,74.7625
2026-07-20T16:00:00Z,85.85845520165046,118.4125
2026-07-20T17:00:00Z,131.1834085789195,158.7625
2026-07-20T18:00:00Z,152.36330339985693,178.245
2026-07-20T19:00:00Z,153.44285221538158,179.73
2026-07-20T20:00:00Z,143.1858157416404,174.815
2026-07-20T21:00:00Z,131.17887289676833,159.4675
2026-07-20T22:00:00Z,129.1108559427317,148.7775
2026-07-20T23:00:00Z,125.41615785428823,149.52
2026-07-21T00:00:00Z,119.42773668049892,143.39
2026-07-21T01:00:00Z,122.23085500102043,138.8675
2026-07-21T02:00:00Z,128.30546982057785,139.2525
2026-07-21T03:00:00Z,137.00863664497388,144.9125
2026-07-21T04:00:00Z,145.68226699657376,157.65
2026-07-21T05:00:00Z,142.8994821162349,154.4275
2026-07-21T06:00:00Z,119.14756660776987,145.3775
2026-07-21T07:00:00Z,82.1573794311835,114.9525
2026-07-21T08:00:00Z,57.16351273188141,83.69
2026-07-21T09:00:00Z,25.908201004487054,43.6375
2026-07-21T10:00:00Z,12.758155932335995,7.052499999999999
2026-07-21T11:00:00Z,8.589531868682997,1.01
2026-07-21T12:00:00Z,9.244996675481673,1.0025
2026-07-21T13:00:00Z,14.407535209576807,13.670000000000002
2026-07-21T14:00:00Z,41.91286439360166,62.2325
2026-07-21T15:00:00Z,78.7863396433287,102.565
2026-07-21T16:00:00Z,113.42465138434916,135.365
2026-07-21T17:00:00Z,151.13386512039057,153.61
2026-07-21T18:00:00Z,171.29001482836657,172.0
2026-07-21T19:00:00Z,173.95564298554854,174.5625
2026-07-21T20:00:00Z,156.37798482620195,168.3175
2026-07-21T21:00:00Z,138.98263507710618,155.1875
2026-07-21T22:00:00Z,129.2295202117996,152.19
2026-07-21T23:00:00Z,126.2337449360038,148.2875
2026-07-22T00:00:00Z,113.26704507347597,143.2325
2026-07-22T01:00:00Z,109.54095886304164,134.91250000000002
2026-07-22T02:00:00Z,113.77183640624744,130.66500000000002
2026-07-22T03:00:00Z,118.35294642700052,135.9575
2026-07-22T04:00:00Z,130.3368154605385,149.41
2026-07-22T05:00:00Z,124.51223216141275,145.345
2026-07-22T06:00:00Z,104.61284311152076,131.98250000000002
2026-07-22T07:00:00Z,70.30664636909071,90.9425
2026-07-22T08:00:00Z,49.374475435781044,66.1525
2026-07-22T09:00:00Z,28.94984043959043,30.935
2026-07-22T10:00:00Z,15.388219598126163,10.385
2026-07-22T11:00:00Z,6.051188248388058,1.29
2026-07-22T12:00:00Z,3.9587745780432613,0.0375
2026-07-22T13:00:00Z,5.74241120641193,0.4975
2026-07-22T14:00:00Z,26.6355903987968,9.15
2026-07-22T15:00:00Z,52.53267700881198,63.21
2026-07-22T16:00:00Z,82.56446967653575,108.1
2026-07-22T17:00:00Z,112.91800868595604,137.8275
2026-07-22T18:00:00Z,132.16933530887945,157.01
2026-07-22T19:00:00Z,132.93459408768717,161.76
2026-07-22T20:00:00Z,122.64456789526074,157.61
2026-07-22T21:00:00Z,111.87213732523429,143.5425
2026-07-22T22:00:00Z,104.48149256536723,142.755
2026-07-22T23:00:00Z,102.93902020030863,137.345
2026-07-23T00:00:00Z,98.86145277076281,133.66
2026-07-23T01:00:00Z,101.90546797563198,132.965
2026-07-23T02:00:00Z,105.99634472858827,136.24
2026-07-23T03:00:00Z,121.0135138855482,143.045
2026-07-23T04:00:00Z,131.5035180055249,159.18
2026-07-23T05:00:00Z,128.17805282695963,167.8725
2026-07-23T06:00:00Z,112.44409198266143,159.9525
2026-07-23T07:00:00Z,83.44178901648552,134.3275
2026-07-23T08:00:00Z,59.346905764670176,101.98
2026-07-23T09:00:00Z,34.56657640771454,79.53999999999999
2026-07-23T10:00:00Z,8.466452555643741,31.0925
2026-07-23T11:00:00Z,-6.21544756295728,4.3025
2026-07-23T12:00:00Z,-6.958185219807547,0.0
2026-07-23T13:00:00Z,-4.977851925456491,0.03
2026-07-23T14:00:00Z,22.00614206108144,21.9975
2026-07-23T15:00:00Z,59.221598466073615,96.705
2026-07-23T16:00:00Z,103.39895623817173,142.64
2026-07-23T17:00:00Z,148.63668633344832,166.1
2026-07-23T18:00:00Z,170.911466668316,185.015
2026-07-23T19:00:00Z,173.83726487414748,190.0
2026-07-23T20:00:00Z,158.44435056280486,186.5425
2026-07-23T21:00:00Z,145.30565154170552,170.42000000000002
2026-07-23T22:00:00Z,136.05027988682568,161.0025
2026-07-23T23:00:00Z,132.74209301199699,157.1375
2026-07-24T00:00:00Z,127.83807440870098,151.8125
2026-07-24T01:00:00Z,128.28801046762712,153.3275
2026-07-24T02:00:00Z,133.183862204223,155.66
2026-07-24T03:00:00Z,142.98846500227114,161.1675
2026-07-24T04:00:00Z,153.38127988383368,172.54
2026-07-24T05:00:00Z,150.15147839459303,167.3875
2026-07-24T06:00:00Z,126.49309533602482,159.9975
2026-07-24T07:00:00Z,90.72480964704883,132.6025
2026-07-24T08:00:00Z,65.4933665405214,102.315
2026-07-24T09:00:00Z,29.706739221780282,75.6625
2026-07-24T10:00:00Z,1.7322980967909984,44.7425
2026-07-24T11:00:00Z,-17.42314980463354,21.025
2026-07-24T12:00:00Z,-21.126126103119645,6.485
2026-07-24T13:00:00Z,-15.622941763314714,14.29
2026-07-24T14:00:00Z,6.419525786292894,68.965
2026-07-24T15:00:00Z,62.223879238369065,114.0175
2026-07-24T16:00:00Z,110.98013847790662,154.66500000000002
2026-07-24T17:00:00Z,152.79302625444885,180.135
2026-07-24T18:00:00Z,173.42697713302476,200.0425
2026-07-24T19:00:00Z,176.20202086047283,203.1725
2026-07-24T20:00:00Z,162.40532296177742,194.5175
2026-07-24T21:00:00Z,147.65639394016839,180.115
2026-07-24T22:00:00Z,141.5813558921047,167.135
2026-07-24T23:00:00Z,136.50723138693115,161.61
2026-07-25T00:00:00Z,130.202114756985,160.4275
2026-07-25T01:00:00Z,132.61699822270626,159.8525
2026-07-25T02:00:00Z,130.40946236792735,152.0125
2026-07-25T03:00:00Z,134.04012410421427,146.2525
2026-07-25T04:00:00Z,131.63081829472608,135.38
2026-07-25T05:00:00Z,113.01306869534766,115.305
2026-07-25T06:00:00Z,81.69122719402019,83.51
2026-07-25T07:00:00Z,37.26230921265457,11.1675
2026-07-25T08:00:00Z,12.959928005412436,-0.1175
2026-07-25T09:00:00Z,-9.04812190047302,-2.6075
2026-07-25T10:00:00Z,-25.718277231923295,-5.955
2026-07-25T11:00:00Z,-31.948164468431628,-9.9475
2026-07-25T12:00:00Z,-29.351253820010285,-12.28
2026-07-25T13:00:00Z,-16.833898502388024,-3.3525
2026-07-25T14:00:00Z,17.31404338525708,-0.32
2026-07-25T15:00:00Z,63.00248863622156,11.25
2026-07-25T16:00:00Z,108.11189396532964,95.195
2026-07-25T17:00:00Z,148.98965004331833,157.42
2026-07-25T18:00:00Z,168.27126959988863,170.31
2026-07-25T19:00:00Z,165.33291054881118,169.075
2026-07-25T20:00:00Z,156.8935649264757,165.48250000000002
2026-07-25T21:00:00Z,148.89911884358878,160.0
2026-07-25T22:00:00Z,143.1006734172754,153.03
2026-07-25T23:00:00Z,139.0976573521004,146.45499999999998
2026-07-26T00:00:00Z,131.47549852801887,148.025
2026-07-26T01:00:00Z,130.9577288032089,153.5925
2026-07-26T02:00:00Z,130.41297562322058,147.07999999999998
2026-07-26T03:00:00Z,129.14928905184826,137.9925
2026-07-26T04:00:00Z,122.61155572617389,124.8625
2026-07-26T05:00:00Z,105.40877412680713,110.1775
2026-07-26T06:00:00Z,80.82466796097826,93.76
2026-07-26T07:00:00Z,46.96028701334507,55.1825
2026-07-26T08:00:00Z,28.206122983219586,7.140000000000001
2026-07-26T09:00:00Z,6.83656844294498,-0.005
2026-07-26T10:00:00Z,-5.984207299457594,-0.075
2026-07-26T11:00:00Z,-10.76687546844073,-0.2674999999999999
2026-07-26T12:00:00Z,-6.783792172726194,-0.67
2026-07-26T13:00:00Z,9.213621635615269,-0.86
2026-07-26T14:00:00Z,22.87933955995922,0.8624999999999999
2026-07-26T15:00:00Z,52.48608636743179,51.8225
2026-07-26T16:00:00Z,93.76520350644013,109.25
2026-07-26T17:00:00Z,139.28216947938358,139.29
2026-07-26T18:00:00Z,153.4296345565649,151.6825
2026-07-26T19:00:00Z,149.28816142110026,150.9425
2026-07-26T20:00:00Z,142.42589290684143,147.9975
2026-07-26T21:00:00Z,127.40643943672458,136.795
2026-07-26T22:00:00Z,93.42696252267893,86.0425
2026-07-26T23:00:00Z,86.51230124816206,70.6575
2026-07-27T00:00:00Z,79.3253641960018,61.7
2026-07-27T01:00:00Z,81.95247153588856,62.6375
2026-07-27T02:00:00Z,83.35721052896878,71.175
2026-07-27T03:00:00Z,93.33436424152816,91.02
2026-07-27T04:00:00Z,110.5164033827414,117.5575
2026-07-27T05:00:00Z,112.5950129436062,128.975
2026-07-27T06:00:00Z,98.67415447616484,118.975
2026-07-27T07:00:00Z,66.68603585976174,74.935
2026-07-27T08:00:00Z,35.24559799176908,23.7875
2026-07-27T09:00:00Z,19.512986244200192,0.98
2026-07-27T10:00:00Z,11.522538323510545,-0.01
2026-07-27T11:00:00Z,6.623556871334387,-0.1475
2026-07-27T12:00:00Z,7.120193805108869,-0.7050000000000001
2026-07-27T13:00:00Z,7.072275957128795,-0.08
2026-07-27T14:00:00Z,22.57916997560406,-0.0125
2026-07-27T15:00:00Z,55.1101271389762,14.4025
2026-07-27T16:00:00Z,96.49292474529913,97.29
2026-07-27T17:00:00Z,135.32438475569285,149.13
2026-07-27T18:00:00Z,154.3081089002816,173.7225
2026-07-27T19:00:00Z,159.44200907425906,178.995
2026-07-27T20:00:00Z,152.42882924422145,171.1075
2026-07-27T21:00:00Z,136.94344788485463,157.9875
2026-07-27T22:00:00Z,114.91603995002654,161.0025
2026-07-27T23:00:00Z,109.61761221227741,148.3075
2026-07-28T00:00:00Z,101.50669185553217,141.33
2026-07-28T01:00:00Z,106.03172060334336,135.87
2026-07-28T02:00:00Z,112.03266082668122,139.935
2026-07-28T03:00:00Z,123.29404072736781,149.7425
2026-07-28T04:00:00Z,136.9182864976509,167.555
2026-07-28T05:00:00Z,133.65249611482972,162.27499999999998
2026-07-28T06:00:00Z,109.57035318874016,144.16
2026-07-28T07:00:00Z,70.28426907038708,109.0225
2026-07-28T08:00:00Z,25.55985850071687,36.7675
2026-07-28T09:00:00Z,3.7042815758542673,3.43
2026-07-28T10:00:00Z,-9.064641185378392,-0.0125
2026-07-28T11:00:00Z,-11.4381902085142,-0.0875
2026-07-28T12:00:00Z,-10.062998116926408,-0.03
2026-07-28T13:00:00Z,-0.5739547155017561,3.4025
2026-07-28T14:00:00Z,23.697773364515413,44.74
2026-07-28T15:00:00Z,70.77341305469663,107.6275
2026-07-28T16:00:00Z,125.14581609223734,156.9725
2026-07-28T17:00:00Z,172.76016829048265,198.8575
2026-07-28T18:00:00Z,190.9408828129813,216.755
2026-07-28T19:00:00Z,183.0121897867652,209.9275
2026-07-28T20:00:00Z,167.43891894830398,193.9575
2026-07-28T21:00:00Z,153.52111961458402,172.2625
2026-07-28T22:00:00Z,140.6566822587925,156.7575
2026-07-28T23:00:00Z,134.45081887145082,148.45
2026-07-29T00:00:00Z,124.16947329815167,137.2075
2026-07-29T01:00:00Z,119.76667948209075,135.0025
2026-07-29T02:00:00Z,124.3035578726886,140.3275
2026-07-29T03:00:00Z,133.15172574609693,148.51
2026-07-29T04:00:00Z,145.93755992079443,168.5725
2026-07-29T05:00:00Z,143.75937933783655,161.095
2026-07-29T06:00:00Z,121.14071388623978,146.1725
2026-07-29T07:00:00Z,85.61786321531392,122.11
2026-07-29T08:00:00Z,37.41946606685683,85.2875
2026-07-29T09:00:00Z,13.177740960396719,29.035
2026-07-29T10:00:00Z,1.4137070139042436,1.2374999999999998
2026-07-29T11:00:00Z,-4.653900921663805,-0.0425
2026-07-29T12:00:00Z,-4.0165507807737555,-0.0225
2026-07-29T13:00:00Z,6.227832276024287,7.375
2026-07-29T14:00:00Z,41.00712371011655,76.35
2026-07-29T15:00:00Z,101.68484658985176,125.3425
2026-07-29T16:00:00Z,152.76004263542353,162.315
2026-07-29T17:00:00Z,200.44743438996323,244.395
2026-07-29T18:00:00Z,214.59552835996092,263.64750000000004
2026-07-29T19:00:00Z,196.9014852887551,224.705
2026-07-29T20:00:00Z,173.17017130681865,192.925
2026-07-29T21:00:00Z,151.48312130649978,167.3125
2026-07-29T22:00:00Z,140.01947452341562,149.755
2026-07-29T23:00:00Z,133.61122089065896,142.385
2026-07-30T00:00:00Z,123.10858257082863,139.9975
2026-07-30T01:00:00Z,121.363817688494,135.53
2026-07-30T02:00:00Z,121.84287147021733,132.7225
2026-07-30T03:00:00Z,126.25005745564509,137.6075
2026-07-30T04:00:00Z,136.01676158650588,148.46
2026-07-30T05:00:00Z,129.7099875968746,147.745
2026-07-30T06:00:00Z,108.45074520958339,139.045
2026-07-30T07:00:00Z,83.0738700565536,118.115
2026-07-30T08:00:00Z,50.35396154535494,85.0
2026-07-30T09:00:00Z,25.118345378857555,34.6
2026-07-30T10:00:00Z,9.234904364363757,6.3525
2026-07-30T11:00:00Z,5.581096529763315,2.67
2026-07-30T12:00:00Z,14.765720341687754,14.9225
2026-07-30T13:00:00Z,30.30916188045591,62.4325
2026-07-30T14:00:00Z,71.29957794384855,98.1525
2026-07-30T15:00:00Z,108.1648981231151,126.8025
2026-07-30T16:00:00Z,146.47934038660605,149.2775
2026-07-30T17:00:00Z,191.92877573815116,173.77
2026-07-30T18:00:00Z,196.45270431266874,198.31
2026-07-30T19:00:00Z,189.07827340392055,207.03
2026-07-30T20:00:00Z,165.37622535227342,190.2975
2026-07-30T21:00:00Z,157.11951666350586,170.82999999999998
2026-07-30T22:00:00Z,144.58084029405006,168.21
2026-07-30T23:00:00Z,145.14287208297736,162.9525
2026-07-31T00:00:00Z,134.77511111402836,155.16
2026-07-31T01:00:00Z,135.14448832453272,154.1725
2026-07-31T02:00:00Z,139.26433571275984,157.34
2026-07-31T03:00:00Z,150.0329953295305,165.5125
2026-07-31T04:00:00Z,157.66579619707102,179.08749999999998
2026-07-31T05:00:00Z,153.47173524527824,172.5275
2026-07-31T06:00:00Z,133.0193001410709,159.0775
2026-07-31T07:00:00Z,103.07229093538061,139.3875
2026-07-31T08:00:00Z,74.04386109045332,119.605
2026-07-31T09:00:00Z,33.02902782413631,101.17
2026-07-31T10:00:00Z,18.426038640034626,94.1175
2026-07-31T11:00:00Z,14.566192558653825,83.2675
2026-07-31T12:00:00Z,21.457825685388293,86.285
2026-07-31T13:00:00Z,49.46574194817683,103.135
2026-07-31T14:00:00Z,75.45405279444456,120.865
2026-07-31T15:00:00Z,106.88100749059257,147.4925
2026-07-31T16:00:00Z,137.01421398634483,162.3075
2026-07-31T17:00:00Z,164.46741913102483,184.885
2026-07-31T18:00:00Z,174.95636860048222,192.74
2026-07-31T19:00:00Z,171.69143029934997,195.64
2026-07-31T20:00:00Z,161.46829751272261,191.13
2026-07-31T21:00:00Z,148.86218978125333,170.1475
2026-07-31T22:00:00Z,139.52798317361592,169.4375
2026-07-31T23:00:00Z,137.1873682475899,162.6575
2026-08-01T00:00:00Z,131.18728304605253,156.995
2026-08-01T01:00:00Z,127.04585294625157,154.60750000000002
2026-08-01T02:00:00Z,125.07517429168875,154.5225
2026-08-01T03:00:00Z,129.86321502841406,155.51749999999998
2026-08-01T04:00:00Z,131.99311758292322,154.79000000000002
2026-08-01T05:00:00Z,122.27975353007257,146.4225
2026-08-01T06:00:00Z,106.97390060810906,140.4075
2026-08-01T07:00:00Z,82.5952843783458,123.2725
2026-08-01T08:00:00Z,61.20976277562612,100.9225
2026-08-01T09:00:00Z,28.444226012169736,57.1525
2026-08-01T10:00:00Z,8.45711792761388,16.715
2026-08-01T11:00:00Z,-2.3752947827661615,0.4075
2026-08-01T12:00:00Z,-4.042873359447171,0.0
2026-08-01T13:00:00Z,2.398436662400755,3.0775
2026-08-01T14:00:00Z,25.36669403227924,45.5175
2026-08-01T15:00:00Z,73.67961753720897,107.565
2026-08-01T16:00:00Z,114.84991097725248,145.135
2026-08-01T17:00:00Z,155.2648833846572,168.535
2026-08-01T18:00:00Z,170.9617169116484,180.9625
2026-08-01T19:00:00Z,165.36034640298186,180.6775
2026-08-01T20:00:00Z,150.9977196214084,178.5475
2026-08-01T21:00:00Z,139.17061336277294,170.0
2026-08-01T22:00:00Z,130.52351504352504,169.625
2026-08-01T23:00:00Z,126.30647870949562,159.915
2026-08-02T00:00:00Z,119.11136503567973,156.8375
2026-08-02T01:00:00Z,119.87463339525206,154.4425
2026-08-02T02:00:00Z,120.965222418861,153.5925
2026-08-02T03:00:00Z,123.28821394716957,159.3275
2026-08-02T04:00:00Z,118.96579918675872,151.39749999999998
2026-08-02T05:00:00Z,102.5417322691359,138.7
2026-08-02T06:00:00Z,78.5109375672864,122.18
2026-08-02T07:00:00Z,47.36645818382425,62.685
2026-08-02T08:00:00Z,9.749336535345364,3.155
2026-08-02T09:00:00Z,-11.838634343459674,-0.26
2026-08-02T10:00:00Z,-27.64379715289435,-1.275
2026-08-02T11:00:00Z,-33.61930385691038,-3.73
2026-08-02T12:00:00Z,-31.327082068601072,-1.785
2026-08-02T13:00:00Z,-19.537811861702252,-1.1775
2026-08-02T14:00:00Z,10.83807552675053,2.915
2026-08-02T15:00:00Z,71.14486926054461,95.4125
2026-08-02T16:00:00Z,119.70731747951896,148.1575
2026-08-02T17:00:00Z,159.3577698845954,176.8925
2026-08-02T18:00:00Z,168.94199971385032,185.6875
2026-08-02T19:00:00Z,154.7892340327595,177.69
2026-08-02T20:00:00Z,136.9266990156044,167.72750000000002
2026-08-02T21:00:00Z,125.22927849364646,152.8325
2026-08-02T22:00:00Z,111.44650251032924,139.7925
2026-08-02T23:00:00Z,105.48142894798167,135.11
2026-08-03T00:00:00Z,102.37347427252936,131.94
2026-08-03T01:00:00Z,103.91224110590085,129.7875
2026-08-03T02:00:00Z,108.16984377487329,132.7375
2026-08-03T03:00:00Z,121.00747882037459,144.29999999999998
2026-08-03T04:00:00Z,129.4924987233986,169.225
2026-08-03T05:00:00Z,122.70682889488256,164.49
2026-08-03T06:00:00Z,104.75161864982024,150.0
2026-08-03T07:00:00Z,69.50004002695857,135.1225
2026-08-03T08:00:00Z,22.989466074944886,110.785
2026-08-03T09:00:00Z,3.377797144563303,69.6775
2026-08-03T10:00:00Z,-10.170293980408601,26.03
2026-08-03T11:00:00Z,-13.034902079682595,16.3875
2026-08-03T12:00:00Z,-6.418020250616493,22.555
2026-08-03T13:00:00Z,7.312929342501022,60.8125
2026-08-03T14:00:00Z,38.16236162042687,102.8075
2026-08-03T15:00:00Z,88.45793382305217,139.8
2026-08-03T16:00:00Z,132.58874912058704,169.0275
2026-08-03T17:00:00Z,165.10545897877176,205.7675
2026-08-03T18:00:00Z,168.50184863447873,200.675
2026-08-03T19:00:00Z,150.36248493514034,185.8075
2026-08-03T20:00:00Z,133.4187454566441,174.43
2026-08-03T21:00:00Z,123.19505219893884,157.1375
2026-08-03T22:00:00Z,110.26191457477086,154.0
2026-08-03T23:00:00Z,108.1521902867632,144.7175
2026-08-04T00:00:00Z,103.66998159422258,138.995
2026-08-04T01:00:00Z,104.91070230400611,137.105
2026-08-04T02:00:00Z,110.49746997516235,143.165
2026-08-04T03:00:00Z,127.9087253641391,156.9525
2026-08-04T04:00:00Z,141.4878190069361,170.9325
2026-08-04T05:00:00Z,140.82014059153687,169.2825
2026-08-04T06:00:00Z,126.69922260453238,161.49
2026-08-04T07:00:00Z,98.83827306964446,146.5375
2026-08-04T08:00:00Z,71.68189084089227,124.51
2026-08-04T09:00:00Z,34.05704470034044,103.7375
2026-08-04T10:00:00Z,14.72007611931592,87.3125
2026-08-04T11:00:00Z,12.425969114314427,76.465
2026-08-04T12:00:00Z,14.296902481602388,84.0625
2026-08-04T13:00:00Z,32.33275963722309,109.4575
2026-08-04T14:00:00Z,69.98475830958549,127.4375
2026-08-04T15:00:00Z,109.64478805667625,154.9625
2026-08-04T16:00:00Z,148.6814699523871,175.5475
2026-08-04T17:00:00Z,182.6273032753616,228.0
2026-08-04T18:00:00Z,190.12831444397713,240.005
2026-08-04T19:00:00Z,176.07181918835516,212.045
2026-08-04T20:00:00Z,159.80865648643316,185.1275
2026-08-04T21:00:00Z,145.4021255870407,163.065
2026-08-04T22:00:00Z,133.92976873741347,155.1925
2026-08-04T23:00:00Z,127.13195861221948,149.3475
2026-08-05T00:00:00Z,119.81151470498932,148.05
2026-08-05T01:00:00Z,117.60755205506015,144.255
2026-08-05T02:00:00Z,121.83748322131065,139.345
2026-08-05T03:00:00Z,129.5621415197704,144.2525
2026-08-05T04:00:00Z,134.00102885548608,157.18
2026-08-05T05:00:00Z,129.4363339745841,154.685
2026-08-05T06:00:00Z,106.18205361503514,139.7975
2026-08-05T07:00:00Z,74.8964286509086,112.0375
2026-08-05T08:00:00Z,43.751144238461094,64.45
2026-08-05T09:00:00Z,10.095467655535742,8.3325
2026-08-05T10:00:00Z,-5.280063230181668,-0.0375
2026-08-05T11:00:00Z,-11.090954783516963,-0.5425
2026-08-05T12:00:00Z,-1.4966595396195714,-0.14
2026-08-05T13:00:00Z,13.05273281565242,-0.0174999999999999
2026-08-05T14:00:00Z,53.42976634719084,6.8275
2026-08-05T15:00:00Z,93.95984879170656,72.33500000000001
2026-08-05T16:00:00Z,134.34700313286038,135.07999999999998
2026-08-05T17:00:00Z,182.22748282037566,173.8975
2026-08-05T18:00:00Z,196.56752343154352,187.4625
2026-08-05T19:00:00Z,186.09732059135737,203.7375
2026-08-05T20:00:00Z,166.45172871855485,190.8125
2026-08-05T21:00:00Z,147.58558268987323,166.105
2026-08-05T22:00:00Z,128.07657416764292,162.5125
2026-08-05T23:00:00Z,122.33354958356406,155.2025
2026-08-06T00:00:00Z,111.48256565422285,146.6975
2026-08-06T01:00:00Z,112.6556736063879,137.83
2026-08-06T02:00:00Z,111.20488052772191,134.06
2026-08-06T03:00:00Z,118.80719613906801,135.7525
2026-08-06T04:00:00Z,130.0330093456629,156.0475
2026-08-06T05:00:00Z,125.23357107582038,149.32999999999998
2026-08-06T06:00:00Z,101.63225987041423,139.2225
2026-08-06T07:00:00Z,66.51898442987103,95.57
2026-08-06T08:00:00Z,31.479664894037477,25.085
2026-08-06T09:00:00Z,-10.413344849274566,0.145
2026-08-06T10:00:00Z,-24.228345873051637,-0.0849999999999999
2026-08-06T11:00:00Z,-35.30050781255177,-1.3575
2026-08-06T12:00:00Z,-32.47787743645675,-1.29
2026-08-06T13:00:00Z,-23.59218389938208,-0.335
2026-08-06T14:00:00Z,6.771362717039821,0.0075
2026-08-06T15:00:00Z,48.29629077945851,38.425
2026-08-06T16:00:00Z,92.58773787100627,114.48
2026-08-06T17:00:00Z,134.07405525098906,143.1775
2026-08-06T18:00:00Z,149.56575017199162,162.6925
2026-08-06T19:00:00Z,148.65067391461335,167.14
2026-08-06T20:00:00Z,137.9594748829126,169.45499999999998
2026-08-06T21:00:00Z,123.12529074701752,158.4475
2026-08-06T22:00:00Z,120.66233543191164,145.0725
2026-08-06T23:00:00Z,117.96480124209279,138.655
2026-08-07T00:00:00Z,109.76088385339943,131.12
2026-08-07T01:00:00Z,109.62720505986381,129.0675
2026-08-07T02:00:00Z,115.82428510883247,131.575
2026-08-07T03:00:00Z,126.39486811578348,141.33249999999998
2026-08-07T04:00:00Z,140.27929996451738,156.16750000000002
2026-08-07T05:00:00Z,135.28340250550707,154.9725
2026-08-07T06:00:00Z,110.94426988694454,145.5775
2026-08-07T07:00:00Z,77.35527444956608,126.1175
2026-08-07T08:00:00Z,43.2480793516996,102.1625
2026-08-07T09:00:00Z,13.549930529510618,66.5125
2026-08-07T10:00:00Z,2.9164750359814207,28.15
2026-08-07T11:00:00Z,-3.9824166288728122,13.0175
2026-08-07T12:00:00Z,-1.85892393396702,18.7275
2026-08-07T13:00:00Z,2.1981472360064913,44.34
2026-08-07T14:00:00Z,28.959450452668705,87.34
2026-08-07T15:00:00Z,67.59722280740776,118.6675
2026-08-07T16:00:00Z,115.33278543385435,144.71
2026-08-07T17:00:00Z,153.48075965576115,172.6025
2026-08-07T18:00:00Z,167.21399811035644,195.1225
2026-08-07T19:00:00Z,164.06446414681312,194.65
2026-08-07T20:00:00Z,151.1591727286361,178.0875
2026-08-07T21:00:00Z,140.79159905407312,166.095
2026-08-07T22:00:00Z,131.58590098987693,155.74
2026-08-07T23:00:00Z,127.68469453257327,149.0
2026-08-08T00:00:00Z,123.89455323840703,145.2375
2026-08-08T01:00:00Z,124.04725824471296,145.92
2026-08-08T02:00:00Z,126.8491301102244,143.865
2026-08-08T03:00:00Z,130.99330240706615,145.695
2026-08-08T04:00:00Z,131.79719844520474,146.2625
2026-08-08T05:00:00Z,114.54546311503526,137.6975
2026-08-08T06:00:00Z,82.90642376867301,115.0325
2026-08-08T07:00:00Z,36.3686872539832,62.545
2026-08-08T08:00:00Z,7.962133404232603,3.86
2026-08-08T09:00:00Z,-18.692556123694317,-1.5174999999999998
2026-08-08T10:00:00Z,-40.91772461138575,-5.9875
2026-08-08T11:00:00Z,-50.94556144812353,-10.9975
2026-08-08T12:00:00Z,-46.32741759568597,-12.1525
2026-08-08T13:00:00Z,-29.834064614685744,-7.012499999999999
2026-08-08T14:00:00Z,5.510928744414571,-0.5625
2026-08-08T15:00:00Z,62.09653559867193,68.16499999999999
2026-08-08T16:00:00Z,116.31619486433578,140.0
2026-08-08T17:00:00Z,161.38794240677385,167.865
2026-08-08T18:00:00Z,176.07508575309907,184.6575
2026-08-08T19:00:00Z,161.81006426186386,179.4975
2026-08-08T20:00:00Z,143.91804398696536,170.85
2026-08-08T21:00:00Z,129.87913776474775,154.42000000000002
2026-08-08T22:00:00Z,116.85846032151926,145.27499999999998
2026-08-08T23:00:00Z,110.03772089838867,139.345
2026-08-09T00:00:00Z,101.09104715769078,136.4425
2026-08-09T01:00:00Z,100.57340155808119,133.95
2026-08-09T02:00:00Z,101.63160243379642,134.0275
2026-08-09T03:00:00Z,105.93658980935695,135.0
2026-08-09T04:00:00Z,105.85237127132086,131.7975
2026-08-09T05:00:00Z,89.89944493955572,118.1875
2026-08-09T06:00:00Z,61.851894134620835,91.6275
2026-08-09T07:00:00Z,16.061785787841295,27.49
2026-08-09T08:00:00Z,-16.915796265543918,0.3025
2026-08-09T09:00:00Z,-27.819335648353217,-0.0475
2026-08-09T10:00:00Z,-36.77934401414642,-2.6500000000000004
2026-08-09T11:00:00Z,-36.61750215560966,-5.08
2026-08-09T12:00:00Z,-28.504789456126417,-2.0625
2026-08-09T13:00:00Z,-13.607599096098426,-0.0325
2026-08-09T14:00:00Z,11.230984688918795,3.78
2026-08-09T15:00:00Z,72.37513990295923,82.45
2026-08-09T16:00:00Z,128.20955580660222,151.1875
2026-08-09T17:00:00Z,168.6922495791568,169.0275
2026-08-09T18:00:00Z,179.85870588433326,176.09
2026-08-09T19:00:00Z,169.03846455667926,174.1325
2026-08-09T20:00:00Z,153.1186223177284,170.0
2026-08-09T21:00:00Z,140.70953717166702,157.15
2026-08-09T22:00:00Z,126.92945499620714,146.4725
2026-08-09T23:00:00Z,125.83160591474515,138.015
2026-08-10T00:00:00Z,125.9283057983499,131.495
2026-08-10T01:00:00Z,126.51175824406404,126.925
2026-08-10T02:00:00Z,128.89339594131673,127.475
2026-08-10T03:00:00Z,138.58737155194365,143.075
2026-08-10T04:00:00Z,152.000475056713,163.2425
2026-08-10T05:00:00Z,141.9807800455368,164.70749999999998
2026-08-10T06:00:00Z,116.30778350405868,160.885
2026-08-10T07:00:00Z,75.28275546830817,138.8825
2026-08-10T08:00:00Z,43.93773171334362,111.6075
2026-08-10T09:00:00Z,17.078340917553682,79.1375
2026-08-10T10:00:00Z,3.2862720669384373,36.785
2026-08-10T11:00:00Z,-2.619150812072604,9.1425
2026-08-10T12:00:00Z,-1.4471264168303861,4.3375
2026-08-10T13:00:00Z,12.959707358489368,10.0
2026-08-10T14:00:00Z,27.06557214886324,48.9475
2026-08-10T15:00:00Z,66.8275604465,106.1575
2026-08-10T16:00:00Z,110.53158387098608,137.7
2026-08-10T17:00:00Z,143.57931140414178,165.70749999999998
2026-08-10T18:00:00Z,155.78053314251474,176.9525
2026-08-10T19:00:00Z,149.07245957164187,181.5325
2026-08-10T20:00:00Z,136.23136870347818,169.185
2026-08-10T21:00:00Z,122.89109842344911,151.44
2026-08-10T22:00:00Z,106.98640169345003,139.1975
2026-08-10T23:00:00Z,102.45558846912311,140.9875
2026-08-11T00:00:00Z,94.99308269594837,136.1975
2026-08-11T01:00:00Z,96.90983792715669,128.7325
2026-08-11T02:00:00Z,99.72651706949692,129.9225
2026-08-11T03:00:00Z,111.90477263115926,140.04
2026-08-11T04:00:00Z,126.38985549512122,156.7925
2026-08-11T05:00:00Z,123.19027626399394,157.86
2026-08-11T06:00:00Z,100.91719278505478,143.7875
2026-08-11T07:00:00Z,67.30227542399935,110.825
2026-08-11T08:00:00Z,29.124400503507466,57.8475
2026-08-11T09:00:00Z,6.057545699174199,9.5325
2026-08-11T10:00:00Z,-13.723371754536828,0.0175
2026-08-11T11:00:00Z,-21.394784505604008,-0.1025
2026-08-11T12:00:00Z,-18.928775940991414,-0.09
2026-08-11T13:00:00Z,-9.961593555041887,3.1375
2026-08-11T14:00:00Z,21.167469393036498,44.4825
2026-08-11T15:00:00Z,78.66600791505027,109.875
2026-08-11T16:00:00Z,130.0986882420985,146.4975
2026-08-11T17:00:00Z,173.14086601934747,178.29000000000002
2026-08-11T18:00:00Z,189.81882139712187,198.9775
2026-08-11T19:00:00Z,180.95153614896668,189.34
2026-08-11T20:00:00Z,163.9483321819403,172.92000000000002
2026-08-11T21:00:00Z,152.3630459663835,154.1
2026-08-11T22:00:00Z,142.8066016738223,155.2825
2026-08-11T23:00:00Z,143.79654529050123,149.505
2026-08-12T00:00:00Z,137.87596690588725,143.3
2026-08-12T01:00:00Z,137.75818961678686,139.7525
2026-08-12T02:00:00Z,140.53860280946066,139.9
2026-08-12T03:00:00Z,150.9142923006332,153.5
2026-08-12T04:00:00Z,163.17312172334508,172.575
2026-08-12T05:00:00Z,152.8923775582076,167.5425
2026-08-12T06:00:00Z,122.98582908635353,155.2125
2026-08-12T07:00:00Z,78.8643824729293,128.7275
2026-08-12T08:00:00Z,30.298045563346562,87.585
2026-08-12T09:00:00Z,-2.336204894922531,40.3425
2026-08-12T10:00:00Z,-16.46552279752609,14.75
2026-08-12T11:00:00Z,-23.152402408484747,3.55
2026-08-12T12:00:00Z,-15.995149250735352,14.97
2026-08-12T13:00:00Z,-6.1032980075975445,40.7375
2026-08-12T14:00:00Z,27.02263227463883,97.7075
2026-08-12T15:00:00Z,88.14103591476623,140.5875
2026-08-12T16:00:00Z,138.19101408837528,183.5225
2026-08-12T17:00:00Z,179.64276053257538,300.0
2026-08-12T18:00:00Z,187.7600171289432,300.2075
2026-08-12T19:00:00Z,169.79894725113687,229.62
2026-08-12T20:00:00Z,148.58780552714444,190.6625
2026-08-12T21:00:00Z,132.20875271143865,172.1
2026-08-12T22:00:00Z,120.19058952950029,154.1025
2026-08-12T23:00:00Z,117.34528164168279,147.5925
2026-08-13T00:00:00Z,111.74788673877573,143.4225
2026-08-13T01:00:00Z,113.55964798295287,142.7225
2026-08-13T02:00:00Z,118.92461321095945,144.92000000000002
2026-08-13T03:00:00Z,131.64685589898815,157.3975
2026-08-13T04:00:00Z,146.3382766930862,174.23250000000002
2026-08-13T05:00:00Z,137.04898395958787,171.0975
2026-08-13T06:00:00Z,111.96286529872106,156.8
2026-08-13T07:00:00Z,78.5154831069783,135.65
2026-08-13T08:00:00Z,35.895344316308595,109.595
2026-08-13T09:00:00Z,11.032588498180203,51.7275
2026-08-13T10:00:00Z,-4.985755006125615,2.805
2026-08-13T11:00:00Z,-12.111937881315143,0.0
2026-08-13T12:00:00Z,-6.453303006454462,2.52
2026-08-13T13:00:00Z,10.78370731695587,44.44
2026-08-13T14:00:00Z,44.61327764214198,111.4775
2026-08-13T15:00:00Z,98.87078284984483,150.0075
2026-08-13T16:00:00Z,152.82903198619243,203.9975
2026-08-13T17:00:00Z,210.84061450531738,326.6
2026-08-13T18:00:00Z,210.95225693710572,338.8625
2026-08-13T19:00:00Z,171.7052888035576,270.01
2026-08-13T20:00:00Z,145.47753123256172,213.4825
2026-08-13T21:00:00Z,128.06062725253605,176.1725
2026-08-13T22:00:00Z,112.81890654416664,158.8675
2026-08-13T23:00:00Z,108.13501721042984,151.86
2026-08-14T00:00:00Z,102.01481688577418,145.73000000000002
2026-08-14T01:00:00Z,103.8006626625924,142.05
2026-08-14T02:00:00Z,110.78511188073952,143.9075
2026-08-14T03:00:00Z,124.0383916984311,154.6975
2026-08-14T04:00:00Z,138.2990505394958,171.95999999999998
2026-08-14T05:00:00Z,132.1793614779206,170.0825
2026-08-14T06:00:00Z,113.41710315392986,151.835
2026-08-14T07:00:00Z,84.14472297192881,135.20000000000002
2026-08-14T08:00:00Z,49.62091365290055,104.4625
2026-08-14T09:00:00Z,19.099690020325802,63.615
2026-08-14T10:00:00Z,-3.2464417793483022,25.0
2026-08-14T11:00:00Z,-7.280662960724655,8.0025
2026-08-14T12:00:00Z,-2.1035105836274965,17.305
2026-08-14T13:00:00Z,18.82523406764046,65.79
2026-08-14T14:00:00Z,58.13233773183026,116.32
2026-08-14T15:00:00Z,114.4526359561425,143.655
2026-08-14T16:00:00Z,167.47529462233032,179.99
2026-08-14T17:00:00Z,225.613305385205,246.81
2026-08-14T18:00:00Z,225.58742391943628,263.725
2026-08-14T19:00:00Z,191.7746918703087,231.57
2026-08-14T20:00:00Z,162.8759041215576,198.0
2026-08-14T21:00:00Z,140.93002316314514,177.5175
2026-08-14T22:00:00Z,124.42508636954597,169.4475
2026-08-14T23:00:00Z,119.23217007378163,162.3975
2026-08-15T00:00:00Z,114.76657440150436,156.9025
2026-08-15T01:00:00Z,115.24693947945707,156.9375
2026-08-15T02:00:00Z,116.558197268703,154.515
2026-08-15T03:00:00Z,121.33230936504938,153.8425
2026-08-15T04:00:00Z,127.79817080480197,156.9825
2026-08-15T05:00:00Z,116.09594990459584,151.935
2026-08-15T06:00:00Z,90.71824298562053,137.2825
2026-08-15T07:00:00Z,65.7881494286318,109.675
2026-08-15T08:00:00Z,33.81580027305714,60.995000000000005
2026-08-15T09:00:00Z,11.903803706541169,21.215
2026-08-15T10:00:00Z,-3.6378595877610564,4.3675
2026-08-15T11:00:00Z,-13.426646067176705,1.0074999999999998
2026-08-15T12:00:00Z,-9.777860742415896,4.32
2026-08-15T13:00:00Z,13.71112379964626,15.0975
2026-08-15T14:00:00Z,44.36206418351268,68.5875
2026-08-15T15:00:00Z,90.65808021676719,130.4625
2026-08-15T16:00:00Z,135.61402383632574,164.5125
2026-08-15T17:00:00Z,178.72993191719004,179.965
2026-08-15T18:00:00Z,185.97812634233458,184.99
2026-08-15T19:00:00Z,171.10555110107958,183.3425
2026-08-15T20:00:00Z,158.0634383096475,179.5925
2026-08-15T21:00:00Z,147.60327087418074,173.99
2026-08-15T22:00:00Z,137.74430002233194,174.3125
2026-08-15T23:00:00Z,136.32727876762021,168.58749999999998
2026-08-16T00:00:00Z,128.57441657519487,165.32999999999998
2026-08-16T01:00:00Z,123.01423385695972,157.535
2026-08-16T02:00:00Z,124.6453623674534,156.9
2026-08-16T03:00:00Z,125.52101714692301,156.945
2026-08-16T04:00:00Z,127.15711985604486,156.6
2026-08-16T05:00:00Z,121.35291975857282,150.37
2026-08-16T06:00:00Z,101.15546018531317,145.83249999999998
2026-08-16T07:00:00Z,71.42866115076161,124.365
2026-08-16T08:00:00Z,38.876917835038036,96.9
2026-08-16T09:00:00Z,5.033959513338402,61.23
2026-08-16T10:00:00Z,-12.461482749157767,43.53
2026-08-16T11:00:00Z,-19.32418862330985,27.3375
2026-08-16T12:00:00Z,-16.48710781253334,36.5575
2026-08-16T13:00:00Z,-3.4816711402475278,67.7025
2026-08-16T14:00:00Z,40.39138163409647,116.135
2026-08-16T15:00:00Z,86.64796948328734,145.325
2026-08-16T16:00:00Z,128.51182726475264,169.4375
2026-08-16T17:00:00Z,157.38093588929527,187.97
2026-08-16T18:00:00Z,168.5943874497126,200.0175
2026-08-16T19:00:00Z,161.75108798197414,205.675
2026-08-16T20:00:00Z,156.53553979262819,206.535
2026-08-16T21:00:00Z,147.2502820252224,192.6475
2026-08-16T22:00:00Z,145.42533725961943,192.1275
2026-08-16T23:00:00Z,142.29909585866272,178.81
2026-08-17T00:00:00Z,139.30211674649507,163.9
2026-08-17T01:00:00Z,137.27066339030162,160.28
2026-08-17T02:00:00Z,140.81150190161503,159.07
2026-08-17T03:00:00Z,151.94100451280724,174.9675
2026-08-17T04:00:00Z,168.57156619247056,197.4
2026-08-17T05:00:00Z,171.52286078305576,205.15
2026-08-17T06:00:00Z,164.65300153009815,208.6125
2026-08-17T07:00:00Z,145.63728877511556,198.79
2026-08-17T08:00:00Z,125.58844585666333,175.4875
2026-08-17T09:00:00Z,110.48625619726005,166.9725
2026-08-17T10:00:00Z,97.6888177955361,154.285
2026-08-17T11:00:00Z,85.23162407574192,150.1925
2026-08-17T12:00:00Z,81.03320545059917,141.2975
2026-08-17T13:00:00Z,78.62230379946284,139.885
2026-08-17T14:00:00Z,92.57851506743643,140.085
2026-08-17T15:00:00Z,113.0245074954196,152.0225
2026-08-17T16:00:00Z,135.9955090592899,177.1
2026-08-17T17:00:00Z,160.425831435966,204.1025
2026-08-17T18:00:00Z,170.0192588046099,213.4
2026-08-17T19:00:00Z,164.80673865116898,210.0025
2026-08-17T20:00:00Z,157.579451204769,197.705
2026-08-17T21:00:00Z,146.176441245699,179.92000000000002
2026-08-17T22:00:00Z,137.70750209022108,173.5675
2026-08-17T23:00:00Z,132.51191168204386,159.7875
2026-08-18T00:00:00Z,124.04382324413152,150.805
2026-08-18T01:00:00Z,126.90711606755792,148.39249999999998
2026-08-18T02:00:00Z,131.14358533808306,149.22
2026-08-18T03:00:00Z,142.57484512172607,159.03
2026-08-18T04:00:00Z,160.1710194971295,187.78
2026-08-18T05:00:00Z,164.02754906240068,192.5725
2026-08-18T06:00:00Z,159.55401635861563,185.22
2026-08-18T07:00:00Z,144.24058962438994,161.43
2026-08-18T08:00:00Z,128.58640210413313,152.3825
2026-08-18T09:00:00Z,115.62250630177881,145.64249999999998
2026-08-18T10:00:00Z,108.97350410782221,136.575
2026-08-18T11:00:00Z,103.36564843787929,131.8525
2026-08-18T12:00:00Z,97.71051295062016,130.5375
2026-08-18T13:00:00Z,92.91301667458507,132.4425
2026-08-18T14:00:00Z,101.49298140008587,138.9475
2026-08-18T15:00:00Z,122.64809132700127,154.1525
2026-08-18T16:00:00Z,142.1047612489662,178.555
2026-08-18T17:00:00Z,163.02247752285012,197.6825
2026-08-18T18:00:00Z,167.21797103431808,200.395
2026-08-18T19:00:00Z,157.2779788698112,198.795
2026-08-18T20:00:00Z,143.42161680341053,191.385
2026-08-18T21:00:00Z,128.28463116629385,177.1425
2026-08-18T22:00:00Z,126.48593698622734,176.6
2026-08-18T23:00:00Z,119.61239228592925,157.6
2026-08-19T00:00:00Z,109.90406614927605,151.4125
2026-08-19T01:00:00Z,109.06624498667648,147.3
2026-08-19T02:00:00Z,113.57654474255624,148.995
2026-08-19T03:00:00Z,122.16889680662591,161.665
2026-08-19T04:00:00Z,140.43449951282165,184.7375
2026-08-19T05:00:00Z,140.067383803013,192.63
2026-08-19T06:00:00Z,128.9301912125141,190.865
2026-08-19T07:00:00Z,104.32882825195803,169.675
2026-08-19T08:00:00Z,83.33917680232014,152.66750000000002
2026-08-19T09:00:00Z,65.9302974123548,142.96
2026-08-19T10:00:00Z,54.834856797407184,136.08249999999998
2026-08-19T11:00:00Z,48.25854411768286,128.20499999999998
2026-08-19T12:00:00Z,53.97532458618891,127.7725
2026-08-19T13:00:00Z,49.76059767776344,131.0075
2026-08-19T14:00:00Z,67.13397381561737,138.3175
2026-08-19T15:00:00Z,93.74063047316956,153.6425
2026-08-19T16:00:00Z,127.83426658724875,183.735
2026-08-19T17:00:00Z,162.78111762654632,207.5525
2026-08-19T18:00:00Z,171.21355682645014,209.445
2026-08-19T19:00:00Z,169.18979245159812,206.1225
2026-08-19T20:00:00Z,159.157430933562,199.0975
2026-08-19T21:00:00Z,148.42417901739756,186.5475
2026-08-19T22:00:00Z,136.64136222053435,172.7125
2026-08-19T23:00:00Z,130.30785282992116,162.35000000000002
2026-08-20T00:00:00Z,123.41081739684994,153.73250000000002
2026-08-20T01:00:00Z,121.89972046000591,147.99
2026-08-20T02:00:00Z,126.06486543775662,148.4925
2026-08-20T03:00:00Z,136.58488654672706,159.55
2026-08-20T04:00:00Z,153.73753994915037,182.8
2026-08-20T05:00:00Z,154.14121574695352,186.4325
2026-08-20T06:00:00Z,137.00165091096125,171.7475
2026-08-20T07:00:00Z,106.64442246875825,154.505
2026-08-20T08:00:00Z,79.13000638773724,135.74
2026-08-20T09:00:00Z,56.63329759700714,109.455
2026-08-20T10:00:00Z,39.188315720724745,83.63
2026-08-20T11:00:00Z,29.80972691573446,63.7075
2026-08-20T12:00:00Z,32.36090877905717,69.44
2026-08-20T13:00:00Z,42.732707316868684,91.2075
2026-08-20T14:00:00Z,65.94108751321595,106.005
2026-08-20T15:00:00Z,98.60967964084718,144.2
2026-08-20T16:00:00Z,139.47059199638963,164.245
2026-08-20T17:00:00Z,177.68861489452803,192.2225
2026-08-20T18:00:00Z,186.62155864414052,200.6
2026-08-20T19:00:00Z,172.8112064028939,195.6175
2026-08-20T20:00:00Z,155.49777561693205,187.9275
2026-08-20T21:00:00Z,138.8913214679989,173.015
2026-08-20T22:00:00Z,127.46660616685088,170.35
2026-08-20T23:00:00Z,121.39926658667969,160.49
2026-08-21T00:00:00Z,113.1384619919366,152.4875
2026-08-21T01:00:00Z,114.18628177596445,151.47500000000002
2026-08-21T02:00:00Z,120.15117334549217,153.21
2026-08-21T03:00:00Z,131.7104241383346,165.875
2026-08-21T04:00:00Z,150.03630693289313,189.21
2026-08-21T05:00:00Z,148.30185845516382,193.89
2026-08-21T06:00:00Z,130.52669005983398,192.585
2026-08-21T07:00:00Z,110.49502609513661,167.82999999999998
2026-08-21T08:00:00Z,91.62824600668989,149.0
2026-08-21T09:00:00Z,76.66611152147836,138.8825
2026-08-21T10:00:00Z,69.73763568772651,135.21
2026-08-21T11:00:00Z,69.98340646728614,140.495
2026-08-21T12:00:00Z,78.12285633638133,141.1725
2026-08-21T13:00:00Z,93.56192049433862,149.7475
2026-08-21T14:00:00Z,109.29305445862622,166.49
2026-08-21T15:00:00Z,133.23131554734303,186.2075
2026-08-21T16:00:00Z,150.88219737854058,196.99
2026-08-21T17:00:00Z,172.0978005744451,204.415
2026-08-21T18:00:00Z,169.36990707909928,203.905
2026-08-21T19:00:00Z,159.5771698102996,198.715
2026-08-21T20:00:00Z,148.35423056499138,187.3575
2026-08-21T21:00:00Z,137.77618302658837,173.5
2026-08-21T22:00:00Z,128.8284561724244,168.0075
2026-08-21T23:00:00Z,121.71365921949565,161.535
2026-08-22T00:00:00Z,114.77840051789579,158.7125
2026-08-22T01:00:00Z,110.98764120393987,154.39
2026-08-22T02:00:00Z,111.41581539422474,148.5
2026-08-22T03:00:00Z,113.3105566866843,145.5075
2026-08-22T04:00:00Z,117.68664540302711,153.89
2026-08-22T05:00:00Z,111.63025093607607,144.005
2026-08-22T06:00:00Z,96.22224827245033,128.13
2026-08-22T07:00:00Z,71.82719475434095,90.2675
2026-08-22T08:00:00Z,46.53280388769343,50.295
2026-08-22T09:00:00Z,28.675981452797757,19.8125
2026-08-22T10:00:00Z,6.0063879162376,0.9975
2026-08-22T11:00:00Z,-3.0726589050217257,-0.005
2026-08-22T12:00:00Z,-5.4773962865181005,-0.01
2026-08-22T13:00:00Z,-1.4733101969731308,-0.0975
2026-08-22T14:00:00Z,27.36512327147554,-0.0025
2026-08-22T15:00:00Z,60.91947658056585,28.39
2026-08-22T16:00:00Z,96.95424791289543,105.0725
2026-08-22T17:00:00Z,133.57892699548393,149.15
2026-08-22T18:00:00Z,140.3452498626528,164.1625
2026-08-22T19:00:00Z,131.3418667237494,168.2025
2026-08-22T20:00:00Z,120.7820391819513,155.70749999999998
2026-08-22T21:00:00Z,112.60367383985233,141.12
2026-08-22T22:00:00Z,105.83918169762288,132.6725
2026-08-22T23:00:00Z,103.16763674326947,125.82
2026-08-23T00:00:00Z,98.39298833427429,119.365
2026-08-23T01:00:00Z,96.39634127933356,116.21
2026-08-23T02:00:00Z,99.15596341334023,114.7425
2026-08-23T03:00:00Z,98.85441696285498,116.735
2026-08-23T04:00:00Z,105.5318487417498,116.7075
2026-08-23T05:00:00Z,91.49087120561849,102.0925
2026-08-23T06:00:00Z,62.8491060570125,49.83
2026-08-23T07:00:00Z,30.77043410157397,1.005
2026-08-23T08:00:00Z,-3.151657985567766,-0.5700000000000001
2026-08-23T09:00:00Z,-16.51212399417372,-1.83
2026-08-23T10:00:00Z,-28.632259167378322,-3.035
2026-08-23T11:00:00Z,-31.811589778472666,-4.9975000000000005
2026-08-23T12:00:00Z,-28.780493517002114,-4.2325
2026-08-23T13:00:00Z,-20.985708212509934,-1.4775
2026-08-23T14:00:00Z,6.7029869343627695,-0.5325
2026-08-23T15:00:00Z,42.30356044415724,48.375
2026-08-23T16:00:00Z,97.52972001997563,144.4225
2026-08-23T17:00:00Z,143.51739870743427,180.2
2026-08-23T18:00:00Z,156.4320410648974,185.89
2026-08-23T19:00:00Z,155.05219523714004,178.05
2026-08-23T20:00:00Z,143.38035369020395,172.6775
2026-08-23T21:00:00Z,134.28840030870265,165.45
2026-08-23T22:00:00Z,131.98579497546496,160.93
2026-08-23T23:00:00Z,127.35100807381349,152.6225
2026-08-24T00:00:00Z,125.15699884656368,147.8825
2026-08-24T01:00:00Z,128.53487923646188,148.735
2026-08-24T02:00:00Z,133.7502734761542,151.2975
2026-08-24T03:00:00Z,147.6807469229726,172.67000000000002
2026-08-24T04:00:00Z,165.22622281205486,205.67
2026-08-24T05:00:00Z,161.48710520622467,206.4
2026-08-24T06:00:00Z,126.34450503219641,176.78
2026-08-24T07:00:00Z,83.89532960347515,141.345
2026-08-24T08:00:00Z,58.82124444973738,112.5725
2026-08-24T09:00:00Z,35.99710005482483,80.26
2026-08-24T10:00:00Z,24.14146635082909,55.6325
2026-08-24T11:00:00Z,17.811873788530576,34.145
2026-08-24T12:00:00Z,17.988185749635875,35.6575
2026-08-24T13:00:00Z,24.623221769798462,72.4975
2026-08-24T14:00:00Z,56.72978204878427,102.0875
2026-08-24T15:00:00Z,96.47086882080717,143.46
2026-08-24T16:00:00Z,150.79945717879826,182.335
2026-08-24T17:00:00Z,186.0715952076328,219.37
2026-08-24T18:00:00Z,184.97634450329375,219.5275
2026-08-24T19:00:00Z,168.19672472096448,188.0275
2026-08-24T20:00:00Z,154.06059201192699,171.775
2026-08-24T21:00:00Z,141.93612612651611,154.725
2026-08-24T22:00:00Z,131.0670248863475,152.34
2026-08-24T23:00:00Z,123.98170109406622,146.825
2026-08-25T00:00:00Z,116.18863234781189,142.415
2026-08-25T01:00:00Z,118.60543883393755,140.005
2026-08-25T02:00:00Z,121.09177260616241,141.62
2026-08-25T03:00:00Z,131.95639797663506,149.57999999999998
2026-08-25T04:00:00Z,148.9408897324563,171.415
2026-08-25T05:00:00Z,145.617469632397,180.66
2026-08-25T06:00:00Z,126.09302548981664,171.405
2026-08-25T07:00:00Z,98.09017296425225,145.4375
2026-08-25T08:00:00Z,72.07678340154754,117.46
2026-08-25T09:00:00Z,49.08295291501064,83.145
2026-08-25T10:00:00Z,23.445949059219885,67.1575
2026-08-25T11:00:00Z,16.37484426874144,62.2075
2026-08-25T12:00:00Z,30.30928653437978,68.4625
2026-08-25T13:00:00Z,45.46692529675293,84.9975
2026-08-25T14:00:00Z,70.93660669401797,114.4025
2026-08-25T15:00:00Z,105.05435228206699,147.0525
2026-08-25T16:00:00Z,141.09324593467,178.7825
2026-08-25T17:00:00Z,167.8986772707152,209.3075
2026-08-25T18:00:00Z,163.07207338854806,205.1425
2026-08-25T19:00:00Z,140.05513923241801,182.4925
2026-08-25T20:00:00Z,125.81191342832732,172.26749999999998
2026-08-25T21:00:00Z,114.62916333523748,159.66
2026-08-25T22:00:00Z,113.78438439128288,164.0275
2026-08-25T23:00:00Z,110.65556701474554,157.0575
2026-08-26T00:00:00Z,104.09060439273804,151.64249999999998
2026-08-26T01:00:00Z,104.46670283010573,149.6
2026-08-26T02:00:00Z,110.66327143510928,151.7575
2026-08-26T03:00:00Z,121.68123523829344,160.465
2026-08-26T04:00:00Z,140.66759662583488,185.13
2026-08-26T05:00:00Z,145.52706796526203,195.5375
2026-08-26T06:00:00Z,135.13748774035366,193.52
2026-08-26T07:00:00Z,106.18874171435255,166.6225
2026-08-26T08:00:00Z,75.87277402966843,137.48
2026-08-26T09:00:00Z,46.60892748706196,120.66
2026-08-26T10:00:00Z,20.96875231756998,98.605
2026-08-26T11:00:00Z,14.32254985222582,89.54
2026-08-26T12:00:00Z,29.640586196018013,91.97
2026-08-26T13:00:00Z,38.80249068880404,102.5525
2026-08-26T14:00:00Z,61.50043736711303,122.5075
2026-08-26T15:00:00Z,94.61575300111605,156.97
2026-08-26T16:00:00Z,130.67069210794398,185.625
2026-08-26T17:00:00Z,159.8654522018419,211.245
2026-08-26T18:00:00Z,154.95498620118633,201.7775
2026-08-26T19:00:00Z,134.47921389123468,178.6925
2026-08-26T20:00:00Z,115.76857109239828,163.58749999999998
2026-08-26T21:00:00Z,103.24431999798654,151.1125
2026-08-26T22:00:00Z,94.93038194024321,148.555
2026-08-26T23:00:00Z,91.85865152771022,142.175
2026-08-27T00:00:00Z,87.02835867152726,135.17000000000002
2026-08-27T01:00:00Z,87.58393436649692,134.4225
2026-08-27T02:00:00Z,89.61823664175172,136.19
2026-08-27T03:00:00Z,98.78941847837788,146.56
2026-08-27T04:00:00Z,115.80131561294698,167.58249999999998
2026-08-27T05:00:00Z,117.41233145443252,174.14499999999998
2026-08-27T06:00:00Z,101.66905064234307,160.3875
2026-08-27T07:00:00Z,72.51231106408679,124.6525
2026-08-27T08:00:00Z,43.8369907892688,104.1025
2026-08-27T09:00:00Z,11.376739726366523,57.5775
2026-08-27T10:00:00Z,-1.8066317733159565,21.6825
2026-08-27T11:00:00Z,-7.149668136409986,6.5725
2026-08-27T12:00:00Z,-2.4062353635142983,14.1925
2026-08-27T13:00:00Z,12.384183101809285,45.3825
2026-08-27T14:00:00Z,49.54675014706204,96.15
2026-08-27T15:00:00Z,92.4135743131291,141.7
2026-08-27T16:00:00Z,134.41609832183838,173.8125
2026-08-27T17:00:00Z,159.28986401712308,199.2625
2026-08-27T18:00:00Z,150.48024235327273,191.4875
2026-08-27T19:00:00Z,131.732017518116,175.92000000000002
2026-08-27T20:00:00Z,116.03383831889508,164.92000000000002
2026-08-27T21:00:00Z,104.61224313913863,150.39
2026-08-27T22:00:00Z,102.8172917933106,139.52249999999998
2026-08-27T23:00:00Z,106.29915631726024,139.2875
2026-08-28T00:00:00Z,100.55338094885448,138.2425
2026-08-28T01:00:00Z,103.18268385747021,138.8
2026-08-28T02:00:00Z,107.40281740643513,139.09
2026-08-28T03:00:00Z,117.57769411750985,146.76749999999998
2026-08-28T04:00:00Z,139.2999013381916,171.0075
2026-08-28T05:00:00Z,141.90962178599676,177.98
2026-08-28T06:00:00Z,131.69282158644273,169.47
2026-08-28T07:00:00Z,111.3541394136066,155.1525
2026-08-28T08:00:00Z,98.44036422132228,137.64
2026-08-28T09:00:00Z,77.52671850681577,121.5825
2026-08-28T10:00:00Z,60.00815810095664,110.89
2026-08-28T11:00:00Z,49.077547998991776,96.2375
2026-08-28T12:00:00Z,54.98076569618319,104.0
2026-08-28T13:00:00Z,64.91438387638716,114.37
2026-08-28T14:00:00Z,85.00041875702955,119.56
2026-08-28T15:00:00Z,116.64656555877424,143.2025
2026-08-28T16:00:00Z,139.25083151067025,160.48
2026-08-28T17:00:00Z,159.83207257161584,172.54
2026-08-28T18:00:00Z,150.82479531018572,176.76999999999998
2026-08-28T19:00:00Z,138.7817085202011,166.11
2026-08-28T20:00:00Z,123.45542185155242,161.445
2026-08-28T21:00:00Z,105.58032855864774,145.1325
2026-08-28T22:00:00Z,87.86953640695096,141.58
