datetime,Linear_Ridge_Regression_pred,y_test
2025-09-30T22:00:00Z,101.66873670828925,91.565
2025-09-30T23:00:00Z,100.41016557315946,86.285
2025-10-01T00:00:00Z,96.71557309791879,84.8725
2025-10-01T01:00:00Z,100.31410721775973,88.325
2025-10-01T02:00:00Z,106.4759390299692,87.655
2025-10-01T03:00:00Z,118.74408908306447,95.3275
2025-10-01T04:00:00Z,143.39341172157953,124.96
2025-10-01T05:00:00Z,175.64963188435195,173.29999999999998
2025-10-01T06:00:00Z,153.58637771138922,139.0875
2025-10-01T07:00:00Z,111.35221808345341,105.25
2025-10-01T08:00:00Z,82.45315506694976,86.035
2025-10-01T09:00:00Z,63.31508382192828,70.5675
2025-10-01T10:00:00Z,53.60378339193653,66.025
2025-10-01T11:00:00Z,55.60303577020993,68.4
2025-10-01T12:00:00Z,61.30067729264971,72.6275
2025-10-01T13:00:00Z,74.35531530749925,81.7225
2025-10-01T14:00:00Z,100.43987490342361,92.87
2025-10-01T15:00:00Z,137.40384749274216,135.39999999999998
2025-10-01T16:00:00Z,191.65547005691406,253.2375
2025-10-01T17:00:00Z,204.44559823549778,339.9925
2025-10-01T18:00:00Z,153.39732231811794,152.0225
2025-10-01T19:00:00Z,136.89370966586017,113.035
2025-10-01T20:00:00Z,124.77103777878278,98.51
2025-10-01T21:00:00Z,115.25048527191115,90.6475
2025-10-01T22:00:00Z,107.62142307783142,90.805
2025-10-01T23:00:00Z,104.9717918131972,88.0
2025-10-02T00:00:00Z,100.77506856823192,86.52499999999999
2025-10-02T01:00:00Z,103.05758460568137,88.56
2025-10-02T02:00:00Z,104.46691522700807,90.8075
2025-10-02T03:00:00Z,111.2186946442235,95.9725
2025-10-02T04:00:00Z,130.44991309008225,128.72
2025-10-02T05:00:00Z,148.4900910693807,181.0875
2025-10-02T06:00:00Z,128.384279949724,136.67749999999998
2025-10-02T07:00:00Z,90.77977579038034,100.505
2025-10-02T08:00:00Z,64.60591201131642,91.48
2025-10-02T09:00:00Z,43.06001336597882,78.285
2025-10-02T10:00:00Z,34.33570923284861,65.77
2025-10-02T11:00:00Z,37.35959262885046,60.5
2025-10-02T12:00:00Z,45.18411364136294,71.28999999999999
2025-10-02T13:00:00Z,57.454347891257896,80.6625
2025-10-02T14:00:00Z,82.16327943522246,91.445
2025-10-02T15:00:00Z,122.272894638813,113.32
2025-10-02T16:00:00Z,172.07388085055777,167.925
2025-10-02T17:00:00Z,185.37185204623393,176.8375
2025-10-02T18:00:00Z,130.7096620754264,109.92
2025-10-02T19:00:00Z,108.68690157500244,90.855
2025-10-02T20:00:00Z,93.27681633288323,96.6575
2025-10-02T21:00:00Z,79.72205364837762,82.0925
2025-10-02T22:00:00Z,68.60769678129067,85.9325
2025-10-02T23:00:00Z,65.01078056324266,77.14
2025-10-03T00:00:00Z,59.580001404116224,71.75
2025-10-03T01:00:00Z,60.83864208435704,73.9075
2025-10-03T02:00:00Z,65.71129648306385,76.2875
2025-10-03T03:00:00Z,67.14520970899063,77.98
2025-10-03T04:00:00Z,76.67856611341966,93.78
2025-10-03T05:00:00Z,90.81078303972126,100.4175
2025-10-03T06:00:00Z,69.39972634169904,103.68
2025-10-03T07:00:00Z,40.04315983546621,83.9025
2025-10-03T08:00:00Z,21.890217676756876,59.9975
2025-10-03T09:00:00Z,7.8690399714641615,40.5025
2025-10-03T10:00:00Z,-3.052492862938635,26.3525
2025-10-03T11:00:00Z,-10.10225583778238,16.502499999999998
2025-10-03T12:00:00Z,-3.05980248259786,26.2025
2025-10-03T13:00:00Z,10.034513302371593,49.8825
2025-10-03T14:00:00Z,35.783862796037944,63.3925
2025-10-03T15:00:00Z,68.12423299421567,89.9
2025-10-03T16:00:00Z,94.19260224433792,120.76
2025-10-03T17:00:00Z,92.8797241109886,109.01
2025-10-03T18:00:00Z,68.10654331152051,75.03999999999999
2025-10-03T19:00:00Z,51.30642961289024,43.4425
2025-10-03T20:00:00Z,43.725997044601485,25.4025
2025-10-03T21:00:00Z,31.365892124865837,11.1075
2025-10-03T22:00:00Z,20.857894820053474,0.7250000000000001
2025-10-03T23:00:00Z,18.00561046680499,-0.01
2025-10-04T00:00:00Z,16.236707599844983,-0.0425
2025-10-04T01:00:00Z,12.342616095074874,-0.0975
2025-10-04T02:00:00Z,13.76088534008835,-1.1275
2025-10-04T03:00:00Z,17.460026479506844,-1.905
2025-10-04T04:00:00Z,26.96092467117417,-1.915
2025-10-04T05:00:00Z,36.12744263300617,-0.775
2025-10-04T06:00:00Z,44.66104333245368,-0.3
2025-10-04T07:00:00Z,38.6562621222112,-0.1625
2025-10-04T08:00:00Z,33.60270565089248,-0.09
2025-10-04T09:00:00Z,25.227965445705628,-0.0975
2025-10-04T10:00:00Z,5.787560323266675,-0.08
2025-10-04T11:00:00Z,-6.381198303604151,-0.44
2025-10-04T12:00:00Z,-9.681785128526158,-2.045
2025-10-04T13:00:00Z,3.8453990883233047,-2.605
2025-10-04T14:00:00Z,19.675245267071254,-0.095
2025-10-04T15:00:00Z,43.97498943850508,-0.0925
2025-10-04T16:00:00Z,63.45236630440918,1.105
2025-10-04T17:00:00Z,68.00918996323587,3.23
2025-10-04T18:00:00Z,50.48309162665606,0.3225
2025-10-04T19:00:00Z,25.75509249845517,-0.0949999999999999
2025-10-04T20:00:00Z,19.51214670552472,-0.0525
2025-10-04T21:00:00Z,12.869050012165118,-0.3425
2025-10-04T22:00:00Z,16.29840252245406,-0.7475
2025-10-04T23:00:00Z,14.990411105546201,-1.4025
2025-10-05T00:00:00Z,6.108537767346718,-4.19
2025-10-05T01:00:00Z,9.820779094123765,-4.3775
2025-10-05T02:00:00Z,8.758915157200178,-4.98
2025-10-05T03:00:00Z,6.227785245822162,-4.4575
2025-10-05T04:00:00Z,0.4139778110079959,-3.76
2025-10-05T05:00:00Z,2.397464323212162,-1.505
2025-10-05T06:00:00Z,1.176351352582813,-0.0875
2025-10-05T07:00:00Z,-7.029461707638717,-1.3925
2025-10-05T08:00:00Z,-8.632377186039093,-3.33
2025-10-05T09:00:00Z,-18.237972870643034,-2.0175
2025-10-05T10:00:00Z,-24.18366321057445,-3.415
2025-10-05T11:00:00Z,-28.623759374166966,-3.3875
2025-10-05T12:00:00Z,-27.714286444853187,-2.9425
2025-10-05T13:00:00Z,-20.90233150631697,-2.3925
2025-10-05T14:00:00Z,-4.821120900915602,-0.6875
2025-10-05T15:00:00Z,11.835319512696543,0.8525
2025-10-05T16:00:00Z,25.636504888912363,16.0825
2025-10-05T17:00:00Z,33.539295461813296,35.0475
2025-10-05T18:00:00Z,27.661117109172707,19.83
2025-10-05T19:00:00Z,22.422934669243432,5.4775
2025-10-05T20:00:00Z,17.586445214786174,5.202500000000001
2025-10-05T21:00:00Z,12.610283275251987,4.075
2025-10-05T22:00:00Z,9.56380905810471,20.845
2025-10-05T23:00:00Z,7.495681440253932,10.0475
2025-10-06T00:00:00Z,5.454964374759186,9.1025
2025-10-06T01:00:00Z,9.976526007494314,10.7325
2025-10-06T02:00:00Z,16.175431372845132,16.8
2025-10-06T03:00:00Z,30.766617149970187,22.6025
2025-10-06T04:00:00Z,55.461834200803,68.585
2025-10-06T05:00:00Z,77.50729619659488,105.0525
2025-10-06T06:00:00Z,81.93451938148203,121.7675
2025-10-06T07:00:00Z,74.79163915089677,121.1175
2025-10-06T08:00:00Z,68.52163444552625,100.5275
2025-10-06T09:00:00Z,64.49203149518078,89.3025
2025-10-06T10:00:00Z,60.640209580648005,87.325
2025-10-06T11:00:00Z,64.74643359738698,84.5975
2025-10-06T12:00:00Z,67.87231763684235,92.3275
2025-10-06T13:00:00Z,77.64079775302464,94.5475
2025-10-06T14:00:00Z,91.44727733605264,104.7725
2025-10-06T15:00:00Z,112.66936478733186,120.29
2025-10-06T16:00:00Z,135.26110623253032,141.5875
2025-10-06T17:00:00Z,150.43420957962996,168.315
2025-10-06T18:00:00Z,132.752848290545,133.6775
2025-10-06T19:00:00Z,120.20847786046139,120.2025
2025-10-06T20:00:00Z,112.3424421534938,118.665
2025-10-06T21:00:00Z,102.80103377844199,105.5
2025-10-06T22:00:00Z,102.84387493604075,100.2625
2025-10-06T23:00:00Z,99.15285179069085,93.9875
2025-10-07T00:00:00Z,94.05800661681658,89.8175
2025-10-07T01:00:00Z,94.92847134627384,89.55
2025-10-07T02:00:00Z,99.5848226108752,92.975
2025-10-07T03:00:00Z,109.71068907065288,96.74
2025-10-07T04:00:00Z,135.32720543521933,134.885
2025-10-07T05:00:00Z,157.92477681149848,228.555
2025-10-07T06:00:00Z,164.4777559335564,287.67
2025-10-07T07:00:00Z,158.52627337129894,212.1825
2025-10-07T08:00:00Z,149.0866755014905,154.66
2025-10-07T09:00:00Z,139.1553400508398,129.9075
2025-10-07T10:00:00Z,129.83872304060046,110.94
2025-10-07T11:00:00Z,123.63865129004398,106.1825
2025-10-07T12:00:00Z,118.48137823485135,105.3525
2025-10-07T13:00:00Z,120.676763750796,113.16
2025-10-07T14:00:00Z,132.5738850806054,122.105
2025-10-07T15:00:00Z,144.74972677301307,151.84
2025-10-07T16:00:00Z,164.74529755810948,202.4175
2025-10-07T17:00:00Z,171.7389777345174,213.28
2025-10-07T18:00:00Z,150.69898316586531,146.34
2025-10-07T19:00:00Z,137.0021728337707,123.2425
2025-10-07T20:00:00Z,127.21260917536117,107.4225
2025-10-07T21:00:00Z,118.67452798555462,97.4825
2025-10-07T22:00:00Z,107.50505283758481,93.4525
2025-10-07T23:00:00Z,105.04320043748368,88.4375
2025-10-08T00:00:00Z,99.41026460887912,87.56
2025-10-08T01:00:00Z,100.7717873883084,86.975
2025-10-08T02:00:00Z,108.28359363957452,89.6725
2025-10-08T03:00:00Z,116.68197157529534,97.395
2025-10-08T04:00:00Z,143.4576996742316,117.1075
2025-10-08T05:00:00Z,178.7757894008849,155.58
2025-10-08T06:00:00Z,191.12595273186338,166.395
2025-10-08T07:00:00Z,163.5441261682379,135.17499999999998
2025-10-08T08:00:00Z,141.8548334467034,118.445
2025-10-08T09:00:00Z,124.99626749907284,103.325
2025-10-08T10:00:00Z,113.06039005827648,90.8225
2025-10-08T11:00:00Z,108.29587455388206,89.33500000000001
2025-10-08T12:00:00Z,106.89312897961535,90.4425
2025-10-08T13:00:00Z,113.00165717526974,99.4275
2025-10-08T14:00:00Z,130.32181263380363,117.465
2025-10-08T15:00:00Z,153.979524430905,149.48000000000002
2025-10-08T16:00:00Z,178.68867830770284,183.8075
2025-10-08T17:00:00Z,184.1305076875476,199.0025
2025-10-08T18:00:00Z,157.86996916850643,141.695
2025-10-08T19:00:00Z,141.9917248919043,114.74
2025-10-08T20:00:00Z,129.05781377268832,108.24
2025-10-08T21:00:00Z,119.80274081008932,97.8325
2025-10-08T22:00:00Z,111.3142463595411,97.215
2025-10-08T23:00:00Z,108.0547394818891,92.5825
2025-10-09T00:00:00Z,104.44953790589909,93.2625
2025-10-09T01:00:00Z,101.58323571906543,90.8175
2025-10-09T02:00:00Z,106.67263554513373,92.7
2025-10-09T03:00:00Z,117.80125765087377,101.1525
2025-10-09T04:00:00Z,136.11202990780197,125.58
2025-10-09T05:00:00Z,157.10051964454178,145.0
2025-10-09T06:00:00Z,152.70945561023672,149.9
2025-10-09T07:00:00Z,132.78247454176423,132.4875
2025-10-09T08:00:00Z,114.96748307299958,109.6875
2025-10-09T09:00:00Z,97.41159594166615,96.9625
2025-10-09T10:00:00Z,83.74393970132344,91.0225
2025-10-09T11:00:00Z,76.37847297636448,83.3525
2025-10-09T12:00:00Z,74.26570401392578,83.2
2025-10-09T13:00:00Z,77.07390513229758,88.8275
2025-10-09T14:00:00Z,92.37216852455467,92.075
2025-10-09T15:00:00Z,119.22644352303598,110.01
2025-10-09T16:00:00Z,138.14388780584636,122.9075
2025-10-09T17:00:00Z,140.69061529353746,123.1125
2025-10-09T18:00:00Z,114.79705003340723,112.3625
2025-10-09T19:00:00Z,96.82656201976332,98.0925
2025-10-09T20:00:00Z,86.9191686724238,96.8325
2025-10-09T21:00:00Z,75.75170466872527,88.7
2025-10-09T22:00:00Z,72.9919175829205,88.01
2025-10-09T23:00:00Z,67.90316478310821,84.9675
2025-10-10T00:00:00Z,61.72462196250117,80.0875
2025-10-10T01:00:00Z,63.94913239391137,78.285
2025-10-10T02:00:00Z,69.14156415316062,79.21000000000001
2025-10-10T03:00:00Z,83.09626714221618,86.0725
2025-10-10T04:00:00Z,103.26422193956023,102.6375
2025-10-10T05:00:00Z,119.28533223582478,119.325
2025-10-10T06:00:00Z,121.71196265094294,122.6125
2025-10-10T07:00:00Z,103.33796229218343,107.765
2025-10-10T08:00:00Z,86.83114950147306,93.0075
2025-10-10T09:00:00Z,70.83978230268835,82.1175
2025-10-10T10:00:00Z,63.50509643381632,77.5325
2025-10-10T11:00:00Z,60.63635613924045,75.69
2025-10-10T12:00:00Z,61.50585802148365,77.2575
2025-10-10T13:00:00Z,70.54418684211322,88.89500000000001
2025-10-10T14:00:00Z,87.77581361999896,97.8575
2025-10-10T15:00:00Z,113.17918315425615,118.2
2025-10-10T16:00:00Z,128.147304112511,120.605
2025-10-10T17:00:00Z,125.93653771267337,123.29
2025-10-10T18:00:00Z,111.54052151926632,115.39
2025-10-10T19:00:00Z,100.6362425979641,103.915
2025-10-10T20:00:00Z,89.77591164512444,97.7375
2025-10-10T21:00:00Z,79.34065063975682,93.35
2025-10-10T22:00:00Z,71.13963438272786,92.9675
2025-10-10T23:00:00Z,70.26440679389022,88.83500000000001
2025-10-11T00:00:00Z,70.22170933796603,87.3875
2025-10-11T01:00:00Z,71.3216770166136,84.175
2025-10-11T02:00:00Z,73.89110993210723,82.0275
2025-10-11T03:00:00Z,75.72372155236792,84.755
2025-10-11T04:00:00Z,83.77290949295309,90.265
2025-10-11T05:00:00Z,94.36746900574813,96.7525
2025-10-11T06:00:00Z,96.79637450011626,100.4
2025-10-11T07:00:00Z,89.60977066833959,92.96
2025-10-11T08:00:00Z,75.02235702205624,82.4325
2025-10-11T09:00:00Z,60.66573031838136,74.02
2025-10-11T10:00:00Z,49.23964473435066,55.4175
2025-10-11T11:00:00Z,43.465919063522364,46.7725
2025-10-11T12:00:00Z,41.106682921066906,51.03
2025-10-11T13:00:00Z,52.787483261200286,76.9425
2025-10-11T14:00:00Z,75.90714830245263,83.65
2025-10-11T15:00:00Z,107.94734590987301,114.005
2025-10-11T16:00:00Z,123.06639192544786,126.4375
2025-10-11T17:00:00Z,123.6686302036059,130.1725
2025-10-11T18:00:00Z,115.97577582568448,120.635
2025-10-11T19:00:00Z,108.22989841200223,112.545
2025-10-11T20:00:00Z,103.60102673647441,106.9075
2025-10-11T21:00:00Z,96.31005421258338,95.0975
2025-10-11T22:00:00Z,93.09415300374856,96.1775
2025-10-11T23:00:00Z,87.97241644580947,92.1675
2025-10-12T00:00:00Z,75.21725464603392,88.86
2025-10-12T01:00:00Z,71.94507154867965,85.13
2025-10-12T02:00:00Z,71.19455655817895,86.4125
2025-10-12T03:00:00Z,70.79562938707554,86.6575
2025-10-12T04:00:00Z,77.10610245958652,88.3
2025-10-12T05:00:00Z,81.89282342029799,89.1725
2025-10-12T06:00:00Z,81.9358509690911,88.66
2025-10-12T07:00:00Z,73.80919744042714,83.0625
2025-10-12T08:00:00Z,65.88990610361627,76.205
2025-10-12T09:00:00Z,55.39830476999667,71.9
2025-10-12T10:00:00Z,47.65512120207741,66.8875
2025-10-12T11:00:00Z,42.91879512933459,52.16
2025-10-12T12:00:00Z,43.15188255636056,62.475
2025-10-12T13:00:00Z,55.60827335805179,79.985
2025-10-12T14:00:00Z,74.94405973708693,88.0025
2025-10-12T15:00:00Z,105.0715290808634,105.55
2025-10-12T16:00:00Z,123.65076377822808,108.9
2025-10-12T17:00:00Z,128.39303414259217,116.64
2025-10-12T18:00:00Z,120.81367921505127,115.5275
2025-10-12T19:00:00Z,116.44896961873593,110.4475
2025-10-12T20:00:00Z,113.27852144081713,107.79
2025-10-12T21:00:00Z,106.67181304257952,93.445
2025-10-12T22:00:00Z,100.95550800556424,93.4525
2025-10-12T23:00:00Z,99.17202481581299,90.26
2025-10-13T00:00:00Z,96.18117307427202,90.8325
2025-10-13T01:00:00Z,100.10058122784172,89.1225
2025-10-13T02:00:00Z,106.65093726359444,93.4525
2025-10-13T03:00:00Z,116.73264456622374,98.095
2025-10-13T04:00:00Z,138.19764458084632,131.41
2025-10-13T05:00:00Z,157.51599058618595,218.6375
2025-10-13T06:00:00Z,162.5034105161173,199.5575
2025-10-13T07:00:00Z,146.278532965828,150.185
2025-10-13T08:00:00Z,131.04513335947382,125.0975
2025-10-13T09:00:00Z,120.12009597007388,110.0
2025-10-13T10:00:00Z,105.62975146374748,95.1
2025-10-13T11:00:00Z,97.35273727035045,89.8575
2025-10-13T12:00:00Z,96.41729734159378,92.0975
2025-10-13T13:00:00Z,105.36522991342233,101.8425
2025-10-13T14:00:00Z,120.35675842985597,117.9025
2025-10-13T15:00:00Z,144.92620127649568,180.6
2025-10-13T16:00:00Z,165.7504409112721,305.74
2025-10-13T17:00:00Z,170.13871722705568,306.575
2025-10-13T18:00:00Z,162.1707687096524,186.9525
2025-10-13T19:00:00Z,150.3176544109771,137.175
2025-10-13T20:00:00Z,140.06444136744796,121.9875
2025-10-13T21:00:00Z,128.17745020424155,111.275
2025-10-13T22:00:00Z,118.74598283183335,109.1825
2025-10-13T23:00:00Z,114.37005882428112,103.015
2025-10-14T00:00:00Z,104.48032166514824,99.52
2025-10-14T01:00:00Z,103.43780085616369,98.8675
2025-10-14T02:00:00Z,108.24530587694088,100.0475
2025-10-14T03:00:00Z,116.70573703110892,101.4475
2025-10-14T04:00:00Z,141.36106147880372,123.2925
2025-10-14T05:00:00Z,175.5392947621892,160.195
2025-10-14T06:00:00Z,175.4200026394275,190.82
2025-10-14T07:00:00Z,146.83808188710998,156.445
2025-10-14T08:00:00Z,127.11908695786266,134.725
2025-10-14T09:00:00Z,113.31021583552688,119.845
2025-10-14T10:00:00Z,105.86111581255207,107.6475
2025-10-14T11:00:00Z,100.55764465798862,102.9975
2025-10-14T12:00:00Z,103.74911919767254,105.265
2025-10-14T13:00:00Z,109.27361337592092,122.275
2025-10-14T14:00:00Z,128.82357588718992,146.6
2025-10-14T15:00:00Z,163.6325220128754,219.195
2025-10-14T16:00:00Z,204.42733844951448,404.9575
2025-10-14T17:00:00Z,207.05833420558577,407.205
2025-10-14T18:00:00Z,179.43132290407806,225.48
2025-10-14T19:00:00Z,159.7046560047421,163.04
2025-10-14T20:00:00Z,150.5589228655941,129.85750000000002
2025-10-14T21:00:00Z,140.21164055800423,115.36
2025-10-14T22:00:00Z,133.77587592937067,115.4625
2025-10-14T23:00:00Z,130.84154433389244,111.865
2025-10-15T00:00:00Z,124.637805870483,107.68
2025-10-15T01:00:00Z,127.71757278471273,103.6175
2025-10-15T02:00:00Z,128.35256750078665,106.48
2025-10-15T03:00:00Z,136.6713345287573,114.3975
2025-10-15T04:00:00Z,157.40278668782656,151.96
2025-10-15T05:00:00Z,179.9673705016467,278.74
2025-10-15T06:00:00Z,190.91742699646466,276.1975
2025-10-15T07:00:00Z,168.4300919272331,181.0525
2025-10-15T08:00:00Z,150.68992287703503,142.3575
2025-10-15T09:00:00Z,135.68755864695257,126.105
2025-10-15T10:00:00Z,126.85929051207972,119.425
2025-10-15T11:00:00Z,122.06562277860954,112.8775
2025-10-15T12:00:00Z,116.86159560141938,115.3925
2025-10-15T13:00:00Z,125.47875122421144,122.6425
2025-10-15T14:00:00Z,138.60266620313178,135.6925
2025-10-15T15:00:00Z,171.9245508188838,170.0
2025-10-15T16:00:00Z,222.90660660788672,221.8775
2025-10-15T17:00:00Z,214.8494866421561,220.0
2025-10-15T18:00:00Z,166.03782088259868,152.845
2025-10-15T19:00:00Z,140.42184174861896,124.3425
2025-10-15T20:00:00Z,126.27488782545518,98.21
2025-10-15T21:00:00Z,111.35387453722376,88.17
2025-10-15T22:00:00Z,102.06229761150207,88.16499999999999
2025-10-15T23:00:00Z,98.12486569344154,85.8075
2025-10-16T00:00:00Z,88.77280061358951,88.0
2025-10-16T01:00:00Z,87.72073025857962,86.655
2025-10-16T02:00:00Z,92.3523242997755,88.335
2025-10-16T03:00:00Z,103.12120725255431,85.045
2025-10-16T04:00:00Z,128.20768739449082,96.1925
2025-10-16T05:00:00Z,170.19548073306498,116.1225
2025-10-16T06:00:00Z,171.31611967538896,132.76749999999998
2025-10-16T07:00:00Z,139.07827985313997,119.93
2025-10-16T08:00:00Z,121.56599113299335,92.2375
2025-10-16T09:00:00Z,108.56812705565113,88.3075
2025-10-16T10:00:00Z,94.37907370936819,83.4025
2025-10-16T11:00:00Z,89.80291739522812,81.47500000000001
2025-10-16T12:00:00Z,87.02222385414449,82.98
2025-10-16T13:00:00Z,91.73552296201413,83.0275
2025-10-16T14:00:00Z,107.50446585453551,89.0275
2025-10-16T15:00:00Z,136.3423326962647,120.915
2025-10-16T16:00:00Z,152.27485854173506,130.0
2025-10-16T17:00:00Z,153.18684814497425,140.59
2025-10-16T18:00:00Z,129.1809962830215,125.595
2025-10-16T19:00:00Z,116.14408115770095,102.2325
2025-10-16T20:00:00Z,102.16789621234331,99.855
2025-10-16T21:00:00Z,94.00042259085572,93.3625
2025-10-16T22:00:00Z,89.7979657013638,88.14750000000001
2025-10-16T23:00:00Z,88.30714421969029,88.3125
2025-10-17T00:00:00Z,88.64857470726761,89.0575
2025-10-17T01:00:00Z,91.15654449100415,88.4575
2025-10-17T02:00:00Z,91.16633594188141,90.5875
2025-10-17T03:00:00Z,101.14827675667458,94.51
2025-10-17T04:00:00Z,119.94339271204262,107.91
2025-10-17T05:00:00Z,136.30553778770692,129.485
2025-10-17T06:00:00Z,143.86417935757265,144.835
2025-10-17T07:00:00Z,132.5773261583193,129.02
2025-10-17T08:00:00Z,114.26238959412494,117.18
2025-10-17T09:00:00Z,97.09698621503023,99.0375
2025-10-17T10:00:00Z,85.35968535367243,88.14
2025-10-17T11:00:00Z,77.87401860817873,86.7175
2025-10-17T12:00:00Z,76.48077628357646,87.805
2025-10-17T13:00:00Z,83.18204309731702,88.6425
2025-10-17T14:00:00Z,98.41808594627797,95.0
2025-10-17T15:00:00Z,127.72120511201597,117.1675
2025-10-17T16:00:00Z,139.93781527467826,129.31
2025-10-17T17:00:00Z,138.65726838016454,130.69
2025-10-17T18:00:00Z,126.17369672983772,116.9875
2025-10-17T19:00:00Z,116.72327631389226,104.055
2025-10-17T20:00:00Z,109.84685826886567,102.1825
2025-10-17T21:00:00Z,105.49614865766469,92.4975
2025-10-17T22:00:00Z,96.76845773491564,94.615
2025-10-17T23:00:00Z,93.1742561438769,89.86
2025-10-18T00:00:00Z,92.02225872413467,89.8125
2025-10-18T01:00:00Z,93.9089323385306,88.33500000000001
2025-10-18T02:00:00Z,96.07676260499305,88.35
2025-10-18T03:00:00Z,102.5706361305393,88.315
2025-10-18T04:00:00Z,112.09444906753689,91.955
2025-10-18T05:00:00Z,122.79415112616385,109.4725
2025-10-18T06:00:00Z,121.50707421890081,114.545
2025-10-18T07:00:00Z,100.48834109061796,102.2425
2025-10-18T08:00:00Z,81.26404675524782,91.4675
2025-10-18T09:00:00Z,59.887260828106434,80.7875
2025-10-18T10:00:00Z,42.194176085090575,73.94
2025-10-18T11:00:00Z,37.55769759694871,67.5325
2025-10-18T12:00:00Z,40.1244293755594,72.2975
2025-10-18T13:00:00Z,56.97862947715783,83.5
2025-10-18T14:00:00Z,90.79497551824277,96.55
2025-10-18T15:00:00Z,128.8050607735642,120.64
2025-10-18T16:00:00Z,145.76658567210427,133.235
2025-10-18T17:00:00Z,143.15438271140414,124.8225
2025-10-18T18:00:00Z,127.10178468468555,112.995
2025-10-18T19:00:00Z,110.98244513069116,92.5525
2025-10-18T20:00:00Z,99.65110471598808,95.5775
2025-10-18T21:00:00Z,89.16538400619054,94.355
2025-10-18T22:00:00Z,80.95350577303704,92.3425
2025-10-18T23:00:00Z,74.79098800009187,87.58500000000001
2025-10-19T00:00:00Z,66.85661663748775,82.2925
2025-10-19T01:00:00Z,65.97052581852523,82.14
2025-10-19T02:00:00Z,66.56570483362552,83.2125
2025-10-19T03:00:00Z,67.45209555915474,83.4975
2025-10-19T04:00:00Z,70.21732368279837,85.25
2025-10-19T05:00:00Z,77.51238730507761,85.255
2025-10-19T06:00:00Z,75.85953306734127,87.1575
2025-10-19T07:00:00Z,61.127996297051425,78.4325
2025-10-19T08:00:00Z,50.80937805304216,69.6375
2025-10-19T09:00:00Z,39.453091424794465,60.3
2025-10-19T10:00:00Z,27.90822762776896,34.567499999999995
2025-10-19T11:00:00Z,20.3198363935334,20.295
2025-10-19T12:00:00Z,25.603109370391543,36.2175
2025-10-19T13:00:00Z,40.40433865929494,66.77250000000001
2025-10-19T14:00:00Z,66.80352940669269,89.93
2025-10-19T15:00:00Z,91.96382762691317,106.0725
2025-10-19T16:00:00Z,98.13666012872288,107.6875
2025-10-19T17:00:00Z,87.27867014424035,85.62
2025-10-19T18:00:00Z,74.93676115836581,75.5025
2025-10-19T19:00:00Z,64.01051881680432,73.15
2025-10-19T20:00:00Z,62.79375504415797,74.74249999999999
2025-10-19T21:00:00Z,57.85075714675561,60.855
2025-10-19T22:00:00Z,49.038425466209894,70.03750000000001
2025-10-19T23:00:00Z,46.0100389906668,63.975
2025-10-20T00:00:00Z,42.58994013445517,60.98
2025-10-20T01:00:00Z,41.85984227653422,60.0025
2025-10-20T02:00:00Z,45.036853524061726,60.6025
2025-10-20T03:00:00Z,53.651974304560134,74.81
2025-10-20T04:00:00Z,71.49672050281535,76.2525
2025-10-20T05:00:00Z,89.45818229008688,91.8675
2025-10-20T06:00:00Z,91.94340828143051,125.0975
2025-10-20T07:00:00Z,75.78549486254809,92.185
2025-10-20T08:00:00Z,65.54573771231543,73.15
2025-10-20T09:00:00Z,58.617237946852015,69.935
2025-10-20T10:00:00Z,51.99154815017993,60.2875
2025-10-20T11:00:00Z,51.03547717739969,65.27250000000001
2025-10-20T12:00:00Z,60.874719023321816,76.08500000000001
2025-10-20T13:00:00Z,70.62501730865924,97.14
2025-10-20T14:00:00Z,87.55588227985953,119.51
2025-10-20T15:00:00Z,104.1759314247787,131.1225
2025-10-20T16:00:00Z,113.3066272530668,125.09
2025-10-20T17:00:00Z,105.42470969607686,103.0
2025-10-20T18:00:00Z,92.3826327388642,82.29
2025-10-20T19:00:00Z,75.19343571425811,76.2525
2025-10-20T20:00:00Z,63.085502747219,68.3775
2025-10-20T21:00:00Z,49.44968414388106,51.0
2025-11-03T23:00:00Z,48.089451855401826,16.53
2025-11-04T00:00:00Z,44.57313119334347,7.2575
2025-11-04T01:00:00Z,42.895772168961074,4.925
2025-11-04T02:00:00Z,47.00561396138097,6.3125
2025-11-04T03:00:00Z,56.164217110893375,21.1975
2025-11-04T04:00:00Z,65.50993121206925,58.4325
2025-11-04T05:00:00Z,92.74382317713113,81.0375
2025-11-04T06:00:00Z,106.90467339484576,114.3075
2025-11-04T07:00:00Z,93.60176437627143,110.0
2025-11-04T08:00:00Z,76.32478169819652,80.8475
2025-11-04T09:00:00Z,63.86566081846182,60.6475
2025-11-04T10:00:00Z,55.882146967458525,52.87
2025-11-04T11:00:00Z,57.20036252716618,50.1525
2025-11-04T12:00:00Z,65.72136793647019,66.9375
2025-11-04T13:00:00Z,80.97086500735321,81.05
2025-11-04T14:00:00Z,106.57120707228432,116.265
2025-11-04T15:00:00Z,124.69240016921036,127.475
2025-11-04T16:00:00Z,129.77585065181944,129.1
2025-11-04T17:00:00Z,127.59712029934201,122.7625
2025-11-04T18:00:00Z,120.05404187377553,106.6975
2025-11-04T19:00:00Z,105.80682735724048,96.7525
2025-11-04T20:00:00Z,91.91330594046369,91.365
2025-11-04T21:00:00Z,81.6289180782175,86.2375
2025-11-04T22:00:00Z,67.37615401443097,76.1225
2025-11-04T23:00:00Z,59.51793778256608,77.33
2025-11-05T00:00:00Z,53.43565670375134,75.8225
2025-11-05T01:00:00Z,52.76619142488511,74.35499999999999
2025-11-05T02:00:00Z,54.66483718268496,74.6825
2025-11-05T03:00:00Z,61.820690941136604,78.885
2025-11-05T04:00:00Z,75.78457398455083,85.0
2025-11-05T05:00:00Z,97.18297701528202,91.3625
2025-11-05T06:00:00Z,114.06760973235295,115.9
2025-11-05T07:00:00Z,100.46508024751637,107.115
2025-11-05T08:00:00Z,72.00402621776654,74.54
2025-11-05T09:00:00Z,54.91003581475606,62.8825
2025-11-05T10:00:00Z,53.391012273571235,62.0075
2025-11-05T11:00:00Z,54.89848118950399,62.07
2025-11-05T12:00:00Z,69.32732979878325,77.3325
2025-11-05T13:00:00Z,88.48157901664499,96.1925
2025-11-05T14:00:00Z,120.73125063127696,115.395
2025-11-05T15:00:00Z,140.3508645012974,141.3825
2025-11-05T16:00:00Z,142.83444791145183,147.4175
2025-11-05T17:00:00Z,143.0684126118174,127.58
2025-11-05T18:00:00Z,133.1913297496644,114.755
2025-11-05T19:00:00Z,121.39137136596781,104.79
2025-11-05T20:00:00Z,110.22603175569574,98.9175
2025-11-05T21:00:00Z,102.82131615859534,88.8475
2025-11-05T22:00:00Z,91.9343584593114,87.7
2025-11-05T23:00:00Z,92.46265070239888,93.3725
2025-11-06T00:00:00Z,85.26192912223439,90.83
2025-11-06T01:00:00Z,87.80187865723929,91.3975
2025-11-06T02:00:00Z,89.11937138376136,90.505
2025-11-06T03:00:00Z,93.660289295812,91.9
2025-11-06T04:00:00Z,105.47588743251373,92.17
2025-11-06T05:00:00Z,125.86439340954203,118.35
2025-11-06T06:00:00Z,141.8307210041673,130.2325
2025-11-06T07:00:00Z,128.34035029498204,119.68
2025-11-06T08:00:00Z,100.99300816658395,93.2125
2025-11-06T09:00:00Z,82.35228496547047,85.1575
2025-11-06T10:00:00Z,74.94853535474127,83.7
2025-11-06T11:00:00Z,73.11804506551567,83.9925
2025-11-06T12:00:00Z,83.77024112505568,87.17999999999999
2025-11-06T13:00:00Z,101.23026245434205,99.485
2025-11-06T14:00:00Z,129.1282819604357,128.24
2025-11-06T15:00:00Z,152.26575973717246,147.495
2025-11-06T16:00:00Z,158.27682766224433,154.255
2025-11-06T17:00:00Z,153.33442352301975,137.4475
2025-11-06T18:00:00Z,145.06302367664998,126.4625
2025-11-06T19:00:00Z,132.45621671646177,114.97
2025-11-06T20:00:00Z,121.51444806534337,100.98
2025-11-06T21:00:00Z,113.4020208346162,97.485
2025-11-06T22:00:00Z,104.92150686043884,90.5525
2025-11-06T23:00:00Z,107.33818525243876,90.1775
2025-11-07T00:00:00Z,99.26676656589763,88.8225
2025-11-07T01:00:00Z,100.52220712673669,89.6
2025-11-07T02:00:00Z,101.3657900941014,89.61250000000001
2025-11-07T03:00:00Z,106.93839627299084,90.41
2025-11-07T04:00:00Z,118.24607310484728,94.21
2025-11-07T05:00:00Z,141.97458816700538,112.265
2025-11-07T06:00:00Z,156.16176768622572,133.8825
2025-11-07T07:00:00Z,146.7616174863632,128.0475
2025-11-07T08:00:00Z,126.77525521943187,108.105
2025-11-07T09:00:00Z,113.47093515825918,93.38
2025-11-07T10:00:00Z,104.41783566133891,89.9875
2025-11-07T11:00:00Z,100.9870024517626,88.80250000000001
2025-11-07T12:00:00Z,102.5109200345938,92.0525
2025-11-07T13:00:00Z,114.59251661694871,103.1
2025-11-07T14:00:00Z,140.91202080198843,129.6225
2025-11-07T15:00:00Z,163.49264370843562,165.1225
2025-11-07T16:00:00Z,171.11584117618384,178.5375
2025-11-07T17:00:00Z,170.06447480482575,145.6825
2025-11-07T18:00:00Z,162.88976288973544,131.4825
2025-11-07T19:00:00Z,149.43767373054516,119.4275
2025-11-07T20:00:00Z,137.47888551656743,106.6525
2025-11-07T21:00:00Z,130.6716446777454,98.275
2025-11-07T22:00:00Z,120.14837383765655,92.0525
2025-11-07T23:00:00Z,113.35559026516319,96.53
2025-11-08T00:00:00Z,109.03110578551524,96.325
2025-11-08T01:00:00Z,108.39040149635342,93.9975
2025-11-08T02:00:00Z,109.58852135556441,93.9725
2025-11-08T03:00:00Z,110.42875994444974,95.0375
2025-11-08T04:00:00Z,115.60961408656955,94.195
2025-11-08T05:00:00Z,124.89872481344241,95.2775
2025-11-08T06:00:00Z,133.97854281223894,103.8425
2025-11-08T07:00:00Z,132.41041586108682,105.5
2025-11-08T08:00:00Z,125.33025829243809,103.62
2025-11-08T09:00:00Z,118.21976963473107,102.1775
2025-11-08T10:00:00Z,114.26834641333343,96.9475
2025-11-08T11:00:00Z,111.98865503741928,95.16
2025-11-08T12:00:00Z,111.00583569905531,95.9125
2025-11-08T13:00:00Z,116.15820872138133,101.5425
2025-11-08T14:00:00Z,133.44693861674466,117.6175
2025-11-08T15:00:00Z,153.87379469699857,124.635
2025-11-08T16:00:00Z,163.7489587827475,134.915
2025-11-08T17:00:00Z,161.27842568518236,136.5325
2025-11-08T18:00:00Z,153.61892486328924,131.98000000000002
2025-11-08T19:00:00Z,143.26732041229388,122.9675
2025-11-08T20:00:00Z,134.02566611717032,113.305
2025-11-08T21:00:00Z,127.53853817863978,106.26
2025-11-08T22:00:00Z,118.32135019629865,96.905
2025-11-08T23:00:00Z,112.60352215075379,96.345
2025-11-09T00:00:00Z,103.91545658196294,94.555
2025-11-09T01:00:00Z,102.42749866423284,92.8325
2025-11-09T02:00:00Z,102.31968569405718,91.1325
2025-11-09T03:00:00Z,103.07591956858361,91.6475
2025-11-09T04:00:00Z,105.21704645330855,91.685
2025-11-09T05:00:00Z,110.27655712873411,89.9375
2025-11-09T06:00:00Z,118.37694405639218,88.615
2025-11-09T07:00:00Z,122.10632947374327,97.2725
2025-11-09T08:00:00Z,124.19610895982258,97.6175
2025-11-09T09:00:00Z,123.1978954486676,97.0325
2025-11-09T10:00:00Z,119.59369195394855,97.305
2025-11-09T11:00:00Z,116.39764738238824,97.8375
2025-11-09T12:00:00Z,116.64195384570255,96.4025
2025-11-09T13:00:00Z,115.03389683885622,97.315
2025-11-09T14:00:00Z,127.36607432313187,97.795
2025-11-09T15:00:00Z,139.62913070361594,109.8475
2025-11-09T16:00:00Z,149.83855456966577,125.1
2025-11-09T17:00:00Z,152.4533005517626,126.1
2025-11-09T18:00:00Z,145.79115249644633,117.955
2025-11-09T19:00:00Z,138.01248422733488,106.0
2025-11-09T20:00:00Z,130.84255929445007,93.5375
2025-11-09T21:00:00Z,126.2006648956305,92.315
2025-11-09T22:00:00Z,114.263660615915,89.93
2025-11-09T23:00:00Z,105.12002714810185,88.98
2025-11-10T00:00:00Z,100.81530604521896,87.63499999999999
2025-11-10T01:00:00Z,100.2851166912838,88.9025
2025-11-10T02:00:00Z,101.9357159626963,87.5225
2025-11-10T03:00:00Z,108.07247472292087,87.1775
2025-11-10T04:00:00Z,123.11031572537215,92.3125
2025-11-10T05:00:00Z,144.30935742986995,113.4525
2025-11-10T06:00:00Z,157.36721841996462,142.995
2025-11-10T07:00:00Z,156.1768826058165,157.875
2025-11-10T08:00:00Z,147.67993597018028,144.2975
2025-11-10T09:00:00Z,140.82854426016885,126.2725
2025-11-10T10:00:00Z,137.0024850782277,115.245
2025-11-10T11:00:00Z,132.12205616710935,105.9225
2025-11-10T12:00:00Z,133.30122127404098,108.41
2025-11-10T13:00:00Z,136.4547400567507,115.565
2025-11-10T14:00:00Z,144.8818246412274,126.2525
2025-11-10T15:00:00Z,154.51713653688284,133.35500000000002
2025-11-10T16:00:00Z,161.73577115853914,139.4025
2025-11-10T17:00:00Z,159.87064081549318,120.725
2025-11-10T18:00:00Z,146.71796475556465,103.6625
2025-11-10T19:00:00Z,130.7943033982821,90.11
2025-11-10T20:00:00Z,116.12968510452033,88.9875
2025-11-10T21:00:00Z,104.9712976566272,88.39250000000001
2025-11-10T22:00:00Z,92.29431831328613,83.87
2025-11-10T23:00:00Z,80.64725246278577,83.19
2025-11-11T00:00:00Z,72.08252254462336,79.9825
2025-11-11T01:00:00Z,69.93122304280381,75.80250000000001
2025-11-11T02:00:00Z,69.80536435448187,74.87
2025-11-11T03:00:00Z,74.97616467870753,75.495
2025-11-11T04:00:00Z,86.16020192270058,77.07249999999999
2025-11-11T05:00:00Z,108.12917293738576,86.7875
2025-11-11T06:00:00Z,131.7820453597224,105.21
2025-11-11T07:00:00Z,134.05546137178882,113.7975
2025-11-11T08:00:00Z,120.66266614863605,103.115
2025-11-11T09:00:00Z,104.94302183575589,91.4725
2025-11-11T10:00:00Z,101.72086750724344,87.9225
2025-11-11T11:00:00Z,100.0309484683388,86.66
2025-11-11T12:00:00Z,106.60313829492125,89.93
2025-11-11T13:00:00Z,119.15051476626631,101.235
2025-11-11T14:00:00Z,137.54605762866177,124.275
2025-11-11T15:00:00Z,153.03806814102649,143.0725
2025-11-11T16:00:00Z,157.72536032757014,143.2575
2025-11-11T17:00:00Z,147.05570038406805,114.9975
2025-11-11T18:00:00Z,132.74652258698273,105.0325
2025-11-11T19:00:00Z,117.19897387208843,98.175
2025-11-11T20:00:00Z,107.77335066202863,96.3825
2025-11-11T21:00:00Z,96.54011114048775,92.06
2025-11-11T22:00:00Z,85.52208936789974,75.5
2025-11-11T23:00:00Z,76.14246904662296,74.9775
2025-11-12T00:00:00Z,67.9075161785406,68.315
2025-11-12T01:00:00Z,64.02142936359951,64.41
2025-11-12T02:00:00Z,64.94379261890396,62.4
2025-11-12T03:00:00Z,66.82305654841731,62.3
2025-11-12T04:00:00Z,74.72740245093904,69.30000000000001
2025-11-12T05:00:00Z,87.7793398952714,76.9975
2025-11-12T06:00:00Z,104.7765627169466,107.26
2025-11-12T07:00:00Z,96.53771079707391,100.7225
2025-11-12T08:00:00Z,75.56062158382588,78.1125
2025-11-12T09:00:00Z,56.68794164794576,71.5275
2025-11-12T10:00:00Z,49.431832079525236,60.005
2025-11-12T11:00:00Z,51.34317866945891,59.135
2025-11-12T12:00:00Z,60.21484088546907,73.7675
2025-11-12T13:00:00Z,72.51564578788316,80.425
2025-11-12T14:00:00Z,95.48889483001545,104.97
2025-11-12T15:00:00Z,112.40422678911693,113.625
2025-11-12T16:00:00Z,115.17840620306796,115.395
2025-11-12T17:00:00Z,106.18924161005921,104.8675
2025-11-12T18:00:00Z,100.07298118481631,88.9275
2025-11-12T19:00:00Z,86.15029158663933,80.945
2025-11-12T20:00:00Z,75.8710673177559,76.905
2025-11-12T21:00:00Z,68.49210604672561,75.545
2025-11-12T22:00:00Z,52.73404694383923,56.935
2025-11-12T23:00:00Z,50.191472534316404,32.917500000000004
2025-11-13T00:00:00Z,41.751107663264754,18.9725
2025-11-13T01:00:00Z,42.36985491915716,11.1875
2025-11-13T02:00:00Z,43.804754946314226,7.78
2025-11-13T03:00:00Z,48.93472060126939,6.0
2025-11-13T04:00:00Z,59.09309904498699,25.9725
2025-11-13T05:00:00Z,77.40965992986617,50.885000000000005
2025-11-13T06:00:00Z,94.54529864699387,76.845
2025-11-13T07:00:00Z,83.15841097314673,66.0825
2025-11-13T08:00:00Z,56.7059561122293,53.61
2025-11-13T09:00:00Z,41.86459145419301,50.3225
2025-11-13T10:00:00Z,33.08631625024663,42.96
2025-11-13T11:00:00Z,34.85047102807274,48.09
2025-11-13T12:00:00Z,45.923449835026155,60.5725
2025-11-13T13:00:00Z,57.64055095829703,77.33500000000001
2025-11-13T14:00:00Z,84.59597355341614,101.665
2025-11-13T15:00:00Z,107.58406281517728,111.5125
2025-11-13T16:00:00Z,120.6712153616988,130.1
2025-11-13T17:00:00Z,128.83772222317742,131.8025
2025-11-13T18:00:00Z,128.88747498902606,129.8875
2025-11-13T19:00:00Z,119.4492520181594,111.845
2025-11-13T20:00:00Z,113.36178884259513,116.6075
2025-11-13T21:00:00Z,107.17592322367153,110.585
2025-11-13T22:00:00Z,98.60824126550196,102.7725
2025-11-13T23:00:00Z,88.6851088462066,98.4425
2025-11-14T00:00:00Z,82.41517685175445,95.8025
2025-11-14T01:00:00Z,80.01756642742458,94.9325
2025-11-14T02:00:00Z,82.8548482806835,91.53
2025-11-14T03:00:00Z,85.66145868304602,92.13
2025-11-14T04:00:00Z,97.37648522195343,91.6025
2025-11-14T05:00:00Z,118.92897491958689,112.7775
2025-11-14T06:00:00Z,136.65437973486448,138.3475
2025-11-14T07:00:00Z,129.19532649283207,136.385
2025-11-14T08:00:00Z,115.76061929084517,120.9025
2025-11-14T09:00:00Z,102.54770318624772,112.0275
2025-11-14T10:00:00Z,95.82555794045113,106.035
2025-11-14T11:00:00Z,93.38734329768717,101.225
2025-11-14T12:00:00Z,96.49062767668835,105.4225
2025-11-14T13:00:00Z,106.12821910692104,107.0625
2025-11-14T14:00:00Z,125.11026221667376,115.3925
2025-11-14T15:00:00Z,136.85478126543902,115.965
2025-11-14T16:00:00Z,146.8844045223825,131.57
2025-11-14T17:00:00Z,139.3427953660786,119.81
2025-11-14T18:00:00Z,130.19623178573192,106.49
2025-11-14T19:00:00Z,110.7444670648698,98.915
2025-11-14T20:00:00Z,98.27608546818142,93.1625
2025-11-14T21:00:00Z,90.46185654835435,97.015
2025-11-14T22:00:00Z,74.58034904336571,78.65
2025-11-14T23:00:00Z,63.37098796591855,77.3775
2025-11-15T00:00:00Z,60.071946623343315,77.95
2025-11-15T01:00:00Z,57.00366647475835,74.7175
2025-11-15T02:00:00Z,54.005023747502676,73.03
2025-11-15T03:00:00Z,54.44368188784185,72.2
2025-11-15T04:00:00Z,56.66177073766872,70.615
2025-11-15T05:00:00Z,66.34405064157144,68.1575
2025-11-15T06:00:00Z,79.60730239231772,77.055
2025-11-15T07:00:00Z,85.54443516631089,80.065
2025-11-15T08:00:00Z,82.644923046162,85.235
2025-11-15T09:00:00Z,77.09551112683415,85.6125
2025-11-15T10:00:00Z,75.70282765179014,85.4225
2025-11-15T11:00:00Z,76.6111021713499,84.1925
2025-11-15T12:00:00Z,79.33385146313873,90.6675
2025-11-15T13:00:00Z,86.38334504309184,94.6525
2025-11-15T14:00:00Z,97.43898816082668,101.1925
2025-11-15T15:00:00Z,109.52166635771258,109.7925
2025-11-15T16:00:00Z,117.31952380639535,121.8
2025-11-15T17:00:00Z,120.22213235464375,121.5225
2025-11-15T18:00:00Z,115.16249016723705,114.065
2025-11-15T19:00:00Z,106.77157586578173,109.125
2025-11-15T20:00:00Z,100.43070262102586,102.885
2025-11-15T21:00:00Z,100.32731985426994,101.7175
2025-11-15T22:00:00Z,93.45929969320693,97.8675
2025-11-15T23:00:00Z,89.52232893521429,93.7475
2025-11-16T00:00:00Z,86.0146052310718,95.0
2025-11-16T01:00:00Z,87.03288653818696,93.35
2025-11-16T02:00:00Z,86.32744309051431,91.45
2025-11-16T03:00:00Z,87.55979004792542,88.215
2025-11-16T04:00:00Z,88.51105876339493,91.13
2025-11-16T05:00:00Z,92.51638541897343,85.6725
2025-11-16T06:00:00Z,102.2565691699402,92.4875
2025-11-16T07:00:00Z,105.14398460327965,98.49
2025-11-16T08:00:00Z,106.71851995101814,101.185
2025-11-16T09:00:00Z,106.54217610033791,99.2775
2025-11-16T10:00:00Z,106.56867411703169,102.5675
2025-11-16T11:00:00Z,105.972549992116,102.4675
2025-11-16T12:00:00Z,108.28282874730444,103.9975
2025-11-16T13:00:00Z,114.69589374075883,109.265
2025-11-16T14:00:00Z,124.88290356503816,116.72
2025-11-16T15:00:00Z,136.76763039367688,124.495
2025-11-16T16:00:00Z,146.15541118722626,129.3725
2025-11-16T17:00:00Z,147.00431521141024,125.21
2025-11-16T18:00:00Z,137.0243957171688,115.33
2025-11-16T19:00:00Z,123.89433279348181,102.7175
2025-11-16T20:00:00Z,112.24552765933836,91.41
2025-11-16T21:00:00Z,103.3331485638669,94.385
2025-11-16T22:00:00Z,90.36831512418182,86.5275
2025-11-16T23:00:00Z,82.06588592563998,88.29
2025-11-17T00:00:00Z,71.86008205648184,80.5575
2025-11-17T01:00:00Z,68.9498163648331,74.0875
2025-11-17T02:00:00Z,66.87481872694167,71.32249999999999
2025-11-17T03:00:00Z,68.95788792039303,74.095
2025-11-17T04:00:00Z,82.67319629332903,83.6
2025-11-17T05:00:00Z,103.895712684697,89.59
2025-11-17T06:00:00Z,123.97326496521544,114.8675
2025-11-17T07:00:00Z,125.39865569959673,126.9925
2025-11-17T08:00:00Z,116.0707613742594,121.6875
2025-11-17T09:00:00Z,105.2261740506543,105.215
2025-11-17T10:00:00Z,95.20355453355319,84.3925
2025-11-17T11:00:00Z,83.883368885649,77.805
2025-11-17T12:00:00Z,82.28529045874402,77.785
2025-11-17T13:00:00Z,90.33012618552318,87.035
2025-11-17T14:00:00Z,112.47427934780228,97.52
2025-11-17T15:00:00Z,123.9311649577208,107.32
2025-11-17T16:00:00Z,130.2304672253125,117.355
2025-11-17T17:00:00Z,131.5824149922341,116.4925
2025-11-17T18:00:00Z,122.76328649087345,110.7025
2025-11-17T19:00:00Z,111.47154593247787,102.89
2025-11-17T20:00:00Z,99.97373537723726,92.6975
2025-11-17T21:00:00Z,92.44194416833712,89.7075
2025-11-17T22:00:00Z,81.1703840111934,81.14
2025-11-17T23:00:00Z,78.58061273930957,84.88499999999999
2025-11-18T00:00:00Z,69.31283913280006,82.83
2025-11-18T01:00:00Z,67.9352503529814,79.0375
2025-11-18T02:00:00Z,71.84100443965274,77.7175
2025-11-18T03:00:00Z,79.4657534942682,80.5125
2025-11-18T04:00:00Z,94.52439019777789,83.4725
2025-11-18T05:00:00Z,116.1154531182076,91.0475
2025-11-18T06:00:00Z,138.90140652674745,104.735
2025-11-18T07:00:00Z,142.38022350931436,119.84
2025-11-18T08:00:00Z,130.5346929023002,107.45
2025-11-18T09:00:00Z,120.71142431805686,92.1275
2025-11-18T10:00:00Z,109.8117927109922,88.7975
2025-11-18T11:00:00Z,107.13283149962854,89.2
2025-11-18T12:00:00Z,108.96931375867024,90.6
2025-11-18T13:00:00Z,112.77311998818338,96.575
2025-11-18T14:00:00Z,132.55853988284483,120.595
2025-11-18T15:00:00Z,150.98965554783422,141.9125
2025-11-18T16:00:00Z,160.77238498451737,151.66
2025-11-18T17:00:00Z,154.66553359944123,143.8025
2025-11-18T18:00:00Z,153.4044176599562,131.15
2025-11-18T19:00:00Z,140.2290888692724,107.13
2025-11-18T20:00:00Z,127.32828958752765,94.6425
2025-11-18T21:00:00Z,118.23105297142749,97.4825
2025-11-18T22:00:00Z,106.82404438816533,89.9625
2025-11-18T23:00:00Z,97.02593613165554,87.3775
2025-11-19T00:00:00Z,89.77914467977273,86.225
2025-11-19T01:00:00Z,89.82857804844593,84.1675
2025-11-19T02:00:00Z,89.76708443433668,83.185
2025-11-19T03:00:00Z,93.72925327711721,84.3925
2025-11-19T04:00:00Z,100.83641066708586,87.0025
2025-11-19T05:00:00Z,109.45684433708809,99.03
2025-11-19T06:00:00Z,122.11735736193205,127.03
2025-11-19T07:00:00Z,122.40704343816162,136.67000000000002
2025-11-19T08:00:00Z,108.21398265439832,115.1625
2025-11-19T09:00:00Z,97.37030066975524,97.5225
2025-11-19T10:00:00Z,90.52505817359598,91.62
2025-11-19T11:00:00Z,90.05092772818303,89.59
2025-11-19T12:00:00Z,95.80465465720495,93.5975
2025-11-19T13:00:00Z,101.25498704752141,104.62
2025-11-19T14:00:00Z,115.96824342061427,113.05
2025-11-19T15:00:00Z,129.314459050602,117.8075
2025-11-19T16:00:00Z,134.95451722012947,127.5675
2025-11-19T17:00:00Z,134.2410750510951,119.19
2025-11-19T18:00:00Z,127.18159852815614,119.05
2025-11-19T19:00:00Z,115.84280472793802,105.6875
2025-11-19T20:00:00Z,103.91192657690661,100.225
2025-11-19T21:00:00Z,100.47658362448666,99.17
2025-11-19T22:00:00Z,90.46794531961629,91.885
2025-11-19T23:00:00Z,77.91479423881688,90.6275
2025-11-20T00:00:00Z,71.22461489130852,88.0925
2025-11-20T01:00:00Z,70.4625001589398,87.0325
2025-11-20T02:00:00Z,72.81989846105941,86.795
2025-11-20T03:00:00Z,79.99800683349811,87.125
2025-11-20T04:00:00Z,95.6449894862293,90.5025
2025-11-20T05:00:00Z,120.33362608954835,103.6825
2025-11-20T06:00:00Z,145.54659028148512,144.4075
2025-11-20T07:00:00Z,150.1449582404855,155.715
2025-11-20T08:00:00Z,137.1417527431746,153.655
2025-11-20T09:00:00Z,127.21764140149385,141.27
2025-11-20T10:00:00Z,123.73624385771271,129.3025
2025-11-20T11:00:00Z,122.73331846864261,125.055
2025-11-20T12:00:00Z,123.1973711756094,126.1
2025-11-20T13:00:00Z,129.57994940882315,134.2025
2025-11-20T14:00:00Z,145.34082839905818,149.685
2025-11-20T15:00:00Z,160.99784219665963,175.82999999999998
2025-11-20T16:00:00Z,164.57245816412143,175.4725
2025-11-20T17:00:00Z,165.96438200655285,163.25
2025-11-20T18:00:00Z,162.4380089348494,156.01749999999998
2025-11-20T19:00:00Z,148.1364128566289,137.1025
2025-11-20T20:00:00Z,138.1833227547989,120.7525
2025-11-20T21:00:00Z,130.33496151791212,108.235
2025-11-20T22:00:00Z,119.82717193208785,93.7625
2025-11-20T23:00:00Z,118.96723386089377,101.5525
2025-11-21T00:00:00Z,112.67522217771955,94.14
2025-11-21T01:00:00Z,112.77715620585678,90.2825
2025-11-21T02:00:00Z,114.21639471663948,90.185
2025-11-21T03:00:00Z,118.9083596830097,93.625
2025-11-21T04:00:00Z,128.21244251998198,101.865
2025-11-21T05:00:00Z,145.2595259644849,133.525
2025-11-21T06:00:00Z,168.40146713945592,180.42
2025-11-21T07:00:00Z,168.12926955763513,205.3825
2025-11-21T08:00:00Z,151.74090713089402,181.83
2025-11-21T09:00:00Z,137.07751252917694,151.015
2025-11-21T10:00:00Z,126.31433573222442,137.72
2025-11-21T11:00:00Z,124.38417341246043,130.3425
2025-11-21T12:00:00Z,127.29301872465088,135.57500000000002
2025-11-21T13:00:00Z,137.30158494421664,153.7525
2025-11-21T14:00:00Z,155.393341124041,196.8375
2025-11-21T15:00:00Z,173.98481323552488,251.87
2025-11-21T16:00:00Z,174.7969228477101,250.0075
2025-11-21T17:00:00Z,173.48691545847572,205.0875
2025-11-21T18:00:00Z,167.2421318911267,171.3675
2025-11-21T19:00:00Z,155.15577378989474,141.95
2025-11-21T20:00:00Z,143.09910230697412,117.3075
2025-11-21T21:00:00Z,133.64852840309487,104.9
2025-11-21T22:00:00Z,118.22572633283093,95.0325
2025-11-21T23:00:00Z,113.05803770923413,102.2475
2025-11-22T00:00:00Z,104.45996473396985,94.6
2025-11-22T01:00:00Z,98.81900792145038,88.44
2025-11-22T02:00:00Z,95.62471159650494,85.2775
2025-11-22T03:00:00Z,93.96376335774845,86.0975
2025-11-22T04:00:00Z,96.57315119200186,85.2775
2025-11-22T05:00:00Z,104.61247911869314,90.5225
2025-11-22T06:00:00Z,118.55804109234269,106.7475
2025-11-22T07:00:00Z,118.2925545296925,104.21
2025-11-22T08:00:00Z,97.88662913329225,89.1175
2025-11-22T09:00:00Z,77.67990626326929,82.00999999999999
2025-11-22T10:00:00Z,69.12120033599999,78.58
2025-11-22T11:00:00Z,64.82652747124621,76.2825
2025-11-22T12:00:00Z,68.88442547714624,75.3675
2025-11-22T13:00:00Z,81.43074258198983,81.645
2025-11-22T14:00:00Z,109.95880514026567,88.965
2025-11-22T15:00:00Z,132.78854403915432,105.0
2025-11-22T16:00:00Z,131.4994861614887,114.455
2025-11-22T17:00:00Z,121.02335253447458,109.2525
2025-11-22T18:00:00Z,106.15550890700783,98.33
2025-11-22T19:00:00Z,89.29648611107055,86.61
2025-11-22T20:00:00Z,75.80115676034323,89.2475
2025-11-22T21:00:00Z,70.63288890729267,89.4275
2025-11-22T22:00:00Z,62.05459492105368,82.23
2025-11-22T23:00:00Z,63.563532039159554,81.5275
2025-11-23T00:00:00Z,54.940327399813896,74.35249999999999
2025-11-23T01:00:00Z,54.48539376364559,70.44
2025-11-23T02:00:00Z,55.46414402810146,63.23
2025-11-23T03:00:00Z,55.02086251593617,60.885
2025-11-23T04:00:00Z,56.26037034628958,64.21
2025-11-23T05:00:00Z,62.14694361753706,62.03
2025-11-23T06:00:00Z,71.63780942758368,67.9825
2025-11-23T07:00:00Z,64.23648426179972,67.8325
2025-11-23T08:00:00Z,48.166723954897236,65.96
2025-11-23T09:00:00Z,40.544068019050826,65.985
2025-11-23T10:00:00Z,39.27183423039424,66.69
2025-11-23T11:00:00Z,43.00081756784038,67.8625
2025-11-23T12:00:00Z,49.187679473329894,65.45750000000001
2025-11-23T13:00:00Z,57.8876372970327,69.42750000000001
2025-11-23T14:00:00Z,72.5857582284884,77.28999999999999
2025-11-23T15:00:00Z,87.61376828216564,77.8875
2025-11-23T16:00:00Z,93.04766693400659,80.84
2025-11-23T17:00:00Z,92.4618889578799,82.54249999999999
2025-11-23T18:00:00Z,88.49826571226765,83.7975
2025-11-23T19:00:00Z,79.41929192747573,77.4125
2025-11-23T20:00:00Z,76.27775552818,74.16
2025-11-23T21:00:00Z,73.37399368279492,75.1675
2025-11-23T22:00:00Z,67.12334063422666,71.2625
2025-11-23T23:00:00Z,63.299789721788216,72.4575
2025-11-24T00:00:00Z,60.700895847812305,70.0625
2025-11-24T01:00:00Z,63.059956239821275,72.255
2025-11-24T02:00:00Z,65.23053152603295,73.275
2025-11-24T03:00:00Z,70.03092913502887,73.755
2025-11-24T04:00:00Z,85.15908183986355,80.065
2025-11-24T05:00:00Z,108.2200033364879,90.3075
2025-11-24T06:00:00Z,129.82116119871384,104.3925
2025-11-24T07:00:00Z,138.8873309568648,107.785
2025-11-24T08:00:00Z,137.80531548154812,110.26
2025-11-24T09:00:00Z,134.71369080078028,117.4475
2025-11-24T10:00:00Z,136.05142842940063,128.0375
2025-11-24T11:00:00Z,137.30897645012965,134.235
2025-11-24T12:00:00Z,138.59056301150252,149.9925
2025-11-24T13:00:00Z,146.62323095624615,173.5375
2025-11-24T14:00:00Z,153.31838183047773,195.8125
2025-11-24T15:00:00Z,157.3261230861765,225.775
2025-11-24T16:00:00Z,165.92315117167732,263.4825
2025-11-24T17:00:00Z,171.69102026482767,230.5875
2025-11-24T18:00:00Z,168.78224706087838,188.305
2025-11-24T19:00:00Z,159.60986591063568,151.185
2025-11-24T20:00:00Z,149.99680057030577,135.235
2025-11-24T21:00:00Z,141.3495797143824,123.035
2025-11-24T22:00:00Z,128.8615789258122,105.405
2025-11-24T23:00:00Z,123.75518129722371,100.9
2025-11-25T00:00:00Z,114.46175896795393,99.1525
2025-11-25T01:00:00Z,115.41918005992393,97.5875
2025-11-25T02:00:00Z,117.56560128449459,96.0975
2025-11-25T03:00:00Z,123.39183798824577,99.51
2025-11-25T04:00:00Z,135.02385938372908,106.73
2025-11-25T05:00:00Z,153.59170328351533,122.4075
2025-11-25T06:00:00Z,170.07390007793785,291.02
2025-11-25T07:00:00Z,175.88289528613183,333.275
2025-11-25T08:00:00Z,173.76131784960853,292.65
2025-11-25T09:00:00Z,170.7365224224435,273.085
2025-11-25T10:00:00Z,170.87798245607854,326.6275
2025-11-25T11:00:00Z,174.8319783653622,351.0
2025-11-25T12:00:00Z,177.38466131912662,317.65250000000003
2025-11-25T13:00:00Z,181.7146392725145,300.0
2025-11-25T14:00:00Z,191.291651912104,309.995
2025-11-25T15:00:00Z,202.76509773328578,325.0825
2025-11-25T16:00:00Z,216.51836477313768,373.3125
2025-11-25T17:00:00Z,210.95474129189446,297.905
2025-11-25T18:00:00Z,199.72114134064924,249.3725
2025-11-25T19:00:00Z,178.93152904317134,172.835
2025-11-25T20:00:00Z,166.52111649885572,135.02
2025-11-25T21:00:00Z,160.74556316926078,119.155
2025-11-25T22:00:00Z,151.83850511971957,102.035
2025-11-25T23:00:00Z,145.69792610755525,92.855
2025-11-26T00:00:00Z,136.6549911920033,89.94999999999999
2025-11-26T01:00:00Z,134.574652293454,88.325
2025-11-26T02:00:00Z,137.47039894293826,89.435
2025-11-26T03:00:00Z,146.1327165260759,89.80250000000001
2025-11-26T04:00:00Z,157.69878174682896,97.25
2025-11-26T05:00:00Z,179.09589619787772,129.8225
2025-11-26T06:00:00Z,230.69128347842206,191.17
2025-11-26T07:00:00Z,246.92049218261178,237.2225
2025-11-26T08:00:00Z,230.6043793151333,211.8475
2025-11-26T09:00:00Z,218.50137552860426,197.1375
2025-11-26T10:00:00Z,225.625680248034,170.4975
2025-11-26T11:00:00Z,229.02563227581126,164.6825
2025-11-26T12:00:00Z,220.4081352022137,168.2375
2025-11-26T13:00:00Z,215.51684015871004,184.49
2025-11-26T14:00:00Z,222.9490719865275,223.7225
2025-11-26T15:00:00Z,227.7755205620997,294.3775
2025-11-26T16:00:00Z,238.5759028897856,294.61
2025-11-26T17:00:00Z,222.59023744083905,228.93
2025-11-26T18:00:00Z,205.06344981437576,183.675
2025-11-26T19:00:00Z,178.6694084228909,141.26
2025-11-26T20:00:00Z,160.31353602675173,114.9475
2025-11-26T21:00:00Z,148.55632702968225,101.9925
2025-11-26T22:00:00Z,131.29918992366638,90.1875
2025-11-26T23:00:00Z,110.61024663379311,89.945
2025-11-27T00:00:00Z,95.03301092528952,84.275
2025-11-27T01:00:00Z,92.15098403314698,79.9475
2025-11-27T02:00:00Z,89.6102457309603,77.3425
2025-11-27T03:00:00Z,89.90487126872378,79.94749999999999
2025-11-27T04:00:00Z,97.90429635667405,82.0775
2025-11-27T05:00:00Z,117.59225349989357,112.22
2025-11-27T06:00:00Z,141.12844405814673,122.0
2025-11-27T07:00:00Z,148.86298385245132,123.105
2025-11-27T08:00:00Z,132.09657783344272,106.9525
2025-11-27T09:00:00Z,118.73020105322013,90.9475
2025-11-27T10:00:00Z,109.04877374037525,88.66499999999999
2025-11-27T11:00:00Z,106.16461257192583,87.0625
2025-11-27T12:00:00Z,107.75607345047514,85.75999999999999
2025-11-27T13:00:00Z,113.8996660412432,89.2475
2025-11-27T14:00:00Z,130.7970930130914,90.6
2025-11-27T15:00:00Z,149.47521771464054,90.43
2025-11-27T16:00:00Z,150.36033707941374,97.5075
2025-11-27T17:00:00Z,134.33090425772772,101.3925
2025-11-27T18:00:00Z,114.36803769242712,88.27
2025-11-27T19:00:00Z,92.43616914691307,85.39750000000001
2025-11-27T20:00:00Z,77.94853271821401,80.625
2025-11-27T21:00:00Z,69.14292892071815,85.105
2025-11-27T22:00:00Z,59.02261696332734,69.45750000000001
2025-11-27T23:00:00Z,57.328893329422996,60.84
2025-11-28T00:00:00Z,53.28886270619268,55.0
2025-11-28T01:00:00Z,54.489308170229485,52.93
2025-11-28T02:00:00Z,60.0960858773246,47.8825
2025-11-28T03:00:00Z,68.01043806835311,58.375
2025-11-28T04:00:00Z,82.00614585818741,61.04
2025-11-28T05:00:00Z,105.32081692888157,82.8625
2025-11-28T06:00:00Z,128.82513742622092,87.82
2025-11-28T07:00:00Z,136.36129539305787,100.475
2025-11-28T08:00:00Z,129.97921363099806,103.4
2025-11-28T09:00:00Z,120.448630348664,97.845
2025-11-28T10:00:00Z,116.60044328286902,102.82
2025-11-28T11:00:00Z,112.7643484646595,98.7125
2025-11-28T12:00:00Z,111.06648912849202,99.45
2025-11-28T13:00:00Z,107.28654633860121,98.79
2025-11-28T14:00:00Z,113.6175217296623,104.67
2025-11-28T15:00:00Z,119.67054688314246,103.4
2025-11-28T16:00:00Z,120.70300382987773,96.1575
2025-11-28T17:00:00Z,119.52300357958057,98.125
2025-11-28T18:00:00Z,108.41753983909389,93.32
2025-11-28T19:00:00Z,91.09385010941547,88.45750000000001
2025-11-28T20:00:00Z,79.83192366793608,85.41
2025-11-28T21:00:00Z,74.73693499027388,85.545
2025-11-28T22:00:00Z,61.39911601065573,77.83
2025-11-28T23:00:00Z,61.549901445896396,81.72999999999999
2025-11-29T00:00:00Z,57.92196421504995,80.89750000000001
2025-11-29T01:00:00Z,60.374483332397276,81.33500000000001
2025-11-29T02:00:00Z,63.48277464022777,82.5575
2025-11-29T03:00:00Z,69.49408173525838,85.6975
2025-11-29T04:00:00Z,76.67295150785485,89.9975
2025-11-29T05:00:00Z,91.13740028455562,90.8875
2025-11-29T06:00:00Z,102.05268122095337,96.175
2025-11-29T07:00:00Z,109.23443048820516,89.15
2025-11-29T08:00:00Z,111.5203629192068,101.5825
2025-11-29T09:00:00Z,106.51446299870148,101.44
2025-11-29T10:00:00Z,102.35038810045708,95.2625
2025-11-29T11:00:00Z,100.94285164613898,86.0975
2025-11-29T12:00:00Z,100.44649233271778,87.9575
2025-11-29T13:00:00Z,98.46827894732223,91.7275
2025-11-29T14:00:00Z,107.59109989330801,102.7225
2025-11-29T15:00:00Z,113.67071918203825,102.645
2025-11-29T16:00:00Z,115.87413643256313,107.085
2025-11-29T17:00:00Z,116.6689655779183,98.13
2025-11-29T18:00:00Z,109.63350315318287,88.43
2025-11-29T19:00:00Z,99.35760632318599,81.1125
2025-11-29T20:00:00Z,88.74510731592457,80.8
2025-11-29T21:00:00Z,86.59325550642066,83.49000000000001
2025-11-29T22:00:00Z,75.79100870599,77.72749999999999
2025-11-29T23:00:00Z,66.79605506434945,75.9725
2025-11-30T00:00:00Z,56.56458836116354,69.7825
2025-11-30T01:00:00Z,54.888845251097315,67.4375
2025-11-30T02:00:00Z,56.66711780007596,65.355
2025-11-30T03:00:00Z,54.87611630352984,67.0
2025-11-30T04:00:00Z,60.19385151518315,74.2925
2025-11-30T05:00:00Z,62.24740474383596,75.5775
2025-11-30T06:00:00Z,72.64157664499544,75.975
2025-11-30T07:00:00Z,72.7938703035217,79.84
2025-11-30T08:00:00Z,74.45560912336886,80.65
2025-11-30T09:00:00Z,72.17309757762666,84.4225
2025-11-30T10:00:00Z,75.66978545529545,81.5425
2025-11-30T11:00:00Z,73.9503157705799,80.695
2025-11-30T12:00:00Z,76.09235775391073,82.5175
2025-11-30T13:00:00Z,82.79301345975196,87.5475
2025-11-30T14:00:00Z,94.50841077911168,93.5775
2025-11-30T15:00:00Z,102.60944606908122,92.81
2025-11-30T16:00:00Z,106.01201945025099,104.0475
2025-11-30T17:00:00Z,108.73815338957526,106.2125
2025-11-30T18:00:00Z,103.20813415135754,104.1275
2025-11-30T19:00:00Z,95.02805879304059,97.525
2025-11-30T20:00:00Z,91.98681248323408,92.93
2025-11-30T21:00:00Z,91.02604451590913,92.5975
2025-11-30T22:00:00Z,82.54465885298268,87.1275
2025-11-30T23:00:00Z,79.99273886304078,87.995
2025-12-01T00:00:00Z,79.87063993523019,86.02250000000001
2025-12-01T01:00:00Z,76.70804980297179,81.34
2025-12-01T02:00:00Z,77.47228463892367,85.14
2025-12-01T03:00:00Z,84.31263205743956,80.2575
2025-12-01T04:00:00Z,103.92147742179046,88.745
2025-12-01T05:00:00Z,127.70644367795896,88.625
2025-12-01T06:00:00Z,139.71273458620152,127.86
2025-12-01T07:00:00Z,141.31555172217062,139.3325
2025-12-01T08:00:00Z,123.53182465506782,105.095
2025-12-01T09:00:00Z,111.25334331577787,93.7325
2025-12-01T10:00:00Z,106.77521955292049,85.96
2025-12-01T11:00:00Z,106.9202599629973,85.01750000000001
2025-12-01T12:00:00Z,110.79608298165795,90.07
2025-12-01T13:00:00Z,111.30386152296302,107.2175
2025-12-01T14:00:00Z,116.72906485804032,120.3225
2025-12-01T15:00:00Z,119.95232415430236,112.965
2025-12-01T16:00:00Z,122.1604168174359,94.4125
2025-12-01T17:00:00Z,121.01254627300062,88.9925
2025-12-01T18:00:00Z,112.18903567881145,86.7675
2025-12-01T19:00:00Z,95.9606121601789,82.3
2025-12-01T20:00:00Z,84.28271153555552,75.95
2025-12-01T21:00:00Z,76.67472383458278,76.43
2025-12-01T22:00:00Z,64.9924550434698,71.80250000000001
2025-12-08T23:00:00Z,59.298596036862556,73.69749999999999
2025-12-09T00:00:00Z,49.043825869207275,72.785
2025-12-09T01:00:00Z,55.96759389112279,73.7125
2025-12-09T02:00:00Z,61.62475502440984,74.845
2025-12-09T03:00:00Z,72.88965816834664,73.72
2025-12-09T04:00:00Z,85.80324232282248,80.205
2025-12-09T05:00:00Z,113.18965648982864,98.8475
2025-12-09T06:00:00Z,133.09840023880065,105.79
2025-12-09T07:00:00Z,136.80673657316822,129.75
2025-12-09T08:00:00Z,124.24274273669745,111.335
2025-12-09T09:00:00Z,107.90196701794446,103.06
2025-12-09T10:00:00Z,97.48564346365934,103.34
2025-12-09T11:00:00Z,96.82990913093388,97.83
2025-12-09T12:00:00Z,101.32879788919087,101.1
2025-12-09T13:00:00Z,106.79076228247374,100.22
2025-12-09T14:00:00Z,115.74067004115388,110.885
2025-12-09T15:00:00Z,118.47610262104222,108.3
2025-12-09T16:00:00Z,117.46082365481335,104.5675
2025-12-09T17:00:00Z,111.43000112473001,96.91
2025-12-09T18:00:00Z,99.8493397848471,85.1025
2025-12-09T19:00:00Z,84.67731362642874,83.67
2025-12-09T20:00:00Z,67.49084574998285,79.35499999999999
2025-12-09T21:00:00Z,59.36733766311264,73.3325
2025-12-09T22:00:00Z,46.16935021000186,55.42
2025-12-09T23:00:00Z,48.35992866589707,43.9
2025-12-10T00:00:00Z,39.838209515397416,36.48
2025-12-10T01:00:00Z,40.21631949985813,31.0
2025-12-10T02:00:00Z,44.35441421398416,35.1125
2025-12-10T03:00:00Z,52.06125910282123,48.09
2025-12-10T04:00:00Z,66.55454325778892,69.65
2025-12-10T05:00:00Z,90.26946053625984,79.12
2025-12-10T06:00:00Z,112.5594735312279,87.505
2025-12-10T07:00:00Z,125.96144642121808,94.3325
2025-12-10T08:00:00Z,114.79202979404997,94.225
2025-12-10T09:00:00Z,103.60384403482526,87.72749999999999
2025-12-10T10:00:00Z,103.63374004618386,80.9975
2025-12-10T11:00:00Z,101.60692727519991,79.5
2025-12-10T12:00:00Z,105.92319551414786,81.4425
2025-12-10T13:00:00Z,111.66764946429859,90.2225
2025-12-10T14:00:00Z,121.57068505700241,100.665
2025-12-10T15:00:00Z,128.54630883776855,104.0025
2025-12-10T16:00:00Z,128.1436899586419,105.6725
2025-12-10T17:00:00Z,123.85782779642247,104.695
2025-12-10T18:00:00Z,116.07437915246315,96.7725
2025-12-10T19:00:00Z,104.16896795203118,87.75
2025-12-10T20:00:00Z,94.58272335068384,86.31
2025-12-10T21:00:00Z,85.91033115282691,82.485
2025-12-10T22:00:00Z,71.69923737671087,76.425
2025-12-10T23:00:00Z,57.85019563501503,73.975
2025-12-11T00:00:00Z,51.0982171102806,73.41749999999999
2025-12-11T01:00:00Z,49.6955502091682,72.515
2025-12-11T02:00:00Z,51.66994676039033,75.2075
2025-12-11T03:00:00Z,59.81026516865357,76.9125
2025-12-11T04:00:00Z,78.65513572567326,80.5925
2025-12-11T05:00:00Z,101.76790424878368,90.09
2025-12-11T06:00:00Z,119.9550889527889,98.11
2025-12-11T07:00:00Z,128.9370817252091,110.3575
2025-12-11T08:00:00Z,121.77132897650992,106.1675
2025-12-11T09:00:00Z,110.26640635900613,93.18
2025-12-11T10:00:00Z,104.1284327051814,91.9175
2025-12-11T11:00:00Z,101.50077899801576,89.4
2025-12-11T12:00:00Z,104.43973583787019,90.22
2025-12-11T13:00:00Z,110.18860807795323,97.7875
2025-12-11T14:00:00Z,123.63397036136598,111.265
2025-12-11T15:00:00Z,134.08181150262624,114.7
2025-12-11T16:00:00Z,137.05886996008704,115.405
2025-12-11T17:00:00Z,139.58395309430506,112.5675
2025-12-11T18:00:00Z,130.80743572280943,107.79
2025-12-11T19:00:00Z,122.45557546179741,103.6425
2025-12-11T20:00:00Z,116.48417658171911,94.3925
2025-12-11T21:00:00Z,112.25404360420302,93.585
2025-12-11T22:00:00Z,102.41437718436727,93.735
2025-12-11T23:00:00Z,96.56062446952319,83.78
2025-12-12T00:00:00Z,93.4309956880116,86.22
2025-12-12T01:00:00Z,94.79506492417144,87.9
2025-12-12T02:00:00Z,98.76006932761152,90.1825
2025-12-12T03:00:00Z,105.35855683676428,90.7075
2025-12-12T04:00:00Z,116.15713067437395,92.2125
2025-12-12T05:00:00Z,136.20005984687586,101.2275
2025-12-12T06:00:00Z,152.72915219087741,121.325
2025-12-12T07:00:00Z,160.5289674490129,130.8525
2025-12-12T08:00:00Z,153.44688628330871,126.9025
2025-12-12T09:00:00Z,142.85048898568567,121.955
2025-12-12T10:00:00Z,138.66134782386484,118.305
2025-12-12T11:00:00Z,138.45078356442644,113.0675
2025-12-12T12:00:00Z,143.70919199018567,118.26
2025-12-12T13:00:00Z,150.24396637667974,126.8225
2025-12-12T14:00:00Z,162.76540955306376,131.9475
2025-12-12T15:00:00Z,170.36381727964766,145.4875
2025-12-12T16:00:00Z,173.86582867561674,146.825
2025-12-12T17:00:00Z,175.371130681587,133.1
2025-12-12T18:00:00Z,166.65714467813922,128.0575
2025-12-12T19:00:00Z,151.14365704891014,117.0025
2025-12-12T20:00:00Z,140.5440781622491,114.93
2025-12-12T21:00:00Z,132.9171404547871,103.82
2025-12-12T22:00:00Z,119.49003940051013,91.7525
2025-12-12T23:00:00Z,105.29457496658003,92.2825
2025-12-13T00:00:00Z,99.58295353357096,90.5025
2025-12-13T01:00:00Z,97.16075699886255,87.39
2025-12-13T02:00:00Z,95.05919401855209,87.0425
2025-12-13T03:00:00Z,89.9133936054592,85.0
2025-12-13T04:00:00Z,96.43124716653915,84.66749999999999
2025-12-13T05:00:00Z,106.14821737031332,79.1425
2025-12-13T06:00:00Z,116.99882844157183,81.135
2025-12-13T07:00:00Z,127.50317544515958,95.9525
2025-12-13T08:00:00Z,129.08861693749427,106.77
2025-12-13T09:00:00Z,127.06013969119164,102.585
2025-12-13T10:00:00Z,125.7336768595457,98.0925
2025-12-13T11:00:00Z,123.33559594975665,93.7575
2025-12-13T12:00:00Z,124.3122563459527,92.935
2025-12-13T13:00:00Z,124.67894015401353,95.7575
2025-12-13T14:00:00Z,132.39233391187315,114.6575
2025-12-13T15:00:00Z,142.9672476695398,119.7075
2025-12-13T16:00:00Z,144.07888512797172,118.4475
2025-12-13T17:00:00Z,140.78189261536212,112.255
2025-12-13T18:00:00Z,134.12109202550607,103.63
2025-12-13T19:00:00Z,121.05566662617528,91.7075
2025-12-13T20:00:00Z,109.23131263241146,90.5575
2025-12-13T21:00:00Z,100.72296665934614,93.685
2025-12-13T22:00:00Z,88.92429546255234,84.3875
2025-12-13T23:00:00Z,83.86709705342068,91.195
2025-12-14T00:00:00Z,72.6529027797588,90.5225
2025-12-14T01:00:00Z,71.32453750017811,81.9
2025-12-14T02:00:00Z,70.51961795467582,79.95
2025-12-14T03:00:00Z,71.10937975469217,77.305
2025-12-14T04:00:00Z,68.28432260023659,78.7625
2025-12-14T05:00:00Z,65.54023759032358,77.175
2025-12-14T06:00:00Z,74.83346042738816,77.4725
2025-12-14T07:00:00Z,83.34406714518663,81.76
2025-12-14T08:00:00Z,87.16442595846888,82.345
2025-12-14T09:00:00Z,83.30499654669188,80.005
2025-12-14T10:00:00Z,82.41090206628385,84.0775
2025-12-14T11:00:00Z,79.41746189232524,87.27250000000001
2025-12-14T12:00:00Z,78.27863253307129,86.95750000000001
2025-12-14T13:00:00Z,81.01388352859651,88.65
2025-12-14T14:00:00Z,91.69400693593028,92.0975
2025-12-14T15:00:00Z,98.98496092162972,99.2825
2025-12-14T16:00:00Z,102.57080773095183,102.785
2025-12-14T17:00:00Z,101.37114803451972,103.2925
2025-12-14T18:00:00Z,94.5532700251119,92.99
2025-12-14T19:00:00Z,84.8811155639425,90.3975
2025-12-14T20:00:00Z,77.4620614435651,84.4025
2025-12-14T21:00:00Z,74.95401352754457,82.65
2025-12-14T22:00:00Z,67.51769936559494,75.75
2025-12-14T23:00:00Z,62.5660634314637,72.5
2025-12-15T00:00:00Z,59.58075131530151,71.8775
2025-12-15T01:00:00Z,58.24465252991714,71.0375
2025-12-15T02:00:00Z,60.882890170225046,70.6675
2025-12-15T03:00:00Z,66.41940622287254,75.28
2025-12-15T04:00:00Z,84.28891381306634,76.8025
2025-12-15T05:00:00Z,108.56589750045087,86.525
2025-12-15T06:00:00Z,127.5416629847198,98.79
2025-12-15T07:00:00Z,132.12209311039987,101.1275
2025-12-15T08:00:00Z,119.53084049233689,96.65
2025-12-15T09:00:00Z,105.1843782858013,89.61500000000001
2025-12-15T10:00:00Z,100.95053462470256,79.7225
2025-12-15T11:00:00Z,100.41070345862113,79.77
2025-12-15T12:00:00Z,105.14614506269157,88.26
2025-12-15T13:00:00Z,111.81823775744267,95.4375
2025-12-15T14:00:00Z,125.38245410729516,107.3
2025-12-15T15:00:00Z,131.65308795909948,108.655
2025-12-15T16:00:00Z,132.54792974226717,104.2125
2025-12-15T17:00:00Z,132.69226635606228,98.1575
2025-12-15T18:00:00Z,126.28126097530931,90.4175
2025-12-15T19:00:00Z,116.19500771653256,84.25
2025-12-15T20:00:00Z,103.79764068651922,85.17
2025-12-15T21:00:00Z,98.31414196261058,84.9775
2025-12-15T22:00:00Z,86.17386713418475,80.4625
2025-12-15T23:00:00Z,85.42935894012234,80.67
2025-12-16T00:00:00Z,79.54276870615881,79.05250000000001
2025-12-16T01:00:00Z,82.51529606322366,77.0975
2025-12-16T02:00:00Z,86.23792238912769,79.0525
2025-12-16T03:00:00Z,88.60625883273336,80.3875
2025-12-16T04:00:00Z,97.87068308765154,82.3125
2025-12-16T05:00:00Z,118.57723188412248,88.4
2025-12-16T06:00:00Z,136.3041780777379,91.385
2025-12-16T07:00:00Z,142.73322905572792,100.4675
2025-12-16T08:00:00Z,130.24178280682887,101.265
2025-12-16T09:00:00Z,117.27325333968727,92.345
2025-12-16T10:00:00Z,110.67787509597372,90.6075
2025-12-16T11:00:00Z,113.97447948079858,91.5125
2025-12-16T12:00:00Z,124.35534511786409,99.885
2025-12-16T13:00:00Z,135.07980357982765,124.3975
2025-12-16T14:00:00Z,154.19471989412034,139.3775
2025-12-16T15:00:00Z,160.20637493663034,155.3125
2025-12-16T16:00:00Z,162.48573079180875,162.20499999999998
2025-12-16T17:00:00Z,162.92356334359238,142.25
2025-12-16T18:00:00Z,157.6441654173451,137.0975
2025-12-16T19:00:00Z,147.5985518965278,128.85
2025-12-16T20:00:00Z,139.58023792948532,118.9425
2025-12-16T21:00:00Z,131.3356403485383,115.575
2025-12-16T22:00:00Z,122.33345290477453,103.42
2025-12-16T23:00:00Z,103.1642149474146,89.0025
2025-12-17T00:00:00Z,96.14390793126746,89.79
2025-12-17T01:00:00Z,96.7602254903628,86.4925
2025-12-17T02:00:00Z,100.7333149350034,85.025
2025-12-17T03:00:00Z,104.95067359856586,88.0775
2025-12-17T04:00:00Z,115.02742269309496,90.4975
2025-12-17T05:00:00Z,132.96450718933139,95.4875
2025-12-17T06:00:00Z,148.80303262818967,108.825
2025-12-17T07:00:00Z,154.47072783669762,133.46
2025-12-17T08:00:00Z,142.99925354086088,126.295
2025-12-17T09:00:00Z,129.0901576519289,124.535
2025-12-17T10:00:00Z,125.66423406035993,118.15
2025-12-17T11:00:00Z,127.60687199715287,111.895
2025-12-17T12:00:00Z,133.77745811462245,122.6575
2025-12-17T13:00:00Z,143.72542847315106,129.97
2025-12-17T14:00:00Z,156.56321563242284,127.5025
2025-12-17T15:00:00Z,163.4634218518842,126.4975
2025-12-17T16:00:00Z,163.73856112211593,122.825
2025-12-17T17:00:00Z,155.5835274182565,111.4
2025-12-17T18:00:00Z,146.5416483690652,97.505
2025-12-17T19:00:00Z,130.7849717975074,94.71
2025-12-17T20:00:00Z,116.59096669031601,94.7025
2025-12-17T21:00:00Z,102.34237300907753,93.2175
2025-12-17T22:00:00Z,85.0466520111341,85.0
2025-12-17T23:00:00Z,68.98210071661526,77.755
2025-12-18T00:00:00Z,57.832685607900366,69.065
2025-12-18T01:00:00Z,52.27796263777881,60.1275
2025-12-18T02:00:00Z,49.46964814953764,48.89
2025-12-18T03:00:00Z,50.18993793578907,44.8175
2025-12-18T04:00:00Z,55.40008098865675,50.8275
2025-12-18T05:00:00Z,67.82131071619287,63.24250000000001
2025-12-18T06:00:00Z,83.51182414600548,81.525
2025-12-18T07:00:00Z,91.71270657200631,90.7425
2025-12-18T08:00:00Z,80.7430732291982,88.5575
2025-12-18T09:00:00Z,69.30245812374638,78.2825
2025-12-18T10:00:00Z,63.87066357289806,78.2875
2025-12-18T11:00:00Z,64.8177211163327,77.4225
2025-12-18T12:00:00Z,72.24540628799133,79.47749999999999
2025-12-18T13:00:00Z,84.73105689541151,103.755
2025-12-18T14:00:00Z,97.89182458557056,114.4925
2025-12-18T15:00:00Z,102.37732686957088,110.8825
2025-12-18T16:00:00Z,98.65667118278186,103.4175
2025-12-18T17:00:00Z,91.60682807177115,88.255
2025-12-18T18:00:00Z,77.83028620676566,80.14
2025-12-18T19:00:00Z,60.43493899111753,67.6825
2025-12-18T20:00:00Z,51.479411348098274,53.255
2025-12-18T21:00:00Z,47.04197356171348,51.8
2025-12-18T22:00:00Z,38.47601327804399,18.6525
2025-12-18T23:00:00Z,33.36906660061978,9.84
2025-12-19T00:00:00Z,25.595777468650333,5.8575
2025-12-19T01:00:00Z,24.460696905664086,4.33
2025-12-19T02:00:00Z,25.683920265551244,3.515
2025-12-19T03:00:00Z,35.16394235630979,4.115
2025-12-19T04:00:00Z,49.7897299172199,10.775
2025-12-19T05:00:00Z,73.0365252126644,40.28
2025-12-19T06:00:00Z,97.64350120023951,76.7125
2025-12-19T07:00:00Z,108.47425592937294,89.5425
2025-12-19T08:00:00Z,102.5149371307614,89.38499999999999
2025-12-19T09:00:00Z,93.19136978408905,89.23
2025-12-19T10:00:00Z,91.40875080296641,87.49000000000001
2025-12-19T11:00:00Z,94.79840276359894,84.57249999999999
2025-12-19T12:00:00Z,100.55317392586798,87.625
2025-12-19T13:00:00Z,109.32968667739428,93.3475
2025-12-19T14:00:00Z,118.00436536329335,97.4025
2025-12-19T15:00:00Z,125.41252101435877,100.3325
2025-12-19T16:00:00Z,127.00787792743996,106.905
2025-12-19T17:00:00Z,125.96655589672005,107.48
2025-12-19T18:00:00Z,122.56905611586265,105.1225
2025-12-19T19:00:00Z,110.04047566010601,102.91
2025-12-19T20:00:00Z,98.85715965359876,98.4625
2025-12-19T21:00:00Z,94.93012233127553,96.2775
2025-12-19T22:00:00Z,83.29867895412765,90.18
2025-12-19T23:00:00Z,79.38652179116369,84.8125
2025-12-20T00:00:00Z,80.33614803411068,83.4
2025-12-20T01:00:00Z,80.29331677399132,85.0025
2025-12-20T02:00:00Z,82.83941719686725,87.4875
2025-12-20T03:00:00Z,82.71377375103748,88.46000000000001
2025-12-20T04:00:00Z,88.02432653690475,89.915
2025-12-20T05:00:00Z,98.3579685668387,95.975
2025-12-20T06:00:00Z,113.15582615735515,104.0
2025-12-20T07:00:00Z,125.50938566058596,113.2075
2025-12-20T08:00:00Z,126.06820075414605,114.8
2025-12-20T09:00:00Z,122.44541445842225,112.6675
2025-12-20T10:00:00Z,117.71998439061217,110.9875
2025-12-20T11:00:00Z,115.97779508967882,110.2675
2025-12-20T12:00:00Z,117.32711429288631,114.9825
2025-12-20T13:00:00Z,121.72119599761366,119.4825
2025-12-20T14:00:00Z,132.30189278032844,120.6375
2025-12-20T15:00:00Z,139.13702745240826,120.205
2025-12-20T16:00:00Z,143.07584336432978,122.3925
2025-12-20T17:00:00Z,143.95877318071547,118.265
2025-12-20T18:00:00Z,136.8560547848415,104.11
2025-12-20T19:00:00Z,125.35677051196667,96.3825
2025-12-20T20:00:00Z,115.131967455712,93.01
2025-12-20T21:00:00Z,106.58065937367705,92.245
2025-12-20T22:00:00Z,95.38013065826318,90.6725
2025-12-20T23:00:00Z,96.48855104272474,95.7
2025-12-21T00:00:00Z,85.19293170042148,90.045
2025-12-21T01:00:00Z,84.19133154771853,86.485
2025-12-21T02:00:00Z,83.49076999887315,85.39500000000001
2025-12-21T03:00:00Z,84.27028464354608,85.6275
2025-12-21T04:00:00Z,86.67785511040717,86.825
2025-12-21T05:00:00Z,92.38956935072555,88.14
2025-12-21T06:00:00Z,99.2207971896103,92.8525
2025-12-21T07:00:00Z,105.59807143394448,102.1475
2025-12-21T08:00:00Z,104.28278093452808,107.01
2025-12-21T09:00:00Z,97.61711423867307,102.5825
2025-12-21T10:00:00Z,93.37015016103645,101.3
2025-12-21T11:00:00Z,89.61680189792621,98.4825
2025-12-21T12:00:00Z,90.91887355671746,94.8675
2025-12-21T13:00:00Z,93.244885756065,98.8925
2025-12-21T14:00:00Z,100.36643994481261,100.87
2025-12-21T15:00:00Z,101.72141969673375,97.515
2025-12-21T16:00:00Z,101.58067725732113,97.0675
2025-12-21T17:00:00Z,97.88833175861285,90.795
2025-12-21T18:00:00Z,89.39057380348893,86.14
2025-12-21T19:00:00Z,79.3444537668011,81.655
2025-12-21T20:00:00Z,70.02113774533784,78.8625
2025-12-21T21:00:00Z,65.07066994206522,77.495
2025-12-21T22:00:00Z,58.345108917955656,70.905
2025-12-21T23:00:00Z,56.57634051011566,70.22749999999999
2025-12-22T00:00:00Z,51.800273948351204,68.8275
2025-12-22T01:00:00Z,54.055087049808336,67.785
2025-12-22T02:00:00Z,57.227031062162624,66.31
2025-12-22T03:00:00Z,62.49813869935366,71.5175
2025-12-22T04:00:00Z,76.7121513039338,74.1125
2025-12-22T05:00:00Z,97.64660691065012,78.1875
2025-12-22T06:00:00Z,114.2580805991174,90.4475
2025-12-22T07:00:00Z,121.29775043526566,93.3425
2025-12-22T08:00:00Z,118.90715103909626,90.7925
2025-12-22T09:00:00Z,111.10340666087264,89.2475
2025-12-22T10:00:00Z,107.74966877119094,85.0
2025-12-22T11:00:00Z,105.97306706354158,86.34
2025-12-22T12:00:00Z,103.84393985462592,88.615
2025-12-22T13:00:00Z,105.86369266464649,92.1225
2025-12-22T14:00:00Z,112.07678758136699,99.5375
2025-12-22T15:00:00Z,113.99485436527667,101.18
2025-12-22T16:00:00Z,115.22268914436151,107.8925
2025-12-22T17:00:00Z,115.8875633150965,100.9
2025-12-22T18:00:00Z,111.67036412080397,93.79
2025-12-22T19:00:00Z,104.11987448405907,89.47749999999999
2025-12-22T20:00:00Z,95.18652481044668,84.86
2025-12-22T21:00:00Z,89.12004069226163,84.8225
2025-12-22T22:00:00Z,75.23310006618861,77.9675
2025-12-22T23:00:00Z,65.6372163176495,72.2325
2025-12-23T00:00:00Z,54.911265180231425,65.0325
2025-12-23T01:00:00Z,53.81075024887075,62.005
2025-12-23T02:00:00Z,53.95595398154089,59.06
2025-12-23T03:00:00Z,57.59634634952289,58.1125
2025-12-23T04:00:00Z,67.04514887295124,59.0225
2025-12-23T05:00:00Z,81.42298476404879,67.8475
2025-12-23T06:00:00Z,95.10780336791036,78.0175
2025-12-23T07:00:00Z,101.29752476832863,83.875
2025-12-23T08:00:00Z,98.62225811300168,85.465
2025-12-23T09:00:00Z,88.16850860965087,83.8375
2025-12-23T10:00:00Z,84.09850222577225,81.86749999999999
2025-12-23T11:00:00Z,82.83241679764808,80.485
2025-12-23T12:00:00Z,82.3449884963394,79.2125
2025-12-23T13:00:00Z,82.10227778239587,79.215
2025-12-23T14:00:00Z,88.67416180553883,81.8275
2025-12-23T15:00:00Z,92.61154922350238,83.6875
2025-12-23T16:00:00Z,93.9709772978667,82.4675
2025-12-23T17:00:00Z,89.50566539182734,83.945
2025-12-23T18:00:00Z,85.68756801862317,82.465
2025-12-23T19:00:00Z,78.85755417588007,78.005
2025-12-23T20:00:00Z,70.2689126395897,69.93
2025-12-23T21:00:00Z,68.11806196598927,71.83500000000001
2025-12-23T22:00:00Z,60.91956442868482,64.0925
2025-12-23T23:00:00Z,47.10648766559652,60.2475
2025-12-24T00:00:00Z,39.481776306999606,55.8625
2025-12-24T01:00:00Z,40.9313847794793,56.8
2025-12-24T02:00:00Z,44.94182533800783,55.84
2025-12-24T03:00:00Z,46.93377194004589,55.8475
2025-12-24T04:00:00Z,49.46643377566994,55.85
2025-12-24T05:00:00Z,55.824823415095736,57.215
2025-12-24T06:00:00Z,70.78871403269692,67.44500000000001
2025-12-24T07:00:00Z,80.71806294386413,81.0
2025-12-24T08:00:00Z,81.8212641448759,82.47
2025-12-24T09:00:00Z,72.52998967660717,76.02250000000001
2025-12-24T10:00:00Z,67.95264992350914,69.2875
2025-12-24T11:00:00Z,63.50490474115719,68.5125
2025-12-24T12:00:00Z,61.741234627557624,67.9875
2025-12-24T13:00:00Z,63.690836226404166,73.7575
2025-12-24T14:00:00Z,73.7875472357053,83.0525
2025-12-24T15:00:00Z,79.55654548444676,87.9
2025-12-24T16:00:00Z,80.72170263434079,89.1325
2025-12-24T17:00:00Z,81.42681965736602,78.9075
2025-12-24T18:00:00Z,74.02578181647657,71.77250000000001
2025-12-24T19:00:00Z,64.5198908300677,68.1575
2025-12-24T20:00:00Z,60.52506702131817,67.9875
2025-12-24T21:00:00Z,59.157847636183895,69.0075
2025-12-24T22:00:00Z,50.70101968561548,65.1625
2025-12-24T23:00:00Z,41.02831727616763,63.22
2025-12-25T00:00:00Z,33.044758861561874,58.4425
2025-12-25T01:00:00Z,31.824265288643943,56.8575
2025-12-25T02:00:00Z,34.16248410788472,55.845
2025-12-25T03:00:00Z,35.7694122721703,54.53
2025-12-25T04:00:00Z,38.19722093352248,52.605
2025-12-25T05:00:00Z,40.05239082368539,49.165
2025-12-25T06:00:00Z,50.67742533233221,54.0275
2025-12-25T07:00:00Z,59.54611243844599,64.205
2025-12-25T08:00:00Z,53.49047799590922,64.7075
2025-12-25T09:00:00Z,42.77219849289842,53.765
2025-12-25T10:00:00Z,39.35658579187497,48.9825
2025-12-25T11:00:00Z,37.44674005183745,48.4875
2025-12-25T12:00:00Z,41.134805175646164,47.865
2025-12-25T13:00:00Z,53.17297925007462,68.5475
2025-12-25T14:00:00Z,72.22345420519443,89.41499999999999
2025-12-25T15:00:00Z,83.08115859947088,92.235
2025-12-25T16:00:00Z,86.62974143014742,94.005
2025-12-25T17:00:00Z,88.89693062976578,94.055
2025-12-25T18:00:00Z,89.83067440788646,91.715
2025-12-25T19:00:00Z,86.35478216495753,91.0325
2025-12-25T20:00:00Z,83.64659864694437,92.7
2025-12-25T21:00:00Z,82.23747990432159,96.1525
2025-12-25T22:00:00Z,74.31570773893822,91.47
2025-12-25T23:00:00Z,75.59079661285404,97.1
2025-12-26T00:00:00Z,67.16546428947503,91.0525
2025-12-26T01:00:00Z,66.11791474550313,85.8175
2025-12-26T02:00:00Z,66.34511717430617,83.05250000000001
2025-12-26T03:00:00Z,68.79757276956207,82.3925
2025-12-26T04:00:00Z,71.21232951426036,82.83500000000001
2025-12-26T05:00:00Z,72.87583230116587,85.02
2025-12-26T06:00:00Z,81.60842592693116,93.115
2025-12-26T07:00:00Z,87.11850842303855,98.9
2025-12-26T08:00:00Z,80.78865954408026,96.73
2025-12-26T09:00:00Z,64.54119478570391,89.25
2025-12-26T10:00:00Z,60.125017827504465,84.9925
2025-12-26T11:00:00Z,59.374769447280926,82.3125
2025-12-26T12:00:00Z,61.59596498367494,83.0975
2025-12-26T13:00:00Z,75.77128979426841,92.7
2025-12-26T14:00:00Z,97.79638460147542,109.1425
2025-12-26T15:00:00Z,108.28146109541316,116.7725
2025-12-26T16:00:00Z,113.03284530105938,120.47
2025-12-26T17:00:00Z,116.30205451156482,116.9725
2025-12-26T18:00:00Z,114.22764089183579,116.2625
2025-12-26T19:00:00Z,109.59099446425853,113.725
2025-12-26T20:00:00Z,105.59457830251327,111.5
2025-12-26T21:00:00Z,102.90336399306354,108.255
2025-12-26T22:00:00Z,93.88341688983039,99.3675
2025-12-26T23:00:00Z,98.10467920318719,96.69
2025-12-27T00:00:00Z,92.45785883208683,91.725
2025-12-27T01:00:00Z,89.20697831142286,84.7075
2025-12-27T02:00:00Z,84.50883863979986,82.7175
2025-12-27T03:00:00Z,83.20433947715487,83.9975
2025-12-27T04:00:00Z,85.18761183725644,83.17
2025-12-27T05:00:00Z,87.32982010290382,88.015
2025-12-27T06:00:00Z,92.54647632002353,99.505
2025-12-27T07:00:00Z,97.91232280027566,102.32
2025-12-27T08:00:00Z,88.25949948793169,93.81
2025-12-27T09:00:00Z,74.5545248031992,80.0325
2025-12-27T10:00:00Z,63.42322895377756,75.395
2025-12-27T11:00:00Z,54.42703578611167,74.54
2025-12-27T12:00:00Z,54.00148425938594,76.7375
2025-12-27T13:00:00Z,61.1997781541625,81.19999999999999
2025-12-27T14:00:00Z,75.79618804744676,94.5425
2025-12-27T15:00:00Z,93.54460733633364,103.0075
2025-12-27T16:00:00Z,96.53277564922917,105.925
2025-12-27T17:00:00Z,99.47413375824578,108.4275
2025-12-27T18:00:00Z,96.53438730260204,105.0
2025-12-27T19:00:00Z,93.4186698210165,102.5875
2025-12-27T20:00:00Z,91.98037219416476,93.895
2025-12-27T21:00:00Z,90.92495121977335,95.4175
2025-12-27T22:00:00Z,85.11369938469304,91.295
2025-12-27T23:00:00Z,83.622860458097,84.33500000000001
2025-12-28T00:00:00Z,75.83336353635171,83.37
2025-12-28T01:00:00Z,77.79962659854112,79.96000000000001
2025-12-28T02:00:00Z,83.39909121297784,78.8175
2025-12-28T03:00:00Z,89.12540938832133,80.4475
2025-12-28T04:00:00Z,95.09964102650046,83.61
2025-12-28T05:00:00Z,102.7218520800313,86.47749999999999
2025-12-28T06:00:00Z,117.29127488346352,92.15
2025-12-28T07:00:00Z,120.55746495568336,97.3625
2025-12-28T08:00:00Z,114.14568590746592,96.565
2025-12-28T09:00:00Z,97.56738598132114,88.2125
2025-12-28T10:00:00Z,90.106234164245,88.3675
2025-12-28T11:00:00Z,86.46120026103262,80.0225
2025-12-28T12:00:00Z,86.50548800387814,80.025
2025-12-28T13:00:00Z,93.93633223145736,86.6775
2025-12-28T14:00:00Z,115.58757755319427,100.87
2025-12-28T15:00:00Z,127.15415419753296,110.8825
2025-12-28T16:00:00Z,132.14591386410677,113.7025
2025-12-28T17:00:00Z,132.68729818191827,114.455
2025-12-28T18:00:00Z,120.5810838438218,109.3325
2025-12-28T19:00:00Z,109.38041091882083,105.01
2025-12-28T20:00:00Z,96.21458171749788,99.0275
2025-12-28T21:00:00Z,90.7932472983163,98.2825
2025-12-28T22:00:00Z,79.39444324386217,88.44
2025-12-28T23:00:00Z,72.1160351706027,89.88
2025-12-29T00:00:00Z,64.11531769032277,84.98249999999999
2025-12-29T01:00:00Z,58.18627921435759,84.1825
2025-12-29T02:00:00Z,55.92143360294589,82.19
2025-12-29T03:00:00Z,58.6229252119763,83.6225
2025-12-29T04:00:00Z,74.23450885925577,90.7925
2025-12-29T05:00:00Z,94.45755067813357,96.3325
2025-12-29T06:00:00Z,113.35852452195867,104.7175
2025-12-29T07:00:00Z,119.50080754317949,113.8775
2025-12-29T08:00:00Z,111.30916872397448,111.01
2025-12-29T09:00:00Z,99.6277703539063,97.645
2025-12-29T10:00:00Z,91.72959739363486,90.345
2025-12-29T11:00:00Z,87.39574656731013,87.6575
2025-12-29T12:00:00Z,87.47409696337635,88.52250000000001
2025-12-29T13:00:00Z,91.74402952340004,96.1025
2025-12-29T14:00:00Z,101.91447092046535,103.5075
2025-12-29T15:00:00Z,106.74581327062086,108.655
2025-12-29T16:00:00Z,111.02854437781775,107.0075
2025-12-29T17:00:00Z,113.64355705380481,103.3075
2025-12-29T18:00:00Z,108.57182067048103,95.1475
2025-12-29T19:00:00Z,100.45481258810966,90.3725
2025-12-29T20:00:00Z,91.24620391419433,83.245
2025-12-29T21:00:00Z,87.81185413702644,87.91499999999999
2025-12-29T22:00:00Z,74.84416688315147,83.3425
2025-12-29T23:00:00Z,70.7545343923562,77.8625
2025-12-30T00:00:00Z,60.98415800342078,73.215
2025-12-30T01:00:00Z,63.27658142342987,71.855
2025-12-30T02:00:00Z,65.19580247166377,69.3575
2025-12-30T03:00:00Z,66.77422375617591,68.5375
2025-12-30T04:00:00Z,75.77779834109532,71.99
2025-12-30T05:00:00Z,93.4433943590041,80.02
2025-12-30T06:00:00Z,107.53298404548215,87.97
2025-12-30T07:00:00Z,115.48107016876646,94.8775
2025-12-30T08:00:00Z,105.3929883084178,94.3925
2025-12-30T09:00:00Z,93.49010672530035,85.82
2025-12-30T10:00:00Z,87.942985021635,79.38
2025-12-30T11:00:00Z,84.81547051279423,76.155
2025-12-30T12:00:00Z,86.30377493897981,76.7575
2025-12-30T13:00:00Z,97.78017046719347,88.9675
2025-12-30T14:00:00Z,117.09781210358085,102.325
2025-12-30T15:00:00Z,131.1190451989516,109.1
2025-12-30T16:00:00Z,130.32837114371904,110.715
2025-12-30T17:00:00Z,134.44783376349272,109.12
2025-12-30T18:00:00Z,128.47443738200155,105.6075
2025-12-30T19:00:00Z,121.53328697459517,101.04
2025-12-30T20:00:00Z,112.89569714475762,93.3225
2025-12-30T21:00:00Z,109.13752236617982,92.045
2025-12-30T22:00:00Z,95.13243522938225,85.8075
2025-12-30T23:00:00Z,85.60273568589315,88.0825
2025-12-31T00:00:00Z,74.4991308209282,84.3375
2025-12-31T01:00:00Z,71.06332007544168,80.2125
2025-12-31T02:00:00Z,67.64678724175872,76.58
2025-12-31T03:00:00Z,63.171730683580364,74.9325
2025-12-31T04:00:00Z,63.12754655351959,77.3775
2025-12-31T05:00:00Z,69.98022594082707,81.86749999999999
2025-12-31T06:00:00Z,80.353195173778,85.2825
2025-12-31T07:00:00Z,86.47379479402386,95.7925
2025-12-31T08:00:00Z,84.28206291954999,95.335
2025-12-31T09:00:00Z,74.94002424950222,89.26249999999999
2025-12-31T10:00:00Z,71.41532778521248,83.48
2025-12-31T11:00:00Z,71.02199628936154,83.0475
2025-12-31T12:00:00Z,69.00707501612457,85.17
2025-12-31T13:00:00Z,74.02898992945758,85.17750000000001
2025-12-31T14:00:00Z,87.82242438786407,90.8325
2025-12-31T15:00:00Z,93.76883865595298,100.705
2025-12-31T16:00:00Z,98.9524469741968,110.1
2025-12-31T17:00:00Z,102.14849867908163,107.5275
2025-12-31T18:00:00Z,95.2381489870651,95.99
2025-12-31T19:00:00Z,84.45055768255506,86.8025
2025-12-31T20:00:00Z,76.3115672452235,79.7975
2025-12-31T21:00:00Z,67.56912388331301,81.39
2025-12-31T22:00:00Z,57.122246695188124,76.4475
2025-12-31T23:00:00Z,42.44587822203547,58.2775
2026-01-19T23:00:00Z,129.11166856453326,115.06
2026-01-20T00:00:00Z,121.38737351616777,114.335
2026-01-20T01:00:00Z,123.2122185694057,110.355
2026-01-20T02:00:00Z,125.52656603332467,109.8675
2026-01-20T03:00:00Z,129.0044627539881,113.1725
2026-01-20T04:00:00Z,138.37270817501397,125.28
2026-01-20T05:00:00Z,160.06751898891247,190.105
2026-01-20T06:00:00Z,181.96746976940005,240.8775
2026-01-20T07:00:00Z,188.73745492983525,262.785
2026-01-20T08:00:00Z,170.42876426395296,179.535
2026-01-20T09:00:00Z,146.97375896802146,132.17
2026-01-20T10:00:00Z,132.38120046369232,107.9525
2026-01-20T11:00:00Z,126.90438178406316,103.6225
2026-01-20T12:00:00Z,131.66244646359058,105.755
2026-01-20T13:00:00Z,145.2736087784845,136.7225
2026-01-20T14:00:00Z,167.09636639773876,178.26
2026-01-20T15:00:00Z,185.87675779697088,276.735
2026-01-20T16:00:00Z,193.47964322873423,249.63
2026-01-20T17:00:00Z,188.08122734589307,193.925
2026-01-20T18:00:00Z,177.36142065186908,181.9175
2026-01-20T19:00:00Z,162.51568742280267,155.10000000000002
2026-01-20T20:00:00Z,149.97793294761135,139.89
2026-01-20T21:00:00Z,143.2063797903361,117.1925
2026-01-20T22:00:00Z,133.38437971824317,107.8375
2026-01-20T23:00:00Z,124.04271687088463,101.49
2026-01-21T00:00:00Z,115.5553435932164,101.7175
2026-01-21T01:00:00Z,113.74843874857658,98.7575
2026-01-21T02:00:00Z,114.93674194382058,100.91
2026-01-21T03:00:00Z,117.45509837364725,98.845
2026-01-21T04:00:00Z,126.03825734176047,98.6925
2026-01-21T05:00:00Z,152.2142533925021,107.8725
2026-01-21T06:00:00Z,176.92899890590056,160.0
2026-01-21T07:00:00Z,182.54502637796872,176.3975
2026-01-21T08:00:00Z,149.15630074164613,142.89249999999998
2026-01-21T09:00:00Z,120.62584145916489,118.3
2026-01-21T10:00:00Z,106.67974537965598,100.9925
2026-01-21T11:00:00Z,101.73308598693528,99.13
2026-01-21T12:00:00Z,105.00566670162482,103.475
2026-01-21T13:00:00Z,117.80776806554559,108.6225
2026-01-21T14:00:00Z,139.99147125898241,126.9275
2026-01-21T15:00:00Z,172.1909351749518,145.035
2026-01-21T16:00:00Z,170.46920635888875,139.11
2026-01-21T17:00:00Z,158.68249246481787,138.9075
2026-01-21T18:00:00Z,149.2808440342425,127.83
2026-01-21T19:00:00Z,132.68302250981594,105.4475
2026-01-21T20:00:00Z,117.77781870304042,102.44
2026-01-21T21:00:00Z,102.4756897120688,104.76
2026-01-21T22:00:00Z,88.76110747510393,99.375
2026-01-21T23:00:00Z,86.61352575429132,92.7975
2026-01-22T00:00:00Z,77.56720170310354,92.5275
2026-01-22T01:00:00Z,77.85608088265406,91.45
2026-01-22T02:00:00Z,80.59163148247555,91.82
2026-01-22T03:00:00Z,83.22489021704676,92.85
2026-01-22T04:00:00Z,92.5271069774279,93.1875
2026-01-22T05:00:00Z,113.47879258141097,100.6775
2026-01-22T06:00:00Z,139.37147426963486,125.52
2026-01-22T07:00:00Z,147.73951825424672,137.1225
2026-01-22T08:00:00Z,128.12168276538011,114.4175
2026-01-22T09:00:00Z,106.94418236201224,95.2575
2026-01-22T10:00:00Z,92.27235118976392,89.075
2026-01-22T11:00:00Z,84.28414899370192,83.8575
2026-01-22T12:00:00Z,89.07802963250117,88.065
2026-01-22T13:00:00Z,99.38217423566438,94.91
2026-01-22T14:00:00Z,120.85193770831263,107.78
2026-01-22T15:00:00Z,140.20345031055308,130.8975
2026-01-22T16:00:00Z,145.5577643780494,136.365
2026-01-22T17:00:00Z,144.74992546703078,129.6675
2026-01-22T18:00:00Z,138.14061157270436,121.5675
2026-01-22T19:00:00Z,123.13416087331024,109.35
2026-01-22T20:00:00Z,114.35568945707436,106.945
2026-01-22T21:00:00Z,110.75645275960946,103.3225
2026-01-22T22:00:00Z,101.4634326408401,97.3075
2026-01-22T23:00:00Z,94.16388326694658,97.8875
2026-01-23T00:00:00Z,84.51358021944826,97.245
2026-01-23T01:00:00Z,84.74870884762902,95.9475
2026-01-23T02:00:00Z,85.81194830730092,95.0025
2026-01-23T03:00:00Z,90.27910254251526,95.6225
2026-01-23T04:00:00Z,98.9798916263505,96.9975
2026-01-23T05:00:00Z,115.12233957541234,108.1975
2026-01-23T06:00:00Z,136.51312211118983,133.0
2026-01-23T07:00:00Z,141.85540270790332,152.9375
2026-01-23T08:00:00Z,128.8684100093246,142.4875
2026-01-23T09:00:00Z,109.92224042521629,115.3775
2026-01-23T10:00:00Z,96.9934317460094,100.1275
2026-01-23T11:00:00Z,90.2545770344636,96.2125
2026-01-23T12:00:00Z,89.86168600795034,95.76
2026-01-23T13:00:00Z,94.05236320465923,97.08
2026-01-23T14:00:00Z,107.75535595144976,108.7675
2026-01-23T15:00:00Z,122.42682805069467,124.0475
2026-01-23T16:00:00Z,128.29879507238905,136.08499999999998
2026-01-23T17:00:00Z,127.26226149248731,128.48250000000002
2026-01-23T18:00:00Z,122.18449071523608,116.8025
2026-01-23T19:00:00Z,112.0349987963055,107.2225
2026-01-23T20:00:00Z,102.69802234576841,103.96
2026-01-23T21:00:00Z,98.3968691145997,104.79
2026-01-23T22:00:00Z,89.82362471736134,96.995
2026-01-23T23:00:00Z,85.55850145460603,99.8
2026-01-24T00:00:00Z,84.57177772065246,99.035
2026-01-24T01:00:00Z,83.3248284203306,98.315
2026-01-24T02:00:00Z,86.26192237724845,97.825
2026-01-24T03:00:00Z,89.61811291708588,97.5475
2026-01-24T04:00:00Z,95.01851640939486,98.91
2026-01-24T05:00:00Z,101.94024247660835,100.3975
2026-01-24T06:00:00Z,116.33157357086496,104.06
2026-01-24T07:00:00Z,128.21894924478627,110.9975
2026-01-24T08:00:00Z,129.34095908989354,123.0925
2026-01-24T09:00:00Z,122.0729929116586,119.24
2026-01-24T10:00:00Z,112.9404020356498,110.2975
2026-01-24T11:00:00Z,106.70660418238741,106.2175
2026-01-24T12:00:00Z,104.92875796290839,101.8725
2026-01-24T13:00:00Z,105.8422857536149,105.12
2026-01-24T14:00:00Z,118.96902659399197,118.2275
2026-01-24T15:00:00Z,138.68434530596735,131.905
2026-01-24T16:00:00Z,148.37947368024402,146.7225
2026-01-24T17:00:00Z,148.1247442909351,141.7475
2026-01-24T18:00:00Z,140.88236057337863,131.9325
2026-01-24T19:00:00Z,130.2936324742248,118.6725
2026-01-24T20:00:00Z,123.63530460484782,110.5375
2026-01-24T21:00:00Z,122.14699308333478,110.31
2026-01-24T22:00:00Z,115.62033609603506,104.15
2026-01-24T23:00:00Z,112.43454234728367,101.4425
2026-01-25T00:00:00Z,104.09341278037287,101.7575
2026-01-25T01:00:00Z,101.84483596621041,101.315
2026-01-25T02:00:00Z,103.07102270811467,101.77
2026-01-25T03:00:00Z,103.85047383293944,100.8625
2026-01-25T04:00:00Z,106.21230715439583,100.5125
2026-01-25T05:00:00Z,110.19187222226367,99.965
2026-01-25T06:00:00Z,116.25826309496378,102.06
2026-01-25T07:00:00Z,122.74402291701199,103.7575
2026-01-25T08:00:00Z,128.09182545684308,108.8875
2026-01-25T09:00:00Z,125.60232831392958,113.1925
2026-01-25T10:00:00Z,122.13820506095831,116.0175
2026-01-25T11:00:00Z,119.50859572607453,120.03
2026-01-25T12:00:00Z,115.42548406411404,116.1075
2026-01-25T13:00:00Z,111.5662598639511,114.315
2026-01-25T14:00:00Z,116.02321986537748,111.7525
2026-01-25T15:00:00Z,124.63299553035444,116.9
2026-01-25T16:00:00Z,135.20642490580852,131.2125
2026-01-25T17:00:00Z,138.34783363869508,137.375
2026-01-25T18:00:00Z,132.70983090640252,132.575
2026-01-25T19:00:00Z,122.88155856030403,124.0175
2026-01-25T20:00:00Z,117.4257951980926,114.0225
2026-01-25T21:00:00Z,114.32898998984453,111.9425
2026-01-25T22:00:00Z,104.05671115853556,104.49
2026-01-25T23:00:00Z,102.1594654522053,103.925
2026-01-26T00:00:00Z,95.18588017999787,101.1125
2026-01-26T01:00:00Z,93.92290746346058,98.7275
2026-01-26T02:00:00Z,93.75937589053594,95.8525
2026-01-26T03:00:00Z,97.37442662305389,95.0325
2026-01-26T04:00:00Z,111.08756470243924,97.1925
2026-01-26T05:00:00Z,133.08947828224453,114.2775
2026-01-26T06:00:00Z,151.5065312236509,153.1975
2026-01-26T07:00:00Z,154.76950923778423,175.1325
2026-01-26T08:00:00Z,152.3269497536822,177.9675
2026-01-26T09:00:00Z,144.85440147079845,178.0125
2026-01-26T10:00:00Z,143.84175134748529,170.3425
2026-01-26T11:00:00Z,144.19809925730902,156.03
2026-01-26T12:00:00Z,142.4825431120302,149.39499999999998
2026-01-26T13:00:00Z,141.22439579847685,147.78
2026-01-26T14:00:00Z,147.58502053747088,159.97
2026-01-26T15:00:00Z,157.35421672643076,166.32999999999998
2026-01-26T16:00:00Z,171.05126677784477,178.6975
2026-01-26T17:00:00Z,178.9918793449285,178.0225
2026-01-26T18:00:00Z,172.9718932198985,169.9725
2026-01-26T19:00:00Z,163.46102267391637,154.16500000000002
2026-01-26T20:00:00Z,152.64177107783013,137.1125
2026-01-26T21:00:00Z,144.5411988527755,121.5
2026-01-26T22:00:00Z,132.95419271543312,111.685
2026-01-26T23:00:00Z,134.45241723917485,118.7675
2026-01-27T00:00:00Z,127.94545124462915,113.7025
2026-01-27T01:00:00Z,130.48136406787384,112.1575
2026-01-27T02:00:00Z,131.53170284352308,111.4875
2026-01-27T03:00:00Z,133.9110086852281,110.545
2026-01-27T04:00:00Z,140.5358711608213,111.65
2026-01-27T05:00:00Z,159.66968239181386,133.61
2026-01-27T06:00:00Z,181.91252621762993,159.875
2026-01-27T07:00:00Z,188.855135698112,176.635
2026-01-27T08:00:00Z,175.11513878159985,171.195
2026-01-27T09:00:00Z,163.77417223528684,148.45749999999998
2026-01-27T10:00:00Z,152.14033845818733,133.29
2026-01-27T11:00:00Z,145.42005525805922,123.03
2026-01-27T12:00:00Z,137.90417988317304,112.4875
2026-01-27T13:00:00Z,134.17346251433202,131.0825
2026-01-27T14:00:00Z,140.3549019689712,127.4475
2026-01-27T15:00:00Z,148.59235024889892,132.98
2026-01-27T16:00:00Z,158.0995667544288,152.62
2026-01-27T17:00:00Z,156.37627976387867,141.14
2026-01-27T18:00:00Z,149.5045705052168,138.8825
2026-01-27T19:00:00Z,137.69885772130232,121.5875
2026-01-27T20:00:00Z,125.53032478573999,119.3675
2026-01-27T21:00:00Z,115.20698589109769,120.7
2026-01-27T22:00:00Z,103.12019994453031,111.85
2026-01-27T23:00:00Z,100.87149903733574,105.475
2026-01-28T00:00:00Z,92.34819100003936,104.465
2026-01-28T01:00:00Z,91.81981561877043,104.465
2026-01-28T02:00:00Z,92.26610098402477,102.24
2026-01-28T03:00:00Z,97.91179202379087,104.7125
2026-01-28T04:00:00Z,108.86668461927142,106.6
2026-01-28T05:00:00Z,134.16839302726913,113.6975
2026-01-28T06:00:00Z,159.35055117583227,143.5975
2026-01-28T07:00:00Z,170.14599769871674,171.0025
2026-01-28T08:00:00Z,165.31059610628913,173.64499999999998
2026-01-28T09:00:00Z,153.36519992041127,172.325
2026-01-28T10:00:00Z,147.1207433431909,166.24
2026-01-28T11:00:00Z,141.5239831267113,157.0875
2026-01-28T12:00:00Z,139.02582967505165,147.9125
2026-01-28T13:00:00Z,139.01898751244562,145.035
2026-01-28T14:00:00Z,141.27661202299083,141.13750000000002
2026-01-28T15:00:00Z,146.53793383544627,147.1275
2026-01-28T16:00:00Z,156.42680517124833,164.2225
2026-01-28T17:00:00Z,157.0322474433102,170.425
2026-01-28T18:00:00Z,153.0168568433857,161.225
2026-01-28T19:00:00Z,138.1274490471145,134.265
2026-01-28T20:00:00Z,130.11626415363446,119.01
2026-01-28T21:00:00Z,123.3373134177257,117.0
2026-01-28T22:00:00Z,116.01257068398968,110.9575
2026-01-28T23:00:00Z,107.81359407086774,104.55
2026-01-29T00:00:00Z,97.04354183376654,104.0
2026-01-29T01:00:00Z,98.98936029210043,101.88
2026-01-29T02:00:00Z,103.84809112937079,100.0225
2026-01-29T03:00:00Z,110.84476483768398,100.9325
2026-01-29T04:00:00Z,120.38736361111008,104.6375
2026-01-29T05:00:00Z,135.62835960235327,116.12
2026-01-29T06:00:00Z,155.20716176685386,149.595
2026-01-29T07:00:00Z,165.84499559257895,165.6825
2026-01-29T08:00:00Z,164.35238129455536,168.035
2026-01-29T09:00:00Z,156.04698182171285,160.675
2026-01-29T10:00:00Z,150.02147272888556,152.7925
2026-01-29T11:00:00Z,148.0971083119175,143.035
2026-01-29T12:00:00Z,144.21677602644039,142.815
2026-01-29T13:00:00Z,141.24098107535477,142.9925
2026-01-29T14:00:00Z,145.73682927859755,147.6125
2026-01-29T15:00:00Z,154.3638231234312,153.1025
2026-01-29T16:00:00Z,163.62479817800642,159.4775
2026-01-29T17:00:00Z,164.76362351972926,157.24
2026-01-29T18:00:00Z,155.62373352345494,150.0375
2026-01-29T19:00:00Z,140.43312326338776,126.5575
2026-01-29T20:00:00Z,127.06268514188544,113.57
2026-01-29T21:00:00Z,118.9592141479416,109.315
2026-01-29T22:00:00Z,108.92083509491637,102.9775
2026-01-29T23:00:00Z,102.5906417677818,111.065
2026-01-30T00:00:00Z,92.99361812451494,103.3125
2026-01-30T01:00:00Z,91.74946349109426,100.8525
2026-01-30T02:00:00Z,92.7950173670093,97.3875
2026-01-30T03:00:00Z,96.91127279900704,97.3
2026-01-30T04:00:00Z,107.09282041071076,96.2775
2026-01-30T05:00:00Z,124.20223152581306,111.125
2026-01-30T06:00:00Z,146.6671796428284,131.7775
2026-01-30T07:00:00Z,152.5425276403243,143.755
2026-01-30T08:00:00Z,150.4670302662862,147.035
2026-01-30T09:00:00Z,138.76510970078812,132.63
2026-01-30T10:00:00Z,132.0845765896533,126.1
2026-01-30T11:00:00Z,126.60954724062441,118.205
2026-01-30T12:00:00Z,123.17563710429944,110.39
2026-01-30T13:00:00Z,121.3735463726424,110.3175
2026-01-30T14:00:00Z,125.28073782668713,111.195
2026-01-30T15:00:00Z,132.3563376971611,114.9375
2026-01-30T16:00:00Z,135.7006642621323,124.81
2026-01-30T17:00:00Z,131.50502485959333,122.8875
2026-01-30T18:00:00Z,121.4035379429559,113.0875
2026-01-30T19:00:00Z,105.15224970957088,108.5975
2026-01-30T20:00:00Z,93.64935407450162,101.6825
2026-01-30T21:00:00Z,88.78360774088534,101.09
2026-01-30T22:00:00Z,77.19060783807387,92.695
2026-01-30T23:00:00Z,81.44758378700824,96.9525
2026-01-31T00:00:00Z,75.9028626014306,97.3775
2026-01-31T01:00:00Z,72.89612352925101,94.5075
2026-01-31T02:00:00Z,71.12647699665827,94.08
2026-01-31T03:00:00Z,72.14318227237955,93.325
2026-01-31T04:00:00Z,77.05276234623737,94.0575
2026-01-31T05:00:00Z,83.84406402458077,93.45
2026-01-31T06:00:00Z,95.66686771840551,92.9025
2026-01-31T07:00:00Z,105.51902367853165,103.955
2026-01-31T08:00:00Z,110.91136967496794,109.0625
2026-01-31T09:00:00Z,105.55958445267213,114.215
2026-01-31T10:00:00Z,100.85771085788694,113.47
2026-01-31T11:00:00Z,97.62050833108022,111.2775
2026-01-31T12:00:00Z,92.12741881822559,107.39
2026-01-31T13:00:00Z,90.14187602204292,110.305
2026-01-31T14:00:00Z,98.41805010363181,113.1675
2026-01-31T15:00:00Z,111.62800503653168,119.3575
2026-01-31T16:00:00Z,123.81997269733704,134.605
2026-01-31T17:00:00Z,127.1057391291993,138.0375
2026-01-31T18:00:00Z,120.76655725207797,133.95
2026-01-31T19:00:00Z,112.21701564599834,125.645
2026-01-31T20:00:00Z,103.46441776309076,114.2075
2026-01-31T21:00:00Z,102.87218142343406,114.145
2026-01-31T22:00:00Z,95.9809450515556,105.9
2026-01-31T23:00:00Z,91.56481204929685,96.09
2026-02-01T00:00:00Z,84.19894697156421,94.0075
2026-02-01T01:00:00Z,83.57839296569139,98.4025
2026-02-01T02:00:00Z,85.57555019049589,96.0575
2026-02-01T03:00:00Z,84.57115623142097,98.3125
2026-02-01T04:00:00Z,87.21586993305428,98.2225
2026-02-01T05:00:00Z,91.79954111294337,96.015
2026-02-01T06:00:00Z,96.85423129610291,99.5
2026-02-01T07:00:00Z,104.4668361254968,105.255
2026-02-01T08:00:00Z,108.14168679124136,109.235
2026-02-01T09:00:00Z,106.9365865210238,109.845
2026-02-01T10:00:00Z,106.85590837162769,108.1575
2026-02-01T11:00:00Z,103.65969547818005,107.125
2026-02-01T12:00:00Z,99.5425222357361,100.3875
2026-02-01T13:00:00Z,96.82341983331477,102.235
2026-02-01T14:00:00Z,102.75411656247206,108.9575
2026-02-01T15:00:00Z,114.08560553835562,114.6675
2026-02-01T16:00:00Z,126.60171417839436,129.4875
2026-02-01T17:00:00Z,128.2027942281752,136.8425
2026-02-01T18:00:00Z,121.88954193419286,137.39
2026-02-01T19:00:00Z,112.0771232832985,125.5925
2026-02-01T20:00:00Z,103.11926693710099,113.8575
2026-02-01T21:00:00Z,99.58377611349889,113.885
2026-02-01T22:00:00Z,89.03810103577132,106.5525
2026-02-01T23:00:00Z,76.6335655411753,99.5925
2026-02-02T00:00:00Z,69.19990928478349,97.9925
2026-02-02T01:00:00Z,68.59107204982264,95.0925
2026-02-02T02:00:00Z,70.15769869999073,91.0
2026-02-02T03:00:00Z,74.01015670355771,91.7325
2026-02-02T04:00:00Z,87.82297466798187,94.7225
2026-02-02T05:00:00Z,111.29380209817005,106.575
2026-02-02T06:00:00Z,131.24393635826658,122.885
2026-02-02T07:00:00Z,134.1159467966574,136.8675
2026-02-02T08:00:00Z,124.23191407976869,140.155
2026-02-02T09:00:00Z,113.69534101043695,124.54
2026-02-02T10:00:00Z,106.3901929000742,114.6675
2026-02-02T11:00:00Z,102.15006018936782,109.2125
2026-02-02T12:00:00Z,96.92514517103866,104.0
2026-02-02T13:00:00Z,95.51093061736475,102.9025
2026-02-02T14:00:00Z,102.43034144013771,105.0775
2026-02-02T15:00:00Z,113.14999547739549,109.7775
2026-02-02T16:00:00Z,125.1728055785387,118.1975
2026-02-02T17:00:00Z,128.0339570907762,118.9675
2026-02-02T18:00:00Z,119.7895457247277,105.0
2026-02-02T19:00:00Z,106.39413421271902,102.255
2026-02-02T20:00:00Z,92.80706186709662,102.015
2026-02-02T21:00:00Z,86.1977325072595,101.2275
2026-02-02T22:00:00Z,74.09918615894759,91.385
2026-02-02T23:00:00Z,69.3935004882978,91.7175
2026-02-03T00:00:00Z,61.83001000660191,89.36500000000001
2026-02-03T01:00:00Z,60.30778806055734,84.0075
2026-02-03T02:00:00Z,60.85692854037728,79.9375
2026-02-03T03:00:00Z,63.19467460360322,76.84
2026-02-03T04:00:00Z,70.12740338029562,82.16
2026-02-03T05:00:00Z,87.44170446052661,91.16
2026-02-03T06:00:00Z,107.35504388643596,97.6925
2026-02-03T07:00:00Z,111.81622266827469,106.2725
2026-02-03T08:00:00Z,105.12277938288004,108.225
2026-02-03T09:00:00Z,93.45633151303605,99.94
2026-02-03T10:00:00Z,84.41077464586245,90.83
2026-02-03T11:00:00Z,81.23945443987499,87.94749999999999
2026-02-03T12:00:00Z,78.59094834637996,89.905
2026-02-03T13:00:00Z,79.68557543424183,93.1525
2026-02-03T14:00:00Z,86.52607836859012,100.41
2026-02-03T15:00:00Z,98.71345302710257,106.615
2026-02-03T16:00:00Z,113.07768641979563,125.7725
2026-02-03T17:00:00Z,117.32216615544681,126.3475
2026-02-03T18:00:00Z,112.45190856307633,123.2275
2026-02-03T19:00:00Z,103.4768009550867,112.9
2026-02-03T20:00:00Z,93.93446965700699,103.2925
2026-02-03T21:00:00Z,88.71891699320767,100.895
2026-02-03T22:00:00Z,78.92736318354184,94.8125
2026-02-03T23:00:00Z,76.56430803633906,95.0025
2026-02-04T00:00:00Z,70.26947957129681,92.7875
2026-02-04T01:00:00Z,70.94496672493493,92.9625
2026-02-04T02:00:00Z,74.65928464434208,94.6225
2026-02-04T03:00:00Z,80.67270325721907,93.9575
2026-02-04T04:00:00Z,93.86234605070571,96.585
2026-02-04T05:00:00Z,113.89993483968523,105.285
2026-02-04T06:00:00Z,132.03327088907855,122.935
2026-02-04T07:00:00Z,138.79869816162446,131.605
2026-02-04T08:00:00Z,129.9164774856911,122.6725
2026-02-04T09:00:00Z,117.63103886191134,110.0
2026-02-04T10:00:00Z,108.58282096460974,98.7075
2026-02-04T11:00:00Z,107.24018852681769,91.915
2026-02-04T12:00:00Z,108.04418989568808,91.3825
2026-02-04T13:00:00Z,109.82662313156187,96.0775
2026-02-04T14:00:00Z,119.21168922768732,102.875
2026-02-04T15:00:00Z,130.03511417812535,114.185
2026-02-04T16:00:00Z,138.1616768731589,124.6175
2026-02-04T17:00:00Z,137.08292457771975,117.04
2026-02-04T18:00:00Z,131.2936949827779,104.52
2026-02-04T19:00:00Z,118.86950028766958,96.2875
2026-02-04T20:00:00Z,106.80525250020092,94.7525
2026-02-04T21:00:00Z,97.46476104264177,93.8225
2026-02-04T22:00:00Z,88.03039902520358,86.3075
2026-02-04T23:00:00Z,86.20802336007375,90.3025
2026-02-05T00:00:00Z,79.82852846392178,88.4375
2026-02-05T01:00:00Z,81.60456091968702,87.4325
2026-02-05T02:00:00Z,84.47750162421504,87.795
2026-02-05T03:00:00Z,88.14306022140903,89.565
2026-02-05T04:00:00Z,100.83981881800014,91.51
2026-02-05T05:00:00Z,121.78313706408,102.845
2026-02-05T06:00:00Z,144.0626134281688,113.32
2026-02-05T07:00:00Z,150.65405137338172,125.365
2026-02-05T08:00:00Z,145.0696768972912,121.52
2026-02-05T09:00:00Z,135.01233359520577,118.1925
2026-02-05T10:00:00Z,127.85515681730513,121.0675
2026-02-05T11:00:00Z,121.176550664471,108.2525
2026-02-05T12:00:00Z,117.13688583498605,109.7575
2026-02-05T13:00:00Z,117.33361780353721,110.1025
2026-02-05T14:00:00Z,123.98430067189346,116.98
2026-02-05T15:00:00Z,139.10232208146272,126.0
2026-02-05T16:00:00Z,151.76299365527066,140.5
2026-02-05T17:00:00Z,153.54163552461,136.64499999999998
2026-02-05T18:00:00Z,148.3678219598116,132.9075
2026-02-05T19:00:00Z,134.99132049166116,120.81
2026-02-05T20:00:00Z,128.10068495195657,107.7825
2026-02-05T21:00:00Z,122.7603919708991,105.88
2026-02-05T22:00:00Z,114.11233429069335,100.0375
2026-02-05T23:00:00Z,108.9633670301137,99.31
2026-02-06T00:00:00Z,100.33462014489231,99.1275
2026-02-06T01:00:00Z,103.48854996913408,98.0875
2026-02-06T02:00:00Z,106.80912861346886,98.2275
2026-02-06T03:00:00Z,113.39605381409876,98.7425
2026-02-06T04:00:00Z,125.70111579006728,102.3325
2026-02-06T05:00:00Z,144.707460069722,115.4225
2026-02-06T06:00:00Z,161.3867578808905,139.4625
2026-02-06T07:00:00Z,167.11191400092167,144.74
2026-02-06T08:00:00Z,160.33703905788076,144.2025
2026-02-06T09:00:00Z,154.57589645516387,142.0925
2026-02-06T10:00:00Z,154.02546195810018,138.91
2026-02-06T11:00:00Z,152.63064637923367,136.21
2026-02-06T12:00:00Z,151.48422020158424,135.89249999999998
2026-02-06T13:00:00Z,148.5504338200109,135.66750000000002
2026-02-06T14:00:00Z,151.02174735332812,139.4725
2026-02-06T15:00:00Z,159.873737257693,133.9625
2026-02-06T16:00:00Z,167.10102825629497,137.1875
2026-02-06T17:00:00Z,165.92453345700955,132.19
2026-02-06T18:00:00Z,158.32539310872937,125.6275
2026-02-06T19:00:00Z,145.3137485863814,110.9825
2026-02-06T20:00:00Z,132.67132290555443,108.85
2026-02-06T21:00:00Z,125.43392192970386,106.2625
2026-02-06T22:00:00Z,115.54074517869398,102.2375
2026-02-06T23:00:00Z,110.87641932535169,101.4925
2026-02-07T00:00:00Z,106.82065916495232,100.0
2026-02-07T01:00:00Z,104.92600764869945,98.0425
2026-02-07T02:00:00Z,105.52522538290317,96.885
2026-02-07T03:00:00Z,106.55356347399008,96.395
2026-02-07T04:00:00Z,112.22536733681756,96.725
2026-02-07T05:00:00Z,121.31846604224124,97.095
2026-02-07T06:00:00Z,133.97472511264363,105.5475
2026-02-07T07:00:00Z,141.51396196892506,114.08
2026-02-07T08:00:00Z,144.22292311172578,117.975
2026-02-07T09:00:00Z,139.96971273853396,110.0625
2026-02-07T10:00:00Z,133.58567469356282,104.5325
2026-02-07T11:00:00Z,127.87641870658877,100.1175
2026-02-07T12:00:00Z,123.20831427420421,97.3875
2026-02-07T13:00:00Z,122.67934432371416,99.9275
2026-02-07T14:00:00Z,130.10769628149134,106.3325
2026-02-07T15:00:00Z,140.86563054959413,120.29
2026-02-07T16:00:00Z,151.2210976246579,134.03750000000002
2026-02-07T17:00:00Z,150.92125838293654,135.33249999999998
2026-02-07T18:00:00Z,144.87510591265482,127.4975
2026-02-07T19:00:00Z,132.36130657293847,113.395
2026-02-07T20:00:00Z,123.96267429660477,104.39
2026-02-07T21:00:00Z,118.75463020103322,104.0725
2026-02-07T22:00:00Z,109.6295066207205,98.76
2026-02-07T23:00:00Z,102.52260792008985,102.035
2026-02-08T00:00:00Z,93.0960918926755,99.045
2026-02-08T01:00:00Z,92.02098399016276,97.5675
2026-02-08T02:00:00Z,92.39650869668161,96.425
2026-02-08T03:00:00Z,92.55403277668317,94.86
2026-02-08T04:00:00Z,93.60197731521235,95.75
2026-02-08T05:00:00Z,95.51261366219312,95.0
2026-02-08T06:00:00Z,103.78380967405324,95.805
2026-02-08T07:00:00Z,111.6175674218315,100.3475
2026-02-08T08:00:00Z,114.1890479567902,101.9875
2026-02-08T09:00:00Z,111.41659615929825,102.645
2026-02-08T10:00:00Z,105.31118766484013,99.6
2026-02-08T11:00:00Z,101.1091200225381,96.5725
2026-02-08T12:00:00Z,96.68217811507152,95.45
2026-02-08T13:00:00Z,94.92028737457595,97.22
2026-02-08T14:00:00Z,104.3358251910294,103.3225
2026-02-08T15:00:00Z,122.63988182977026,111.785
2026-02-08T16:00:00Z,136.53975653441807,127.6325
2026-02-08T17:00:00Z,140.98965701810658,131.26749999999998
2026-02-08T18:00:00Z,134.14288801314865,126.9075
2026-02-08T19:00:00Z,125.51271247840305,113.2825
2026-02-08T20:00:00Z,118.05047260418257,107.6275
2026-02-08T21:00:00Z,116.73969586064814,105.14
2026-02-08T22:00:00Z,110.19930375712579,99.9825
2026-02-08T23:00:00Z,108.8260491033612,96.745
2026-02-09T00:00:00Z,103.34904097936115,95.4525
2026-02-09T01:00:00Z,104.87072854718338,95.7025
2026-02-09T02:00:00Z,108.39536888666765,95.4675
2026-02-09T03:00:00Z,114.27786214775742,96.565
2026-02-09T04:00:00Z,127.9084176813843,104.735
2026-02-09T05:00:00Z,150.09096029450177,132.235
2026-02-09T06:00:00Z,166.29176423379744,158.595
2026-02-09T07:00:00Z,171.60034604204355,182.71
2026-02-09T08:00:00Z,166.11660350323382,169.2075
2026-02-09T09:00:00Z,158.17066743395196,157.29
2026-02-09T10:00:00Z,152.87842507207742,144.38
2026-02-09T11:00:00Z,148.37313123520738,137.0725
2026-02-09T12:00:00Z,144.2109880433174,135.025
2026-02-09T13:00:00Z,145.95866005934957,137.6575
2026-02-09T14:00:00Z,154.55045823580028,149.0775
2026-02-09T15:00:00Z,168.9726143406875,168.9825
2026-02-09T16:00:00Z,181.32252936161495,227.2125
2026-02-09T17:00:00Z,184.1658423352037,182.225
2026-02-09T18:00:00Z,172.5088735990443,165.81
2026-02-09T19:00:00Z,161.53349489172052,144.1275
2026-02-09T20:00:00Z,149.71005457033004,134.6
2026-02-09T21:00:00Z,143.99199104130625,122.895
2026-02-09T22:00:00Z,133.4331033957377,108.9225
2026-02-09T23:00:00Z,127.11882933494056,104.6425
2026-02-10T00:00:00Z,117.94484940116119,103.745
2026-02-10T01:00:00Z,116.79730051760995,102.7475
2026-02-10T02:00:00Z,118.06720271870589,102.435
2026-02-10T03:00:00Z,119.86920431712392,102.435
2026-02-10T04:00:00Z,130.11096300625977,105.4275
2026-02-10T05:00:00Z,148.39268605094225,119.9175
2026-02-10T06:00:00Z,166.14240710508705,134.89
2026-02-10T07:00:00Z,172.80968824939146,143.8275
2026-02-10T08:00:00Z,160.38524587918073,132.08249999999998
2026-02-10T09:00:00Z,146.85596807203729,129.0875
2026-02-10T10:00:00Z,137.707302607182,119.4425
2026-02-10T11:00:00Z,132.0924779585342,109.2225
2026-02-10T12:00:00Z,130.7472063009602,109.47
2026-02-10T13:00:00Z,135.47144911548335,116.2225
2026-02-10T14:00:00Z,145.75254154338552,128.115
2026-02-10T15:00:00Z,159.0939466782129,127.6625
2026-02-10T16:00:00Z,175.51358011592035,135.2425
2026-02-10T17:00:00Z,166.17728593225874,131.7125
2026-02-10T18:00:00Z,153.32580070260622,120.3275
2026-02-10T19:00:00Z,137.62784178319583,111.2525
2026-02-10T20:00:00Z,125.22435736569875,107.1575
2026-02-10T21:00:00Z,118.09238614281676,106.69
2026-02-10T22:00:00Z,106.10721117271831,100.5275
2026-02-10T23:00:00Z,92.67568208258962,96.7825
2026-02-11T00:00:00Z,84.10595718072535,96.63
2026-02-11T01:00:00Z,83.49498586826114,95.605
2026-02-11T02:00:00Z,86.68806707613761,94.68
2026-02-11T03:00:00Z,87.80726987910765,94.845
2026-02-11T04:00:00Z,95.21035930986768,99.1425
2026-02-11T05:00:00Z,113.04875160547812,110.4775
2026-02-11T06:00:00Z,131.70580549380753,129.0
2026-02-11T07:00:00Z,138.84367974508484,137.0675
2026-02-11T08:00:00Z,132.98948057356853,131.4375
2026-02-11T09:00:00Z,124.97870124860898,127.5
2026-02-11T10:00:00Z,119.3872797621298,125.94
2026-02-11T11:00:00Z,116.35312720712025,115.8625
2026-02-11T12:00:00Z,115.68913036337884,116.7
2026-02-11T13:00:00Z,114.57775102970429,116.7
2026-02-11T14:00:00Z,121.18823502662141,118.185
2026-02-11T15:00:00Z,128.1645934260754,122.315
2026-02-11T16:00:00Z,135.90616715950858,127.9
2026-02-11T17:00:00Z,139.20794475896614,125.465
2026-02-11T18:00:00Z,130.36317240025426,112.02
2026-02-11T19:00:00Z,114.86971589946593,104.9275
2026-02-11T20:00:00Z,102.07967762536722,104.38
2026-02-11T21:00:00Z,94.36007275782185,101.9975
2026-02-11T22:00:00Z,82.8226691552937,95.3075
2026-02-11T23:00:00Z,77.33070161486242,88.1925
2026-02-12T00:00:00Z,65.45272372594367,87.58
2026-02-12T01:00:00Z,67.70297845305399,86.2025
2026-02-12T02:00:00Z,68.47432475512136,84.8925
2026-02-12T03:00:00Z,72.64064205901607,86.0125
2026-02-12T04:00:00Z,86.0479155201928,89.43
2026-02-12T05:00:00Z,107.49938461582181,99.8625
2026-02-12T06:00:00Z,128.99782485379515,116.0075
2026-02-12T07:00:00Z,136.16391060112386,123.0725
2026-02-12T08:00:00Z,132.11886850031655,121.205
2026-02-12T09:00:00Z,125.21480770404432,117.52
2026-02-12T10:00:00Z,121.81754975125811,111.1525
2026-02-12T11:00:00Z,117.196312878823,105.515
2026-02-12T12:00:00Z,116.09405132068461,103.555
2026-02-12T13:00:00Z,115.60256104501877,105.2125
2026-02-12T14:00:00Z,120.14580998679739,107.98
2026-02-12T15:00:00Z,128.45775714680536,110.785
2026-02-12T16:00:00Z,134.212364388264,123.05
2026-02-12T17:00:00Z,136.82228515773906,125.6625
2026-02-12T18:00:00Z,129.44205901520755,120.8725
2026-02-12T19:00:00Z,114.91399198109656,109.1025
2026-02-12T20:00:00Z,108.48693901493647,99.6925
2026-02-12T21:00:00Z,101.01623945441733,97.175
2026-02-12T22:00:00Z,89.74196724671978,89.33250000000001
2026-02-12T23:00:00Z,71.19034280119422,83.8575
2026-02-13T00:00:00Z,62.239986775993486,83.66
2026-02-13T01:00:00Z,63.221732847555295,82.2175
2026-02-13T02:00:00Z,67.13383807980264,81.855
2026-02-13T03:00:00Z,73.28769395800838,83.35
2026-02-13T04:00:00Z,86.80813113981667,87.1875
2026-02-13T05:00:00Z,106.89809660577708,98.7275
2026-02-13T06:00:00Z,128.1125544083738,117.7275
2026-02-13T07:00:00Z,137.5201025234515,123.85
2026-02-13T08:00:00Z,131.33597321492755,119.15
2026-02-13T09:00:00Z,125.54900387683577,106.3925
2026-02-13T10:00:00Z,119.97530021828916,101.03
2026-02-13T11:00:00Z,116.27307433461002,97.3
2026-02-13T12:00:00Z,117.42519309750386,97.495
2026-02-13T13:00:00Z,120.17923729804394,102.09
2026-02-13T14:00:00Z,131.4120336127135,118.0975
2026-02-13T15:00:00Z,144.41575054695807,125.905
2026-02-13T16:00:00Z,157.31204865674295,131.985
2026-02-13T17:00:00Z,161.01608505204143,136.02249999999998
2026-02-13T18:00:00Z,156.85191926473942,131.89249999999998
2026-02-13T19:00:00Z,144.81260608437427,126.0
2026-02-13T20:00:00Z,131.69787427719828,117.58
2026-02-13T21:00:00Z,124.5411090784037,109.9475
2026-02-13T22:00:00Z,113.20305219488544,100.8575
2026-02-13T23:00:00Z,99.27192027655718,96.9925
2026-02-14T00:00:00Z,93.4834953481839,91.83
2026-02-14T01:00:00Z,89.46831823428894,89.09
2026-02-14T02:00:00Z,88.42634917668099,88.6725
2026-02-14T03:00:00Z,88.95234416653696,87.5075
2026-02-14T04:00:00Z,93.03415931797946,88.75
2026-02-14T05:00:00Z,100.44474565915293,90.2175
2026-02-14T06:00:00Z,112.2729861848338,93.1175
2026-02-14T07:00:00Z,120.54896042741086,101.8325
2026-02-14T08:00:00Z,121.69964979444525,107.49
2026-02-14T09:00:00Z,117.60293662683722,103.97
2026-02-14T10:00:00Z,112.50356972806595,98.1625
2026-02-14T11:00:00Z,109.33319802118012,95.16
2026-02-14T12:00:00Z,107.56718177260237,93.9725
2026-02-14T13:00:00Z,105.45308594484182,97.1125
2026-02-14T14:00:00Z,115.64475808644765,104.9525
2026-02-14T15:00:00Z,131.47687957813162,116.8875
2026-02-14T16:00:00Z,143.59691708545787,126.1
2026-02-14T17:00:00Z,150.71985327935153,131.9275
2026-02-14T18:00:00Z,146.8455658578617,128.72
2026-02-14T19:00:00Z,136.4954710780887,123.1925
2026-02-14T20:00:00Z,127.13990224940785,116.98
2026-02-14T21:00:00Z,120.77655995194749,111.2025
2026-02-14T22:00:00Z,110.18774647488428,101.1
2026-02-14T23:00:00Z,107.62695936906796,101.7775
2026-02-15T00:00:00Z,97.02697173251183,99.9475
2026-02-15T01:00:00Z,93.45125735895961,100.755
2026-02-15T02:00:00Z,90.2018752958558,98.025
2026-02-15T03:00:00Z,89.7083017738647,96.52
2026-02-15T04:00:00Z,90.17331418188714,94.355
2026-02-15T05:00:00Z,91.90673819601393,94.1675
2026-02-15T06:00:00Z,93.99170295307891,96.115
2026-02-15T07:00:00Z,89.73457534955922,96.8
2026-02-15T08:00:00Z,77.43155205041177,93.065
2026-02-15T09:00:00Z,60.853013135494606,83.0175
2026-02-15T10:00:00Z,51.30620840321262,74.7225
2026-02-15T11:00:00Z,44.792939996157145,67.37
2026-02-15T12:00:00Z,39.599503496398015,64.4075
2026-02-15T13:00:00Z,42.59027224619828,64.4225
2026-02-15T14:00:00Z,57.17380649946068,71.9525
2026-02-15T15:00:00Z,75.41536115684198,84.205
2026-02-15T16:00:00Z,88.1702189507303,96.385
2026-02-15T17:00:00Z,84.15800672416876,98.2025
2026-02-15T18:00:00Z,73.4991336655521,83.6125
2026-02-15T19:00:00Z,59.97664985220126,71.0025
2026-02-15T20:00:00Z,51.23353632042084,67.2625
2026-02-15T21:00:00Z,47.401841052336835,65.61500000000001
2026-02-15T22:00:00Z,38.216160392323836,58.04
2026-02-15T23:00:00Z,30.680096655635644,68.93
2026-02-16T00:00:00Z,26.569379182205132,65.375
2026-02-16T01:00:00Z,26.993982942912666,64.41
2026-02-16T02:00:00Z,28.92451314426429,64.4125
2026-02-16T03:00:00Z,35.084978398550426,66.0525
2026-02-16T04:00:00Z,46.91760263238338,69.985
2026-02-16T05:00:00Z,66.6133256548628,79.3275
2026-02-16T06:00:00Z,86.96073835659752,94.0725
2026-02-16T07:00:00Z,96.0718130756957,101.0325
2026-02-16T08:00:00Z,94.13288315157553,104.425
2026-02-16T09:00:00Z,87.79664067543784,101.54
2026-02-16T10:00:00Z,82.67349432643718,94.86
2026-02-16T11:00:00Z,83.7630903770539,92.0025
2026-02-16T12:00:00Z,85.15478361374949,94.4025
2026-02-16T13:00:00Z,88.03939171507746,96.0125
2026-02-16T14:00:00Z,100.34454529787001,104.075
2026-02-16T15:00:00Z,116.96339537419901,115.3025
2026-02-16T16:00:00Z,137.65669200174221,130.355
2026-02-16T17:00:00Z,142.6135164608439,129.1175
2026-02-16T18:00:00Z,132.5305726216836,126.355
2026-02-16T19:00:00Z,119.82468621739835,115.6325
2026-02-16T20:00:00Z,109.76020912133848,103.8975
2026-02-16T21:00:00Z,100.55452261362885,101.92
2026-02-16T22:00:00Z,89.2334286071566,92.755
2026-02-23T23:00:00Z,56.725663956457,82.3575
2026-02-24T00:00:00Z,55.21817594375446,83.9625
2026-02-24T01:00:00Z,63.97175068067838,85.975
2026-02-24T02:00:00Z,75.53028221867957,86.45
2026-02-24T03:00:00Z,86.3374632741474,88.205
2026-02-24T04:00:00Z,105.2692651588068,94.17
2026-02-24T05:00:00Z,132.82887028502464,111.1225
2026-02-24T06:00:00Z,154.79444073835612,133.0975
2026-02-24T07:00:00Z,160.91313671147677,147.475
2026-02-24T08:00:00Z,152.64002709696737,140.72
2026-02-24T09:00:00Z,140.72116810484135,128.7675
2026-02-24T10:00:00Z,130.81638701958525,111.395
2026-02-24T11:00:00Z,116.9320131690915,100.19
2026-02-24T12:00:00Z,111.83975004006939,99.3
2026-02-24T13:00:00Z,116.03787138740606,95.005
2026-02-24T14:00:00Z,128.1284201865401,107.0725
2026-02-24T15:00:00Z,146.62346075876457,125.8075
2026-02-24T16:00:00Z,164.573821208654,182.22
2026-02-24T17:00:00Z,167.26615976011914,184.0475
2026-02-24T18:00:00Z,163.0122442739858,144.4175
2026-02-24T19:00:00Z,146.90924543431208,118.9575
2026-02-24T20:00:00Z,134.88279519405617,108.725
2026-02-24T21:00:00Z,125.32463719274699,101.705
2026-02-24T22:00:00Z,113.696549826835,93.9025
2026-02-24T23:00:00Z,109.47380949404484,92.1425
2026-02-25T00:00:00Z,102.77973023509288,87.4025
2026-02-25T01:00:00Z,103.12128562806562,84.83250000000001
2026-02-25T02:00:00Z,105.1775229366396,88.095
2026-02-25T03:00:00Z,109.74024089398176,88.61
2026-02-25T04:00:00Z,119.96304012874876,93.1725
2026-02-25T05:00:00Z,138.44862175134944,113.8175
2026-02-25T06:00:00Z,154.51138625871198,130.7325
2026-02-25T07:00:00Z,148.62419973625265,119.8525
2026-02-25T08:00:00Z,127.9750787046704,107.175
2026-02-25T09:00:00Z,105.88901001958888,90.83
2026-02-25T10:00:00Z,88.93624338624696,79.8475
2026-02-25T11:00:00Z,72.08438539654139,65.80250000000001
2026-02-25T12:00:00Z,65.8618978197778,60.1975
2026-02-25T13:00:00Z,67.58410043885793,67.8475
2026-02-25T14:00:00Z,89.3736308660742,80.9825
2026-02-25T15:00:00Z,122.61436501091981,101.37
2026-02-25T16:00:00Z,154.91751088705024,118.6425
2026-02-25T17:00:00Z,151.14838846018222,121.77
2026-02-25T18:00:00Z,129.4032397515992,107.1525
2026-02-25T19:00:00Z,108.59900451692248,94.255
2026-02-25T20:00:00Z,93.05995408145002,87.28
2026-02-25T21:00:00Z,83.05051474086909,86.8275
2026-02-25T22:00:00Z,71.68703631847086,79.12
2026-02-25T23:00:00Z,65.05291903385746,76.4225
2026-02-26T00:00:00Z,54.22151832013529,72.39
2026-02-26T01:00:00Z,52.95626684336209,68.74249999999999
2026-02-26T02:00:00Z,54.733914394029526,67.9325
2026-02-26T03:00:00Z,57.89293112454057,67.3775
2026-02-26T04:00:00Z,69.98840494445055,75.855
2026-02-26T05:00:00Z,89.47700691818048,100.8175
2026-02-26T06:00:00Z,103.34238798188366,110.1
2026-02-26T07:00:00Z,93.24072756145233,97.4475
2026-02-26T08:00:00Z,74.47929171016442,80.42500000000001
2026-02-26T09:00:00Z,58.839196733855424,67.85
2026-02-26T10:00:00Z,46.39024665549414,53.345
2026-02-26T11:00:00Z,35.50085849757035,20.0375
2026-02-26T12:00:00Z,35.23047242850137,14.0525
2026-02-26T13:00:00Z,43.68175404010678,44.6375
2026-02-26T14:00:00Z,70.19234244563188,71.3075
2026-02-26T15:00:00Z,103.42984525937156,94.7325
2026-02-26T16:00:00Z,126.42116753080509,111.1375
2026-02-26T17:00:00Z,124.38778831360845,113.095
2026-02-26T18:00:00Z,110.39038549597672,107.985
2026-02-26T19:00:00Z,93.52477177573115,93.4475
2026-02-26T20:00:00Z,79.12645622442724,84.0775
2026-02-26T21:00:00Z,69.26653563629259,80.45750000000001
2026-02-26T22:00:00Z,57.02119544135314,71.575
2026-02-26T23:00:00Z,39.249524758973266,55.1475
2026-02-27T00:00:00Z,33.50443248579976,56.0075
2026-02-27T01:00:00Z,36.034700672567105,57.3025
2026-02-27T02:00:00Z,40.239557683234146,60.0
2026-02-27T03:00:00Z,45.06216521578678,61.795
2026-02-27T04:00:00Z,56.360426748899755,65.9925
2026-02-27T05:00:00Z,75.8905422887907,76.565
2026-02-27T06:00:00Z,86.97876500252116,88.525
2026-02-27T07:00:00Z,73.72803238144667,79.33
2026-02-27T08:00:00Z,49.65498358827738,64.415
2026-02-27T09:00:00Z,27.169604605123503,31.5475
2026-02-27T10:00:00Z,10.978948853673757,0.97
2026-02-27T11:00:00Z,-4.8907406222079715,-0.0125
2026-02-27T12:00:00Z,-4.091197644752526,-0.01
2026-02-27T13:00:00Z,14.784958037938026,7.7375
2026-02-27T14:00:00Z,44.43622690708718,59.755
2026-02-27T15:00:00Z,88.51464243488073,92.0
2026-02-27T16:00:00Z,123.67556608146855,115.195
2026-02-27T17:00:00Z,123.10966017321071,118.1
2026-02-27T18:00:00Z,112.71293708837314,109.2525
2026-02-27T19:00:00Z,98.49324162545024,100.03
2026-02-27T20:00:00Z,87.51852080387724,90.9625
2026-02-27T21:00:00Z,82.51483415767696,87.51
2026-02-27T22:00:00Z,69.84060994150896,80.0025
2026-02-27T23:00:00Z,68.43312284675582,80.02
2026-02-28T00:00:00Z,68.13043786938474,76.305
2026-02-28T01:00:00Z,66.54874561361333,74.7275
2026-02-28T02:00:00Z,63.6114907081823,71.775
2026-02-28T03:00:00Z,64.77307442255179,71.8925
2026-02-28T04:00:00Z,70.83596002107046,72.25
2026-02-28T05:00:00Z,77.18317017365835,72.9225
2026-02-28T06:00:00Z,80.29931116155933,76.29
2026-02-28T07:00:00Z,62.703180085154465,57.115
2026-02-28T08:00:00Z,41.33436777728668,17.7975
2026-02-28T09:00:00Z,19.419660417529784,-0.01
2026-02-28T10:00:00Z,0.34082972780333876,-0.0275
2026-02-28T11:00:00Z,-8.756101349968674,-0.2525
2026-02-28T12:00:00Z,-10.094180668009486,-0.2225
2026-02-28T13:00:00Z,-4.601075005020419,-0.0075
2026-02-28T14:00:00Z,21.324987705567963,14.8625
2026-02-28T15:00:00Z,59.42584152610189,65.6475
2026-02-28T16:00:00Z,85.59891581371342,89.935
2026-02-28T17:00:00Z,90.64730589830273,95.1925
2026-02-28T18:00:00Z,82.49172086029718,85.1675
2026-02-28T19:00:00Z,69.79313988956143,69.1175
2026-02-28T20:00:00Z,61.98711272967914,64.6675
2026-02-28T21:00:00Z,56.40890375618304,64.6625
2026-02-28T22:00:00Z,45.50288894888339,60.6725
2026-02-28T23:00:00Z,43.2131361591448,47.6475
2026-03-01T00:00:00Z,37.220889958941164,51.55
2026-03-01T01:00:00Z,43.35620330886905,54.2475
2026-03-01T02:00:00Z,50.2072660325844,57.072500000000005
2026-03-01T03:00:00Z,60.29282299779504,61.085
2026-03-01T04:00:00Z,65.52821150346394,65.18
2026-03-01T05:00:00Z,70.39017466388033,66.00750000000001
2026-03-01T06:00:00Z,73.58550394132317,64.9975
2026-03-01T07:00:00Z,62.01120817681303,52.535
2026-03-01T08:00:00Z,39.70938284484994,19.98
2026-03-01T09:00:00Z,22.047658495990127,0.0
2026-03-01T10:00:00Z,15.612511064241033,-0.025
2026-03-01T11:00:00Z,7.192440714968953,-0.365
2026-03-01T12:00:00Z,6.641547936389429,-0.7875
2026-03-01T13:00:00Z,11.196007033941697,-0.005
2026-03-01T14:00:00Z,34.62899830073147,25.9525
2026-03-01T15:00:00Z,76.04471381896705,74.84
2026-03-01T16:00:00Z,113.13699808746784,103.76
2026-03-01T17:00:00Z,119.8786334682876,110.2025
2026-03-01T18:00:00Z,107.57370236443758,101.685
2026-03-01T19:00:00Z,91.1427186491627,90.735
2026-03-01T20:00:00Z,78.00679021511438,81.315
2026-03-01T21:00:00Z,75.53678199201053,74.66499999999999
2026-03-01T22:00:00Z,67.2899460526454,68.1475
2026-03-01T23:00:00Z,54.777823298445796,65.13
2026-03-02T00:00:00Z,51.131180285567766,66.94500000000001
2026-03-02T01:00:00Z,56.17028945201943,69.0075
2026-03-02T02:00:00Z,60.56121839009916,69.5675
2026-03-02T03:00:00Z,69.65337870269661,74.03
2026-03-02T04:00:00Z,84.28131002009881,85.03
2026-03-02T05:00:00Z,106.17799683581745,100.1675
2026-03-02T06:00:00Z,118.58545295320445,138.6525
2026-03-02T07:00:00Z,102.76388769773203,124.8625
2026-03-02T08:00:00Z,71.99493473545309,89.4625
2026-03-02T09:00:00Z,46.46768414057974,69.9
2026-03-02T10:00:00Z,32.5036644950972,53.5625
2026-03-02T11:00:00Z,21.246350243291197,29.067500000000003
2026-03-02T12:00:00Z,19.00442866018944,40.2525
2026-03-02T13:00:00Z,30.980487771809592,64.03
2026-03-02T14:00:00Z,63.85468354023696,84.9875
2026-03-02T15:00:00Z,110.67176469526137,109.1525
2026-03-02T16:00:00Z,147.4221159840136,173.5
2026-03-02T17:00:00Z,152.9139907239442,187.995
2026-03-02T18:00:00Z,139.49665669673334,143.61
2026-03-02T19:00:00Z,123.993833584242,107.685
2026-03-02T20:00:00Z,109.46433996600851,96.4675
2026-03-02T21:00:00Z,99.07280683004154,96.8
2026-03-02T22:00:00Z,89.6725140264976,88.89500000000001
2026-03-02T23:00:00Z,94.40864820934293,89.0625
2026-03-03T00:00:00Z,90.69956904042898,90.1225
2026-03-03T01:00:00Z,95.42801740108837,89.425
2026-03-03T02:00:00Z,100.98719457086173,92.815
2026-03-03T03:00:00Z,107.26029157244625,95.7225
2026-03-03T04:00:00Z,120.38259425236782,103.32
2026-03-03T05:00:00Z,140.9896762126684,136.0475
2026-03-03T06:00:00Z,158.07495903895472,156.3975
2026-03-03T07:00:00Z,142.90755862158008,136.78
2026-03-03T08:00:00Z,112.15367784859832,99.52
2026-03-03T09:00:00Z,84.36428753517949,78.17
2026-03-03T10:00:00Z,64.97463815352867,55.9225
2026-03-03T11:00:00Z,50.10736526131589,32.365
2026-03-03T12:00:00Z,52.23800174966202,35.6625
2026-03-03T13:00:00Z,65.37709865430402,64.14500000000001
2026-03-03T14:00:00Z,95.11998838530165,86.7675
2026-03-03T15:00:00Z,135.35919568905828,114.18
2026-03-03T16:00:00Z,181.0274113789739,158.615
2026-03-03T17:00:00Z,192.2803444938474,204.2575
2026-03-03T18:00:00Z,175.15174985450767,173.37
2026-03-03T19:00:00Z,157.72938047062564,131.725
2026-03-03T20:00:00Z,146.15857900352557,116.18
2026-03-03T21:00:00Z,139.0942661693174,111.32
2026-03-03T22:00:00Z,129.14383280541247,104.695
2026-03-03T23:00:00Z,132.34867919928143,129.01
2026-03-04T00:00:00Z,127.00888080555526,127.8225
2026-03-04T01:00:00Z,125.55991516251174,125.3225
2026-03-04T02:00:00Z,127.57288485099562,124.735
2026-03-04T03:00:00Z,136.6430809189819,128.2025
2026-03-04T04:00:00Z,147.80383889704308,141.16
2026-03-04T05:00:00Z,170.13592779332947,200.2975
2026-03-04T06:00:00Z,183.71835450476453,267.485
2026-03-04T07:00:00Z,169.017187880189,193.3475
2026-03-04T08:00:00Z,141.24315406847103,150.76
2026-03-04T09:00:00Z,110.37631612667593,110.4175
2026-03-04T10:00:00Z,84.45394902989219,78.2975
2026-03-04T11:00:00Z,65.45031758888243,42.495
2026-03-04T12:00:00Z,59.844710298759566,32.975
2026-03-04T13:00:00Z,71.07434015534886,65.405
2026-03-04T14:00:00Z,99.39658120871692,99.1125
2026-03-04T15:00:00Z,141.45200607249552,137.21
2026-03-04T16:00:00Z,184.81529789353053,244.265
2026-03-04T17:00:00Z,204.763868233418,310.86
2026-03-04T18:00:00Z,195.1001689291361,239.6275
2026-03-04T19:00:00Z,174.3462829540271,169.86
2026-03-04T20:00:00Z,159.13039381252312,151.8775
2026-03-04T21:00:00Z,148.28877354435963,142.24
2026-03-04T22:00:00Z,135.23746200563792,124.8075
2026-03-04T23:00:00Z,128.21263938776622,116.485
2026-03-05T00:00:00Z,119.3027746449853,109.9325
2026-03-05T01:00:00Z,119.22244078531426,109.2625
2026-03-05T02:00:00Z,121.341042394602,108.785
2026-03-05T03:00:00Z,127.43538692352496,111.0625
2026-03-05T04:00:00Z,140.16427684751764,126.9325
2026-03-05T05:00:00Z,166.54222230984226,154.3875
2026-03-05T06:00:00Z,183.0313939820302,175.54500000000002
2026-03-05T07:00:00Z,147.32861390901405,139.32999999999998
2026-03-05T08:00:00Z,112.55254191931515,97.0925
2026-03-05T09:00:00Z,82.05213697851615,64.145
2026-03-05T10:00:00Z,57.71055341429298,22.955
2026-03-05T11:00:00Z,26.982270439999773,2.1225
2026-03-05T12:00:00Z,23.488686449781916,2.825
2026-03-05T13:00:00Z,50.55004132291634,38.835
2026-03-05T14:00:00Z,88.59949609242562,90.0025
2026-03-05T15:00:00Z,134.21746100940442,137.75
2026-03-05T16:00:00Z,188.12255189791972,180.375
2026-03-05T17:00:00Z,201.813903871406,192.02
2026-03-05T18:00:00Z,170.6495051260929,165.0
2026-03-05T19:00:00Z,143.16251915276086,135.245
2026-03-05T20:00:00Z,129.59030920826754,130.59
2026-03-05T21:00:00Z,122.62390004195845,130.1425
2026-03-05T22:00:00Z,114.34042978918944,119.7
2026-03-05T23:00:00Z,105.29499493120674,104.125
2026-03-06T00:00:00Z,102.56388041335562,106.0
2026-03-06T01:00:00Z,107.93950055626105,108.5225
2026-03-06T02:00:00Z,114.1341141973969,109.525
2026-03-06T03:00:00Z,122.59892772234079,115.5
2026-03-06T04:00:00Z,136.57040565192963,129.6575
2026-03-06T05:00:00Z,158.85881096412527,157.285
2026-03-06T06:00:00Z,168.37941088639616,177.025
2026-03-06T07:00:00Z,140.5498715745886,138.2875
2026-03-06T08:00:00Z,105.54879340587192,111.9625
2026-03-06T09:00:00Z,74.79019342493744,96.5
2026-03-06T10:00:00Z,48.51335865891673,66.7125
2026-03-06T11:00:00Z,34.63348439158687,52.64
2026-03-06T12:00:00Z,31.781814161166253,48.6525
2026-03-06T13:00:00Z,46.96983305218301,73.9375
2026-03-06T14:00:00Z,86.79836789491092,107.0675
2026-03-06T15:00:00Z,136.56555246605208,130.39749999999998
2026-03-06T16:00:00Z,179.8257548645776,177.4375
2026-03-06T17:00:00Z,190.3892763574654,229.5525
2026-03-06T18:00:00Z,178.12498301186366,189.765
2026-03-06T19:00:00Z,160.90420368190277,153.11
2026-03-06T20:00:00Z,149.2397874642841,134.1925
2026-03-06T21:00:00Z,141.16842326122614,127.245
2026-03-06T22:00:00Z,130.83225492899072,126.075
2026-03-06T23:00:00Z,123.28758691715154,135.1625
2026-03-07T00:00:00Z,121.30913980074561,130.6775
2026-03-07T01:00:00Z,121.31033383313427,125.6725
2026-03-07T02:00:00Z,122.64275971483949,124.39
2026-03-07T03:00:00Z,126.23905642221814,124.7475
2026-03-07T04:00:00Z,131.9890144825581,129.575
2026-03-07T05:00:00Z,142.06291491556954,135.62
2026-03-07T06:00:00Z,142.36321117568502,129.5575
2026-03-07T07:00:00Z,114.2620142892201,112.9025
2026-03-07T08:00:00Z,85.76030355184187,102.7875
2026-03-07T09:00:00Z,58.30255048522341,74.445
2026-03-07T10:00:00Z,25.000563230856642,30.5425
2026-03-07T11:00:00Z,12.520843348464467,13.03
2026-03-07T12:00:00Z,11.423854602371506,1.4175
2026-03-07T13:00:00Z,37.5755427044017,18.1775
2026-03-07T14:00:00Z,72.78564974360785,83.285
2026-03-07T15:00:00Z,120.88771998455107,126.315
2026-03-07T16:00:00Z,168.49844412165336,147.37
2026-03-07T17:00:00Z,189.79008213575534,180.8725
2026-03-07T18:00:00Z,176.03764613424588,166.725
2026-03-07T19:00:00Z,154.61144026183234,148.1975
2026-03-07T20:00:00Z,141.83307480113825,137.61
2026-03-07T21:00:00Z,135.00226551442864,134.1975
2026-03-07T22:00:00Z,127.01755072170805,130.645
2026-03-07T23:00:00Z,123.86141278394444,135.9925
2026-03-08T00:00:00Z,115.20701710925839,132.7325
2026-03-08T01:00:00Z,114.6346471723936,131.1925
2026-03-08T02:00:00Z,114.79171859902777,130.0925
2026-03-08T03:00:00Z,116.02819673540402,129.335
2026-03-08T04:00:00Z,119.00183282420127,129.635
2026-03-08T05:00:00Z,124.18036896677627,131.0975
2026-03-08T06:00:00Z,119.65157989165468,116.985
2026-03-08T07:00:00Z,97.80865707466761,108.5625
2026-03-08T08:00:00Z,74.31466142725591,90.7175
2026-03-08T09:00:00Z,44.899994210740445,62.94
2026-03-08T10:00:00Z,7.8874237791069675,18.0275
2026-03-08T11:00:00Z,-3.2823463711497,8.3325
2026-03-08T12:00:00Z,-7.796274508765848,-0.005
2026-03-08T13:00:00Z,14.344281673996889,6.48
2026-03-08T14:00:00Z,55.04067680902815,64.25999999999999
2026-03-08T15:00:00Z,105.20920992899333,117.2025
2026-03-08T16:00:00Z,139.76772006054023,146.3125
2026-03-08T17:00:00Z,157.01936773055206,160.26
2026-03-08T18:00:00Z,143.20933797133824,154.0525
2026-03-08T19:00:00Z,127.46146486615473,138.7925
2026-03-08T20:00:00Z,116.87471895057031,127.435
2026-03-08T21:00:00Z,112.74014045590357,121.115
2026-03-08T22:00:00Z,106.98366149204438,113.5725
2026-03-08T23:00:00Z,105.34299371083173,114.0875
2026-03-09T00:00:00Z,103.13155370447343,109.2725
2026-03-09T01:00:00Z,106.29634148868499,109.12
2026-03-09T02:00:00Z,110.70229650237962,110.48
2026-03-09T03:00:00Z,118.08440727755482,116.39
2026-03-09T04:00:00Z,132.03601510984626,136.9975
2026-03-09T05:00:00Z,152.8270396006418,163.925
2026-03-09T06:00:00Z,156.73514928069878,191.58
2026-03-09T07:00:00Z,136.0300565311467,162.605
2026-03-09T08:00:00Z,105.68895660193195,127.0725
2026-03-09T09:00:00Z,74.48166541823099,101.1175
2026-03-09T10:00:00Z,48.67959660395431,81.0475
2026-03-09T11:00:00Z,38.142833291436546,67.69
2026-03-09T12:00:00Z,41.105765421549876,67.2925
2026-03-09T13:00:00Z,52.634599063809546,81.375
2026-03-09T14:00:00Z,91.11465981728034,112.9925
2026-03-09T15:00:00Z,138.09509018957132,143.4375
2026-03-09T16:00:00Z,177.02636091016547,187.025
2026-03-09T17:00:00Z,191.69106778582938,243.9725
2026-03-09T18:00:00Z,184.2182246271363,222.405
2026-03-09T19:00:00Z,169.2156089228946,180.89
2026-03-09T20:00:00Z,157.06766276213204,152.1575
2026-03-09T21:00:00Z,148.23466543287094,143.27
2026-03-09T22:00:00Z,135.30557806807474,132.695
2026-03-09T23:00:00Z,131.22405614030185,138.58
2026-03-10T00:00:00Z,122.1639562931414,130.44
2026-03-10T01:00:00Z,122.44470323146471,127.6125
2026-03-10T02:00:00Z,126.03392987645454,126.9
2026-03-10T03:00:00Z,132.73409542302653,128.48250000000002
2026-03-10T04:00:00Z,145.47777157421464,140.70999999999998
2026-03-10T05:00:00Z,166.96611858866203,168.1025
2026-03-10T06:00:00Z,175.27852264421745,180.17
2026-03-10T07:00:00Z,149.84123103244943,173.32
2026-03-10T08:00:00Z,117.48618939901695,140.53750000000002
2026-03-10T09:00:00Z,88.32604181295702,118.25
2026-03-10T10:00:00Z,67.90924483117287,103.7925
2026-03-10T11:00:00Z,58.91328554399584,91.44
2026-03-10T12:00:00Z,64.97786623991344,97.0375
2026-03-10T13:00:00Z,78.62663497270498,107.165
2026-03-10T14:00:00Z,105.34218548360144,121.4925
2026-03-10T15:00:00Z,141.78418563585686,144.3925
2026-03-10T16:00:00Z,180.84502139828106,179.0025
2026-03-10T17:00:00Z,200.96291666281104,218.2275
2026-03-10T18:00:00Z,186.7673224683953,201.13
2026-03-10T19:00:00Z,164.21726678569325,159.5475
2026-03-10T20:00:00Z,143.9975444477555,139.9675
2026-03-10T21:00:00Z,127.44252446784664,123.255
2026-03-10T22:00:00Z,112.33507638683928,98.5825
2026-03-10T23:00:00Z,95.40501586856575,83.9575
2026-03-11T00:00:00Z,80.01511172251509,70.805
2026-03-11T01:00:00Z,74.84877538574644,65.425
2026-03-11T02:00:00Z,71.67926241321076,63.5725
2026-03-11T03:00:00Z,73.5851907546407,56.0725
2026-03-11T04:00:00Z,82.00732993829311,64.535
2026-03-11T05:00:00Z,101.1183964667337,70.8675
2026-03-11T06:00:00Z,108.38129737352348,80.87
2026-03-11T07:00:00Z,89.271920452716,75.5025
2026-03-11T08:00:00Z,64.39468215929817,57.945
2026-03-11T09:00:00Z,43.128306226543174,26.2275
2026-03-11T10:00:00Z,29.173750595680254,12.1975
2026-03-11T11:00:00Z,27.17825450635697,9.9125
2026-03-11T12:00:00Z,33.7923317517064,16.1375
2026-03-11T13:00:00Z,45.7386070771611,47.2725
2026-03-11T14:00:00Z,68.92020926034164,79.33
2026-03-11T15:00:00Z,100.6952691614056,104.105
2026-03-11T16:00:00Z,133.8538152878357,128.7775
2026-03-11T17:00:00Z,157.9720768141263,153.13750000000002
2026-03-11T18:00:00Z,148.08867176123928,156.72
2026-03-11T19:00:00Z,129.1362447735325,132.19
2026-03-11T20:00:00Z,117.1354283514891,123.0275
2026-03-11T21:00:00Z,110.44100543408537,119.3025
2026-03-11T22:00:00Z,94.65997002014566,104.0025
2026-03-11T23:00:00Z,82.58935260351222,100.185
2026-03-12T00:00:00Z,74.9226193169488,92.0425
2026-03-12T01:00:00Z,73.60956648391664,88.8125
2026-03-12T02:00:00Z,76.62264343850988,88.61
2026-03-12T03:00:00Z,80.35475336361823,89.6625
2026-03-12T04:00:00Z,91.68771571090186,99.8225
2026-03-12T05:00:00Z,104.18966812005206,130.6675
2026-03-12T06:00:00Z,109.63653337960777,137.14
2026-03-12T07:00:00Z,93.3658845165901,104.805
2026-03-12T08:00:00Z,65.05868101112418,79.9975
2026-03-12T09:00:00Z,32.11344595333342,28.475
2026-03-12T10:00:00Z,10.340644612917174,0.3425
2026-03-12T11:00:00Z,-2.6890851315798443,-1.0925
2026-03-12T12:00:00Z,-6.603980438889636,-2.4925
2026-03-12T13:00:00Z,1.3535036438089918,-0.9025
2026-03-12T14:00:00Z,22.443919736152424,3.6
2026-03-12T15:00:00Z,53.07366963519013,51.165
2026-03-12T16:00:00Z,89.82843034518989,108.5775
2026-03-12T17:00:00Z,108.04926239627538,114.865
2026-03-12T18:00:00Z,97.97137110434468,105.9975
2026-03-12T19:00:00Z,78.44235914345144,86.57
2026-03-12T20:00:00Z,62.93136862370787,69.79
2026-03-12T21:00:00Z,53.023831210540145,62.555
2026-03-12T22:00:00Z,41.16854931901442,17.9025
2026-03-12T23:00:00Z,38.31281131456666,6.29
2026-03-13T00:00:00Z,31.878130605768263,4.1025
2026-03-13T01:00:00Z,30.803314883207094,2.8875
2026-03-13T02:00:00Z,31.783721739653657,1.1475
2026-03-13T03:00:00Z,33.15442818238864,1.46
2026-03-13T04:00:00Z,44.06680223745219,2.9075
2026-03-13T05:00:00Z,64.73499103220396,8.46
2026-03-13T06:00:00Z,65.94701726351663,19.9375
2026-03-13T07:00:00Z,40.97532348676341,6.415
2026-03-13T08:00:00Z,21.876916606193973,-0.24
2026-03-13T09:00:00Z,3.4410988611459885,-4.9975
2026-03-13T10:00:00Z,-12.636050432866355,-9.0
2026-03-13T11:00:00Z,-9.91498290860973,-8.3475
2026-03-13T12:00:00Z,-0.0021537693116613355,-2.5525
2026-03-13T13:00:00Z,20.39146179295532,1.1725
2026-03-13T14:00:00Z,43.64178980979024,47.07
2026-03-13T15:00:00Z,88.32589650819887,101.31
2026-03-13T16:00:00Z,133.58084809787044,141.93
2026-03-13T17:00:00Z,155.47414657828875,161.4925
2026-03-13T18:00:00Z,155.21730589996196,165.745
2026-03-13T19:00:00Z,137.48462754110773,145.7225
2026-03-13T20:00:00Z,126.07515835629317,130.335
2026-03-13T21:00:00Z,119.22943006366467,123.4225
2026-03-13T22:00:00Z,103.13322117713817,115.8075
2026-03-13T23:00:00Z,99.39958515826375,112.945
2026-03-14T00:00:00Z,95.82750341406447,109.07
2026-03-14T01:00:00Z,96.89776015982106,103.99
2026-03-14T02:00:00Z,98.39784649847458,101.8625
2026-03-14T03:00:00Z,101.09917914825476,105.115
2026-03-14T04:00:00Z,104.72140708925997,109.0675
2026-03-14T05:00:00Z,108.42813845758839,111.52
2026-03-14T06:00:00Z,114.82798598639289,116.7075
2026-03-14T07:00:00Z,109.16000118717707,121.88
2026-03-14T08:00:00Z,90.97961585129458,116.14
2026-03-14T09:00:00Z,83.6377552316851,107.5225
2026-03-14T10:00:00Z,76.12204745282482,103.525
2026-03-14T11:00:00Z,73.25759004569593,104.195
2026-03-14T12:00:00Z,69.50118574307088,103.43
2026-03-14T13:00:00Z,75.09850239655543,105.6775
2026-03-14T14:00:00Z,94.14391487420052,114.22
2026-03-14T15:00:00Z,124.52237712698621,130.0
2026-03-14T16:00:00Z,147.04136683799487,138.65
2026-03-14T17:00:00Z,162.80937767128785,161.1
2026-03-14T18:00:00Z,161.60094126539371,169.83499999999998
2026-03-14T19:00:00Z,150.61701305705867,150.265
2026-03-14T20:00:00Z,141.1847166948987,137.4525
2026-03-14T21:00:00Z,133.38373620984203,135.2375
2026-03-14T22:00:00Z,123.75532497464867,128.04500000000002
2026-03-14T23:00:00Z,123.79816725316746,137.3425
2026-03-15T00:00:00Z,116.51141002091643,133.73000000000002
2026-03-15T01:00:00Z,112.27923591954334,124.96
2026-03-15T02:00:00Z,111.28921950858987,123.5275
2026-03-15T03:00:00Z,113.17013152422669,122.1775
2026-03-15T04:00:00Z,116.90312033871483,124.12
2026-03-15T05:00:00Z,120.77129384198413,124.3875
2026-03-15T06:00:00Z,121.92700099853985,118.46
2026-03-15T07:00:00Z,115.7002661352295,109.095
2026-03-15T08:00:00Z,104.60907265455381,94.77
2026-03-15T09:00:00Z,92.63251359738932,87.305
2026-03-15T10:00:00Z,79.41570450870526,72.21
2026-03-15T11:00:00Z,69.26143023149592,52.9675
2026-03-15T12:00:00Z,61.24651766171701,36.4575
2026-03-15T13:00:00Z,60.168957117562655,37.1975
2026-03-15T14:00:00Z,76.03235047288454,63.0775
2026-03-15T15:00:00Z,100.43632082296477,89.245
2026-03-15T16:00:00Z,124.23432583453717,127.9125
2026-03-15T17:00:00Z,138.46939093769345,149.115
2026-03-15T18:00:00Z,127.00854229674357,131.87
2026-03-15T19:00:00Z,105.8704644750271,108.4825
2026-03-15T20:00:00Z,87.61269803628913,91.875
2026-03-15T21:00:00Z,76.55229186767937,82.8625
2026-03-15T22:00:00Z,61.968665971314564,64.015
2026-03-15T23:00:00Z,52.664197479597306,34.165
2026-03-16T00:00:00Z,43.79836295708324,23.3275
2026-03-16T01:00:00Z,41.240724418327005,17.59
2026-03-16T02:00:00Z,46.639711047066974,14.1375
2026-03-16T03:00:00Z,54.69033760123807,20.0575
2026-03-16T04:00:00Z,70.56213052477483,37.4275
2026-03-16T05:00:00Z,92.31821577960332,66.19
2026-03-16T06:00:00Z,102.19783053904672,95.5675
2026-03-16T07:00:00Z,94.62901448833858,95.9775
2026-03-16T08:00:00Z,76.43461119306244,73.105
2026-03-16T09:00:00Z,61.48537380023615,42.595
2026-03-16T10:00:00Z,50.78133793911397,17.365000000000002
2026-03-16T11:00:00Z,46.281436643143365,12.035
2026-03-16T12:00:00Z,45.229243673493826,15.88
2026-03-16T13:00:00Z,46.60072867834634,42.1725
2026-03-16T14:00:00Z,70.29578917691047,64.445
2026-03-16T15:00:00Z,106.93565798861081,106.21
2026-03-16T16:00:00Z,149.06517554575845,138.6025
2026-03-16T17:00:00Z,179.11615367973764,165.035
2026-03-16T18:00:00Z,167.122614826075,179.8875
2026-03-16T19:00:00Z,149.84566803545349,154.785
2026-03-16T20:00:00Z,137.1284258086265,125.7125
2026-03-16T21:00:00Z,126.76256921036214,121.9125
2026-03-16T22:00:00Z,111.64212540124608,99.765
2026-03-16T23:00:00Z,108.0466979427427,113.665
2026-03-17T00:00:00Z,98.01131637677193,105.585
2026-03-17T01:00:00Z,92.40335081731926,106.4225
2026-03-17T02:00:00Z,89.15399923910424,106.5225
2026-03-17T03:00:00Z,97.93934650146261,110.03
2026-03-17T04:00:00Z,111.94259551492561,119.915
2026-03-17T05:00:00Z,133.4886918853927,147.965
2026-03-17T06:00:00Z,142.98922724480965,167.98
2026-03-17T07:00:00Z,133.1397365704215,152.5125
2026-03-17T08:00:00Z,112.04524209770403,124.0725
2026-03-17T09:00:00Z,92.45858537257405,108.64
2026-03-17T10:00:00Z,78.65100717522078,100.65
2026-03-17T11:00:00Z,71.3718759601549,95.2275
2026-03-17T12:00:00Z,70.06135930219304,96.765
2026-03-17T13:00:00Z,77.4917180984348,99.325
2026-03-17T14:00:00Z,95.46206656280769,112.1075
2026-03-17T15:00:00Z,126.55930365344693,131.7775
2026-03-17T16:00:00Z,157.977385505846,162.2025
2026-03-17T17:00:00Z,176.8053869640242,207.2975
2026-03-17T18:00:00Z,168.7866976377013,170.3825
2026-03-17T19:00:00Z,146.07305910491698,144.2375
2026-03-17T20:00:00Z,123.73810070566981,129.79000000000002
2026-03-17T21:00:00Z,108.64455659770223,114.24
2026-03-17T22:00:00Z,92.75383487453632,100.4575
2026-03-17T23:00:00Z,86.35727161921764,89.8
2026-03-18T00:00:00Z,76.33174565862964,86.72749999999999
2026-03-18T01:00:00Z,75.75601550254365,85.685
2026-03-18T02:00:00Z,77.95762471403953,86.8675
2026-03-18T03:00:00Z,83.46547531392244,88.83500000000001
2026-03-18T04:00:00Z,97.76363183482628,100.055
2026-03-18T05:00:00Z,119.50373258576852,130.74
2026-03-18T06:00:00Z,118.92535864468938,133.5925
2026-03-18T07:00:00Z,92.17505071112166,99.9375
2026-03-18T08:00:00Z,62.96467641712057,62.95
2026-03-18T09:00:00Z,39.218175358087876,9.9975
2026-03-18T10:00:00Z,28.30754318248681,-1.62
2026-03-18T11:00:00Z,12.484591288656588,-2.31
2026-03-18T12:00:00Z,14.894516928891278,-2.7125
2026-03-18T13:00:00Z,34.11149421909717,0.2224999999999999
2026-03-18T14:00:00Z,59.14465023536016,47.19499999999999
2026-03-18T15:00:00Z,100.18531074668033,107.0325
2026-03-18T16:00:00Z,146.13451005624074,145.2125
2026-03-18T17:00:00Z,174.24949298294004,177.6225
2026-03-18T18:00:00Z,157.67895715151775,170.1975
2026-03-18T19:00:00Z,140.51309936814755,148.49
2026-03-18T20:00:00Z,128.03611845310448,132.0575
2026-03-18T21:00:00Z,117.65503278464448,123.775
2026-03-18T22:00:00Z,106.68994500648498,113.375
2026-03-18T23:00:00Z,104.0147680562357,109.25
2026-03-19T00:00:00Z,99.28569193487434,112.64
2026-03-19T01:00:00Z,102.59801632238887,113.9925
2026-03-19T02:00:00Z,108.69170871305087,115.525
2026-03-19T03:00:00Z,116.92536282824231,123.275
2026-03-19T04:00:00Z,130.8517226681111,132.78
2026-03-19T05:00:00Z,153.1878672264877,160.1275
2026-03-19T06:00:00Z,149.89452385089814,158.2425
2026-03-19T07:00:00Z,119.31379753868288,138.6025
2026-03-19T08:00:00Z,84.09172022808558,90.9025
2026-03-19T09:00:00Z,46.94897814165881,55.3
2026-03-19T10:00:00Z,28.587802340177255,7.869999999999999
2026-03-19T11:00:00Z,10.3909392592887,0.0
2026-03-19T12:00:00Z,13.314266478676714,2.53
2026-03-19T13:00:00Z,30.770777338272794,43.715
2026-03-19T14:00:00Z,62.32227491132514,85.9475
2026-03-19T15:00:00Z,113.03562772074164,120.3475
2026-03-19T16:00:00Z,159.4862513948325,152.175
2026-03-19T17:00:00Z,184.85339678600843,209.2675
2026-03-19T18:00:00Z,176.99146689342248,214.3825
2026-03-19T19:00:00Z,161.70119301603194,163.37
2026-03-19T20:00:00Z,148.8953094915858,149.04000000000002
2026-03-19T21:00:00Z,140.28698173536606,139.55
2026-03-19T22:00:00Z,128.69889818557286,132.2375
2026-03-19T23:00:00Z,120.22873501205339,143.5625
2026-03-20T00:00:00Z,114.86778483493926,137.96
2026-03-20T01:00:00Z,116.80546915987969,135.6425
2026-03-20T02:00:00Z,120.532520823227,137.475
2026-03-20T03:00:00Z,124.58350952870956,138.905
2026-03-20T04:00:00Z,133.61863312712273,154.59
2026-03-20T05:00:00Z,154.9908130897378,192.295
2026-03-20T06:00:00Z,153.87723992993716,197.6425
2026-03-20T07:00:00Z,132.48663670509012,161.3025
2026-03-20T08:00:00Z,103.33927141243555,132.0075
2026-03-20T09:00:00Z,74.33522780307051,101.085
2026-03-20T10:00:00Z,48.2789562273945,78.4725
2026-03-20T11:00:00Z,38.550942041378796,65.61
2026-03-20T12:00:00Z,36.61760911266845,65.61
2026-03-20T13:00:00Z,47.63744167340826,87.4
2026-03-20T14:00:00Z,77.58292767164598,117.155
2026-03-20T15:00:00Z,114.33098712560914,144.675
2026-03-20T16:00:00Z,153.84563425741254,174.8175
2026-03-20T17:00:00Z,185.41230223859793,211.005
2026-03-20T18:00:00Z,181.4876066009203,212.31
2026-03-20T19:00:00Z,161.0036126504654,180.035
2026-03-20T20:00:00Z,149.59951514279862,163.05
2026-03-20T21:00:00Z,140.88397105413412,151.8525
2026-03-20T22:00:00Z,129.72254266338217,148.125
2026-03-20T23:00:00Z,129.54403547335485,142.3975
2026-03-21T00:00:00Z,125.78388636175197,138.3425
2026-03-21T01:00:00Z,126.16330624603621,136.085
2026-03-21T02:00:00Z,127.56348396508473,132.0575
2026-03-21T03:00:00Z,128.90408170687783,131.1925
2026-03-21T04:00:00Z,135.77991676784967,137.665
2026-03-21T05:00:00Z,146.8134134583199,142.34
2026-03-21T06:00:00Z,141.9117155464793,139.6625
2026-03-21T07:00:00Z,120.38277843712726,127.265
2026-03-21T08:00:00Z,98.46878181664844,100.5775
2026-03-21T09:00:00Z,75.1677436756132,76.4725
2026-03-21T10:00:00Z,60.8634465075337,45.9
2026-03-21T11:00:00Z,52.358641241948725,23.49
2026-03-21T12:00:00Z,51.74388091518922,24.27
2026-03-21T13:00:00Z,61.32698842461551,62.9275
2026-03-21T14:00:00Z,83.67307281963005,90.0
2026-03-21T15:00:00Z,113.25316003332753,115.665
2026-03-21T16:00:00Z,145.90753356204698,146.025
2026-03-21T17:00:00Z,168.75168191031548,171.6175
2026-03-21T18:00:00Z,160.88130259702848,163.10500000000002
2026-03-21T19:00:00Z,139.75168535765764,141.8275
2026-03-21T20:00:00Z,125.37861120827412,126.875
2026-03-21T21:00:00Z,116.362506364518,120.2425
2026-03-21T22:00:00Z,106.57220646784234,108.0
2026-03-21T23:00:00Z,99.28661821497786,100.4125
2026-03-22T00:00:00Z,87.82902675522045,95.755
2026-03-22T01:00:00Z,86.96334349337667,94.2025
2026-03-22T02:00:00Z,87.58339799085765,95.26
2026-03-22T03:00:00Z,90.2231557049137,98.5975
2026-03-22T04:00:00Z,92.95139719443294,101.6625
2026-03-22T05:00:00Z,93.40195924610121,100.105
2026-03-22T06:00:00Z,75.77565608049875,84.71
2026-03-22T07:00:00Z,49.7325486389263,41.33
2026-03-22T08:00:00Z,27.481880420669285,6.7725
2026-03-22T09:00:00Z,-1.836198638466783,-0.43
2026-03-22T10:00:00Z,-17.49614947201306,-4.3625
2026-03-22T11:00:00Z,-28.345714898112774,-11.76
2026-03-22T12:00:00Z,-27.78437922833072,-10.31
2026-03-22T13:00:00Z,-9.343498974842007,-2.1775
2026-03-22T14:00:00Z,35.353456000358975,11.25
2026-03-22T15:00:00Z,83.73719428956764,93.1525
2026-03-22T16:00:00Z,136.02252805618068,145.635
2026-03-22T17:00:00Z,165.37386403823632,174.19
2026-03-22T18:00:00Z,159.54152031013305,173.3825
2026-03-22T19:00:00Z,147.36909643023478,164.7325
2026-03-22T20:00:00Z,139.03854166507202,155.3775
2026-03-22T21:00:00Z,135.5275778854034,146.7975
2026-03-22T22:00:00Z,127.76048235713849,143.505
2026-03-22T23:00:00Z,120.12441061163085,131.13750000000002
2026-03-23T00:00:00Z,118.38238366164245,125.9
2026-03-23T01:00:00Z,119.30058409534728,125.16
2026-03-23T02:00:00Z,121.7806408376205,128.5875
2026-03-23T03:00:00Z,129.8437806732586,138.26749999999998
2026-03-23T04:00:00Z,142.22125173825037,155.72
2026-03-23T05:00:00Z,155.89475062512005,182.29
2026-03-23T06:00:00Z,145.6330505926707,186.185
2026-03-23T07:00:00Z,112.04991713181381,147.60500000000002
2026-03-23T08:00:00Z,76.06501683716215,108.0
2026-03-23T09:00:00Z,47.10869938947081,81.4325
2026-03-23T10:00:00Z,24.345477619458315,48.0825
2026-03-23T11:00:00Z,22.428358420226374,49.255
2026-03-23T12:00:00Z,37.88883675514756,74.875
2026-03-23T13:00:00Z,51.743958727593906,94.98
2026-03-23T14:00:00Z,75.92536998903638,114.4525
2026-03-23T15:00:00Z,120.67265382630177,138.5425
2026-03-23T16:00:00Z,162.9755404968845,190.775
2026-03-23T17:00:00Z,188.24095360337205,263.01
2026-03-23T18:00:00Z,189.63730120546728,241.56
2026-03-23T19:00:00Z,179.77109452834583,206.5875
2026-03-23T20:00:00Z,167.76982387804554,177.32
2026-03-23T21:00:00Z,156.82626661211725,155.74
2026-03-23T22:00:00Z,144.89216506748323,140.45
2026-03-23T23:00:00Z,129.94631010700783,141.0625
2026-03-24T00:00:00Z,116.93884068562568,124.3175
2026-03-24T01:00:00Z,110.7424220879474,109.9975
2026-03-24T02:00:00Z,107.04385412827223,101.64
2026-03-24T03:00:00Z,105.575231099299,100.375
2026-03-24T04:00:00Z,111.8294389134499,100.9725
2026-03-24T05:00:00Z,125.21737283815332,110.8175
2026-03-24T06:00:00Z,118.25800333290155,113.0475
2026-03-24T07:00:00Z,91.26800301862585,97.4575
2026-03-24T08:00:00Z,61.95035299244784,70.905
2026-03-24T09:00:00Z,38.182505884834505,23.7275
2026-03-24T10:00:00Z,17.777399121515074,1.195
2026-03-24T11:00:00Z,13.797951319822332,-0.01
2026-03-24T12:00:00Z,17.798891778037444,-0.02
2026-03-24T13:00:00Z,26.115654351011692,-0.0025
2026-03-24T14:00:00Z,45.50358672482346,19.9975
2026-03-24T15:00:00Z,75.29930097993345,77.4325
2026-03-24T16:00:00Z,111.76902994929257,112.84
2026-03-24T17:00:00Z,140.1565500121836,135.8425
2026-03-24T18:00:00Z,122.39407045110526,137.9925
2026-03-24T19:00:00Z,97.4918946540404,101.1
2026-03-24T20:00:00Z,75.55417525073408,74.4975
2026-03-24T21:00:00Z,58.48237398586983,66.1025
2026-03-24T22:00:00Z,46.749519654216705,22.0975
2026-03-24T23:00:00Z,37.52470020009928,1.81
2026-03-25T00:00:00Z,24.513423461929982,0.3675
2026-03-25T01:00:00Z,20.509070301782522,-0.0025
2026-03-25T02:00:00Z,19.467838377655035,-0.01
2026-03-25T03:00:00Z,23.68949249273593,-0.005
2026-03-25T04:00:00Z,33.51655747624067,0.365
2026-03-25T05:00:00Z,52.70195930061013,3.6425
2026-03-25T06:00:00Z,57.75279007633845,8.9025
2026-03-25T07:00:00Z,46.95985692613405,0.9075
2026-03-25T08:00:00Z,29.366952288750397,-0.03
2026-03-25T09:00:00Z,20.15014096088074,-0.0275
2026-03-25T10:00:00Z,14.8101303409602,-0.01
2026-03-25T11:00:00Z,10.499253796801597,-0.01
2026-03-25T12:00:00Z,6.442424810770177,-0.01
2026-03-25T13:00:00Z,4.687499426808529,0.0075
2026-03-25T14:00:00Z,20.56996903401815,4.775
2026-03-25T15:00:00Z,47.82743977708209,41.9025
2026-03-25T16:00:00Z,87.8256569468363,98.8375
2026-03-25T17:00:00Z,116.51151153106576,134.82999999999998
2026-03-25T18:00:00Z,123.61742482454946,161.925
2026-03-25T19:00:00Z,102.18833267440928,134.9075
2026-03-25T20:00:00Z,86.97810254069906,114.46
2026-03-25T21:00:00Z,79.37062805275632,108.1
2026-03-25T22:00:00Z,60.02736914883677,88.80250000000001
2026-03-25T23:00:00Z,58.06543291560618,99.6375
2026-03-26T00:00:00Z,53.578708719240474,95.0725
2026-03-26T01:00:00Z,51.09912533207018,91.605
2026-03-26T02:00:00Z,52.78412479928022,94.87
2026-03-26T03:00:00Z,56.438135243958634,97.5775
2026-03-26T04:00:00Z,63.47284101740793,105.2675
2026-03-26T05:00:00Z,72.68846066067776,120.28
2026-03-26T06:00:00Z,78.3517432855827,137.345
2026-03-26T07:00:00Z,59.694384467466925,125.79
2026-03-26T08:00:00Z,41.32809190489065,87.41499999999999
2026-03-26T09:00:00Z,26.403748478146618,41.8525
2026-03-26T10:00:00Z,15.67315375582303,13.74
2026-03-26T11:00:00Z,11.695327856337187,3.12
2026-03-26T12:00:00Z,8.926425477695645,0.6300000000000001
2026-03-26T13:00:00Z,7.07770721832064,5.9025
2026-03-26T14:00:00Z,23.621440594320802,37.435
2026-03-26T15:00:00Z,52.665212534715764,75.8175
2026-03-26T16:00:00Z,99.79645173257197,115.9225
2026-03-26T17:00:00Z,135.06485393098586,155.4175
2026-03-26T18:00:00Z,148.7927903669476,167.22
2026-03-26T19:00:00Z,128.2186964478691,153.745
2026-03-26T20:00:00Z,113.3101028013373,130.505
2026-03-26T21:00:00Z,106.80351964638035,124.3725
2026-03-26T22:00:00Z,97.03809329886,115.025
2026-03-26T23:00:00Z,108.74083368573564,119.3925
2026-03-27T00:00:00Z,105.82915006735466,119.5
2026-03-27T01:00:00Z,111.09634099700604,117.3425
2026-03-27T02:00:00Z,118.91073414805342,117.8325
2026-03-27T03:00:00Z,127.53245130447779,120.2475
2026-03-27T04:00:00Z,139.5810221720888,136.4625
2026-03-27T05:00:00Z,159.064787167825,172.63
2026-03-27T06:00:00Z,154.41817535650074,176.395
2026-03-27T07:00:00Z,130.84329021366582,147.5575
2026-03-27T08:00:00Z,102.78404621199732,114.0025
2026-03-27T09:00:00Z,71.62423717143145,87.25999999999999
2026-03-27T10:00:00Z,47.89256785355468,72.81
2026-03-27T11:00:00Z,33.549091473952956,63.31999999999999
2026-03-27T12:00:00Z,28.91919735044202,59.6
2026-03-27T13:00:00Z,33.202759031151366,74.075
2026-03-27T14:00:00Z,57.4136029739816,92.3225
2026-03-27T15:00:00Z,88.93265446516921,103.0825
2026-03-27T16:00:00Z,131.24933202847916,139.05
2026-03-27T17:00:00Z,162.34930756466116,158.9325
2026-03-27T18:00:00Z,159.60331379882,168.245
2026-03-27T19:00:00Z,138.43009475221075,142.89
2026-03-27T20:00:00Z,120.43850986928484,118.995
2026-03-27T21:00:00Z,109.96079620838213,116.66
2026-03-27T22:00:00Z,98.89549077419302,106.0125
2026-03-27T23:00:00Z,96.26057740890002,95.135
2026-03-28T00:00:00Z,94.07319867751846,92.665
2026-03-28T01:00:00Z,91.0623062613574,89.5475
2026-03-28T02:00:00Z,89.34717085693391,87.2625
2026-03-28T03:00:00Z,92.15584390699352,88.1175
2026-03-28T04:00:00Z,98.50106780967252,91.6125
2026-03-28T05:00:00Z,104.79033178001814,87.92
2026-03-28T06:00:00Z,99.35919547431313,79.185
2026-03-28T07:00:00Z,82.4364455355696,68.3
2026-03-28T08:00:00Z,71.46069077968099,44.9075
2026-03-28T09:00:00Z,61.49572568792564,17.5825
2026-03-28T10:00:00Z,57.87712836523664,7.6425
2026-03-28T11:00:00Z,55.43587770621082,6.695
2026-03-28T12:00:00Z,56.9493533599547,7.8475
2026-03-28T13:00:00Z,64.94531441317245,20.475
2026-03-28T14:00:00Z,86.79423025221728,54.2425
2026-03-28T15:00:00Z,112.45077252241771,81.05250000000001
2026-03-28T16:00:00Z,140.59047701978528,110.34
2026-03-28T17:00:00Z,164.4237203088368,138.925
2026-03-28T18:00:00Z,166.74413444584184,154.07
2026-03-28T19:00:00Z,148.58443116692786,143.9525
2026-03-28T20:00:00Z,133.1786562568852,131.595
2026-03-28T21:00:00Z,123.0504373101011,125.33
2026-03-28T22:00:00Z,105.81583584210216,119.58
2026-03-28T23:00:00Z,95.5971991782743,114.56
2026-03-29T00:00:00Z,88.43466049329975,107.6975
2026-03-29T01:00:00Z,88.81131677930027,101.165
2026-03-29T02:00:00Z,89.95371653577024,105.225
2026-03-29T03:00:00Z,96.28231308837793,104.605
2026-03-29T04:00:00Z,102.48011093366013,109.755
2026-03-29T05:00:00Z,105.7984003336765,115.03
2026-03-29T06:00:00Z,100.34812818760582,114.8425
2026-03-29T07:00:00Z,85.43407756192168,94.3975
2026-03-29T08:00:00Z,68.62225388863774,74.8075
2026-03-29T09:00:00Z,48.13218817846352,44.6975
2026-03-29T10:00:00Z,27.723282533589035,9.73
2026-03-29T11:00:00Z,10.787100514228769,-0.005
2026-03-29T12:00:00Z,-0.2064420321101892,-1.785
2026-03-29T13:00:00Z,-3.4039217002808186,-2.1
2026-03-29T14:00:00Z,16.759459474419224,0.8724999999999999
2026-03-29T15:00:00Z,52.10508766964725,33.31
2026-03-29T16:00:00Z,91.50686162625396,89.25999999999999
2026-03-29T17:00:00Z,111.66893141411305,105.6775
2026-03-29T18:00:00Z,99.72201034362834,95.18
2026-03-29T19:00:00Z,84.47948794805113,74.8125
2026-03-29T20:00:00Z,73.28996680436583,66.85
2026-03-29T21:00:00Z,62.4960410669054,25.635
2026-03-29T22:00:00Z,53.822946023780275,9.1975
2026-03-29T23:00:00Z,48.86289007141381,2.3000000000000003
2026-03-30T00:00:00Z,43.379689390153366,5.02
2026-03-30T01:00:00Z,43.55773583731449,3.825
2026-03-30T02:00:00Z,50.570886781505045,4.3575
2026-03-30T03:00:00Z,57.024263457804274,18.4225
2026-03-30T04:00:00Z,77.27245629336868,66.87
2026-03-30T05:00:00Z,97.0839752061673,90.3125
2026-03-30T06:00:00Z,103.87092936898134,109.2225
2026-03-30T07:00:00Z,88.7426075933275,96.8375
2026-03-30T08:00:00Z,73.51456702878897,73.8475
2026-03-30T09:00:00Z,55.8920723397802,45.9975
2026-03-30T10:00:00Z,40.47694505580084,23.5875
2026-03-30T11:00:00Z,34.1498989036866,11.4
2026-03-30T12:00:00Z,31.913583580854542,7.5425
2026-03-30T13:00:00Z,31.84641380522101,12.9375
2026-03-30T14:00:00Z,46.7533801861803,35.145
2026-03-30T15:00:00Z,78.82884546158778,77.45
2026-03-30T16:00:00Z,117.4447718248041,104.8275
2026-03-30T17:00:00Z,144.94676337025206,121.6525
2026-03-30T18:00:00Z,136.4551574460957,125.6075
2026-03-30T19:00:00Z,119.52195250193873,126.165
2026-03-30T20:00:00Z,102.45081596887536,121.175
2026-03-30T21:00:00Z,84.27943604396047,108.88
2026-03-30T22:00:00Z,71.43894439824277,109.245
2026-03-30T23:00:00Z,66.43002289611711,102.68
2026-03-31T00:00:00Z,61.31133652396352,101.26
2026-03-31T01:00:00Z,61.82001508136524,100.535
2026-03-31T02:00:00Z,66.60746246795874,101.68
2026-03-31T03:00:00Z,76.87041977436267,108.0425
2026-03-31T04:00:00Z,98.580607274518,137.1975
2026-03-31T05:00:00Z,117.75664378234006,152.125
2026-03-31T06:00:00Z,120.76724613989184,163.79
2026-03-31T07:00:00Z,103.22862997788258,135.555
2026-03-31T08:00:00Z,83.48135759743745,104.255
2026-03-31T09:00:00Z,60.856252908269575,87.35
2026-03-31T10:00:00Z,43.41587864955134,78.67
2026-03-31T11:00:00Z,33.92534400446906,55.225
2026-03-31T12:00:00Z,26.405099190970716,53.4875
2026-03-31T13:00:00Z,26.27718299689453,63.0525
2026-03-31T14:00:00Z,48.902188395149764,82.2175
2026-03-31T15:00:00Z,85.76974040427831,110.9675
2026-03-31T16:00:00Z,125.59455629242147,151.0
2026-03-31T17:00:00Z,157.13556208945948,175.0025
2026-03-31T18:00:00Z,156.92166661030404,176.005
2026-03-31T19:00:00Z,149.63673942566993,171.725
2026-03-31T20:00:00Z,139.75518706570904,158.32999999999998
2026-03-31T21:00:00Z,131.87887341076677,148.475
2026-03-31T22:00:00Z,128.91768242240863,145.51
2026-03-31T23:00:00Z,125.31857250268872,129.48749999999998
2026-04-01T00:00:00Z,121.53664823738625,125.345
2026-04-01T01:00:00Z,126.22272948763134,129.4275
2026-04-01T02:00:00Z,131.36965440218475,136.025
2026-04-01T03:00:00Z,143.37430627835008,149.115
2026-04-01T04:00:00Z,165.14048242723987,180.835
2026-04-01T05:00:00Z,174.52115256044016,226.9475
2026-04-01T06:00:00Z,169.80150002729235,199.9775
2026-04-01T07:00:00Z,143.72971875535865,171.515
2026-04-01T08:00:00Z,112.7905318441345,139.8
2026-04-01T09:00:00Z,87.22050411269912,128.0775
2026-04-01T10:00:00Z,69.03319084352862,115.0525
2026-04-01T11:00:00Z,51.73567727780831,93.835
2026-04-01T12:00:00Z,42.07056880900729,86.3325
2026-04-01T13:00:00Z,48.76140437513263,93.8375
2026-04-01T14:00:00Z,70.6405870289188,105.515
2026-04-01T15:00:00Z,107.92375064641074,130.12
2026-04-01T16:00:00Z,150.8822440168462,152.095
2026-04-01T17:00:00Z,176.8947169111065,188.665
2026-04-01T18:00:00Z,174.14793456719622,181.1925
2026-04-01T19:00:00Z,161.00176366194523,165.8225
2026-04-01T20:00:00Z,148.31950663892337,152.8225
2026-04-01T21:00:00Z,137.86101759508983,133.7825
2026-04-01T22:00:00Z,127.86488329777117,127.1725
2026-04-01T23:00:00Z,121.55564319548805,118.995
2026-04-02T00:00:00Z,114.39293083013011,114.13
2026-04-02T01:00:00Z,116.17148556864828,109.185
2026-04-02T02:00:00Z,120.60307995900865,107.41
2026-04-02T03:00:00Z,130.71716517868845,119.2925
2026-04-02T04:00:00Z,151.6579973083723,152.0525
2026-04-02T05:00:00Z,165.74947173161104,160.0075
2026-04-02T06:00:00Z,143.9971100462849,157.6575
2026-04-02T07:00:00Z,108.53344354857234,114.2775
2026-04-02T08:00:00Z,78.51341912588661,90.6625
2026-04-02T09:00:00Z,54.557843473285914,74.25
2026-04-02T10:00:00Z,42.13968148882208,59.745000000000005
2026-04-02T11:00:00Z,37.38780342008351,42.455
2026-04-02T12:00:00Z,41.4027725951172,52.86
2026-04-02T13:00:00Z,55.07455762666505,73.77
2026-04-02T14:00:00Z,77.62506663158375,92.7575
2026-04-02T15:00:00Z,109.64920997285631,108.81
2026-04-02T16:00:00Z,137.7303420416245,134.385
2026-04-02T17:00:00Z,159.75770997705803,161.84
2026-04-02T18:00:00Z,152.425859913665,159.635
2026-04-02T19:00:00Z,143.57735998025476,146.5225
2026-04-02T20:00:00Z,132.7866493545368,134.9975
2026-04-02T21:00:00Z,119.870649928464,123.97
2026-04-02T22:00:00Z,111.80233147418448,133.6
2026-04-02T23:00:00Z,106.02540171678477,121.985
2026-04-03T00:00:00Z,97.9639563857708,119.515
2026-04-03T01:00:00Z,100.69164102813652,117.6675
2026-04-03T02:00:00Z,104.55596967103342,120.1825
2026-04-03T03:00:00Z,108.31899746379206,123.4025
2026-04-03T04:00:00Z,116.56644549150224,133.125
2026-04-03T05:00:00Z,117.56875887515938,135.8625
2026-04-03T06:00:00Z,105.00990714170057,131.04250000000002
2026-04-03T07:00:00Z,77.90178381938547,113.18
2026-04-03T08:00:00Z,52.505024990906065,85.585
2026-04-03T09:00:00Z,30.143911469913824,52.9575
2026-04-03T10:00:00Z,15.955756268967896,27.01
2026-04-03T11:00:00Z,-1.3120447481605026,9.945
2026-04-03T12:00:00Z,-9.472518256906284,1.6525
2026-04-03T13:00:00Z,-3.8264836239478086,3.05
2026-04-03T14:00:00Z,17.209922601923026,23.942500000000003
2026-04-03T15:00:00Z,44.33486080708297,66.7975
2026-04-03T16:00:00Z,77.90830000011624,88.9725
2026-04-03T17:00:00Z,101.58014736592426,99.39
2026-04-03T18:00:00Z,92.9169377506459,96.3375
2026-04-03T19:00:00Z,76.37581852574186,84.2025
2026-04-03T20:00:00Z,63.914213172562185,81.28
2026-04-03T21:00:00Z,53.58907216283626,60.5875
2026-04-03T22:00:00Z,47.4950311829891,9.7275
2026-04-03T23:00:00Z,43.28447654501747,8.955
2026-04-04T00:00:00Z,39.698786641236964,6.4325
2026-04-04T01:00:00Z,40.707619426192295,1.9875
2026-04-04T02:00:00Z,43.25786981767938,6.4025
2026-04-04T03:00:00Z,49.00092169150188,11.735
2026-04-04T04:00:00Z,57.261729110285714,13.3625
2026-04-04T05:00:00Z,63.0246332180921,19.2675
2026-04-04T06:00:00Z,64.49625200240236,16.695
2026-04-04T07:00:00Z,51.415294212874315,6.6
2026-04-04T08:00:00Z,36.013228868767804,1.81
2026-04-04T09:00:00Z,16.7562741619693,-0.01
2026-04-04T10:00:00Z,5.131298617042816,-0.2475
2026-04-04T11:00:00Z,0.6659221355771194,-0.035
2026-04-04T12:00:00Z,3.0499678682403015,-0.0175
2026-04-04T13:00:00Z,9.835229357265149,0.025
2026-04-04T14:00:00Z,31.219115967070707,10.69
2026-04-04T15:00:00Z,73.61183335593037,62.735
2026-04-04T16:00:00Z,116.05827289042375,109.595
2026-04-04T17:00:00Z,140.64060130354898,149.8725
2026-04-04T18:00:00Z,131.56024893073226,135.74
2026-04-04T19:00:00Z,103.4983938465468,103.8375
2026-04-04T20:00:00Z,86.83370181825889,76.8075
2026-04-04T21:00:00Z,68.45497712420186,41.8325
2026-04-04T22:00:00Z,29.713189569596352,1.0575
2026-04-04T23:00:00Z,17.17417280163137,-0.005
2026-04-05T00:00:00Z,4.108226119618749,-0.3625
2026-04-05T01:00:00Z,-1.7296184156270584,-1.2075
2026-04-05T02:00:00Z,0.4255312594761733,-1.6175
2026-04-05T03:00:00Z,-2.134342206848885,-2.0425
2026-04-05T04:00:00Z,-5.438940836379743,-2.995
2026-04-05T05:00:00Z,-8.048689980458079,-1.29
2026-04-05T06:00:00Z,-22.080805720465264,-2.43
2026-04-05T07:00:00Z,-42.37169782332063,-10.5575
2026-04-05T08:00:00Z,-60.00463380648549,-39.9675
2026-04-05T09:00:00Z,-78.01529035703877,-71.3425
2026-04-05T10:00:00Z,-95.4863437832422,-84.9525
2026-04-05T11:00:00Z,-99.85384592675783,-105.175
2026-04-05T12:00:00Z,-94.39725727358635,-98.705
2026-04-05T13:00:00Z,-75.1195507367303,-66.9075
2026-04-05T14:00:00Z,-46.9384739525311,-29.98
2026-04-05T15:00:00Z,-3.1318119770223944,-6.5875
2026-04-05T16:00:00Z,36.20705903696278,-0.1025
2026-04-05T17:00:00Z,69.4359956471995,20.0425
2026-04-05T18:00:00Z,72.31757136264804,33.35
2026-04-05T19:00:00Z,62.26171272984756,30.205
2026-04-05T20:00:00Z,53.68088967464772,30.3775
2026-04-05T21:00:00Z,32.25564080047877,19.0225
2026-04-05T22:00:00Z,30.059446365202987,3.24
2026-04-05T23:00:00Z,28.803942237400477,1.985
2026-04-06T00:00:00Z,29.957196786101008,1.04
2026-04-06T01:00:00Z,26.23743237835845,1.36
2026-04-06T02:00:00Z,30.51843543338188,1.06
2026-04-06T03:00:00Z,38.69285604986193,2.11
2026-04-06T04:00:00Z,44.75400008119658,1.985
2026-04-06T05:00:00Z,43.17657978397046,1.3325
2026-04-06T06:00:00Z,23.42082153760343,-0.9425
2026-04-06T07:00:00Z,-2.7410737373843688,-11.105
2026-04-06T08:00:00Z,-31.815178593666445,-26.0025
2026-04-06T09:00:00Z,-67.02911790342228,-59.760000000000005
2026-04-06T10:00:00Z,-81.95013449762686,-79.515
2026-04-06T11:00:00Z,-94.33368727179769,-125.6375
2026-04-06T12:00:00Z,-91.37441796374219,-123.535
2026-04-06T13:00:00Z,-74.37001014575307,-84.6175
2026-04-06T14:00:00Z,-34.9358699214345,-28.72
2026-04-06T15:00:00Z,7.459649432255162,-5.609999999999999
2026-04-06T16:00:00Z,55.539453066893316,48.625
2026-04-06T17:00:00Z,94.73003370595421,107.6875
2026-04-06T18:00:00Z,108.37133950782686,116.005
2026-04-06T19:00:00Z,104.01971997175444,109.2225
2026-04-06T20:00:00Z,103.01838686185059,113.8475
2026-04-06T21:00:00Z,96.4298267889435,108.805
2026-04-06T22:00:00Z,93.3666248942937,106.4
2026-04-06T23:00:00Z,92.95338812817145,101.295
2026-04-07T00:00:00Z,89.61994542165549,101.6475
2026-04-07T01:00:00Z,90.72824827344004,102.28
2026-04-07T02:00:00Z,96.48870587698765,105.135
2026-04-07T03:00:00Z,109.4681058282687,117.7675
2026-04-07T04:00:00Z,129.1230583723195,143.9125
2026-04-07T05:00:00Z,133.03788146816632,178.2625
2026-04-07T06:00:00Z,111.90089593811041,127.8575
2026-04-07T07:00:00Z,75.87191637857471,81.8025
2026-04-07T08:00:00Z,43.51971252229516,24.8875
2026-04-07T09:00:00Z,6.151673854666697,-0.0074999999999999
2026-04-07T10:00:00Z,-10.096123465343169,-3.01
2026-04-07T11:00:00Z,-30.438676482491644,-11.2875
2026-04-07T12:00:00Z,-29.2108232514411,-11.23
2026-04-07T13:00:00Z,-17.177870830457152,-4.205
2026-04-07T14:00:00Z,24.106243657779366,3.8
2026-04-07T15:00:00Z,66.51326663018884,79.9025
2026-04-07T16:00:00Z,119.24757361033373,137.995
2026-04-07T17:00:00Z,157.87767621536375,194.0275
2026-04-07T18:00:00Z,157.3185694870271,188.8825
2026-04-07T19:00:00Z,141.3336566840679,144.0025
2026-04-07T20:00:00Z,131.521750636129,129.01
2026-04-07T21:00:00Z,123.54604749520588,118.2
2026-04-07T22:00:00Z,113.78085466676566,107.17
2026-04-07T23:00:00Z,109.79996910598845,102.21
2026-04-08T00:00:00Z,104.38636274656528,100.82
2026-04-08T01:00:00Z,106.93628146247323,103.4975
2026-04-08T02:00:00Z,113.33660113113477,107.5125
2026-04-08T03:00:00Z,127.18915731206769,116.9275
2026-04-08T04:00:00Z,149.0282910317963,149.79500000000002
2026-04-08T05:00:00Z,158.16567030335608,168.7975
2026-04-08T06:00:00Z,123.53780188722958,138.5075
2026-04-08T07:00:00Z,82.22777950823172,97.45
2026-04-08T08:00:00Z,41.62745119571911,51.12
2026-04-08T09:00:00Z,7.526151552087242,-0.0499999999999998
2026-04-08T10:00:00Z,-6.240659651252287,-18.8275
2026-04-08T11:00:00Z,-17.584788082262534,-32.78
2026-04-08T12:00:00Z,-15.458586678786375,-29.735
2026-04-08T13:00:00Z,-5.351197505415328,-13.155
2026-04-08T14:00:00Z,27.86742682129141,13.3525
2026-04-08T15:00:00Z,79.03318286316552,91.875
2026-04-08T16:00:00Z,128.24774882946227,134.2475
2026-04-08T17:00:00Z,163.47069020411627,170.0075
2026-04-08T18:00:00Z,153.3401100299825,160.5525
2026-04-08T19:00:00Z,127.97478300310719,137.10250000000002
2026-04-08T20:00:00Z,112.34020541879549,121.3925
2026-04-08T21:00:00Z,100.59906236671297,109.475
2026-04-08T22:00:00Z,83.8195149217543,104.8975
2026-04-08T23:00:00Z,80.4784010775962,101.1025
2026-04-09T00:00:00Z,77.45481457921251,101.095
2026-04-09T01:00:00Z,83.75922843711936,101.8625
2026-04-09T02:00:00Z,93.58098759076972,105.1
2026-04-09T03:00:00Z,108.0635140785777,115.8725
2026-04-09T04:00:00Z,129.49087062702904,135.29500000000002
2026-04-09T05:00:00Z,136.66278678904504,146.6
2026-04-09T06:00:00Z,120.23476526270757,128.09
2026-04-09T07:00:00Z,86.41126630637254,99.675
2026-04-09T08:00:00Z,52.710423264288345,54.9975
2026-04-09T09:00:00Z,20.047295627438082,1.2075
2026-04-09T10:00:00Z,3.8530176608082627,-1.03
2026-04-09T11:00:00Z,-8.161520253385106,-7.865
2026-04-09T12:00:00Z,-10.486695716068624,-8.1375
2026-04-09T13:00:00Z,0.7801256158746668,-1.3025
2026-04-09T14:00:00Z,27.758005304883817,27.08
2026-04-09T15:00:00Z,78.1184050588006,82.5275
2026-04-09T16:00:00Z,114.723430153516,115.355
2026-04-09T17:00:00Z,138.62130248662191,137.1675
2026-04-09T18:00:00Z,129.3491186003098,127.325
2026-04-09T19:00:00Z,108.27994834526538,110.95
2026-04-09T20:00:00Z,92.7667525625284,100.23
2026-04-09T21:00:00Z,79.21672200664976,81.05250000000001
2026-04-09T22:00:00Z,71.51351963538166,81.88
2026-04-09T23:00:00Z,65.61722275264124,79.32
2026-04-10T00:00:00Z,59.31278471529936,78.83
2026-04-10T01:00:00Z,65.61753261514596,78.5525
2026-04-10T02:00:00Z,74.20047510927468,81.1225
2026-04-10T03:00:00Z,87.26093258021702,88.7675
2026-04-10T04:00:00Z,105.34883945171603,112.1575
2026-04-10T05:00:00Z,117.18878617127146,126.4375
2026-04-10T06:00:00Z,120.48826842174125,123.16
2026-04-10T07:00:00Z,111.92436195511492,119.265
2026-04-10T08:00:00Z,94.15007003392174,109.84
2026-04-10T09:00:00Z,70.08549726290337,102.99
2026-04-10T10:00:00Z,56.486925993809976,92.09
2026-04-10T11:00:00Z,46.467319343957236,88.9375
2026-04-10T12:00:00Z,41.22883605711755,87.4
2026-04-10T13:00:00Z,43.88889968117207,94.0175
2026-04-10T14:00:00Z,61.736282522321694,108.78
2026-04-10T15:00:00Z,99.5019533368362,130.1025
2026-04-10T16:00:00Z,133.3085700676141,155.29
2026-04-10T17:00:00Z,163.29303485443046,227.7675
2026-04-10T18:00:00Z,164.05431964554288,245.115
2026-04-10T19:00:00Z,150.7085029338018,176.4775
2026-04-10T20:00:00Z,142.04187796009802,149.305
2026-04-10T21:00:00Z,128.34275635272292,131.96
2026-04-10T22:00:00Z,116.88781781672238,134.015
2026-04-10T23:00:00Z,109.59947662803275,120.6325
2026-04-11T00:00:00Z,107.11908961785124,114.3825
2026-04-11T01:00:00Z,88.5903460075715,112.35
2026-04-11T02:00:00Z,85.00980468523338,110.8375
2026-04-11T03:00:00Z,89.42841420044013,108.36
2026-04-11T04:00:00Z,92.60956761099318,106.605
2026-04-11T05:00:00Z,89.69673789416291,93.2375
2026-04-11T06:00:00Z,65.29365277566956,69.61
2026-04-11T07:00:00Z,37.36862193698262,21.57
2026-04-11T08:00:00Z,14.692503248903392,-0.1574999999999997
2026-04-11T09:00:00Z,-17.726353695830795,-8.307500000000001
2026-04-11T10:00:00Z,-33.95438718584893,-40.2525
2026-04-11T11:00:00Z,-42.848358630238295,-79.965
2026-04-11T12:00:00Z,-39.87885905788076,-77.635
2026-04-11T13:00:00Z,-28.312086419506187,-45.8275
2026-04-11T14:00:00Z,6.669480154201295,-15.7975
2026-04-11T15:00:00Z,41.23875943280647,-0.7149999999999999
2026-04-11T16:00:00Z,77.92187661279627,43.697500000000005
2026-04-11T17:00:00Z,111.36135134836212,73.8175
2026-04-11T18:00:00Z,110.20810186002629,74.7875
2026-04-11T19:00:00Z,79.13989731572534,65.2325
2026-04-11T20:00:00Z,70.69387624172728,68.6275
2026-04-11T21:00:00Z,74.9652852814369,68.625
2026-04-11T22:00:00Z,70.30272441152339,72.52250000000001
2026-04-11T23:00:00Z,73.71931205448448,76.57249999999999
2026-04-12T00:00:00Z,71.72868490502918,80.4225
2026-04-12T01:00:00Z,75.48922109645122,85.26
2026-04-12T02:00:00Z,83.37942628209035,95.1025
2026-04-12T03:00:00Z,92.07176793927604,98.05
2026-04-12T04:00:00Z,97.13817490562451,98.7
2026-04-12T05:00:00Z,98.22393319050349,94.3175
2026-04-12T06:00:00Z,89.42447436916558,76.10249999999999
2026-04-12T07:00:00Z,72.30268621667473,53.3225
2026-04-12T08:00:00Z,57.60303799592391,30.2325
2026-04-12T09:00:00Z,45.88477977628551,22.415
2026-04-12T10:00:00Z,31.102182451635507,14.975
2026-04-12T11:00:00Z,16.882341352546767,1.97
2026-04-12T12:00:00Z,17.671224565222666,4.625
2026-04-12T13:00:00Z,30.03493502624748,15.905
2026-04-12T14:00:00Z,51.6214073588742,67.55
2026-04-12T15:00:00Z,79.89462208785343,110.1775
2026-04-12T16:00:00Z,112.73343236559535,135.3875
2026-04-12T17:00:00Z,133.8266470353369,144.765
2026-04-12T18:00:00Z,133.07092277732033,146.8025
2026-04-12T19:00:00Z,126.63229307320243,136.73250000000002
2026-04-12T20:00:00Z,115.31960957868174,130.6075
2026-04-12T21:00:00Z,108.19186769749783,121.0175
2026-04-12T22:00:00Z,99.60627616148113,116.5425
2026-04-12T23:00:00Z,96.50181704257936,109.795
2026-04-13T00:00:00Z,92.04953147645935,107.315
2026-04-13T01:00:00Z,93.27771165514906,107.59
2026-04-13T02:00:00Z,99.11878642348279,110.02
2026-04-13T03:00:00Z,110.77850755245488,119.0725
2026-04-13T04:00:00Z,127.12710088205407,136.115
2026-04-13T05:00:00Z,133.70481698781512,145.12
2026-04-13T06:00:00Z,126.99376436445154,173.88
2026-04-13T07:00:00Z,111.50597278183383,160.965
2026-04-13T08:00:00Z,98.24411408579337,138.63
2026-04-13T09:00:00Z,81.53653039577003,116.0
2026-04-13T10:00:00Z,68.95724718483307,104.735
2026-04-13T11:00:00Z,58.23477494365548,97.3925
2026-04-13T12:00:00Z,56.85552841436161,101.695
2026-04-13T13:00:00Z,61.11049379203717,104.6375
2026-04-13T14:00:00Z,80.29000836054696,114.5975
2026-04-13T15:00:00Z,104.72617353514104,130.3775
2026-04-13T16:00:00Z,125.80284133898513,148.2
2026-04-13T17:00:00Z,139.27562804793172,164.5225
2026-04-13T18:00:00Z,138.56730866666317,156.61
2026-04-13T19:00:00Z,125.02620333989319,139.0475
2026-04-13T20:00:00Z,117.0888885070578,129.76
2026-04-13T21:00:00Z,108.45704703080497,122.6275
2026-04-13T22:00:00Z,104.07720984849168,116.0625
2026-04-13T23:00:00Z,103.17919507028301,113.665
2026-04-14T00:00:00Z,98.04550361923035,114.99
2026-04-14T01:00:00Z,102.0493875309666,113.385
2026-04-14T02:00:00Z,107.48206999973698,114.68
2026-04-14T03:00:00Z,118.12469832154932,118.1475
2026-04-14T04:00:00Z,136.66637190895045,138.72
2026-04-14T05:00:00Z,146.94094003811978,163.0225
2026-04-14T06:00:00Z,150.11233264905803,164.495
2026-04-14T07:00:00Z,132.74797009397903,144.32999999999998
2026-04-14T08:00:00Z,114.89931227240669,128.82999999999998
2026-04-14T09:00:00Z,97.0383504946263,117.3325
2026-04-14T10:00:00Z,85.07469815049001,109.5075
2026-04-14T11:00:00Z,78.30791560868823,104.7
2026-04-14T12:00:00Z,79.90450283860908,108.91
2026-04-14T13:00:00Z,82.86189060492042,115.5675
2026-04-14T14:00:00Z,98.59031431340031,121.695
2026-04-14T15:00:00Z,122.66446407423228,137.4375
2026-04-14T16:00:00Z,148.94566299541654,160.015
2026-04-14T17:00:00Z,172.5325141219916,224.7525
2026-04-14T18:00:00Z,171.26056100784166,234.2775
2026-04-14T19:00:00Z,153.62429536808685,165.9475
2026-04-14T20:00:00Z,141.33527720463002,148.2575
2026-04-14T21:00:00Z,131.88731318119972,135.37
2026-04-14T22:00:00Z,122.15976480031219,121.6
2026-04-14T23:00:00Z,118.018623786781,116.4575
2026-04-15T00:00:00Z,110.88266544940853,111.7675
2026-04-15T01:00:00Z,110.94231678843192,110.0175
2026-04-15T02:00:00Z,115.6628269230105,110.8425
2026-04-15T03:00:00Z,126.1740410794562,123.18
2026-04-15T04:00:00Z,145.1636743720449,148.44
2026-04-15T05:00:00Z,156.05995941473975,159.5525
2026-04-15T06:00:00Z,135.74274984467527,140.1
2026-04-15T07:00:00Z,103.3380399409966,116.32
2026-04-15T08:00:00Z,77.01067018626982,100.8025
2026-04-15T09:00:00Z,58.055705571523255,78.94
2026-04-15T10:00:00Z,48.369623042889096,58.3175
2026-04-15T11:00:00Z,47.006561600437884,50.2325
2026-04-15T12:00:00Z,53.43367317531287,67.25750000000001
2026-04-15T13:00:00Z,64.72253911855856,81.4925
2026-04-15T14:00:00Z,85.89678263753187,99.255
2026-04-15T15:00:00Z,118.90120319622007,124.84
2026-04-15T16:00:00Z,150.12126255253833,141.9
2026-04-15T17:00:00Z,179.27567338919147,180.07999999999998
2026-04-15T18:00:00Z,178.36467923494638,180.8
2026-04-15T19:00:00Z,150.29768148135017,148.07999999999998
2026-04-15T20:00:00Z,134.15313027289088,132.685
2026-04-15T21:00:00Z,119.59041600384884,117.77
2026-04-15T22:00:00Z,104.72518788420173,106.215
2026-04-15T23:00:00Z,102.31745251825768,101.3975
2026-04-16T00:00:00Z,96.66908245263626,99.595
2026-04-16T01:00:00Z,97.66338128641065,98.365
2026-04-16T02:00:00Z,102.01418978833777,100.9025
2026-04-16T03:00:00Z,115.27559200786314,110.605
2026-04-16T04:00:00Z,136.48238269263982,139.475
2026-04-16T05:00:00Z,144.5499576043158,145.02249999999998
2026-04-16T06:00:00Z,130.42901080065485,133.635
2026-04-16T07:00:00Z,103.23570840065442,110.195
2026-04-16T08:00:00Z,77.2487952914405,96.3525
2026-04-16T09:00:00Z,52.956395144221545,75.6725
2026-04-16T10:00:00Z,39.1883164358145,60.5125
2026-04-16T11:00:00Z,33.368888335324044,45.7675
2026-04-16T12:00:00Z,37.877309863820486,53.9725
2026-04-16T13:00:00Z,46.59251387076962,70.87
2026-04-16T14:00:00Z,66.76963662468025,89.7575
2026-04-16T15:00:00Z,103.99314300280231,111.555
2026-04-16T16:00:00Z,140.07112366190873,131.145
2026-04-16T17:00:00Z,171.5528289651782,166.9275
2026-04-16T18:00:00Z,169.8793789899872,187.3175
2026-04-16T19:00:00Z,153.04723077049223,155.01
2026-04-16T20:00:00Z,141.37871423777636,138.76
2026-04-16T21:00:00Z,132.17396880788294,127.3625
2026-04-16T22:00:00Z,122.45768252558412,121.7725
2026-04-16T23:00:00Z,117.13320979090625,115.5225
2026-04-17T00:00:00Z,112.60865527031905,112.5325
2026-04-17T01:00:00Z,112.49378882554723,108.5125
2026-04-17T02:00:00Z,116.86968478705992,111.4675
2026-04-17T03:00:00Z,126.33932962621506,120.1925
2026-04-17T04:00:00Z,145.0118805084869,146.5675
2026-04-17T05:00:00Z,146.08519656079318,148.555
2026-04-17T06:00:00Z,122.18423923641727,127.1575
2026-04-17T07:00:00Z,87.04409447987916,101.9025
2026-04-17T08:00:00Z,60.28465634973764,90.7825
2026-04-17T09:00:00Z,40.41231323042033,57.88
2026-04-17T10:00:00Z,19.722410027369868,30.87
2026-04-17T11:00:00Z,14.976807016690955,26.445
2026-04-17T12:00:00Z,29.72397636058006,31.3725
2026-04-17T13:00:00Z,43.49655377282481,59.9975
2026-04-17T14:00:00Z,68.4265056318049,81.82
2026-04-17T15:00:00Z,104.1903391107272,102.31
2026-04-17T16:00:00Z,133.50163544923112,126.755
2026-04-17T17:00:00Z,163.00249122316518,157.405
2026-04-17T18:00:00Z,164.76952161957706,157.1125
2026-04-17T19:00:00Z,142.74164427990232,138.0075
2026-04-17T20:00:00Z,128.31170410770682,123.93
2026-04-17T21:00:00Z,115.35737968287035,112.71
2026-04-17T22:00:00Z,103.05714889488286,116.245
2026-04-17T23:00:00Z,98.11385122657691,110.8775
2026-04-18T00:00:00Z,96.70148841709388,109.6625
2026-04-18T01:00:00Z,98.4484009567426,107.695
2026-04-18T02:00:00Z,102.53862747300053,108.8725
2026-04-18T03:00:00Z,107.43977089763925,110.905
2026-04-18T04:00:00Z,116.77769754669845,110.83
2026-04-18T05:00:00Z,111.33058568724306,105.7425
2026-04-18T06:00:00Z,92.40156716165649,92.2875
2026-04-18T07:00:00Z,63.87388160641284,75.1275
2026-04-18T08:00:00Z,44.09433595998853,39.5675
2026-04-18T09:00:00Z,13.002691874478018,3.94
2026-04-18T10:00:00Z,-1.4134607175978857,-3.3825000000000003
2026-04-18T11:00:00Z,-2.829889517534369,-4.08
2026-04-18T12:00:00Z,14.605374043024753,-0.1
2026-04-18T13:00:00Z,31.554514108240703,18.8975
2026-04-18T14:00:00Z,56.37476713083289,44.8875
2026-04-18T15:00:00Z,85.23730309699125,90.805
2026-04-18T16:00:00Z,120.12068908627998,119.595
2026-04-18T17:00:00Z,146.19480372546099,131.54
2026-04-18T18:00:00Z,145.3400281620718,144.89
2026-04-18T19:00:00Z,133.80818694719676,140.29500000000002
2026-04-18T20:00:00Z,124.37305950152097,129.9925
2026-04-18T21:00:00Z,117.2344541810815,125.0
2026-04-18T22:00:00Z,115.19890760290497,116.56
2026-04-18T23:00:00Z,111.58037238739794,109.95
2026-04-19T00:00:00Z,105.1701416192615,109.205
2026-04-19T01:00:00Z,102.00355568490815,106.3225
2026-04-19T02:00:00Z,106.79473296182573,105.415
2026-04-19T03:00:00Z,107.57135978393438,106.55
2026-04-19T04:00:00Z,107.71498203504255,104.7825
2026-04-19T05:00:00Z,103.46508666203285,100.0325
2026-04-19T06:00:00Z,93.81662450636067,96.63
2026-04-19T07:00:00Z,80.8002494013621,93.8425
2026-04-19T08:00:00Z,63.76065609959122,71.385
2026-04-19T09:00:00Z,39.979665047838566,31.985
2026-04-19T10:00:00Z,25.407739825310088,5.735
2026-04-19T11:00:00Z,13.442764538558592,-0.8475
2026-04-19T12:00:00Z,4.219458645262705,-3.005
2026-04-19T13:00:00Z,2.6785489381353216,-2.255
2026-04-19T14:00:00Z,21.63185913315553,16.02
2026-04-19T15:00:00Z,57.15117794338153,73.7575
2026-04-19T16:00:00Z,89.7233670549734,103.855
2026-04-19T17:00:00Z,113.58639283830712,117.3525
2026-04-19T18:00:00Z,123.8691407174403,124.1125
2026-04-19T19:00:00Z,118.71087393288829,121.5475
2026-04-19T20:00:00Z,110.54555361466544,119.3625
2026-04-19T21:00:00Z,102.53585740856803,111.2325
2026-04-19T22:00:00Z,85.54349003561207,106.3075
2026-04-19T23:00:00Z,80.35218891834491,101.1125
2026-04-20T00:00:00Z,79.72272615180111,99.0125
2026-04-20T01:00:00Z,79.65249153897864,99.04
2026-04-20T02:00:00Z,84.63244306343402,102.3025
2026-04-20T03:00:00Z,98.84984523156169,111.6
2026-04-20T04:00:00Z,117.31645651271708,129.385
2026-04-20T05:00:00Z,121.0558491865907,142.2075
2026-04-20T06:00:00Z,112.54065144649368,134.32
2026-04-20T07:00:00Z,92.16446241393402,110.015
2026-04-20T08:00:00Z,72.93481933944324,90.1975
2026-04-20T09:00:00Z,53.68782205940514,75.88749999999999
2026-04-20T10:00:00Z,34.978873562505136,51.182500000000005
2026-04-20T11:00:00Z,28.63721217819291,32.595
2026-04-20T12:00:00Z,25.292990104234228,29.57
2026-04-20T13:00:00Z,26.470005415183728,46.475
2026-04-20T14:00:00Z,41.78771017620047,78.325
2026-04-20T15:00:00Z,76.03914160687995,97.245
2026-04-20T16:00:00Z,102.31949641892868,112.91
2026-04-20T17:00:00Z,126.50007125485645,123.4075
2026-04-20T18:00:00Z,124.24942557410253,127.18
2026-04-20T19:00:00Z,115.16010124359858,121.94
2026-04-20T20:00:00Z,107.43384919720314,115.9725
2026-04-20T21:00:00Z,91.24859284801234,106.7925
2026-04-20T22:00:00Z,82.54428399762735,99.0
2026-04-20T23:00:00Z,79.42340422031756,98.6425
2026-04-21T00:00:00Z,76.90247125392683,98.3725
2026-04-21T01:00:00Z,81.3036486715234,99.075
2026-04-21T02:00:00Z,87.2422671586112,100.19
2026-04-21T03:00:00Z,99.49316294113683,108.4475
2026-04-21T04:00:00Z,117.70494474217355,127.085
2026-04-21T05:00:00Z,122.90022123620307,135.3275
2026-04-21T06:00:00Z,109.66016570734837,118.9475
2026-04-21T07:00:00Z,80.24791974733412,97.305
2026-04-21T08:00:00Z,55.802739166968145,59.895
2026-04-21T09:00:00Z,42.00219489974101,19.602500000000003
2026-04-21T10:00:00Z,23.531410632648644,-0.0974999999999999
2026-04-21T11:00:00Z,19.41710561472342,-1.7525
2026-04-21T12:00:00Z,21.446917998469523,-3.7
2026-04-21T13:00:00Z,26.27513486445595,-1.8625
2026-04-21T14:00:00Z,50.3228679671199,14.535
2026-04-21T15:00:00Z,82.7791661252444,69.83
2026-04-21T16:00:00Z,116.02695243931174,102.645
2026-04-21T17:00:00Z,144.79449079631135,134.11
2026-04-21T18:00:00Z,147.44299261912207,144.775
2026-04-21T19:00:00Z,127.96415791257897,129.62
2026-04-21T20:00:00Z,120.28784191943798,119.845
2026-04-21T21:00:00Z,108.0041484411053,111.8725
2026-04-21T22:00:00Z,103.5660117615838,107.095
2026-04-21T23:00:00Z,103.70990569064145,104.11
2026-04-22T00:00:00Z,99.17769207594596,104.2
2026-04-22T01:00:00Z,105.33200728256593,104.8475
2026-04-22T02:00:00Z,107.52593798615621,109.6925
2026-04-22T03:00:00Z,117.37954169191401,121.2325
2026-04-22T04:00:00Z,130.5930255011886,139.8425
2026-04-22T05:00:00Z,121.1567386267019,134.7975
2026-04-22T06:00:00Z,96.83741425362012,113.865
2026-04-22T07:00:00Z,61.564530808421964,79.555
2026-04-22T08:00:00Z,19.788205245242835,20.155
2026-04-22T09:00:00Z,-2.8353982797543296,-2.42
2026-04-22T10:00:00Z,-28.884295377263854,-8.8325
2026-04-22T11:00:00Z,-28.422864807017504,-20.985
2026-04-22T12:00:00Z,-30.253849206410067,-19.0
2026-04-22T13:00:00Z,-21.959745387088347,-4.92
2026-04-22T14:00:00Z,11.107633450109319,-0.0099999999999998
2026-04-22T15:00:00Z,60.48846522067751,57.405
2026-04-22T16:00:00Z,107.50084123978658,105.2975
2026-04-22T17:00:00Z,145.18886198351794,140.1175
2026-04-22T18:00:00Z,147.64359927820323,153.91
2026-04-22T19:00:00Z,128.26995452146062,128.51
2026-04-22T20:00:00Z,116.99899048588043,114.45
2026-04-22T21:00:00Z,103.34890279151877,105.0775
2026-04-22T22:00:00Z,89.88458151762029,100.14
2026-04-22T23:00:00Z,87.09747571256318,97.625
2026-04-23T00:00:00Z,82.16934302888193,96.735
2026-04-23T01:00:00Z,83.4185799248125,96.2075
2026-04-23T02:00:00Z,86.62250583119241,95.85
2026-04-23T03:00:00Z,95.92288191801336,104.16
2026-04-23T04:00:00Z,111.77834280213159,119.0
2026-04-23T05:00:00Z,106.44027137403464,119.4
2026-04-23T06:00:00Z,83.09183772600743,109.6975
2026-04-23T07:00:00Z,47.54590882443544,63.2925
2026-04-23T08:00:00Z,16.603545480912217,-0.5625
2026-04-23T09:00:00Z,-16.833046557461458,-6.175
2026-04-23T10:00:00Z,-34.03278999782141,-29.0075
2026-04-23T11:00:00Z,-43.82772235673447,-49.56
2026-04-23T12:00:00Z,-42.54752305969298,-48.8625
2026-04-23T13:00:00Z,-32.085765039838776,-22.89
2026-04-23T14:00:00Z,-5.133071992092098,-1.93
2026-04-23T15:00:00Z,31.358659639164856,21.9675
2026-04-23T16:00:00Z,80.33007500951383,93.5725
2026-04-23T17:00:00Z,118.16501010098028,121.5
2026-04-23T18:00:00Z,126.30937953990244,136.955
2026-04-23T19:00:00Z,107.63413259357702,116.2875
2026-04-23T20:00:00Z,94.2781749786697,108.235
2026-04-23T21:00:00Z,85.7094222509681,99.4575
2026-04-23T22:00:00Z,80.10719584016066,102.455
2026-04-23T23:00:00Z,78.46835211507491,100.13
2026-04-24T00:00:00Z,75.00563231058011,100.71
2026-04-24T01:00:00Z,78.01136650761767,101.69
2026-04-24T02:00:00Z,84.35110074758373,105.3575
2026-04-24T03:00:00Z,97.7393012192222,116.305
2026-04-24T04:00:00Z,116.93251396256922,131.8725
2026-04-24T05:00:00Z,119.65091417918731,137.9875
2026-04-24T06:00:00Z,101.0186010424472,117.685
2026-04-24T07:00:00Z,65.19264985648438,80.905
2026-04-24T08:00:00Z,29.28444854896444,19.5725
2026-04-24T09:00:00Z,11.57303907338796,-0.035
2026-04-24T10:00:00Z,-18.396504356356118,-6.9075
2026-04-24T11:00:00Z,-34.85914805741875,-26.14
2026-04-24T12:00:00Z,-38.252644226025865,-30.0025
2026-04-24T13:00:00Z,-28.113265666664162,-16.555
2026-04-24T14:00:00Z,1.82503067965213,-1.6124999999999998
2026-04-24T15:00:00Z,31.99436825297861,50.9075
2026-04-24T16:00:00Z,83.67248151398783,104.8175
2026-04-24T17:00:00Z,122.56184558384916,133.81
2026-04-24T18:00:00Z,133.01402719154913,137.34
2026-04-24T19:00:00Z,120.79084780084892,131.025
2026-04-24T20:00:00Z,107.88313598603395,121.8775
2026-04-24T21:00:00Z,98.20357079535859,113.4425
2026-04-24T22:00:00Z,90.17342381996254,100.625
2026-04-24T23:00:00Z,87.56326492286118,95.54
2026-04-25T00:00:00Z,84.56624765235402,95.12
2026-04-25T01:00:00Z,84.90898255027234,95.1575
2026-04-25T02:00:00Z,84.89133331783344,88.4575
2026-04-25T03:00:00Z,86.6008649120912,88.03
2026-04-25T04:00:00Z,90.06447014567756,83.1825
2026-04-25T05:00:00Z,81.35071282768534,71.3625
2026-04-25T06:00:00Z,57.45376174619207,20.035
2026-04-25T07:00:00Z,31.225595618917346,-0.0424999999999999
2026-04-25T08:00:00Z,-9.899147695163037,-7.27
2026-04-25T09:00:00Z,-31.4496395417556,-42.1425
2026-04-25T10:00:00Z,-44.15663843982918,-100.5125
2026-04-25T11:00:00Z,-55.528020198250914,-176.4425
2026-04-25T12:00:00Z,-54.857588678554094,-190.865
2026-04-25T13:00:00Z,-43.78923335240887,-133.8025
2026-04-25T14:00:00Z,-21.041841149372203,-53.975
2026-04-25T15:00:00Z,20.053850981706553,-5.245
2026-04-25T16:00:00Z,56.567545937647694,4.615
2026-04-25T17:00:00Z,91.01447553733081,65.19749999999999
2026-04-25T18:00:00Z,95.72535811341963,75.42
2026-04-25T19:00:00Z,87.77597382827835,72.005
2026-04-25T20:00:00Z,80.49398456204084,72.6775
2026-04-25T21:00:00Z,74.9714215925839,69.97999999999999
2026-04-25T22:00:00Z,74.66976769279778,79.44
2026-04-25T23:00:00Z,75.84623176189416,83.595
2026-04-26T00:00:00Z,78.09135762799511,87.1
2026-04-26T01:00:00Z,82.96768492229509,90.4875
2026-04-26T02:00:00Z,87.50027289956702,94.1525
2026-04-26T03:00:00Z,96.28245898913097,98.64
2026-04-26T04:00:00Z,96.37756969193191,94.185
2026-04-26T05:00:00Z,82.37345763110682,83.1525
2026-04-26T06:00:00Z,49.92147994788602,54.3125
2026-04-26T07:00:00Z,21.96633846382627,-0.01
2026-04-26T08:00:00Z,-8.092968889263261,-28.185
2026-04-26T09:00:00Z,-31.405834270134875,-127.365
2026-04-26T10:00:00Z,-53.6192590381435,-259.96000000000004
2026-04-26T11:00:00Z,-72.48721499001087,-413.77
2026-04-26T12:00:00Z,-66.71549795780803,-413.245
2026-04-26T13:00:00Z,-39.81802016754155,-235.8925
2026-04-26T14:00:00Z,1.6633990634815206,-37.305
2026-04-26T15:00:00Z,62.63343259308141,11.177499999999998
2026-04-26T16:00:00Z,107.07709083681706,113.0975
2026-04-26T17:00:00Z,152.83497488751567,150.2875
2026-04-26T18:00:00Z,162.3609986965268,157.815
2026-04-26T19:00:00Z,154.0468383772099,140.6525
2026-04-26T20:00:00Z,147.44171986858862,126.4075
2026-04-26T21:00:00Z,140.80140181979203,122.875
2026-04-26T22:00:00Z,131.29777404732482,118.4475
2026-04-26T23:00:00Z,129.47218759294998,113.03
2026-04-27T00:00:00Z,129.74896721574575,112.71
2026-04-27T01:00:00Z,133.76561971474098,112.825
2026-04-27T02:00:00Z,139.67781223084847,116.74
2026-04-27T03:00:00Z,153.67656943555028,125.6675
2026-04-27T04:00:00Z,167.8358945617807,165.5675
2026-04-27T05:00:00Z,161.14683559679315,153.69
2026-04-27T06:00:00Z,132.25399034049397,126.5475
2026-04-27T07:00:00Z,89.5891369087117,92.5275
2026-04-27T08:00:00Z,58.18515353537538,59.1425
2026-04-27T09:00:00Z,10.425736378876238,4.14
2026-04-27T10:00:00Z,-27.528062948671803,-0.0975
2026-04-27T11:00:00Z,-64.36458337803654,-0.83
2026-04-27T12:00:00Z,-65.1910137232133,-0.1625
2026-04-27T13:00:00Z,-17.033458557832887,5.1425
2026-04-27T14:00:00Z,43.39848288834993,68.66499999999999
2026-04-27T15:00:00Z,83.52859516738069,107.185
2026-04-27T16:00:00Z,134.44012638622422,129.8525
2026-04-27T17:00:00Z,163.04523739933413,172.3
2026-04-27T18:00:00Z,165.30415087596757,188.1175
2026-04-27T19:00:00Z,145.66449735831662,148.46
2026-04-27T20:00:00Z,129.25126237750416,125.6475
2026-04-27T21:00:00Z,118.95873335892938,115.2025
2026-04-27T22:00:00Z,103.59929842130632,112.66
2026-04-27T23:00:00Z,98.24970957366801,106.9025
2026-04-28T00:00:00Z,92.3863032280463,102.98
2026-04-28T01:00:00Z,94.44781219592363,102.83
2026-04-28T02:00:00Z,97.96699936164018,105.2775
2026-04-28T03:00:00Z,107.557245666478,111.835
2026-04-28T04:00:00Z,122.77302002211094,122.1
2026-04-28T05:00:00Z,116.87398738639729,121.43
2026-04-28T06:00:00Z,96.9686470020799,112.315
2026-04-28T07:00:00Z,66.43068496895424,79.7775
2026-04-28T08:00:00Z,34.85271312127061,21.815
2026-04-28T09:00:00Z,-2.200379561883139,-1.085
2026-04-28T10:00:00Z,-15.867104791665056,-14.0425
2026-04-28T11:00:00Z,-24.53923250575214,-29.0
2026-04-28T12:00:00Z,-25.05539387222602,-29.0075
2026-04-28T13:00:00Z,-19.263356732352932,-17.33
2026-04-28T14:00:00Z,19.0808465608727,-4.655
2026-04-28T15:00:00Z,52.36273534421893,33.315
2026-04-28T16:00:00Z,91.68615097717482,90.1
2026-04-28T17:00:00Z,127.99866771070175,117.4
2026-04-28T18:00:00Z,134.19492520247084,120.9725
2026-04-28T19:00:00Z,116.7228849529924,115.8275
2026-04-28T20:00:00Z,98.57908212513689,111.295
2026-04-28T21:00:00Z,91.17536741599906,101.77
2026-04-28T22:00:00Z,86.43505512147576,98.2075
2026-04-28T23:00:00Z,83.85177238663098,96.725
2026-04-29T00:00:00Z,79.68165239273256,97.9175
2026-04-29T01:00:00Z,83.71588360233636,98.5275
2026-04-29T02:00:00Z,91.37654393977866,100.65
2026-04-29T03:00:00Z,105.33651596427418,107.905
2026-04-29T04:00:00Z,119.48130768291136,139.7975
2026-04-29T05:00:00Z,118.03488044514009,126.8475
2026-04-29T06:00:00Z,94.85918652385098,112.365
2026-04-29T07:00:00Z,58.0737830368764,66.42
2026-04-29T08:00:00Z,19.607880653590883,-1.0775
2026-04-29T09:00:00Z,-11.545240743054975,-11.5675
2026-04-29T10:00:00Z,-25.441648705739752,-33.765
2026-04-29T11:00:00Z,-36.81814641134973,-60.3625
2026-04-29T12:00:00Z,-36.34642414506523,-55.4325
2026-04-29T13:00:00Z,-28.837893255784095,-36.22
2026-04-29T14:00:00Z,0.9457844895151766,-11.25
2026-04-29T15:00:00Z,36.20665931263715,19.645
2026-04-29T16:00:00Z,85.48518538611775,91.145
2026-04-29T17:00:00Z,123.74742572561257,125.81
2026-04-29T18:00:00Z,132.40210622328487,145.5925
2026-04-29T19:00:00Z,121.60024742201745,129.95
2026-04-29T20:00:00Z,105.3841667429325,115.6575
2026-04-29T21:00:00Z,95.49934285549784,105.0975
2026-04-29T22:00:00Z,86.9243872634262,100.32
2026-04-29T23:00:00Z,87.03164715671278,100.11
2026-04-30T00:00:00Z,86.40006502191476,98.57
2026-04-30T01:00:00Z,89.45143779805794,99.4775
2026-04-30T02:00:00Z,95.56151581504207,104.09
2026-04-30T03:00:00Z,104.3448107346092,114.1025
2026-04-30T04:00:00Z,120.03564732378024,139.12
2026-04-30T05:00:00Z,109.06453097477967,122.285
2026-04-30T06:00:00Z,82.22799307910478,96.2175
2026-04-30T07:00:00Z,41.12960938458445,45.555
2026-04-30T08:00:00Z,-5.1088040508246735,-0.0375
2026-04-30T09:00:00Z,-21.871038159011405,-3.875
2026-04-30T10:00:00Z,-36.16678434287131,-16.2525
2026-04-30T11:00:00Z,-46.06348488024075,-32.02
2026-04-30T12:00:00Z,-44.2035266921318,-28.93
2026-04-30T13:00:00Z,-33.10455965778634,-12.05
2026-04-30T14:00:00Z,-5.096052253855632,-2.2925
2026-04-30T15:00:00Z,29.483030051286853,20.58
2026-04-30T16:00:00Z,84.59849674010042,92.43
2026-04-30T17:00:00Z,125.87845297917562,139.0875
2026-04-30T18:00:00Z,135.5552739460394,178.62
2026-04-30T19:00:00Z,120.66315842993929,145.84
2026-04-30T20:00:00Z,106.00828839864198,118.92
2026-04-30T21:00:00Z,94.85768667703275,109.6075
2026-04-30T22:00:00Z,83.94097848212263,107.2275
2026-04-30T23:00:00Z,81.36712313598562,103.085
2026-05-01T00:00:00Z,77.85545836264137,101.385
2026-05-01T01:00:00Z,80.63179644843096,99.245
2026-05-01T02:00:00Z,84.1449499626444,97.98
2026-05-01T03:00:00Z,89.7315312908079,97.495
2026-05-01T04:00:00Z,89.37917971434042,103.7675
2026-05-01T05:00:00Z,67.74976077183979,80.34
2026-05-01T06:00:00Z,38.24706234467086,35.3325
2026-05-01T07:00:00Z,-3.7160244000611726,-0.0275
2026-05-01T08:00:00Z,-33.14072054470172,-21.18
2026-05-01T09:00:00Z,-48.90065789144188,-108.6175
2026-05-01T10:00:00Z,-56.751623156406424,-318.58
2026-05-01T11:00:00Z,-59.27252031898459,-499.0
2026-05-01T12:00:00Z,-47.266505465596296,-474.9675
2026-05-01T13:00:00Z,-27.357449570754838,-205.8775
2026-05-01T14:00:00Z,-3.752831620980018,-26.2475
2026-05-01T15:00:00Z,43.356084277420024,5.555
2026-05-01T16:00:00Z,100.87419096636823,92.53
2026-05-01T17:00:00Z,146.21205623077066,154.19
2026-05-01T18:00:00Z,160.83310547840858,173.325
2026-05-01T19:00:00Z,137.00824546296985,142.95
2026-05-01T20:00:00Z,118.50564910613642,113.2225
2026-05-01T21:00:00Z,106.44587447204516,96.9825
2026-05-01T22:00:00Z,99.0948878553077,117.425
2026-05-01T23:00:00Z,93.59027132534204,103.7125
2026-05-02T00:00:00Z,92.37422911908145,99.4775
2026-05-02T01:00:00Z,91.67257489848193,93.335
2026-05-02T02:00:00Z,92.04098660559809,93.545
2026-05-02T03:00:00Z,93.65711691417991,93.6975
2026-05-02T04:00:00Z,91.07367090199152,91.78
2026-05-02T05:00:00Z,70.60045836238837,78.0125
2026-05-02T06:00:00Z,44.174153462102886,18.27
2026-05-02T07:00:00Z,25.11796666314566,1.27
2026-05-02T08:00:00Z,3.0248068611177388,-2.3875
2026-05-02T09:00:00Z,-27.871594686836232,-21.9125
2026-05-02T10:00:00Z,-77.65766855577107,-83.6075
2026-05-02T11:00:00Z,-119.8211322891355,-130.0275
2026-05-02T12:00:00Z,-118.19608529475363,-86.8425
2026-05-02T13:00:00Z,-58.076584782684336,-14.0375
2026-05-02T14:00:00Z,-6.402218429425318,0.0325
2026-05-02T15:00:00Z,45.84357406029711,54.945
2026-05-02T16:00:00Z,100.3657260348333,127.14
2026-05-02T17:00:00Z,146.46643009946638,165.0
2026-05-02T18:00:00Z,156.88841898861114,195.45
2026-05-02T19:00:00Z,137.56172709891808,154.32
2026-05-02T20:00:00Z,118.40289348746147,139.96
2026-05-02T21:00:00Z,110.36028345070072,123.865
2026-05-02T22:00:00Z,105.9674441535843,121.195
2026-05-02T23:00:00Z,100.03620053071951,116.0325
2026-05-03T00:00:00Z,93.41022971692696,110.1625
2026-05-03T01:00:00Z,91.96015145208897,108.4775
2026-05-03T02:00:00Z,92.49166398579739,106.2925
2026-05-03T03:00:00Z,94.63878351762605,107.0725
2026-05-03T04:00:00Z,90.87141517781723,101.7
2026-05-03T05:00:00Z,70.96451137656243,85.3375
2026-05-03T06:00:00Z,41.722841053609315,71.7375
2026-05-03T07:00:00Z,21.258644823779044,32.6575
2026-05-03T08:00:00Z,-1.837459199435628,1.2875
2026-05-03T09:00:00Z,-14.084885246158166,-1.4275
2026-05-03T10:00:00Z,-38.243553440813685,-6.79
2026-05-03T11:00:00Z,-54.29698048825813,-14.435
2026-05-03T12:00:00Z,-41.10336747535425,-10.8825
2026-05-03T13:00:00Z,-5.349064198312206,-3.9675
2026-05-03T14:00:00Z,18.637089441763678,9.1325
2026-05-03T15:00:00Z,57.89777267061197,80.7075
2026-05-03T16:00:00Z,104.835728844346,120.5725
2026-05-03T17:00:00Z,138.15552273831872,134.795
2026-05-03T18:00:00Z,145.75763642440032,140.87
2026-05-03T19:00:00Z,132.08047901040686,137.31
2026-05-03T20:00:00Z,121.49946163875393,130.3775
2026-05-03T21:00:00Z,108.8413083559109,121.115
2026-05-03T22:00:00Z,95.34553784126683,117.355
2026-05-03T23:00:00Z,94.44008760998723,108.41
2026-05-04T00:00:00Z,93.18879355305336,110.5575
2026-05-04T01:00:00Z,94.09860677856038,106.3475
2026-05-04T02:00:00Z,101.72212716122945,109.9075
2026-05-04T03:00:00Z,118.41464174017877,128.8825
2026-05-04T04:00:00Z,134.76495788899044,149.5475
2026-05-04T05:00:00Z,133.44622966030215,151.26749999999998
2026-05-04T06:00:00Z,116.67357963088011,134.6025
2026-05-04T07:00:00Z,86.19332104743445,113.625
2026-05-04T08:00:00Z,61.26494369662467,99.99
2026-05-04T09:00:00Z,47.70454594379166,93.095
2026-05-04T10:00:00Z,39.05178381847066,75.065
2026-05-04T11:00:00Z,38.26820079286671,69.4075
2026-05-04T12:00:00Z,44.958968161461655,81.0775
2026-05-04T13:00:00Z,55.82813813793099,94.0025
2026-05-04T14:00:00Z,78.93008277569443,107.9675
2026-05-04T15:00:00Z,117.75222209242395,128.9925
2026-05-04T16:00:00Z,142.18942285243676,169.0
2026-05-04T17:00:00Z,162.031163965974,245.03
2026-05-04T18:00:00Z,165.62619798774875,266.83500000000004
2026-05-04T19:00:00Z,154.7762271040192,194.3
2026-05-04T20:00:00Z,146.4949720476725,153.04500000000002
2026-05-04T21:00:00Z,136.13967663946852,137.2
2026-05-04T22:00:00Z,129.1061754508729,131.36
2026-05-04T23:00:00Z,124.44554479236656,126.2
2026-05-05T00:00:00Z,120.92603235180462,122.11
2026-05-05T01:00:00Z,120.24998922582216,122.045
2026-05-05T02:00:00Z,122.62785055825236,123.9
2026-05-05T03:00:00Z,135.13160900183232,133.9025
2026-05-05T04:00:00Z,150.81352447665813,160.1125
2026-05-05T05:00:00Z,154.80375774601563,160.765
2026-05-05T06:00:00Z,139.95741617667662,147.23250000000002
2026-05-05T07:00:00Z,116.7705632837503,129.61
2026-05-05T08:00:00Z,97.34035182210842,114.12
2026-05-05T09:00:00Z,85.75832711986489,108.2575
2026-05-05T10:00:00Z,77.47051723430779,99.0925
2026-05-05T11:00:00Z,73.15863587998491,98.055
2026-05-05T12:00:00Z,79.1232734935008,97.745
2026-05-05T13:00:00Z,86.4589970889459,105.99
2026-05-05T14:00:00Z,97.8815238844636,111.9775
2026-05-05T15:00:00Z,117.17681031227251,128.67000000000002
2026-05-05T16:00:00Z,143.20689774866003,145.7625
2026-05-05T17:00:00Z,170.56001252900023,163.685
2026-05-05T18:00:00Z,172.2575030400344,163.9025
2026-05-05T19:00:00Z,146.51807346160774,146.9975
2026-05-05T20:00:00Z,127.15443205871517,132.745
2026-05-05T21:00:00Z,112.95650092758893,115.2925
2026-05-05T22:00:00Z,98.21295221118824,120.035
2026-05-05T23:00:00Z,91.81112507380851,114.23
2026-05-06T00:00:00Z,84.25378344289578,113.165
2026-05-06T01:00:00Z,82.6439431080689,112.995
2026-05-06T02:00:00Z,87.3179439184502,113.34
2026-05-06T03:00:00Z,97.32729897703832,118.225
2026-05-06T04:00:00Z,114.06439751329401,131.14
2026-05-06T05:00:00Z,119.84513872218997,142.45
2026-05-06T06:00:00Z,109.55693183566942,141.55
2026-05-06T07:00:00Z,92.58708448060605,121.305
2026-05-06T08:00:00Z,76.83939522269658,108.8
2026-05-06T09:00:00Z,67.26904378463686,104.12
2026-05-06T10:00:00Z,58.08302658269857,100.0925
2026-05-06T11:00:00Z,51.71831361791349,89.34
2026-05-06T12:00:00Z,52.809708596500585,91.33
2026-05-06T13:00:00Z,58.8688720222234,103.125
2026-05-06T14:00:00Z,74.70931867009291,112.6625
2026-05-06T15:00:00Z,97.43431701223675,125.0525
2026-05-06T16:00:00Z,119.25505678216345,137.91
2026-05-06T17:00:00Z,138.67331152338267,154.605
2026-05-06T18:00:00Z,143.07975956399346,156.915
2026-05-06T19:00:00Z,132.95483723879389,154.61
2026-05-06T20:00:00Z,122.59482036029422,143.4125
2026-05-06T21:00:00Z,113.07764112937198,128.26
2026-05-06T22:00:00Z,104.33280332851545,125.1525
2026-05-06T23:00:00Z,103.73980513415286,116.485
2026-05-07T00:00:00Z,98.51037140087634,115.2575
2026-05-07T01:00:00Z,101.78744445102076,116.49
2026-05-07T02:00:00Z,105.76904493750402,119.1375
2026-05-07T03:00:00Z,117.20223192076519,126.875
2026-05-07T04:00:00Z,134.81874154635676,151.0
2026-05-07T05:00:00Z,143.2074217255837,167.29250000000002
2026-05-07T06:00:00Z,137.3169985616845,155.5925
2026-05-07T07:00:00Z,118.32671625660313,136.41
2026-05-07T08:00:00Z,106.17588310192599,120.1325
2026-05-07T09:00:00Z,94.0651630557645,113.525
2026-05-07T10:00:00Z,84.78688620316342,103.9225
2026-05-07T11:00:00Z,76.01008115683044,101.915
2026-05-07T12:00:00Z,73.52262934333596,101.73
2026-05-07T13:00:00Z,77.34918201768164,107.445
2026-05-07T14:00:00Z,87.73266584691982,117.9975
2026-05-07T15:00:00Z,108.01605299179138,132.56
2026-05-07T16:00:00Z,133.68069219102253,148.70499999999998
2026-05-07T17:00:00Z,157.37196860091893,185.655
2026-05-07T18:00:00Z,163.1607548993097,221.4775
2026-05-07T19:00:00Z,154.219634859511,182.715
2026-05-07T20:00:00Z,140.8072405838313,154.435
2026-05-07T21:00:00Z,128.41222988842406,142.7575
2026-05-07T22:00:00Z,119.79381091349539,130.3425
2026-05-07T23:00:00Z,113.89628442664967,120.66
2026-05-08T00:00:00Z,107.9456438082174,118.215
2026-05-08T01:00:00Z,108.95923734923637,116.9775
2026-05-08T02:00:00Z,114.33019382857024,118.565
2026-05-08T03:00:00Z,123.38464041660905,126.185
2026-05-08T04:00:00Z,134.41176107685595,143.6
2026-05-08T05:00:00Z,132.3424771839999,147.0275
2026-05-08T06:00:00Z,111.36859755210706,137.4
2026-05-08T07:00:00Z,77.55776791113118,115.2475
2026-05-08T08:00:00Z,52.300060625967845,97.7475
2026-05-08T09:00:00Z,33.18206132167397,75.81
2026-05-08T10:00:00Z,18.589762017287825,65.37
2026-05-08T11:00:00Z,8.72880353310903,58.7075
2026-05-08T12:00:00Z,10.271384389721291,64.34
2026-05-08T13:00:00Z,28.483225144539247,81.8925
2026-05-08T14:00:00Z,53.56456523505564,94.0625
2026-05-08T15:00:00Z,83.41514279885676,109.5
2026-05-08T16:00:00Z,115.8721241187092,127.815
2026-05-08T17:00:00Z,145.13398292788992,143.54250000000002
2026-05-08T18:00:00Z,155.5810800429805,152.9775
2026-05-08T19:00:00Z,135.0814751360328,138.9
2026-05-08T20:00:00Z,114.14354286742879,127.5025
2026-05-08T21:00:00Z,101.11322199495679,119.14
2026-05-08T22:00:00Z,94.25064317456236,127.6925
2026-05-08T23:00:00Z,90.62397415877538,123.4075
2026-05-09T00:00:00Z,90.87213549473447,123.48
2026-05-09T01:00:00Z,94.0161508541263,124.3525
2026-05-09T02:00:00Z,97.26415056682156,125.7375
2026-05-09T03:00:00Z,100.57081606944041,126.4525
2026-05-09T04:00:00Z,99.92952484781495,127.5225
2026-05-09T05:00:00Z,86.01273531170607,118.67
2026-05-09T06:00:00Z,58.413812441819616,107.6725
2026-05-09T07:00:00Z,30.773134883296187,68.3075
2026-05-09T08:00:00Z,-0.46855251056001634,9.9275
2026-05-09T09:00:00Z,-14.023014628964575,-0.015
2026-05-09T10:00:00Z,-19.139926085004845,-0.0625
2026-05-09T11:00:00Z,-20.669578717215472,-0.09
2026-05-09T12:00:00Z,-11.976430157138552,-0.0125
2026-05-09T13:00:00Z,-3.0196074965836885,0.0025
2026-05-09T14:00:00Z,22.4250637850082,27.715000000000003
2026-05-09T15:00:00Z,52.552140075464465,93.69
2026-05-09T16:00:00Z,91.86492036096166,123.19
2026-05-09T17:00:00Z,130.62726588670586,138.5075
2026-05-09T18:00:00Z,142.80145036579802,146.965
2026-05-09T19:00:00Z,131.29156086216784,143.485
2026-05-09T20:00:00Z,121.01712889746078,136.3
2026-05-09T21:00:00Z,112.32133054652148,127.0875
2026-05-09T22:00:00Z,109.61438060267734,128.0925
2026-05-09T23:00:00Z,107.73459699336017,125.4475
2026-05-10T00:00:00Z,103.57404388451053,125.4325
2026-05-10T01:00:00Z,104.20430415323253,123.4825
2026-05-10T02:00:00Z,105.4933999353495,124.1975
2026-05-10T03:00:00Z,107.59513872781301,123.94
2026-05-10T04:00:00Z,99.78546098564037,115.14
2026-05-10T05:00:00Z,78.31835559560545,101.1675
2026-05-10T06:00:00Z,50.61339521048157,70.835
2026-05-10T07:00:00Z,18.6930156270638,11.18
2026-05-10T08:00:00Z,-18.12022159046404,0.0025
2026-05-10T09:00:00Z,-29.998416421203984,-0.6699999999999999
2026-05-10T10:00:00Z,-34.4669678277254,-1.88
2026-05-10T11:00:00Z,-36.876813890911365,-2.165
2026-05-10T12:00:00Z,-30.184663813404057,-1.4
2026-05-10T13:00:00Z,-18.761322415061045,-0.255
2026-05-10T14:00:00Z,16.2771327276525,1.8825
2026-05-10T15:00:00Z,59.435311097322085,71.005
2026-05-10T16:00:00Z,92.54849819984494,110.9425
2026-05-10T17:00:00Z,118.73269532533561,122.0
2026-05-10T18:00:00Z,127.77063475562537,129.3175
2026-05-10T19:00:00Z,121.94473570903423,128.515
2026-05-10T20:00:00Z,117.7822530702406,124.14
2026-05-10T21:00:00Z,115.16052555076222,119.8375
2026-05-10T22:00:00Z,109.27165704150994,118.785
2026-05-10T23:00:00Z,108.94657220594675,112.335
2026-05-11T00:00:00Z,107.19279382723795,110.4275
2026-05-11T01:00:00Z,107.98603344650661,112.6575
2026-05-11T02:00:00Z,113.08344113682642,113.0925
2026-05-11T03:00:00Z,127.15472847265426,122.1375
2026-05-11T04:00:00Z,142.98544362364902,136.475
2026-05-11T05:00:00Z,146.29651925531874,154.0475
2026-05-11T06:00:00Z,136.31169507172734,150.0125
2026-05-11T07:00:00Z,107.21334389644576,136.79999999999998
2026-05-11T08:00:00Z,89.83561785903939,126.3075
2026-05-11T09:00:00Z,78.83080482314364,113.4325
2026-05-11T10:00:00Z,67.84056693097163,105.485
2026-05-11T11:00:00Z,56.48778215980577,98.78
2026-05-11T12:00:00Z,51.41715492922768,95.98
2026-05-11T13:00:00Z,45.35780840737673,96.2
2026-05-11T14:00:00Z,50.73577812408678,100.49
2026-05-11T15:00:00Z,73.8652286147443,116.3025
2026-05-11T16:00:00Z,101.81879491419181,122.98
2026-05-11T17:00:00Z,118.21816816839787,130.7175
2026-05-11T18:00:00Z,123.20640816817532,131.12
2026-05-11T19:00:00Z,108.8048601445009,127.8725
2026-05-11T20:00:00Z,90.5571797566377,120.765
2026-05-11T21:00:00Z,74.94920622554486,108.9525
2026-05-11T22:00:00Z,68.63245053417548,99.065
2026-05-11T23:00:00Z,64.44660247957566,95.275
2026-05-12T00:00:00Z,59.00238657360859,91.73
2026-05-12T01:00:00Z,61.93348757622677,89.8975
2026-05-12T02:00:00Z,66.6837660679646,91.375
2026-05-12T03:00:00Z,76.48349596557262,94.0025
2026-05-12T04:00:00Z,91.44436973050125,111.2625
2026-05-12T05:00:00Z,94.65882044091254,122.575
2026-05-12T06:00:00Z,81.55354387167708,112.145
2026-05-12T07:00:00Z,59.17222198290517,94.075
2026-05-12T08:00:00Z,48.08647398208058,79.5575
2026-05-12T09:00:00Z,41.84006392592086,63.535
2026-05-12T10:00:00Z,34.38616024189825,45.91
2026-05-12T11:00:00Z,31.148993964409968,27.33
2026-05-12T12:00:00Z,29.403383316957502,19.9725
2026-05-12T13:00:00Z,27.443247095761507,44.760000000000005
2026-05-12T14:00:00Z,37.741508907755914,74.405
2026-05-12T15:00:00Z,62.74743937329764,96.0
2026-05-12T16:00:00Z,91.38249831876254,114.88
2026-05-12T17:00:00Z,120.90578999287753,136.2775
2026-05-12T18:00:00Z,129.99070338696094,142.985
2026-05-12T19:00:00Z,126.59048320963026,142.7425
2026-05-12T20:00:00Z,117.69275243513883,131.225
2026-05-12T21:00:00Z,108.26694244302956,118.345
2026-05-12T22:00:00Z,95.7023660815187,114.33
2026-05-12T23:00:00Z,82.31509459455502,106.2175
2026-05-13T00:00:00Z,78.09780993569956,104.3575
2026-05-13T01:00:00Z,81.21337972474488,107.435
2026-05-13T02:00:00Z,87.25895041921027,111.195
2026-05-13T03:00:00Z,97.67567454667332,120.0
2026-05-13T04:00:00Z,113.71949488175547,137.1825
2026-05-13T05:00:00Z,118.80686243486653,141.1225
2026-05-13T06:00:00Z,105.37387621102711,126.7
2026-05-13T07:00:00Z,82.3669989723463,102.525
2026-05-13T08:00:00Z,63.432512523933894,86.44
2026-05-13T09:00:00Z,57.8884928533311,83.7775
2026-05-13T10:00:00Z,50.14385414593195,74.10249999999999
2026-05-13T11:00:00Z,38.923902724520325,71.77250000000001
2026-05-13T12:00:00Z,35.84678353551143,70.2025
2026-05-13T13:00:00Z,44.33126049151068,82.2675
2026-05-13T14:00:00Z,66.0063097950819,92.375
2026-05-13T15:00:00Z,93.44546353392472,112.6025
2026-05-13T16:00:00Z,119.12135043921056,132.355
2026-05-13T17:00:00Z,146.966280142465,151.4925
2026-05-13T18:00:00Z,151.88000305816675,171.26749999999998
2026-05-13T19:00:00Z,142.46398780910135,160.04500000000002
2026-05-13T20:00:00Z,126.64099620828242,142.20499999999998
2026-05-13T21:00:00Z,114.12042269132087,123.095
2026-05-13T22:00:00Z,98.75919272939902,130.54
2026-05-13T23:00:00Z,98.89892356673887,121.75
2026-05-14T00:00:00Z,87.63321976616159,119.225
2026-05-14T01:00:00Z,88.57514885121816,115.6375
2026-05-14T02:00:00Z,89.26317140784528,112.9175
2026-05-14T03:00:00Z,90.22549722529244,112.045
2026-05-14T04:00:00Z,88.71748333270594,111.405
2026-05-14T05:00:00Z,78.77384958518032,108.09
2026-05-14T06:00:00Z,64.86305422832322,99.2575
2026-05-14T07:00:00Z,46.72522937698675,85.15
2026-05-14T08:00:00Z,36.24073817626803,58.6425
2026-05-14T09:00:00Z,27.846801707052812,35.5675
2026-05-14T10:00:00Z,15.012580201117146,16.055
2026-05-14T11:00:00Z,8.893669415666096,7.5525
2026-05-14T12:00:00Z,6.682896257102357,4.6025
2026-05-14T13:00:00Z,15.48204062117889,17.8475
2026-05-14T14:00:00Z,36.67183379786958,66.9125
2026-05-14T15:00:00Z,67.52179878207495,94.76
2026-05-14T16:00:00Z,101.80050426696957,126.0
2026-05-14T17:00:00Z,132.6456757087976,142.5825
2026-05-14T18:00:00Z,148.35082804663372,150.4475
2026-05-14T19:00:00Z,144.78647679229817,152.2025
2026-05-14T20:00:00Z,131.78962264550367,150.91
2026-05-14T21:00:00Z,121.57402033850576,136.32
2026-05-14T22:00:00Z,121.39706755590556,137.9725
2026-05-14T23:00:00Z,116.6578373387774,131.3725
2026-05-15T00:00:00Z,109.12947417155196,126.3125
2026-05-15T01:00:00Z,105.87710199008374,121.9375
2026-05-15T02:00:00Z,108.93168934192721,123.7125
2026-05-15T03:00:00Z,113.61493351307459,127.16
2026-05-15T04:00:00Z,115.93551126212347,136.1
2026-05-15T05:00:00Z,109.51229175804568,132.515
2026-05-15T06:00:00Z,92.66664789525275,123.995
2026-05-15T07:00:00Z,69.30947126486373,104.54
2026-05-15T08:00:00Z,52.2097112439495,81.7825
2026-05-15T09:00:00Z,36.062244910421676,66.8175
2026-05-15T10:00:00Z,24.12682957385092,54.3025
2026-05-15T11:00:00Z,16.12889606967004,40.3225
2026-05-15T12:00:00Z,14.333978209175314,40.1475
2026-05-15T13:00:00Z,20.3702047105593,51.0025
2026-05-15T14:00:00Z,42.455742806750685,77.32
2026-05-15T15:00:00Z,72.29186000332103,105.0475
2026-05-15T16:00:00Z,104.15861657687567,125.0425
2026-05-15T17:00:00Z,130.41377154684025,143.31
2026-05-15T18:00:00Z,140.93193744196384,153.455
2026-05-15T19:00:00Z,140.53478375246465,151.14499999999998
2026-05-15T20:00:00Z,128.7756509369334,144.685
2026-05-15T21:00:00Z,114.18005383283972,135.5125
2026-05-15T22:00:00Z,107.2728373783026,130.0
2026-05-15T23:00:00Z,101.36594084323397,121.7875
2026-05-16T00:00:00Z,98.97921021619123,117.5625
2026-05-16T01:00:00Z,95.75995541856764,116.0025
2026-05-16T02:00:00Z,95.32280651725391,114.02
2026-05-16T03:00:00Z,95.00533312004465,109.3425
2026-05-16T04:00:00Z,94.47517272137925,105.7075
2026-05-16T05:00:00Z,86.59239173348254,100.045
2026-05-16T06:00:00Z,66.39644199544644,86.9525
2026-05-16T07:00:00Z,42.08565445976763,43.9525
2026-05-16T08:00:00Z,21.333012476569905,4.2025
2026-05-16T09:00:00Z,7.114728458991223,-0.03
2026-05-16T10:00:00Z,-1.6184195492619011,-1.195
2026-05-16T11:00:00Z,-18.397074352197535,-2.2
2026-05-16T12:00:00Z,-19.479914819660365,-1.9325
2026-05-16T13:00:00Z,-8.592233643553627,-0.9975
2026-05-16T14:00:00Z,11.310757611937973,4.779999999999999
2026-05-16T15:00:00Z,45.06513016368415,60.0925
2026-05-16T16:00:00Z,84.25251242367924,100.2225
2026-05-16T17:00:00Z,124.92709618556034,126.47
2026-05-16T18:00:00Z,143.21995927824673,139.9975
2026-05-16T19:00:00Z,147.4407008810764,140.6875
2026-05-16T20:00:00Z,136.30716274144754,135.99
2026-05-16T21:00:00Z,127.4493810523284,127.7
2026-05-16T22:00:00Z,118.8713366429396,127.7175
2026-05-16T23:00:00Z,112.88149297095813,119.0625
2026-05-17T00:00:00Z,105.98173658642122,115.565
2026-05-17T01:00:00Z,106.85676687089502,113.8975
2026-05-17T02:00:00Z,107.7181047186354,109.17
2026-05-17T03:00:00Z,107.15638297011435,105.445
2026-05-17T04:00:00Z,96.90414145411512,98.7925
2026-05-17T05:00:00Z,73.75107035342809,80.795
2026-05-17T06:00:00Z,49.837280178170886,53.8425
2026-05-17T07:00:00Z,21.490635012504377,18.97
2026-05-17T08:00:00Z,-4.600860034810921,3.49
2026-05-17T09:00:00Z,-8.618542899296315,0.56
2026-05-17T10:00:00Z,-14.658322591366314,0.8225
2026-05-17T11:00:00Z,-16.116515396332815,0.0
2026-05-17T12:00:00Z,-12.246003629650588,0.98
2026-05-17T13:00:00Z,4.760275078937937,11.31
2026-05-17T14:00:00Z,25.45879833720923,52.4375
2026-05-17T15:00:00Z,67.19656744309566,100.315
2026-05-17T16:00:00Z,106.22544219338445,129.3875
2026-05-17T17:00:00Z,138.5982719620822,143.0675
2026-05-17T18:00:00Z,149.56955668769194,155.8
2026-05-17T19:00:00Z,147.35679941343565,156.70499999999998
2026-05-17T20:00:00Z,139.31698697203458,151.3675
2026-05-17T21:00:00Z,129.36693507967556,142.575
2026-05-17T22:00:00Z,118.17362801052946,134.6575
2026-05-17T23:00:00Z,112.71190812366328,125.9725
2026-05-18T00:00:00Z,109.45837209145802,125.9975
2026-05-18T01:00:00Z,109.9923203763081,126.3925
2026-05-18T02:00:00Z,113.8982374917988,129.36
2026-05-18T03:00:00Z,125.07242099164986,137.0225
2026-05-18T04:00:00Z,137.71166498857272,152.51749999999998
2026-05-18T05:00:00Z,134.2647669290223,160.075
2026-05-18T06:00:00Z,115.56755456700478,152.105
2026-05-18T07:00:00Z,88.06439943851053,125.88
2026-05-18T08:00:00Z,68.92731001134281,107.85
2026-05-18T09:00:00Z,61.24617532751867,100.0525
2026-05-18T10:00:00Z,57.317954075374956,94.895
2026-05-18T11:00:00Z,54.061331103968904,94.9775
2026-05-18T12:00:00Z,55.37925871962642,96.77
2026-05-18T13:00:00Z,59.75139260227208,102.405
2026-05-18T14:00:00Z,78.00567778491123,113.965
2026-05-18T15:00:00Z,107.56750186477674,134.065
2026-05-18T16:00:00Z,136.5494911078382,152.1375
2026-05-18T17:00:00Z,160.21545843462923,192.8525
2026-05-18T18:00:00Z,167.4425107526958,250.8975
2026-05-18T19:00:00Z,162.98657420304573,214.3375
2026-05-18T20:00:00Z,149.70138411138765,160.6475
2026-05-18T21:00:00Z,141.23710565644652,148.89499999999998
2026-05-18T22:00:00Z,133.43063015298264,148.2525
2026-05-18T23:00:00Z,130.76681286915914,141.9425
2026-05-19T00:00:00Z,121.00743762989023,139.3225
2026-05-19T01:00:00Z,122.3758728759274,138.54000000000002
2026-05-19T02:00:00Z,126.24152662282033,141.5675
2026-05-19T03:00:00Z,135.46859358811471,146.92000000000002
2026-05-19T04:00:00Z,146.31336874127442,164.46
2026-05-19T05:00:00Z,143.16378561608167,153.7725
2026-05-19T06:00:00Z,122.719905808222,131.855
2026-05-19T07:00:00Z,90.88809226463023,108.7425
2026-05-19T08:00:00Z,71.19523534524103,94.265
2026-05-19T09:00:00Z,61.751412710519645,82.08500000000001
2026-05-19T10:00:00Z,57.28827131316356,73.145
2026-05-19T11:00:00Z,56.04296699201263,73.7375
2026-05-19T12:00:00Z,57.529592977135486,79.81
2026-05-19T13:00:00Z,64.76284058079196,87.57
2026-05-19T14:00:00Z,82.3207574231208,102.25
2026-05-19T15:00:00Z,110.02470896592902,127.2925
2026-05-19T16:00:00Z,134.59257472433083,144.95
2026-05-19T17:00:00Z,164.66504953619955,172.485
2026-05-19T18:00:00Z,176.414047545858,180.9025
2026-05-19T19:00:00Z,158.28585211453105,163.63
2026-05-19T20:00:00Z,132.70436252371763,145.545
2026-05-19T21:00:00Z,119.58057652239063,131.8025
2026-05-19T22:00:00Z,106.60101458668294,123.73
2026-05-19T23:00:00Z,100.77439194794069,114.635
2026-05-20T00:00:00Z,93.6368970035245,109.7525
2026-05-20T01:00:00Z,94.60876244542376,109.9725
2026-05-20T02:00:00Z,100.31273680779353,110.41
2026-05-20T03:00:00Z,108.90118877962175,119.05
2026-05-20T04:00:00Z,122.92798854668439,134.9875
2026-05-20T05:00:00Z,124.33963579774931,136.975
2026-05-20T06:00:00Z,111.84523695507616,125.5125
2026-05-20T07:00:00Z,91.1811564983143,109.06
2026-05-20T08:00:00Z,74.21555113733861,89.7
2026-05-20T09:00:00Z,61.73041307798076,75.46249999999999
2026-05-20T10:00:00Z,58.21419319572237,64.005
2026-05-20T11:00:00Z,48.53592385216102,44.9975
2026-05-20T12:00:00Z,48.610534677304315,33.5125
2026-05-20T13:00:00Z,51.329782530133954,45.66
2026-05-20T14:00:00Z,65.62817619977969,65.01
2026-05-20T15:00:00Z,93.14672956161928,99.3975
2026-05-20T16:00:00Z,120.19840279695772,130.2125
2026-05-20T17:00:00Z,151.44846330368068,149.5675
2026-05-20T18:00:00Z,163.75532938459332,167.9225
2026-05-20T19:00:00Z,157.13140866911567,165.0
2026-05-20T20:00:00Z,136.17427720172924,150.02
2026-05-20T21:00:00Z,122.13159016072323,139.0025
2026-05-20T22:00:00Z,108.31919362532582,133.0275
2026-05-20T23:00:00Z,103.2952961705268,121.66
2026-05-21T00:00:00Z,94.69657236355238,116.0225
2026-05-21T01:00:00Z,95.1850843354355,113.55
2026-05-21T02:00:00Z,99.44969618854375,116.01
2026-05-21T03:00:00Z,111.30831148925569,128.405
2026-05-21T04:00:00Z,123.49201096189597,142.815
2026-05-21T05:00:00Z,119.5450607423299,143.6175
2026-05-21T06:00:00Z,100.17103373268162,131.3875
2026-05-21T07:00:00Z,74.740094403768,104.14
2026-05-21T08:00:00Z,58.28579181473648,81.1975
2026-05-21T09:00:00Z,43.76545751398143,42.752500000000005
2026-05-21T10:00:00Z,35.56085001242684,12.1375
2026-05-21T11:00:00Z,26.3407832720736,7.369999999999999
2026-05-21T12:00:00Z,23.484365929982374,8.8125
2026-05-21T13:00:00Z,32.32909994901428,35.2
2026-05-21T14:00:00Z,50.355624022975206,71.7075
2026-05-21T15:00:00Z,83.73630422596753,104.995
2026-05-21T16:00:00Z,120.40544643623747,135.8875
2026-05-21T17:00:00Z,149.6111276085275,163.35500000000002
2026-05-21T18:00:00Z,164.49752138437947,204.695
2026-05-21T19:00:00Z,159.83376622918604,188.4175
2026-05-21T20:00:00Z,145.0434472263645,166.035
2026-05-21T21:00:00Z,133.3982913130838,146.39249999999998
2026-05-21T22:00:00Z,129.10083128467818,144.315
2026-05-21T23:00:00Z,124.18156385961382,136.9
2026-05-22T00:00:00Z,117.17227678490875,131.6375
2026-05-22T01:00:00Z,116.8337578960658,128.95000000000002
2026-05-22T02:00:00Z,120.97626351192656,131.4975
2026-05-22T03:00:00Z,128.28865452891637,135.7175
2026-05-22T04:00:00Z,134.95855397241095,144.35500000000002
2026-05-22T05:00:00Z,122.43142968754046,138.1775
2026-05-22T06:00:00Z,96.73051336639992,123.135
2026-05-22T07:00:00Z,64.65694562682954,91.8825
2026-05-22T08:00:00Z,30.123634351304197,42.48
2026-05-22T09:00:00Z,8.96479641535683,3.94
2026-05-22T10:00:00Z,-2.162954849683757,0.005
2026-05-22T11:00:00Z,-5.478960405641928,0.0
2026-05-22T12:00:00Z,-2.5410306039869397,1.0
2026-05-22T13:00:00Z,10.437899076592686,20.305
2026-05-22T14:00:00Z,46.75731033871764,70.24
2026-05-22T15:00:00Z,84.59179643610051,104.195
2026-05-22T16:00:00Z,123.62196882693306,134.95
2026-05-22T17:00:00Z,158.65116103485187,161.2225
2026-05-22T18:00:00Z,176.44747706073068,218.4275
2026-05-22T19:00:00Z,166.22137405651773,193.6625
2026-05-22T20:00:00Z,147.90598720058244,154.635
2026-05-22T21:00:00Z,132.46848533690584,140.735
2026-05-22T22:00:00Z,121.31508731110463,136.76
2026-05-22T23:00:00Z,113.89612635600915,130.0
2026-05-23T00:00:00Z,110.13532050186095,125.8675
2026-05-23T01:00:00Z,107.92768895936406,125.3675
2026-05-23T02:00:00Z,107.2858028027387,121.7325
2026-05-23T03:00:00Z,106.30626366512458,119.26
2026-05-23T04:00:00Z,99.38560874781396,116.3675
2026-05-23T05:00:00Z,77.61007456295573,97.085
2026-05-23T06:00:00Z,53.8577615688107,49.8625
2026-05-23T07:00:00Z,19.02519339166588,1.6
2026-05-23T08:00:00Z,-1.4933012916507096,-0.3325
2026-05-23T09:00:00Z,-16.457542750192175,-3.9
2026-05-23T10:00:00Z,-26.028934478182663,-12.392499999999998
2026-05-23T11:00:00Z,-27.021847870944384,-31.8175
2026-05-23T12:00:00Z,-23.09588132964143,-18.42
2026-05-23T13:00:00Z,-12.825038059169557,-4.0
2026-05-23T14:00:00Z,17.631654995170145,-0.2875
2026-05-23T15:00:00Z,70.67599004751051,44.4475
2026-05-23T16:00:00Z,116.82317356505959,120.7625
2026-05-23T17:00:00Z,154.04797276486892,149.6575
2026-05-23T18:00:00Z,178.03223594666915,174.52
2026-05-23T19:00:00Z,163.4589919975319,171.065
2026-05-23T20:00:00Z,144.03485443809132,156.915
2026-05-23T21:00:00Z,132.08742367291956,144.6525
2026-05-23T22:00:00Z,123.72655118165235,143.8025
2026-05-23T23:00:00Z,117.5282928874991,133.3775
2026-05-24T00:00:00Z,108.61761538741789,136.885
2026-05-24T01:00:00Z,107.30948831725385,125.44
2026-05-24T02:00:00Z,107.67680538636681,122.89
2026-05-24T03:00:00Z,107.03925684609415,117.7225
2026-05-24T04:00:00Z,96.54891780141268,108.795
2026-05-24T05:00:00Z,71.47128636714761,88.4625
2026-05-24T06:00:00Z,40.135715206867616,16.3675
2026-05-24T07:00:00Z,-3.3810874022886424,-0.0275
2026-05-24T08:00:00Z,-20.969544412987915,-2.5025
2026-05-24T09:00:00Z,-32.219383605489156,-13.8325
2026-05-24T10:00:00Z,-41.43174993918237,-37.6125
2026-05-24T11:00:00Z,-50.6812831539676,-75.9375
2026-05-24T12:00:00Z,-45.29402074821181,-61.7525
2026-05-24T13:00:00Z,-37.173191356967735,-23.4925
2026-05-24T14:00:00Z,-17.739872319351832,-1.9575
2026-05-24T15:00:00Z,34.023543762180886,14.375
2026-05-24T16:00:00Z,90.12075146794928,96.3775
2026-05-24T17:00:00Z,130.04154028578728,133.2175
2026-05-24T18:00:00Z,150.85221752983915,151.0175
2026-05-24T19:00:00Z,145.5476875555134,153.2275
2026-05-24T20:00:00Z,132.35387584192574,144.42000000000002
2026-05-24T21:00:00Z,123.99004246258508,132.1
2026-05-24T22:00:00Z,115.85933316141185,130.8675
2026-05-24T23:00:00Z,112.88195577948065,125.9825
2026-05-25T00:00:00Z,110.75265483783048,125.24
2026-05-25T01:00:00Z,109.26258367708502,126.0125
2026-05-25T02:00:00Z,111.64616544526874,129.3125
2026-05-25T03:00:00Z,111.47335725312774,131.995
2026-05-25T04:00:00Z,100.44376601397973,130.195
2026-05-25T05:00:00Z,73.77689848935877,117.8775
2026-05-25T06:00:00Z,30.44530001507242,77.68
2026-05-25T07:00:00Z,-9.137575123621644,5.0
2026-05-25T08:00:00Z,-24.94937300456013,-0.1674999999999999
2026-05-25T09:00:00Z,-38.12973763348697,-5.2625
2026-05-25T10:00:00Z,-46.95327912066995,-12.7125
2026-05-25T11:00:00Z,-58.75760455672847,-29.295
2026-05-25T12:00:00Z,-54.14200661016457,-27.1825
2026-05-25T13:00:00Z,-39.72355884185143,-10.05
2026-05-25T14:00:00Z,-17.71588166580986,-2.915
2026-05-25T15:00:00Z,26.9865100341098,31.95
2026-05-25T16:00:00Z,86.59617937312571,118.8225
2026-05-25T17:00:00Z,134.00336646928142,150.575
2026-05-25T18:00:00Z,157.3455774160887,172.185
2026-05-25T19:00:00Z,152.93692195262074,170.25
2026-05-25T20:00:00Z,138.2760092565631,157.33249999999998
2026-05-25T21:00:00Z,126.4393958277363,141.025
2026-05-25T22:00:00Z,118.58846584570632,136.36
2026-05-25T23:00:00Z,112.72974170691214,125.6475
2026-05-26T00:00:00Z,106.10994769986755,120.645
2026-05-26T01:00:00Z,107.46816992215092,121.18
2026-05-26T02:00:00Z,113.51288652898594,119.53
2026-05-26T03:00:00Z,120.97444671162033,128.91
2026-05-26T04:00:00Z,128.2383551859397,143.105
2026-05-26T05:00:00Z,116.87119537377006,141.54
2026-05-26T06:00:00Z,90.18295843055262,122.045
2026-05-26T07:00:00Z,48.48131492634998,78.8
2026-05-26T08:00:00Z,15.958874415287916,6.52
2026-05-26T09:00:00Z,1.7581542205176106,-0.0075
2026-05-26T10:00:00Z,-6.526433348818614,-1.825
2026-05-26T11:00:00Z,-9.136278021025731,-2.5
2026-05-26T12:00:00Z,-7.475055206232781,-0.835
2026-05-26T13:00:00Z,1.073438474331894,-0.015
2026-05-26T14:00:00Z,29.441844413040265,13.115
2026-05-26T15:00:00Z,68.34033054016246,89.685
2026-05-26T16:00:00Z,121.07830152945931,134.7875
2026-05-26T17:00:00Z,159.1515593319324,185.1025
2026-05-26T18:00:00Z,170.353820336556,217.9475
2026-05-26T19:00:00Z,156.07495518675435,184.785
2026-05-26T20:00:00Z,135.07355172326828,153.775
2026-05-26T21:00:00Z,120.68132878741974,130.5325
2026-05-26T22:00:00Z,109.92891216165737,134.7875
2026-05-26T23:00:00Z,102.41913238783789,127.5175
2026-05-27T00:00:00Z,94.04183634947128,120.5425
2026-05-27T01:00:00Z,91.42184853671563,118.87
2026-05-27T02:00:00Z,92.83374301362501,119.0475
2026-05-27T03:00:00Z,100.36280698415428,121.235
2026-05-27T04:00:00Z,107.91755423931997,134.2
2026-05-27T05:00:00Z,101.59194431939693,131.1
2026-05-27T06:00:00Z,80.44825429637544,106.4525
2026-05-27T07:00:00Z,47.030031509257626,48.235
2026-05-27T08:00:00Z,6.0489744017627345,3.425
2026-05-27T09:00:00Z,-4.525604259693793,-0.27
2026-05-27T10:00:00Z,-12.864037283459268,-1.05
2026-05-27T11:00:00Z,-18.57299367692336,-1.635
2026-05-27T12:00:00Z,-20.440905583196923,-1.645
2026-05-27T13:00:00Z,-19.37803479810883,-1.7025
2026-05-27T14:00:00Z,5.307229430302385,-0.4225
2026-05-27T15:00:00Z,45.89348419053585,32.2075
2026-05-27T16:00:00Z,91.47516304025423,97.8475
2026-05-27T17:00:00Z,134.39892509249998,136.51749999999998
2026-05-27T18:00:00Z,156.20403634493954,156.6775
2026-05-27T19:00:00Z,146.60124385873434,157.53
2026-05-27T20:00:00Z,128.6270069848277,144.16
2026-05-27T21:00:00Z,117.53664785287413,133.45499999999998
2026-05-27T22:00:00Z,114.9075864709877,132.945
2026-05-27T23:00:00Z,115.20044543023664,129.5375
2026-05-28T00:00:00Z,110.84581131955197,127.2375
2026-05-28T01:00:00Z,114.77751293066774,127.3625
2026-05-28T02:00:00Z,118.69418715206473,130.09
2026-05-28T03:00:00Z,124.7341335881012,135.5025
2026-05-28T04:00:00Z,131.93676958524483,148.4525
2026-05-28T05:00:00Z,121.9848264838613,138.155
2026-05-28T06:00:00Z,92.47939883392621,123.4025
2026-05-28T07:00:00Z,48.153535057744676,87.5425
2026-05-28T08:00:00Z,7.870767460553694,19.3075
2026-05-28T09:00:00Z,-7.498728021901698,0.5675
2026-05-28T10:00:00Z,-15.070319774729484,0.0024999999999999
2026-05-28T11:00:00Z,-19.800520336967892,-0.0125
2026-05-28T12:00:00Z,-19.600171218119442,0.0
2026-05-28T13:00:00Z,-12.68085692603323,1.2975
2026-05-28T14:00:00Z,5.586336901434379,39.645
2026-05-28T15:00:00Z,53.184188198152384,101.2575
2026-05-28T16:00:00Z,107.10193451429764,138.25
2026-05-28T17:00:00Z,150.8450255017685,217.6025
2026-05-28T18:00:00Z,170.8254733882966,393.935
2026-05-28T19:00:00Z,172.10829031878515,368.0175
2026-05-28T20:00:00Z,156.66848259322472,215.75
2026-05-28T21:00:00Z,147.72312397644396,159.7975
2026-05-28T22:00:00Z,140.28369867797625,144.4425
2026-05-28T23:00:00Z,133.69223522225874,133.9275
2026-05-29T00:00:00Z,124.23233838741498,127.975
2026-05-29T01:00:00Z,122.6655182069008,126.1925
2026-05-29T02:00:00Z,122.74446601873841,125.2775
2026-05-29T03:00:00Z,124.89296098651403,125.495
2026-05-29T04:00:00Z,128.28851534438058,131.885
2026-05-29T05:00:00Z,109.65012446164562,125.995
2026-05-29T06:00:00Z,81.29470647406126,113.565
2026-05-29T07:00:00Z,51.65868324914324,71.9075
2026-05-29T08:00:00Z,9.27307483184039,17.0275
2026-05-29T09:00:00Z,-8.424009838442899,0.29
2026-05-29T10:00:00Z,-11.730564223332692,-0.055
2026-05-29T11:00:00Z,-11.427886862132013,-0.0349999999999999
2026-05-29T12:00:00Z,-8.98008693359732,0.0
2026-05-29T13:00:00Z,2.747593285495725,9.41
2026-05-29T14:00:00Z,35.33110034524299,51.61
2026-05-29T15:00:00Z,89.2301628409347,103.4075
2026-05-29T16:00:00Z,140.45646876098488,136.985
2026-05-29T17:00:00Z,182.70414799001117,174.9475
2026-05-29T18:00:00Z,219.3616669584211,240.61
2026-05-29T19:00:00Z,199.49344783942695,201.405
2026-05-29T20:00:00Z,150.0485637401326,161.70000000000002
2026-05-29T21:00:00Z,125.79896924925156,145.1925
2026-05-29T22:00:00Z,122.15635491094127,135.515
2026-05-29T23:00:00Z,114.13643200819467,128.45
2026-05-30T00:00:00Z,110.63667618464487,123.7725
2026-05-30T01:00:00Z,106.68219633203147,121.085
2026-05-30T02:00:00Z,107.38393055230976,125.3575
2026-05-30T03:00:00Z,109.88045030589237,125.045
2026-05-30T04:00:00Z,107.01835865040482,118.9925
2026-05-30T05:00:00Z,97.46472856383028,109.095
2026-05-30T06:00:00Z,73.13732861782252,88.8675
2026-05-30T07:00:00Z,38.90651106780214,36.682500000000005
2026-05-30T08:00:00Z,2.657257476412667,2.96
2026-05-30T09:00:00Z,-12.507751073793756,-0.005
2026-05-30T10:00:00Z,-27.221566230258517,-0.0525
2026-05-30T11:00:00Z,-35.25566486491488,-1.4425
2026-05-30T12:00:00Z,-32.78246378964596,-0.7475
2026-05-30T13:00:00Z,-26.817556544458625,-0.01
2026-05-30T14:00:00Z,-1.3439256499554944,3.0075
2026-05-30T15:00:00Z,44.951625967612856,62.5
2026-05-30T16:00:00Z,92.15706617229645,107.0075
2026-05-30T17:00:00Z,138.0538870654758,139.8725
2026-05-30T18:00:00Z,169.51213900113197,160.52499999999998
2026-05-30T19:00:00Z,160.40577941641052,171.845
2026-05-30T20:00:00Z,141.48971992864367,159.4025
2026-05-30T21:00:00Z,128.9717392791457,143.04000000000002
2026-05-30T22:00:00Z,122.04250878788615,136.4125
2026-05-30T23:00:00Z,119.15172271632079,129.10500000000002
2026-05-31T00:00:00Z,112.01219412756797,125.915
2026-05-31T01:00:00Z,112.05129473232213,125.1975
2026-05-31T02:00:00Z,114.98150586521601,126.95
2026-05-31T03:00:00Z,115.34761117188285,123.3575
2026-05-31T04:00:00Z,107.13288348200098,115.0025
2026-05-31T05:00:00Z,89.48588915938291,100.56
2026-05-31T06:00:00Z,64.24724632737453,90.4375
2026-05-31T07:00:00Z,36.23137889894123,56.29
2026-05-31T08:00:00Z,20.97817778774443,7.5675
2026-05-31T09:00:00Z,2.1974400732970736,0.0
2026-05-31T10:00:00Z,-3.735536958995354,-0.005
2026-05-31T11:00:00Z,-9.015314250272283,-0.01
2026-05-31T12:00:00Z,-7.8981397627078564,-0.01
2026-05-31T13:00:00Z,5.989514709336518,0.0
2026-05-31T14:00:00Z,25.477768079129476,49.002500000000005
2026-05-31T15:00:00Z,66.35750839290213,95.925
2026-05-31T16:00:00Z,101.38956452217798,127.265
2026-05-31T17:00:00Z,139.52884493322205,141.37
2026-05-31T18:00:00Z,149.9493118830498,152.7625
2026-05-31T19:00:00Z,144.43904623799938,156.035
2026-05-31T20:00:00Z,136.3617343955658,153.1275
2026-05-31T21:00:00Z,128.90859717261165,145.3475
2026-05-31T22:00:00Z,117.54286636052669,141.0075
2026-05-31T23:00:00Z,112.89213241929377,128.255
2026-06-01T00:00:00Z,110.17157077833423,123.1375
2026-06-01T01:00:00Z,113.03932858912638,120.295
2026-06-01T02:00:00Z,118.94033477729147,124.4875
2026-06-01T03:00:00Z,128.41763178246563,135.0925
2026-06-01T04:00:00Z,139.00244970822024,164.03
2026-06-01T05:00:00Z,132.74226519612876,160.0
2026-06-01T06:00:00Z,113.7318614290458,151.715
2026-06-01T07:00:00Z,78.73345430181818,133.2
2026-06-01T08:00:00Z,53.041430185525115,117.66
2026-06-01T09:00:00Z,39.19694724247705,108.1425
2026-06-01T10:00:00Z,32.34279291610254,93.0825
2026-06-01T11:00:00Z,16.858807681699602,89.9075
2026-06-01T12:00:00Z,16.784816641772707,87.44749999999999
2026-06-01T13:00:00Z,32.41457337959798,95.0975
2026-06-01T14:00:00Z,59.555518962520246,106.735
2026-06-01T15:00:00Z,93.4232082433907,125.2425
2026-06-01T16:00:00Z,130.77548539536582,141.4575
2026-06-01T17:00:00Z,160.8997687815151,226.6125
2026-06-01T18:00:00Z,176.75802077951636,355.2525
2026-06-01T19:00:00Z,172.62908492060407,333.3675
2026-06-01T20:00:00Z,158.6534309425021,222.5025
2026-06-01T21:00:00Z,144.10345120844337,161.025
2026-06-01T22:00:00Z,131.60854333111118,142.065
2026-06-01T23:00:00Z,123.32327000699081,131.7225
2026-06-02T00:00:00Z,112.80568978872341,125.085
2026-06-02T01:00:00Z,111.26841410679629,120.915
2026-06-02T02:00:00Z,114.20942154680228,120.6275
2026-06-02T03:00:00Z,120.95581954611379,124.215
2026-06-02T04:00:00Z,129.78011716573604,131.0275
2026-06-02T05:00:00Z,123.66145692628729,131.79500000000002
2026-06-02T06:00:00Z,110.014505502422,121.0825
2026-06-02T07:00:00Z,87.60749352173636,105.41
2026-06-02T08:00:00Z,71.46991703316715,90.515
2026-06-02T09:00:00Z,59.916278004745465,84.69999999999999
2026-06-02T10:00:00Z,55.408267761547684,80.2925
2026-06-02T11:00:00Z,56.24875575367313,84.9575
2026-06-02T12:00:00Z,59.41857075526008,90.7825
2026-06-02T13:00:00Z,72.47894966748997,99.7375
2026-06-02T14:00:00Z,92.35373060239831,112.2475
2026-06-02T15:00:00Z,119.93681619572035,131.1375
2026-06-02T16:00:00Z,141.15209897742827,146.97750000000002
2026-06-02T17:00:00Z,175.90086462632513,167.9375
2026-06-02T18:00:00Z,205.11521218373525,167.2725
2026-06-02T19:00:00Z,186.83071630840163,152.325
2026-06-02T20:00:00Z,144.4380510986859,140.435
2026-06-02T21:00:00Z,120.65699444362184,125.2375
2026-06-02T22:00:00Z,103.13683779390851,116.3
2026-06-02T23:00:00Z,100.6529267637069,111.895
2026-06-03T00:00:00Z,95.24353697751185,108.0175
2026-06-03T01:00:00Z,93.49963365540887,107.3
2026-06-03T02:00:00Z,99.41203754032934,107.19
2026-06-03T03:00:00Z,110.37327493860113,113.275
2026-06-03T04:00:00Z,120.58475361204266,130.7375
2026-06-03T05:00:00Z,119.17605922895804,136.82999999999998
2026-06-03T06:00:00Z,101.99746910852548,131.0775
2026-06-03T07:00:00Z,76.38471532860106,112.1475
2026-06-03T08:00:00Z,61.05637143035409,94.0925
2026-06-03T09:00:00Z,49.62418478705489,80.2475
2026-06-03T10:00:00Z,40.95182870985796,58.17
2026-06-03T11:00:00Z,35.32413693297562,37.8325
2026-06-03T12:00:00Z,36.198256098927544,38.0425
2026-06-03T13:00:00Z,36.27535995653863,47.1
2026-06-03T14:00:00Z,49.869568148972604,76.9
2026-06-03T15:00:00Z,78.5154114940968,95.5325
2026-06-03T16:00:00Z,107.17016037812613,122.1875
2026-06-03T17:00:00Z,136.66675722612558,138.3675
2026-06-03T18:00:00Z,147.949497791454,146.2375
2026-06-03T19:00:00Z,132.66015599424523,133.42000000000002
2026-06-03T20:00:00Z,105.69122877493612,120.9525
2026-06-03T21:00:00Z,84.30061282760029,99.4075
2026-06-03T22:00:00Z,60.23592305808448,86.205
2026-06-03T23:00:00Z,51.01044192727261,75.4875
2026-06-04T00:00:00Z,43.52044558916735,66.92
2026-06-04T01:00:00Z,45.112355973937966,67.4725
2026-06-04T02:00:00Z,49.16950482694108,68.2925
2026-06-04T03:00:00Z,55.20670579352668,71.185
2026-06-04T04:00:00Z,57.768241358909904,73.97
2026-06-04T05:00:00Z,49.727024242796716,87.08
2026-06-04T06:00:00Z,40.858706084804126,75.62
2026-06-04T07:00:00Z,25.11978233898192,34.125
2026-06-04T08:00:00Z,11.87618395632731,4.79
2026-06-04T09:00:00Z,5.836168889464091,-0.0025
2026-06-04T10:00:00Z,1.4133204521207574,-0.025
2026-06-04T11:00:00Z,-2.4214916036732745,-0.0475
2026-06-04T12:00:00Z,1.6663385735595426,-0.035
2026-06-04T13:00:00Z,12.321573751755182,1.6175
2026-06-04T14:00:00Z,31.728800228015814,28.6375
2026-06-04T15:00:00Z,60.20976335096785,70.1525
2026-06-04T16:00:00Z,82.23394356747467,101.5025
2026-06-04T17:00:00Z,102.47995925125358,114.165
2026-06-04T18:00:00Z,117.61407595482754,117.9625
2026-06-04T19:00:00Z,109.35708853407864,115.3725
2026-06-04T20:00:00Z,96.55968247392059,111.69
2026-06-04T21:00:00Z,80.44155566545373,100.05
2026-06-04T22:00:00Z,69.13032465818212,80.695
2026-06-04T23:00:00Z,65.62602166482186,79.44749999999999
2026-06-05T00:00:00Z,58.804646135144736,83.44749999999999
2026-06-05T01:00:00Z,60.623574538243616,85.025
2026-06-05T02:00:00Z,67.5885811984214,89.8325
2026-06-05T03:00:00Z,78.70385133401513,97.2575
2026-06-05T04:00:00Z,84.25731719294632,114.8975
2026-06-05T05:00:00Z,84.71514173118803,118.6175
2026-06-05T06:00:00Z,72.67714879595269,113.8175
2026-06-05T07:00:00Z,49.2072520048381,98.3
2026-06-05T08:00:00Z,32.464977467646314,86.115
2026-06-05T09:00:00Z,23.18450248094809,70.825
2026-06-05T10:00:00Z,13.42789738302875,45.205
2026-06-05T11:00:00Z,8.815026090438167,34.1775
2026-06-05T12:00:00Z,8.358915191184195,27.2
2026-06-05T13:00:00Z,10.856679181514124,38.01
2026-06-05T14:00:00Z,30.948300128523904,72.555
2026-06-05T15:00:00Z,65.30906679325471,104.2525
2026-06-05T16:00:00Z,99.85835574433156,128.9025
2026-06-05T17:00:00Z,135.20195826102145,150.4975
2026-06-05T18:00:00Z,153.1721031428921,179.0775
2026-06-05T19:00:00Z,153.83190384025272,189.355
2026-06-05T20:00:00Z,142.58900199199041,169.135
2026-06-05T21:00:00Z,131.72064105607998,152.06
2026-06-05T22:00:00Z,119.02652700488065,148.2425
2026-06-05T23:00:00Z,115.03472037209366,137.18
2026-06-06T00:00:00Z,112.88786538733984,134.79
2026-06-06T01:00:00Z,112.6519239265712,116.1675
2026-06-06T02:00:00Z,115.7144626139783,130.1825
2026-06-06T03:00:00Z,115.08372855617641,126.035
2026-06-06T04:00:00Z,108.04894659676832,117.69
2026-06-06T05:00:00Z,88.93469675622026,102.315
2026-06-06T06:00:00Z,65.90285186502538,81.0175
2026-06-06T07:00:00Z,41.44149286952309,50.0
2026-06-06T08:00:00Z,19.691197937887154,14.7425
2026-06-06T09:00:00Z,13.55116069898257,0.0325
2026-06-06T10:00:00Z,5.209491113555501,-0.03
2026-06-06T11:00:00Z,5.305673215057638,-0.025
2026-06-06T12:00:00Z,6.4301981586545764,0.0225
2026-06-06T13:00:00Z,23.46613224384663,9.51
2026-06-06T14:00:00Z,46.682949872168265,46.105
2026-06-06T15:00:00Z,79.30627302787502,93.2825
2026-06-06T16:00:00Z,107.37344007638369,121.7875
2026-06-06T17:00:00Z,137.11742589645962,133.85
2026-06-06T18:00:00Z,149.57152045611173,152.4325
2026-06-06T19:00:00Z,147.92063773639023,150.9225
2026-06-06T20:00:00Z,131.95719652921372,134.3275
2026-06-06T21:00:00Z,112.08737638301525,121.5425
2026-06-06T22:00:00Z,100.96632999976697,110.7
2026-06-06T23:00:00Z,93.649117313756,99.5125
2026-06-07T00:00:00Z,79.74969461927255,92.2075
2026-06-07T01:00:00Z,74.84445739830832,81.41499999999999
2026-06-07T02:00:00Z,77.5602303686085,67.0125
2026-06-07T03:00:00Z,73.46499597977822,39.21
2026-06-07T04:00:00Z,60.537635883129724,5.0475
2026-06-07T05:00:00Z,44.50293841724509,0.46
2026-06-07T06:00:00Z,28.47352756956799,-0.5525
2026-06-07T07:00:00Z,8.581547638772562,-5.05
2026-06-07T08:00:00Z,-7.518668144330221,-8.0
2026-06-07T09:00:00Z,-14.895471034823899,-14.0525
2026-06-07T10:00:00Z,-25.735813140371377,-18.2625
2026-06-07T11:00:00Z,-27.411532155762487,-35.9375
2026-06-07T12:00:00Z,-31.352180711950453,-44.7375
2026-06-07T13:00:00Z,-26.71631559245195,-36.47
2026-06-07T14:00:00Z,-3.5616598353927458,-15.96
2026-06-07T15:00:00Z,26.13045979989637,-1.135
2026-06-07T16:00:00Z,66.92352564243193,53.625
2026-06-07T17:00:00Z,105.18982945984088,108.0025
2026-06-07T18:00:00Z,132.15797089551097,128.26749999999998
2026-06-07T19:00:00Z,137.5731062218971,137.1375
2026-06-07T20:00:00Z,128.76000167421518,141.1875
2026-06-07T21:00:00Z,119.19021001055263,140.3425
2026-06-07T22:00:00Z,115.7257143226041,140.43
2026-06-07T23:00:00Z,111.18288236437304,134.2375
2026-06-08T00:00:00Z,105.50240358067612,132.71
2026-06-08T01:00:00Z,104.07598621657871,127.67
2026-06-08T02:00:00Z,104.62285983584138,130.175
2026-06-08T03:00:00Z,108.37130024611417,138.5625
2026-06-08T04:00:00Z,110.64210947751762,150.675
2026-06-08T05:00:00Z,100.55580725079624,145.675
2026-06-08T06:00:00Z,77.25500337680369,124.875
2026-06-08T07:00:00Z,53.442903559664856,100.9025
2026-06-08T08:00:00Z,42.60008350280552,75.91499999999999
2026-06-08T09:00:00Z,34.16498091192547,55.6425
2026-06-08T10:00:00Z,19.881389864746723,54.4825
2026-06-08T11:00:00Z,28.07749929563036,55.2175
2026-06-08T12:00:00Z,31.32515478748138,68.67
2026-06-08T13:00:00Z,44.80751155493368,88.8525
2026-06-08T14:00:00Z,63.21585117112318,102.58
2026-06-08T15:00:00Z,86.05010312100656,128.875
2026-06-08T16:00:00Z,119.63129028242683,151.32999999999998
2026-06-08T17:00:00Z,153.57490550521194,199.3225
2026-06-08T18:00:00Z,162.0347830568264,208.9025
2026-06-08T19:00:00Z,155.82319721140271,185.75
2026-06-08T20:00:00Z,140.4192558969043,152.3675
2026-06-08T21:00:00Z,128.24598751838516,128.20499999999998
2026-06-08T22:00:00Z,114.96727403908979,129.0125
2026-06-08T23:00:00Z,107.35746720301887,122.1575
2026-06-09T00:00:00Z,99.99140271647934,115.5
2026-06-09T01:00:00Z,94.19644399817683,111.2175
2026-06-09T02:00:00Z,98.68866498359758,110.475
2026-06-09T03:00:00Z,104.33179559269409,115.8425
2026-06-09T04:00:00Z,116.91388737366162,130.1525
2026-06-09T05:00:00Z,115.97623286987756,134.6325
2026-06-09T06:00:00Z,107.46574800213881,126.89
2026-06-09T07:00:00Z,82.9533116029895,107.0
2026-06-09T08:00:00Z,65.5455385290822,82.33500000000001
2026-06-09T09:00:00Z,46.08238123755491,60.9
2026-06-09T10:00:00Z,34.948354923411856,25.215
2026-06-09T11:00:00Z,27.524638972979147,3.5325
2026-06-09T12:00:00Z,25.395678599265864,0.145
2026-06-09T13:00:00Z,33.73116749851041,1.52
2026-06-09T14:00:00Z,46.28979874386398,30.585
2026-06-09T15:00:00Z,71.08675016936019,75.72749999999999
2026-06-09T16:00:00Z,107.01455010958281,118.5475
2026-06-09T17:00:00Z,146.37913050294569,137.3
2026-06-09T18:00:00Z,161.63613888973254,153.73000000000002
2026-06-09T19:00:00Z,157.07024468220436,156.275
2026-06-09T20:00:00Z,135.99475631298918,144.9925
2026-06-09T21:00:00Z,118.14950525916689,131.3075
2026-06-09T22:00:00Z,103.18561299314285,124.9125
2026-06-09T23:00:00Z,95.9731794748306,116.9025
2026-06-10T00:00:00Z,89.00946892130138,111.1275
2026-06-10T01:00:00Z,90.3273896857501,111.3075
2026-06-10T02:00:00Z,95.3436433892404,113.24
2026-06-10T03:00:00Z,103.76207625948172,118.7525
2026-06-10T04:00:00Z,113.5052265340148,131.89249999999998
2026-06-10T05:00:00Z,117.13779636496045,136.8075
2026-06-10T06:00:00Z,101.65862301725329,126.6525
2026-06-10T07:00:00Z,79.8444291770107,104.6025
2026-06-10T08:00:00Z,62.804960878253496,86.5575
2026-06-10T09:00:00Z,51.22375532812127,73.0575
2026-06-10T10:00:00Z,42.7614861947593,68.67750000000001
2026-06-10T11:00:00Z,37.08791591020872,71.5675
2026-06-10T12:00:00Z,39.83300918370046,77.825
2026-06-10T13:00:00Z,45.8239152600198,86.625
2026-06-10T14:00:00Z,66.08144879658856,103.4525
2026-06-10T15:00:00Z,95.42470217353437,125.4
2026-06-10T16:00:00Z,124.72940653198032,140.525
2026-06-10T17:00:00Z,149.4768992541618,170.9675
2026-06-10T18:00:00Z,159.92977777601004,213.98
2026-06-10T19:00:00Z,161.24833897202166,204.9975
2026-06-10T20:00:00Z,150.4579842278327,168.635
2026-06-10T21:00:00Z,137.92506414436338,151.75
2026-06-10T22:00:00Z,131.94644599907767,140.7325
2026-06-10T23:00:00Z,126.46937042021827,133.4875
2026-06-11T00:00:00Z,117.7872156275505,126.195
2026-06-11T01:00:00Z,117.31019187702722,125.7575
2026-06-11T02:00:00Z,119.67966687407798,126.045
2026-06-11T03:00:00Z,126.45485058612539,126.6625
2026-06-11T04:00:00Z,136.0887422374933,138.32999999999998
2026-06-11T05:00:00Z,136.95347242371997,138.7975
2026-06-11T06:00:00Z,121.86877680451599,126.64
2026-06-11T07:00:00Z,93.62390621121801,103.7975
2026-06-11T08:00:00Z,73.23244715243742,90.5425
2026-06-11T09:00:00Z,61.421047354819464,76.9725
2026-06-11T10:00:00Z,50.581954041119225,60.2725
2026-06-11T11:00:00Z,43.822274518048395,45.31
2026-06-11T12:00:00Z,38.860172380071994,31.58
2026-06-11T13:00:00Z,41.619986325822424,51.025
2026-06-11T14:00:00Z,56.00374369034807,78.4675
2026-06-11T15:00:00Z,89.48596480576751,101.5975
2026-06-11T16:00:00Z,117.32503118580799,127.98
2026-06-11T17:00:00Z,149.86670001144,146.235
2026-06-11T18:00:00Z,169.96466064964875,174.85750000000002
2026-06-11T19:00:00Z,168.8597569874186,164.9425
2026-06-11T20:00:00Z,146.34686545184854,137.2325
2026-06-11T21:00:00Z,127.84523459117975,116.0625
2026-06-11T22:00:00Z,111.99991380595428,116.895
2026-06-11T23:00:00Z,100.43964220426696,102.0125
2026-06-12T00:00:00Z,87.76162271453833,94.505
2026-06-12T01:00:00Z,85.22155383885722,92.0525
2026-06-12T02:00:00Z,88.09051813538046,93.0475
2026-06-12T03:00:00Z,95.08151810244503,96.0775
2026-06-12T04:00:00Z,106.16987708319434,117.7575
2026-06-12T05:00:00Z,110.34824915811836,122.655
2026-06-12T06:00:00Z,104.5543015550705,127.34
2026-06-12T07:00:00Z,91.6910891746392,117.405
2026-06-12T08:00:00Z,81.0373232435675,102.1
2026-06-12T09:00:00Z,67.62846991014588,90.51
2026-06-12T10:00:00Z,57.296731078559574,81.005
2026-06-12T11:00:00Z,44.30649079428516,70.1325
2026-06-12T12:00:00Z,31.08208238319302,60.370000000000005
2026-06-12T13:00:00Z,32.5267167090796,56.0475
2026-06-12T14:00:00Z,43.906297552339716,68.2675
2026-06-12T15:00:00Z,62.798243420218576,78.8725
2026-06-12T16:00:00Z,89.02574622546359,103.65
2026-06-12T17:00:00Z,118.11929799583339,115.8725
2026-06-12T18:00:00Z,129.84553167390615,110.665
2026-06-12T19:00:00Z,125.54637342705307,109.81
2026-06-12T20:00:00Z,109.78154430809269,111.1225
2026-06-12T21:00:00Z,94.22137541804045,100.8975
2026-06-12T22:00:00Z,73.18888025061852,87.085
2026-06-12T23:00:00Z,65.26931697384617,74.045
2026-06-13T00:00:00Z,62.44301419750869,65.85249999999999
2026-06-13T01:00:00Z,59.267656347472595,63.835
2026-06-13T02:00:00Z,61.95672777056387,65.5575
2026-06-13T03:00:00Z,60.465339439487664,53.795
2026-06-13T04:00:00Z,57.72666034452277,31.63
2026-06-13T05:00:00Z,47.29342758099864,13.655
2026-06-13T06:00:00Z,34.737786832829926,0.3274999999999999
2026-06-13T07:00:00Z,23.92264922424681,-1.1075
2026-06-13T08:00:00Z,11.324438826435681,-4.9175
2026-06-13T09:00:00Z,0.3849860146788444,-15.695
2026-06-13T10:00:00Z,-16.155341951306596,-27.4225
2026-06-13T11:00:00Z,-24.12106294509161,-45.8675
2026-06-13T12:00:00Z,-25.514218467272585,-44.9975
2026-06-13T13:00:00Z,-24.98548848789207,-31.54
2026-06-13T14:00:00Z,6.087018604017942,-19.17
2026-06-13T15:00:00Z,19.83387765213756,-4.215
2026-06-13T16:00:00Z,44.1339030460077,-0.5475000000000001
2026-06-13T17:00:00Z,55.19201464105406,33.410000000000004
2026-06-13T18:00:00Z,70.90034948908857,72.25500000000001
2026-06-13T19:00:00Z,75.439427318886,87.16
2026-06-13T20:00:00Z,72.53655153212028,102.485
2026-06-13T21:00:00Z,63.63440015822951,88.0
2026-06-13T22:00:00Z,57.08447178249614,67.7875
2026-06-13T23:00:00Z,49.9995151711704,49.44
2026-06-14T00:00:00Z,43.84167698935616,34.0775
2026-06-14T01:00:00Z,39.70707916743871,28.0725
2026-06-14T02:00:00Z,41.39175665141836,26.5725
2026-06-14T03:00:00Z,41.368069983861545,21.3675
2026-06-14T04:00:00Z,27.33954358021421,7.74
2026-06-14T05:00:00Z,11.619165978548466,0.4599999999999999
2026-06-14T06:00:00Z,4.181664524432961,-0.3475
2026-06-14T07:00:00Z,-6.956951409764855,-2.8325
2026-06-14T08:00:00Z,-6.954376509568135,-6.37
2026-06-14T09:00:00Z,-11.565543318632905,-9.2875
2026-06-14T10:00:00Z,-19.459619087710337,-14.9925
2026-06-14T11:00:00Z,-40.66213630577644,-23.4225
2026-06-14T12:00:00Z,-47.39235718887596,-25.0
2026-06-14T13:00:00Z,-32.37640944898604,-20.0
2026-06-14T14:00:00Z,-21.244982534153223,-9.2025
2026-06-14T15:00:00Z,-4.53233757855152,-1.745
2026-06-14T16:00:00Z,11.194215632494448,5.28
2026-06-14T17:00:00Z,45.68728578678551,62.0825
2026-06-14T18:00:00Z,71.9319469202869,94.88
2026-06-14T19:00:00Z,85.3163867819687,102.6275
2026-06-14T20:00:00Z,88.93991500050382,112.28
2026-06-14T21:00:00Z,79.45607845061645,103.395
2026-06-14T22:00:00Z,65.43829965458066,101.4325
2026-06-14T23:00:00Z,61.31636965617473,92.91
2026-06-15T00:00:00Z,53.97247102289806,85.375
2026-06-15T01:00:00Z,56.014740326267585,83.7475
2026-06-15T02:00:00Z,58.21151631599216,84.3875
2026-06-15T03:00:00Z,66.18330152179031,91.405
2026-06-15T04:00:00Z,70.57232910148232,105.6925
2026-06-15T05:00:00Z,67.52178998057971,107.3925
2026-06-15T06:00:00Z,53.3862137767359,91.44
2026-06-15T07:00:00Z,34.589332746354174,63.6525
2026-06-15T08:00:00Z,25.04897299399319,21.5575
2026-06-15T09:00:00Z,16.03792491807087,1.0075
2026-06-15T10:00:00Z,3.938253806582196,-0.0275
2026-06-15T11:00:00Z,-1.3284152165982874,-1.4825
2026-06-15T12:00:00Z,-4.923753653318897,-2.9025
2026-06-15T13:00:00Z,-1.0554304263406493,-0.9325
2026-06-15T14:00:00Z,10.114257080919288,-0.015
2026-06-15T15:00:00Z,29.12936748028696,43.6775
2026-06-15T16:00:00Z,56.89284980364177,91.4525
2026-06-15T17:00:00Z,99.53408362263505,129.0825
2026-06-15T18:00:00Z,122.39036673418178,148.695
2026-06-15T19:00:00Z,132.63095267289285,156.26
2026-06-15T20:00:00Z,128.85292646239046,153.7925
2026-06-15T21:00:00Z,118.84950965285826,134.755
2026-06-15T22:00:00Z,115.88966205169964,122.8275
2026-06-15T23:00:00Z,111.15488080185467,117.3175
2026-06-16T00:00:00Z,107.59265231858288,113.775
2026-06-16T01:00:00Z,109.28611386348209,110.9925
2026-06-16T02:00:00Z,114.88077105813556,111.24
2026-06-16T03:00:00Z,123.86459299267813,115.1225
2026-06-16T04:00:00Z,134.14041310153635,127.9925
2026-06-16T05:00:00Z,129.02549543092704,131.695
2026-06-16T06:00:00Z,115.22333356636109,126.315
2026-06-16T07:00:00Z,93.62496774709334,109.5025
2026-06-16T08:00:00Z,73.15960301247361,85.98
2026-06-16T09:00:00Z,60.377280570467946,80.5375
2026-06-16T10:00:00Z,49.389842460980034,66.4975
2026-06-16T11:00:00Z,44.89068645071886,54.255
2026-06-16T12:00:00Z,43.81664487741609,50.7325
2026-06-16T13:00:00Z,46.04104266188895,60.22
2026-06-16T14:00:00Z,55.76363601855229,81.4575
2026-06-16T15:00:00Z,85.31867445465141,109.7225
2026-06-16T16:00:00Z,116.6384903197577,127.11
2026-06-16T17:00:00Z,145.4353788221619,148.1175
2026-06-16T18:00:00Z,162.42704518868163,174.1025
2026-06-16T19:00:00Z,164.59713117490546,181.42
2026-06-16T20:00:00Z,152.047068366328,163.86
2026-06-16T21:00:00Z,138.03903264300317,143.10750000000002
2026-06-16T22:00:00Z,128.60044151420476,141.23000000000002
2026-06-16T23:00:00Z,125.64645678133996,135.39249999999998
2026-06-17T00:00:00Z,118.28016539468477,129.32999999999998
2026-06-17T01:00:00Z,118.63046605210495,127.54
2026-06-17T02:00:00Z,120.52760164792457,127.415
2026-06-17T03:00:00Z,125.806606055185,128.045
2026-06-17T04:00:00Z,132.48484011317984,140.265
2026-06-17T05:00:00Z,127.87939115990389,136.675
2026-06-17T06:00:00Z,111.31143260306554,121.755
2026-06-17T07:00:00Z,84.42293576397621,105.795
2026-06-17T08:00:00Z,61.86340149782474,88.245
2026-06-17T09:00:00Z,49.31264333037893,78.4875
2026-06-17T10:00:00Z,39.20616594371521,72.23
2026-06-17T11:00:00Z,37.08809759450128,62.7925
2026-06-17T12:00:00Z,35.89621165639643,66.2575
2026-06-17T13:00:00Z,45.83718968267399,75.975
2026-06-17T14:00:00Z,61.80950757407241,88.0925
2026-06-17T15:00:00Z,90.85445881552138,106.425
2026-06-17T16:00:00Z,117.56184967245679,120.7375
2026-06-17T17:00:00Z,145.069845958177,142.5575
2026-06-17T18:00:00Z,164.16554424419917,162.39
2026-06-17T19:00:00Z,164.96860271878512,164.115
2026-06-17T20:00:00Z,147.2720353209774,158.61
2026-06-17T21:00:00Z,132.8048813177782,142.7375
2026-06-17T22:00:00Z,120.96062724579127,135.2575
2026-06-17T23:00:00Z,117.46329529314359,125.7275
2026-06-18T00:00:00Z,108.59242931094948,121.8625
2026-06-18T01:00:00Z,109.42205700432346,119.685
2026-06-18T02:00:00Z,110.65244984400968,119.3125
2026-06-18T03:00:00Z,115.97601185372793,127.09
2026-06-18T04:00:00Z,125.35880309162734,135.3
2026-06-18T05:00:00Z,120.07795382134556,135.265
2026-06-18T06:00:00Z,99.76676043983244,118.7325
2026-06-18T07:00:00Z,73.20020033963087,101.715
2026-06-18T08:00:00Z,51.93115880525927,75.135
2026-06-18T09:00:00Z,25.5036452979272,44.0275
2026-06-18T10:00:00Z,17.50883602892346,28.2475
2026-06-18T11:00:00Z,11.013189769102183,18.67
2026-06-18T12:00:00Z,11.567200710297143,25.9
2026-06-18T13:00:00Z,23.694117109923504,48.0975
2026-06-18T14:00:00Z,52.525812166486254,79.06
2026-06-18T15:00:00Z,85.95527377695747,105.515
2026-06-18T16:00:00Z,123.04700923505592,135.70749999999998
2026-06-18T17:00:00Z,162.41657746320766,253.3925
2026-06-18T18:00:00Z,185.32582856443713,435.0675
2026-06-18T19:00:00Z,184.07588964950304,441.915
2026-06-18T20:00:00Z,168.39088193723856,264.32
2026-06-18T21:00:00Z,147.78990912868056,163.0175
2026-06-18T22:00:00Z,134.47581326862846,146.6425
2026-06-18T23:00:00Z,125.9621413185596,132.5125
2026-06-19T00:00:00Z,116.9150908502218,124.8225
2026-06-19T01:00:00Z,115.91386666250699,120.46
2026-06-19T02:00:00Z,118.9264765428706,118.4675
2026-06-19T03:00:00Z,125.17204216619353,120.595
2026-06-19T04:00:00Z,132.78714857772647,138.7175
2026-06-19T05:00:00Z,127.41254031712714,127.3725
2026-06-19T06:00:00Z,109.44382547400124,111.9575
2026-06-19T07:00:00Z,82.09473757565775,95.395
2026-06-19T08:00:00Z,59.17756299070904,69.9075
2026-06-19T09:00:00Z,28.963901576869503,32.09
2026-06-19T10:00:00Z,17.133688013869538,15.0
2026-06-19T11:00:00Z,11.183367940854396,11.235
2026-06-19T12:00:00Z,12.867745710982675,16.305
2026-06-19T13:00:00Z,27.522258036141757,42.8525
2026-06-19T14:00:00Z,58.59406796852888,80.685
2026-06-19T15:00:00Z,94.63652740279989,108.3225
2026-06-19T16:00:00Z,132.76894253432275,129.7025
2026-06-19T17:00:00Z,182.68335147653607,170.785
2026-06-19T18:00:00Z,218.4920355768857,201.36
2026-06-19T19:00:00Z,208.75933734898018,185.5325
2026-06-19T20:00:00Z,156.01757430207434,157.8625
2026-06-19T21:00:00Z,119.67126434455639,137.7825
2026-06-19T22:00:00Z,107.21913633056081,130.35
2026-06-19T23:00:00Z,100.21067774166758,121.12
2026-06-20T00:00:00Z,100.20571672859066,118.6
2026-06-20T01:00:00Z,103.14804126607174,116.7625
2026-06-20T02:00:00Z,104.17138196506983,114.7975
2026-06-20T03:00:00Z,101.49632028072861,114.4925
2026-06-20T04:00:00Z,98.60300023175,109.7275
2026-06-20T05:00:00Z,80.95904724745218,101.6775
2026-06-20T06:00:00Z,60.619746166601416,89.9875
2026-06-20T07:00:00Z,44.65926518851932,41.335
2026-06-20T08:00:00Z,16.8307077377428,4.125
2026-06-20T09:00:00Z,-5.820716169822205,-0.0025
2026-06-20T10:00:00Z,-18.158980003672866,-0.0125
2026-06-20T11:00:00Z,-19.936258740787594,-0.0175
2026-06-20T12:00:00Z,-17.189139337032344,-0.0125
2026-06-20T13:00:00Z,-2.4558014537308424,0.25
2026-06-20T14:00:00Z,23.567641330544404,18.3075
2026-06-20T15:00:00Z,70.56817383085924,84.22
2026-06-20T16:00:00Z,106.33486494934336,119.7825
2026-06-20T17:00:00Z,144.34284150653644,147.3975
2026-06-20T18:00:00Z,165.25013030110063,171.98749999999998
2026-06-20T19:00:00Z,160.7754433327562,182.55
2026-06-20T20:00:00Z,151.2231411418074,165.0675
2026-06-20T21:00:00Z,132.78466012702893,146.8075
2026-06-20T22:00:00Z,123.21549951351778,137.915
2026-06-20T23:00:00Z,118.61796100702466,128.565
2026-06-21T00:00:00Z,112.76114333766117,126.415
2026-06-21T01:00:00Z,109.4331449018955,124.17
2026-06-21T02:00:00Z,108.90408921248459,122.4325
2026-06-21T03:00:00Z,108.69399093213622,119.5875
2026-06-21T04:00:00Z,94.64881492680658,112.1
2026-06-21T05:00:00Z,76.02802684310575,102.355
2026-06-21T06:00:00Z,49.53675597045637,70.815
2026-06-21T07:00:00Z,8.953794675064117,25.9825
2026-06-21T08:00:00Z,-12.445239586423867,1.3624999999999998
2026-06-21T09:00:00Z,-26.26682560843288,-0.0025
2026-06-21T10:00:00Z,-34.60936982923785,-0.0075
2026-06-21T11:00:00Z,-34.51775923357806,-0.01
2026-06-21T12:00:00Z,-27.344826024871708,-0.005
2026-06-21T13:00:00Z,-19.846252501200212,0.0075
2026-06-21T14:00:00Z,2.8798322960035136,12.7625
2026-06-21T15:00:00Z,54.75427369463748,77.72
2026-06-21T16:00:00Z,94.04602033782297,115.615
2026-06-21T17:00:00Z,130.9202902353859,133.92000000000002
2026-06-21T18:00:00Z,149.3718143527297,150.0025
2026-06-21T19:00:00Z,150.17506842477593,150.265
2026-06-21T20:00:00Z,134.49113040492264,146.1
2026-06-21T21:00:00Z,120.26758184632291,133.9925
2026-06-21T22:00:00Z,111.06059516796809,128.3775
2026-06-21T23:00:00Z,108.20965378398384,120.1225
2026-06-22T00:00:00Z,106.29327316434474,114.9625
2026-06-22T01:00:00Z,107.81875507496751,115.225
2026-06-22T02:00:00Z,111.51479365482169,117.13
2026-06-22T03:00:00Z,117.83238298355985,123.89
2026-06-22T04:00:00Z,126.49923502241455,140.3425
2026-06-22T05:00:00Z,121.32706592947926,146.0375
2026-06-22T06:00:00Z,98.64978251880763,128.8225
2026-06-22T07:00:00Z,61.87130702141659,107.1625
2026-06-22T08:00:00Z,31.442334121118705,84.64750000000001
2026-06-22T09:00:00Z,7.643381319614747,57.3025
2026-06-22T10:00:00Z,1.974827458763258,39.5175
2026-06-22T11:00:00Z,-0.45577363316878916,32.34
2026-06-22T12:00:00Z,2.6331521030588476,41.805
2026-06-22T13:00:00Z,8.622039451284252,63.517500000000005
2026-06-22T14:00:00Z,35.163372868794156,90.8975
2026-06-22T15:00:00Z,73.72022545029364,114.07
2026-06-22T16:00:00Z,111.88690460220765,145.585
2026-06-22T17:00:00Z,144.80933119582232,198.5075
2026-06-22T18:00:00Z,162.10472707498008,271.77750000000003
2026-06-22T19:00:00Z,162.21006912249874,250.455
2026-06-22T20:00:00Z,151.92791960557992,189.57
2026-06-22T21:00:00Z,138.97220670453908,156.0025
2026-06-22T22:00:00Z,131.38333359616445,146.06
2026-06-22T23:00:00Z,127.92347738456535,139.125
2026-06-23T00:00:00Z,121.9773569623894,135.01
2026-06-23T01:00:00Z,124.82607372019265,135.8225
2026-06-23T02:00:00Z,128.41309010799878,138.06
2026-06-23T03:00:00Z,134.9844670227839,142.3
2026-06-23T04:00:00Z,142.20181556792005,164.22
2026-06-23T05:00:00Z,136.44420321771707,160.1325
2026-06-23T06:00:00Z,113.17687609804607,133.7875
2026-06-23T07:00:00Z,81.0526325934811,112.1175
2026-06-23T08:00:00Z,56.10028538575405,96.3125
2026-06-23T09:00:00Z,27.825017220422332,76.52
2026-06-23T10:00:00Z,14.930483116983282,67.145
2026-06-23T11:00:00Z,10.379910712319315,60.345
2026-06-23T12:00:00Z,15.83253459089083,67.6525
2026-06-23T13:00:00Z,28.783665543917706,81.35249999999999
2026-06-23T14:00:00Z,61.436334867556866,101.065
2026-06-23T15:00:00Z,93.10291997931142,121.7075
2026-06-23T16:00:00Z,132.59288999705925,169.6825
2026-06-23T17:00:00Z,174.5288563031462,340.70500000000004
2026-06-23T18:00:00Z,202.41085970115765,545.505
2026-06-23T19:00:00Z,201.1958547154162,528.7375
2026-06-23T20:00:00Z,180.67252996119953,335.1175
2026-06-23T21:00:00Z,164.4127449100742,199.3975
2026-06-23T22:00:00Z,153.8232910668769,178.8025
2026-06-23T23:00:00Z,146.74057490913032,162.655
2026-06-24T00:00:00Z,138.05838321655136,148.005
2026-06-24T01:00:00Z,137.91313856885867,144.05
2026-06-24T02:00:00Z,141.70420933758294,144.46
2026-06-24T03:00:00Z,147.5747339754725,151.6175
2026-06-24T04:00:00Z,157.10514203199625,178.1675
2026-06-24T05:00:00Z,148.78130723844922,172.61
2026-06-24T06:00:00Z,122.59701445348291,149.3475
2026-06-24T07:00:00Z,89.73323205743029,119.3125
2026-06-24T08:00:00Z,55.273973713515275,102.4125
2026-06-24T09:00:00Z,36.49049480381971,84.52
2026-06-24T10:00:00Z,25.639454316644787,73.51
2026-06-24T11:00:00Z,20.50364255613951,70.9825
2026-06-24T12:00:00Z,26.927377930342807,74.515
2026-06-24T13:00:00Z,40.93812788371872,89.3475
2026-06-24T14:00:00Z,67.35013583372033,109.375
2026-06-24T15:00:00Z,110.25977630861908,129.66
2026-06-24T16:00:00Z,156.62635567988772,196.785
2026-06-24T17:00:00Z,225.8989651438675,455.1375
2026-06-24T18:00:00Z,283.0236404019545,665.8199999999999
2026-06-24T19:00:00Z,275.94820409442866,660.1575
2026-06-24T20:00:00Z,224.67862618232556,463.2525
2026-06-24T21:00:00Z,186.04135878341407,263.61
2026-06-24T22:00:00Z,165.1153974064105,169.5675
2026-06-24T23:00:00Z,156.98355884200348,154.935
2026-06-25T00:00:00Z,146.07670287362197,145.385
2026-06-25T01:00:00Z,146.03199962351235,142.9725
2026-06-25T02:00:00Z,148.1461457578693,141.9075
2026-06-25T03:00:00Z,152.5172594053147,144.5725
2026-06-25T04:00:00Z,163.83192792252464,161.32999999999998
2026-06-25T05:00:00Z,157.09801775166244,148.41750000000002
2026-06-25T06:00:00Z,133.3276803320684,119.0975
2026-06-25T07:00:00Z,101.30758500253961,105.0075
2026-06-25T08:00:00Z,67.46250629843678,84.745
2026-06-25T09:00:00Z,48.60113117597251,67.0925
2026-06-25T10:00:00Z,35.99108684737244,42.7
2026-06-25T11:00:00Z,31.566542348959025,33.96
2026-06-25T12:00:00Z,33.49112233695344,37.265
2026-06-25T13:00:00Z,45.877282636532414,67.8075
2026-06-25T14:00:00Z,67.71480249694064,88.2925
2026-06-25T15:00:00Z,112.64080236523337,106.6
2026-06-25T16:00:00Z,160.193912117717,135.23
2026-06-25T17:00:00Z,247.06934365637485,203.315
2026-06-25T18:00:00Z,303.4138273078464,285.77250000000004
2026-06-25T19:00:00Z,286.290214572392,276.615
2026-06-25T20:00:00Z,216.56978631888344,186.6375
2026-06-25T21:00:00Z,154.10273021516008,155.745
2026-06-25T22:00:00Z,132.0235241830284,144.7
2026-06-25T23:00:00Z,123.53931003741532,130.725
2026-06-26T00:00:00Z,114.02926810055473,122.4825
2026-06-26T01:00:00Z,113.03855044764569,120.9325
2026-06-26T02:00:00Z,114.86021738695314,122.605
2026-06-26T03:00:00Z,118.69029462852976,129.5475
2026-06-26T04:00:00Z,126.59730678228799,146.03
2026-06-26T05:00:00Z,118.28497035641404,137.97
2026-06-26T06:00:00Z,95.83433958994438,119.805
2026-06-26T07:00:00Z,70.02083830220926,108.2725
2026-06-26T08:00:00Z,36.607644022847495,93.2425
2026-06-26T09:00:00Z,15.163766961984606,67.705
2026-06-26T10:00:00Z,-1.3963681644491857,49.49
2026-06-26T11:00:00Z,-8.04094911690558,38.5
2026-06-26T12:00:00Z,-3.783911539376774,40.0
2026-06-26T13:00:00Z,16.192580903393022,68.9825
2026-06-26T14:00:00Z,42.168739218227444,93.12
2026-06-26T15:00:00Z,86.71680283319442,110.9925
2026-06-26T16:00:00Z,130.91852796106275,150.345
2026-06-26T17:00:00Z,177.9908387828387,243.545
2026-06-26T18:00:00Z,203.1093795520818,350.46000000000004
2026-06-26T19:00:00Z,187.1030143673442,295.77750000000003
2026-06-26T20:00:00Z,148.10731288256451,202.655
2026-06-26T21:00:00Z,125.1485179012399,154.86
2026-06-26T22:00:00Z,113.3453178237309,132.045
2026-06-26T23:00:00Z,106.71284333364402,124.5
2026-06-27T00:00:00Z,101.62515463079973,117.995
2026-06-27T01:00:00Z,101.80077033193282,115.83
2026-06-27T02:00:00Z,103.48971506570342,115.325
2026-06-27T03:00:00Z,105.48774902148398,114.0
2026-06-27T04:00:00Z,106.34241517650898,112.725
2026-06-27T05:00:00Z,94.54159790061978,109.2725
2026-06-27T06:00:00Z,78.19010316189821,102.8675
2026-06-27T07:00:00Z,56.83987210294725,73.5675
2026-06-27T08:00:00Z,31.39749045080344,36.025
2026-06-27T09:00:00Z,10.967415494082672,9.6675
2026-06-27T10:00:00Z,-0.6081080833946118,0.525
2026-06-27T11:00:00Z,0.7831832808037404,0.0275
2026-06-27T12:00:00Z,3.4832456808494356,3.3925
2026-06-27T13:00:00Z,20.755353731002202,12.7675
2026-06-27T14:00:00Z,49.933087955997266,51.0
2026-06-27T15:00:00Z,86.20019776760523,100.605
2026-06-27T16:00:00Z,136.14634782372835,127.1325
2026-06-27T17:00:00Z,188.81146697989175,171.755
2026-06-27T18:00:00Z,214.78996894836044,221.25
2026-06-27T19:00:00Z,201.6381222542936,214.3075
2026-06-27T20:00:00Z,167.4543739299094,174.9975
2026-06-27T21:00:00Z,143.98609894008592,144.595
2026-06-27T22:00:00Z,129.32834647073372,136.46
2026-06-27T23:00:00Z,118.02890436715337,126.03
2026-06-28T00:00:00Z,104.16736540336179,119.6825
2026-06-28T01:00:00Z,107.80082508834772,115.6875
2026-06-28T02:00:00Z,103.05675420783176,114.735
2026-06-28T03:00:00Z,101.2483021873512,115.1225
2026-06-28T04:00:00Z,95.27612252441969,112.0625
2026-06-28T05:00:00Z,83.41869793768619,104.43
2026-06-28T06:00:00Z,60.46858937499179,76.685
2026-06-28T07:00:00Z,35.90753426531121,32.8125
2026-06-28T08:00:00Z,5.653623834255512,5.1525
2026-06-28T09:00:00Z,-12.054445032522409,0.12
2026-06-28T10:00:00Z,-18.614794345828187,-0.0225
2026-06-28T11:00:00Z,-18.56835367218217,-0.905
2026-06-28T12:00:00Z,-13.536788178769967,-0.0275
2026-06-28T13:00:00Z,-0.7792467133718333,1.62
2026-06-28T14:00:00Z,26.023208079024784,27.665
2026-06-28T15:00:00Z,79.07802650369626,84.6425
2026-06-28T16:00:00Z,119.55883592334852,114.51
2026-06-28T17:00:00Z,158.48644299069093,137.9875
2026-06-28T18:00:00Z,181.06896449866508,153.1775
2026-06-28T19:00:00Z,175.38177561671768,161.04
2026-06-28T20:00:00Z,152.9832757006184,157.29500000000002
2026-06-28T21:00:00Z,137.6197497254037,144.115
2026-06-28T22:00:00Z,127.20393339834007,123.1175
2026-06-28T23:00:00Z,122.62024252146901,113.665
2026-06-29T00:00:00Z,119.56052623817604,113.025
2026-06-29T01:00:00Z,119.81703188951074,109.76
2026-06-29T02:00:00Z,122.75614301144822,114.87
2026-06-29T03:00:00Z,131.10848970676733,127.3425
2026-06-29T04:00:00Z,138.20400458597044,149.7375
2026-06-29T05:00:00Z,136.61614597519582,152.1625
2026-06-29T06:00:00Z,122.70790211215343,143.2925
2026-06-29T07:00:00Z,95.41270667404842,120.9475
2026-06-29T08:00:00Z,73.47632288635332,106.925
2026-06-29T09:00:00Z,60.843115404278734,99.1
2026-06-29T10:00:00Z,51.31861505563843,89.5075
2026-06-29T11:00:00Z,48.0662312140518,82.0275
2026-06-29T12:00:00Z,48.67239580863176,86.38499999999999
2026-06-29T13:00:00Z,50.830977938045635,96.78
2026-06-29T14:00:00Z,67.4659071383938,103.7325
2026-06-29T15:00:00Z,97.03525513961918,115.075
2026-06-29T16:00:00Z,128.1539185137382,134.91
2026-06-29T17:00:00Z,157.578703735177,197.65
2026-06-29T18:00:00Z,173.05806399724764,284.3325
2026-06-29T19:00:00Z,173.08860395774354,301.365
2026-06-29T20:00:00Z,161.3829804197614,230.89
2026-06-29T21:00:00Z,150.04626445089366,170.0
2026-07-01T00:00:00Z,139.8975677584891,146.78
2026-07-01T01:00:00Z,139.4087818746063,146.995
2026-07-01T02:00:00Z,143.2346285992443,151.0375
2026-07-01T03:00:00Z,151.7313577098957,160.35500000000002
2026-07-01T04:00:00Z,167.98686756106048,196.3275
2026-07-01T05:00:00Z,172.45672781029438,203.2975
2026-07-01T06:00:00Z,158.5294223764647,180.2425
2026-07-01T07:00:00Z,134.92627703707734,145.70000000000002
2026-07-01T08:00:00Z,116.63790606544728,125.41
2026-07-01T09:00:00Z,102.14192242547799,119.4475
2026-07-01T10:00:00Z,90.44013750367017,115.8575
2026-07-01T11:00:00Z,83.7373639199129,110.3925
2026-07-01T12:00:00Z,79.85526373790256,99.715
2026-07-01T13:00:00Z,79.93711415164934,97.275
2026-07-01T14:00:00Z,92.82118372750264,99.39
2026-07-01T15:00:00Z,117.10692058986726,101.41
2026-07-01T16:00:00Z,163.58742609649454,120.27
2026-07-01T17:00:00Z,239.24159467428143,167.9975
2026-07-01T18:00:00Z,268.28835325461193,231.685
2026-07-01T19:00:00Z,243.3460445733031,243.455
2026-07-01T20:00:00Z,197.40912890393332,199.465
2026-07-01T21:00:00Z,158.44638785188278,156.66500000000002
2026-07-01T22:00:00Z,140.15568499305863,160.165
2026-07-01T23:00:00Z,128.10918761971556,143.41
2026-07-02T00:00:00Z,118.15244843596035,130.3575
2026-07-02T01:00:00Z,112.69317380237794,120.3275
2026-07-02T02:00:00Z,109.41734594677315,114.0925
2026-07-02T03:00:00Z,111.22290206294505,114.4525
2026-07-02T04:00:00Z,118.4617806742965,121.065
2026-07-02T05:00:00Z,109.93626679418568,112.9275
2026-07-02T06:00:00Z,81.96973412123435,91.315
2026-07-02T07:00:00Z,47.72693041758764,45.0925
2026-07-02T08:00:00Z,26.912187404641735,5.534999999999999
2026-07-02T09:00:00Z,8.538233990937186,-0.0725
2026-07-02T10:00:00Z,-1.4235885597082358,-1.6475
2026-07-02T11:00:00Z,-5.369328459745589,-1.965
2026-07-02T12:00:00Z,2.014108301908209,-3.0025
2026-07-02T13:00:00Z,7.139565236878937,-1.9975
2026-07-02T14:00:00Z,19.487857803145104,-0.505
2026-07-02T15:00:00Z,31.595060379101206,2.895
2026-07-02T16:00:00Z,54.33642233609784,46.8375
2026-07-02T17:00:00Z,92.2494602590031,90.46
2026-07-02T18:00:00Z,116.36462417441254,107.2525
2026-07-02T19:00:00Z,115.24813304677556,117.9225
2026-07-02T20:00:00Z,96.7204654174132,126.9
2026-07-02T21:00:00Z,78.94828120401766,117.6075
2026-07-02T22:00:00Z,68.00845023028967,91.2625
2026-07-02T23:00:00Z,61.59148542587043,86.995
2026-07-03T00:00:00Z,56.670740397037875,82.6825
2026-07-03T01:00:00Z,59.08621393280784,85.91
2026-07-03T02:00:00Z,61.771381476929925,84.4575
2026-07-03T03:00:00Z,68.6478969589364,86.82
2026-07-03T04:00:00Z,76.31016626309277,99.4925
2026-07-03T05:00:00Z,68.94230426645494,104.4675
2026-07-03T06:00:00Z,42.82167296685959,63.0275
2026-07-03T07:00:00Z,6.47956658080156,9.565
2026-07-03T08:00:00Z,-11.734684282221423,-0.1
2026-07-03T09:00:00Z,-23.58888164540288,-1.055
2026-07-03T10:00:00Z,-40.9337818960918,-1.885
2026-07-03T11:00:00Z,-45.169931705980645,-3.5025
2026-07-03T12:00:00Z,-46.633004416486216,-4.9875
2026-07-03T13:00:00Z,-43.01519711768637,-4.055
2026-07-03T14:00:00Z,-22.635866259381658,-2.605
2026-07-03T15:00:00Z,1.0530882473480006,-0.0474999999999999
2026-07-03T16:00:00Z,37.187837683576475,35.385
2026-07-03T17:00:00Z,85.58440180680037,102.645
2026-07-03T18:00:00Z,113.3479932018128,124.4425
2026-07-03T19:00:00Z,122.90840854511175,130.0275
2026-07-03T20:00:00Z,116.08553712562735,135.805
2026-07-03T21:00:00Z,103.84929038790226,124.275
2026-07-03T22:00:00Z,95.44748818340052,125.0
2026-07-03T23:00:00Z,91.80801462412164,120.0875
2026-07-04T00:00:00Z,86.39379709729474,116.435
2026-07-04T01:00:00Z,87.81569949860157,113.8225
2026-07-04T02:00:00Z,90.16986952587513,106.3375
2026-07-04T03:00:00Z,91.28619263567792,99.6725
2026-07-04T04:00:00Z,94.1449239833135,92.25
2026-07-04T05:00:00Z,78.79358184622104,72.6525
2026-07-04T06:00:00Z,49.72198553077726,28.93
2026-07-04T07:00:00Z,20.753153271379603,0.9925
2026-07-04T08:00:00Z,3.90397455514497,-0.01
2026-07-04T09:00:00Z,-18.173900993822826,-0.8
2026-07-04T10:00:00Z,-28.595295564693217,-3.1025
2026-07-04T11:00:00Z,-34.11264410830569,-8.25
2026-07-04T12:00:00Z,-33.354731378983416,-10.31
2026-07-04T13:00:00Z,-28.070377844882046,-4.265000000000001
2026-07-04T14:00:00Z,-4.933091107281825,-0.34
2026-07-04T15:00:00Z,11.742333356315214,4.2925
2026-07-04T16:00:00Z,42.42488711708673,57.7325
2026-07-04T17:00:00Z,87.7422221042248,107.1925
2026-07-04T18:00:00Z,108.11799977336253,125.64
2026-07-04T19:00:00Z,115.65556439497041,131.03
2026-07-04T20:00:00Z,110.00041796802978,128.0275
2026-07-04T21:00:00Z,98.99269727791267,118.62
2026-07-04T22:00:00Z,92.50203683479468,122.8725
2026-07-04T23:00:00Z,83.642712046056,115.9225
2026-07-05T00:00:00Z,72.6731962243562,110.4975
2026-07-05T01:00:00Z,73.51648971787704,105.9525
2026-07-05T02:00:00Z,72.62493317006115,101.41
2026-07-05T03:00:00Z,73.85442437755759,97.09
2026-07-05T04:00:00Z,70.31768446062648,85.0025
2026-07-05T05:00:00Z,54.28902592509265,44.1625
2026-07-05T06:00:00Z,27.8433729553229,14.795
2026-07-05T07:00:00Z,6.648972948727021,1.3825
2026-07-05T08:00:00Z,-0.1253297760668488,-0.0075
2026-07-05T09:00:00Z,-4.0259777620410375,-0.03
2026-07-05T10:00:00Z,-10.152102889307656,-0.105
2026-07-05T11:00:00Z,-13.47614799836495,-0.6174999999999999
2026-07-05T12:00:00Z,-15.596505425813945,-1.165
2026-07-05T13:00:00Z,-14.632462257992088,-1.0225
2026-07-05T14:00:00Z,-1.9280720613927258,-0.06
2026-07-05T15:00:00Z,23.99624153439217,4.9
2026-07-05T16:00:00Z,64.47983945276079,64.0
2026-07-05T17:00:00Z,100.81230711211879,107.505
2026-07-05T18:00:00Z,116.36271495465581,129.2975
2026-07-05T19:00:00Z,121.8105273661314,136.54
2026-07-05T20:00:00Z,118.21621392458252,139.8925
2026-07-05T21:00:00Z,112.49620161668565,127.895
2026-07-05T22:00:00Z,106.88225222543772,138.555
2026-07-05T23:00:00Z,104.8450940488332,124.5375
2026-07-06T00:00:00Z,98.55718532952443,119.7625
2026-07-06T01:00:00Z,96.05922016181339,115.55
2026-07-06T02:00:00Z,94.5935909902631,115.925
2026-07-06T03:00:00Z,97.80699670083249,120.86
2026-07-06T04:00:00Z,105.61406046837817,136.0325
2026-07-06T05:00:00Z,95.93349358659839,139.56
2026-07-06T06:00:00Z,79.4485350617008,133.865
2026-07-06T07:00:00Z,58.04079388372511,110.615
2026-07-06T08:00:00Z,44.312937753996565,90.275
2026-07-06T09:00:00Z,32.39741872115333,72.065
2026-07-06T10:00:00Z,24.676293642236445,43.015
2026-07-06T11:00:00Z,15.52347336745899,20.445
2026-07-06T12:00:00Z,8.739513578429921,9.8075
2026-07-06T13:00:00Z,7.6417884402474385,5.0
2026-07-06T14:00:00Z,12.238060500936683,20.51
2026-07-06T15:00:00Z,27.322320940252567,66.5825
2026-07-06T16:00:00Z,58.736081530038604,99.3375
2026-07-06T17:00:00Z,93.36358133952588,117.865
2026-07-06T18:00:00Z,114.150641613395,138.32999999999998
2026-07-06T19:00:00Z,120.5146025115966,151.2025
2026-07-06T20:00:00Z,113.36841526086923,147.155
2026-07-06T21:00:00Z,104.29904344741402,135.0
2026-07-06T22:00:00Z,96.57064801187336,120.98
2026-07-06T23:00:00Z,88.39458483559252,114.6525
2026-07-07T00:00:00Z,79.64337064099138,107.9875
2026-07-07T01:00:00Z,76.81075513004951,101.0025
2026-07-07T02:00:00Z,80.94357841714614,98.3825
2026-07-07T03:00:00Z,84.30047775405184,102.4075
2026-07-07T04:00:00Z,94.3234571912466,115.6
2026-07-07T05:00:00Z,94.86016025843938,118.6425
2026-07-07T06:00:00Z,80.02368384439828,114.89
2026-07-07T07:00:00Z,56.487464059931106,94.6475
2026-07-07T08:00:00Z,35.7007649642566,43.39
2026-07-07T09:00:00Z,13.43762416018248,4.922499999999999
2026-07-07T10:00:00Z,-3.3430825582938866,-0.8300000000000001
2026-07-07T11:00:00Z,-11.383033328564522,-2.705
2026-07-07T12:00:00Z,-18.055700975966815,-2.835
2026-07-07T13:00:00Z,-14.438549213258526,-1.485
2026-07-07T14:00:00Z,-0.20329908126484497,-0.52
2026-07-07T15:00:00Z,31.882775732589927,7.0175
2026-07-07T16:00:00Z,60.70653868041046,60.712500000000006
2026-07-07T17:00:00Z,87.47474884634839,86.1825
2026-07-07T18:00:00Z,104.51778106774552,107.9725
2026-07-07T19:00:00Z,102.38759787128672,118.4025
2026-07-07T20:00:00Z,96.52144039800078,120.755
2026-07-07T21:00:00Z,85.94386777479446,117.0825
2026-07-07T22:00:00Z,80.7368135937508,114.9225
2026-07-07T23:00:00Z,78.97455835839288,115.845
2026-07-08T00:00:00Z,75.36167082729642,111.7575
2026-07-08T01:00:00Z,76.38906818680411,108.17
2026-07-08T02:00:00Z,81.68710878620864,113.5825
2026-07-08T03:00:00Z,94.39027772293878,119.705
2026-07-08T04:00:00Z,105.361165158244,130.75
2026-07-08T05:00:00Z,103.17004672209433,131.91
2026-07-08T06:00:00Z,87.73204627059089,125.7925
2026-07-08T07:00:00Z,63.06909887925595,100.4225
2026-07-08T08:00:00Z,38.72456031325994,79.5825
2026-07-08T09:00:00Z,17.781650820998422,71.075
2026-07-08T10:00:00Z,6.715525974891307,49.0075
2026-07-08T11:00:00Z,-14.044040848179264,17.245
2026-07-08T12:00:00Z,-21.362795260317498,7.9025
2026-07-08T13:00:00Z,-13.048227833488042,9.79
2026-07-08T14:00:00Z,-1.5009104516865932,35.02
2026-07-08T15:00:00Z,20.80082342077347,77.3075
2026-07-08T16:00:00Z,60.90903186157192,104.43
2026-07-08T17:00:00Z,100.54791572282755,135.0475
2026-07-08T18:00:00Z,126.41881400676628,150.8475
2026-07-08T19:00:00Z,135.52868367082857,160.62
2026-07-08T20:00:00Z,128.36285699790523,159.2
2026-07-08T21:00:00Z,117.01358082628336,145.0475
2026-07-08T22:00:00Z,108.41474146903607,140.3275
2026-07-08T23:00:00Z,107.09632999845034,133.20749999999998
2026-07-09T00:00:00Z,100.85469329861087,127.3225
2026-07-09T01:00:00Z,103.37784428582182,124.8475
2026-07-09T02:00:00Z,108.8415706148235,125.4425
2026-07-09T03:00:00Z,118.68331698218225,133.955
2026-07-09T04:00:00Z,127.92230089069886,149.15
2026-07-09T05:00:00Z,121.9963345975365,147.66
2026-07-09T06:00:00Z,104.59822783580373,138.2975
2026-07-09T07:00:00Z,78.74798035512676,118.03
2026-07-09T08:00:00Z,56.937338952339104,99.63
2026-07-09T09:00:00Z,42.90842477273346,86.83
2026-07-09T10:00:00Z,14.705763294957293,66.69
2026-07-09T11:00:00Z,0.37810835861112935,43.625
2026-07-09T12:00:00Z,-6.615751840431685,38.005
2026-07-09T13:00:00Z,-4.746255510664625,51.04
2026-07-09T14:00:00Z,24.886560213469586,81.01
2026-07-09T15:00:00Z,56.481247181539516,108.4125
2026-07-09T16:00:00Z,97.09793744478432,130.4075
2026-07-09T17:00:00Z,138.94417262582672,166.5
2026-07-09T18:00:00Z,158.54180862804947,210.7
2026-07-09T19:00:00Z,162.42883543740237,213.3125
2026-07-09T20:00:00Z,151.62890551009693,183.965
2026-07-09T21:00:00Z,137.84805140523852,162.745
2026-07-09T22:00:00Z,129.92722804560057,153.5575
2026-07-09T23:00:00Z,123.99386381468648,143.4325
2026-07-10T00:00:00Z,116.90203438894432,139.7
2026-07-10T01:00:00Z,118.63778866221034,137.9275
2026-07-10T02:00:00Z,124.229431742258,138.27
2026-07-10T03:00:00Z,133.13703916449447,142.4525
2026-07-10T04:00:00Z,140.90512916193563,151.14
2026-07-10T05:00:00Z,133.51825351887481,147.6925
2026-07-10T06:00:00Z,106.98450941613613,134.9025
2026-07-10T07:00:00Z,73.86576242971769,121.975
2026-07-10T08:00:00Z,37.69210977922347,99.895
2026-07-10T09:00:00Z,19.034521816922627,78.31
2026-07-10T10:00:00Z,0.3919688607163323,56.805
2026-07-10T11:00:00Z,-8.926732758398828,37.36
2026-07-10T12:00:00Z,-3.8956375518281163,40.95
2026-07-10T13:00:00Z,7.778564883388185,62.1
2026-07-10T14:00:00Z,31.669570044598643,88.4125
2026-07-10T15:00:00Z,72.37872075351895,113.82
2026-07-10T16:00:00Z,109.31652110555478,128.435
2026-07-10T17:00:00Z,149.119201441297,165.01999999999998
2026-07-10T18:00:00Z,169.15479439723782,186.6775
2026-07-10T19:00:00Z,165.03000976045405,176.885
2026-07-10T20:00:00Z,144.56752916537658,168.0
2026-07-10T21:00:00Z,130.06339181088833,154.4625
2026-07-10T22:00:00Z,121.25596312813373,150.4975
2026-07-10T23:00:00Z,115.41410786300875,143.95
2026-07-11T00:00:00Z,113.04542044407279,141.10750000000002
2026-07-11T01:00:00Z,113.56982926437061,140.6725
2026-07-11T02:00:00Z,115.42293893264454,140.4625
2026-07-11T03:00:00Z,115.96620201577616,138.8625
2026-07-11T04:00:00Z,111.765076056461,136.335
2026-07-11T05:00:00Z,92.44517228567507,124.2825
2026-07-11T06:00:00Z,63.61002303166434,115.3525
2026-07-11T07:00:00Z,22.63490933996694,73.86
2026-07-11T08:00:00Z,1.2938146422425376,16.0875
2026-07-11T09:00:00Z,-14.151771001078686,0.3275
2026-07-11T10:00:00Z,-25.051053128376566,-0.0075
2026-07-11T11:00:00Z,-31.660636896521027,-0.6950000000000001
2026-07-11T12:00:00Z,-29.970148838215778,-0.975
2026-07-11T13:00:00Z,-17.383508799129373,-0.5025000000000001
2026-07-11T14:00:00Z,7.798676580872396,6.1725
2026-07-11T15:00:00Z,53.25984585677427,74.695
2026-07-11T16:00:00Z,94.47095568622993,120.3525
2026-07-11T17:00:00Z,136.38707231817824,141.0
2026-07-11T18:00:00Z,156.39381546459782,151.82
2026-07-11T19:00:00Z,151.30740432602164,156.375
2026-07-11T20:00:00Z,133.72333222844549,154.8875
2026-07-11T21:00:00Z,121.97243023184197,145.58249999999998
2026-07-11T22:00:00Z,114.97057956179495,137.4425
2026-07-11T23:00:00Z,107.57094058887793,131.885
2026-07-12T00:00:00Z,98.08034591737533,125.57
2026-07-12T01:00:00Z,96.33932283668389,125.1
2026-07-12T02:00:00Z,96.4663701089565,122.8825
2026-07-12T03:00:00Z,95.22150349369812,119.915
2026-07-12T04:00:00Z,87.58288852564544,111.6125
2026-07-12T05:00:00Z,69.58031212482005,99.775
2026-07-12T06:00:00Z,42.52372524687078,62.1175
2026-07-12T07:00:00Z,-0.8101033724211391,5.385
2026-07-12T08:00:00Z,-26.076571055675885,-0.045
2026-07-12T09:00:00Z,-38.56059871939499,-2.165
2026-07-12T10:00:00Z,-47.10659831519925,-7.1575
2026-07-12T11:00:00Z,-48.0731071062568,-10.7125
2026-07-12T12:00:00Z,-44.7385849179299,-10.055
2026-07-12T13:00:00Z,-35.255088718972644,-5.9075
2026-07-12T14:00:00Z,-12.677742608871355,-2.6925
2026-07-12T15:00:00Z,35.72707849189969,7.630000000000001
2026-07-12T16:00:00Z,84.4868769830949,93.4325
2026-07-12T17:00:00Z,123.7059159348573,131.8075
2026-07-12T18:00:00Z,142.65948731395633,140.8975
2026-07-12T19:00:00Z,143.35893871292186,144.4875
2026-07-12T20:00:00Z,131.66338963947922,144.93
2026-07-12T21:00:00Z,123.10315186635381,139.3175
2026-07-12T22:00:00Z,115.61491401648777,129.73
2026-07-12T23:00:00Z,112.78664168083621,124.605
2026-07-13T00:00:00Z,109.4964125021413,120.5675
2026-07-13T01:00:00Z,110.78444269267519,121.475
2026-07-13T02:00:00Z,115.02037032088533,123.5425
2026-07-13T03:00:00Z,124.90920553042832,134.2425
2026-07-13T04:00:00Z,133.71884146044903,149.8425
2026-07-13T05:00:00Z,126.76454579184718,159.43
2026-07-13T06:00:00Z,101.43427004446902,138.9875
2026-07-13T07:00:00Z,63.26876958451592,122.6075
2026-07-13T08:00:00Z,30.88231538506986,100.0175
2026-07-13T09:00:00Z,19.12240031258341,74.1225
2026-07-13T10:00:00Z,7.7552412398790835,50.6225
2026-07-13T11:00:00Z,4.482833657364665,32.900000000000006
2026-07-13T12:00:00Z,7.622769394137748,38.5375
2026-07-13T13:00:00Z,18.63503291520948,63.97500000000001
2026-07-13T14:00:00Z,45.6892394076122,90.95
2026-07-13T15:00:00Z,76.40058064481828,121.5275
2026-07-13T16:00:00Z,122.18111309982262,140.0
2026-07-13T17:00:00Z,153.40792138981936,165.9625
2026-07-13T18:00:00Z,161.78208650832966,182.9975
2026-07-13T19:00:00Z,158.36990849222457,168.8
2026-07-13T20:00:00Z,135.61256036799637,159.0725
2026-07-13T21:00:00Z,127.42740023686576,144.07
2026-07-13T22:00:00Z,116.75571203467742,139.64
2026-07-13T23:00:00Z,116.7165733857121,133.8875
2026-07-14T00:00:00Z,110.45955847657599,127.35
2026-07-14T01:00:00Z,112.41794576732258,127.2175
2026-07-14T02:00:00Z,114.66352208961794,127.65
2026-07-14T03:00:00Z,123.32955466528382,135.02
2026-07-14T04:00:00Z,131.49289157336034,145.805
2026-07-14T05:00:00Z,134.52453296138472,152.265
2026-07-14T06:00:00Z,118.20628586928814,135.67000000000002
2026-07-14T07:00:00Z,92.04971493217762,121.8925
2026-07-14T08:00:00Z,65.80871086884311,107.4775
2026-07-14T09:00:00Z,43.93119352869102,91.6875
2026-07-14T10:00:00Z,18.294432665033092,64.0425
2026-07-14T11:00:00Z,9.375390526766253,51.825
2026-07-14T12:00:00Z,11.907414790620962,57.73
2026-07-14T13:00:00Z,21.899633984599703,70.0
2026-07-14T14:00:00Z,51.90806776089555,93.2575
2026-07-14T15:00:00Z,81.765634937398,117.44
2026-07-14T16:00:00Z,115.74687536845349,138.2975
2026-07-14T17:00:00Z,148.95538554556504,159.005
2026-07-14T18:00:00Z,165.3325963736665,182.48
2026-07-14T19:00:00Z,158.0165570470793,175.315
2026-07-14T20:00:00Z,141.7681582241555,168.765
2026-07-14T21:00:00Z,128.5160791063322,151.51999999999998
2026-07-14T22:00:00Z,121.98794039351763,153.5175
2026-07-14T23:00:00Z,118.46825689070975,144.4475
2026-07-15T00:00:00Z,109.03306118004994,139.0375
2026-07-15T01:00:00Z,109.95227690703175,136.6175
2026-07-15T02:00:00Z,114.36948695693289,140.865
2026-07-15T03:00:00Z,123.50651200516211,150.2825
2026-07-15T04:00:00Z,134.55630261304117,166.6925
2026-07-15T05:00:00Z,135.00016384461355,165.88
2026-07-15T06:00:00Z,118.69230843479696,155.9325
2026-07-15T07:00:00Z,92.75582068110234,135.10250000000002
2026-07-15T08:00:00Z,68.77625611367463,111.4175
2026-07-15T09:00:00Z,40.82196446900495,96.2525
2026-07-15T10:00:00Z,22.930210049148954,74.345
2026-07-15T11:00:00Z,13.166925486658982,63.5975
2026-07-15T12:00:00Z,15.808590757889547,62.9175
2026-07-15T13:00:00Z,24.65809559250041,73.075
2026-07-15T14:00:00Z,57.14980621328672,97.1475
2026-07-15T15:00:00Z,87.45385821482787,118.1825
2026-07-15T16:00:00Z,119.50032827528945,145.5625
2026-07-15T17:00:00Z,153.62930849362175,175.8875
2026-07-15T18:00:00Z,169.91577153035135,205.975
2026-07-15T19:00:00Z,165.5386984825621,201.65
2026-07-15T20:00:00Z,149.63785467367654,188.38
2026-07-15T21:00:00Z,137.2970183498312,171.415
2026-07-15T22:00:00Z,130.76789362647878,166.0325
2026-07-15T23:00:00Z,126.46304232142222,159.2
2026-07-16T00:00:00Z,120.31301450969916,152.9075
2026-07-16T01:00:00Z,121.62482321236833,148.97750000000002
2026-07-16T02:00:00Z,126.45465369024879,152.1875
2026-07-16T03:00:00Z,135.9087965777989,159.945
2026-07-16T04:00:00Z,146.69976775724592,175.45
2026-07-16T05:00:00Z,143.65231341877654,172.76
2026-07-16T06:00:00Z,125.65361027866086,158.5125
2026-07-16T07:00:00Z,95.01659761623326,137.14249999999998
2026-07-16T08:00:00Z,67.95380229560737,118.3075
2026-07-16T09:00:00Z,41.2595052255172,107.2325
2026-07-16T10:00:00Z,25.90348141134951,94.69
2026-07-16T11:00:00Z,18.305753507108065,87.475
2026-07-16T12:00:00Z,23.614861699696895,96.46
2026-07-16T13:00:00Z,34.40720322370694,109.6025
2026-07-16T14:00:00Z,68.54510829324468,119.6375
2026-07-16T15:00:00Z,104.17230077606246,139.935
2026-07-16T16:00:00Z,141.14586950025554,177.6975
2026-07-16T17:00:00Z,179.27408951263595,241.1025
2026-07-16T18:00:00Z,188.13272572717602,311.685
2026-07-16T19:00:00Z,183.70024387864785,262.6
2026-07-16T20:00:00Z,165.27089534590414,206.84
2026-07-16T21:00:00Z,147.4812130569515,180.3125
2026-07-16T22:00:00Z,141.58514068728832,170.565
2026-07-16T23:00:00Z,136.5012770840077,161.45
2026-07-17T00:00:00Z,128.3144368342359,151.975
2026-07-17T01:00:00Z,127.57365572272006,143.94
2026-07-17T02:00:00Z,134.99994035189252,142.89999999999998
2026-07-17T03:00:00Z,143.8971734231336,153.4875
2026-07-17T04:00:00Z,152.57883636177274,165.11
2026-07-17T05:00:00Z,151.1914051636017,165.7525
2026-07-17T06:00:00Z,137.5202034618035,157.10500000000002
2026-07-17T07:00:00Z,111.86124498105653,135.42000000000002
2026-07-17T08:00:00Z,93.30860518173094,127.4525
2026-07-17T09:00:00Z,74.44309434586039,113.7825
2026-07-17T10:00:00Z,62.92432810639818,103.8875
2026-07-17T11:00:00Z,57.735558058664566,98.2
2026-07-17T12:00:00Z,63.339948525668866,98.4275
2026-07-17T13:00:00Z,67.85838431410633,105.98
2026-07-17T14:00:00Z,81.58069197997341,114.7
2026-07-17T15:00:00Z,102.8179296264083,127.425
2026-07-17T16:00:00Z,132.48690020003798,137.58
2026-07-17T17:00:00Z,167.4646329153446,151.0325
2026-07-17T18:00:00Z,191.1115592146559,159.065
2026-07-17T19:00:00Z,177.0183311590271,166.8625
2026-07-17T20:00:00Z,149.7459454226572,164.675
2026-07-17T21:00:00Z,131.50064180429308,158.3
2026-07-17T22:00:00Z,117.90766364013848,156.2
2026-07-17T23:00:00Z,107.99504162713932,145.38
2026-07-18T00:00:00Z,103.87624074660808,142.0
2026-07-18T01:00:00Z,99.50891706371522,135.3
2026-07-18T02:00:00Z,97.77609949353818,134.81
2026-07-18T03:00:00Z,101.17114355156846,132.235
2026-07-18T04:00:00Z,101.05432644269297,126.5075
2026-07-18T05:00:00Z,89.75001646610008,119.3
2026-07-18T06:00:00Z,70.4079890550126,97.5425
2026-07-18T07:00:00Z,44.13887552371929,44.9275
2026-07-18T08:00:00Z,29.266552966086692,9.9675
2026-07-18T09:00:00Z,7.633911404309757,-0.005
2026-07-18T10:00:00Z,-3.0952592578252336,-0.125
2026-07-18T11:00:00Z,-7.8907241649921644,-1.165
2026-07-18T12:00:00Z,-7.683430914802699,-1.9925
2026-07-18T13:00:00Z,-4.466207332999446,-2.9475
2026-07-18T14:00:00Z,19.291141665822366,-1.76
2026-07-18T15:00:00Z,39.28817920475583,0.4325
2026-07-18T16:00:00Z,70.75232722412701,55.9225
2026-07-18T17:00:00Z,107.24387634708756,110.2
2026-07-18T18:00:00Z,128.8571125840472,132.17000000000002
2026-07-18T19:00:00Z,133.4338618357417,145.95
2026-07-18T20:00:00Z,126.4618608542481,152.4625
2026-07-18T21:00:00Z,117.91177256605025,145.7625
2026-07-18T22:00:00Z,115.33061140758431,138.6975
2026-07-18T23:00:00Z,111.82261670707629,130.7425
2026-07-19T00:00:00Z,102.28967434800606,121.9
2026-07-19T01:00:00Z,98.6712272098097,118.8975
2026-07-19T02:00:00Z,101.46036469246951,115.275
2026-07-19T03:00:00Z,103.07895198342416,109.4175
2026-07-19T04:00:00Z,97.03165800729057,101.8475
2026-07-19T05:00:00Z,87.02230055378749,88.46000000000001
2026-07-19T06:00:00Z,66.93983547602275,43.1575
2026-07-19T07:00:00Z,38.86492068864881,4.165
2026-07-19T08:00:00Z,19.088021225431163,0.015
2026-07-19T09:00:00Z,6.686533696893932,-0.045
2026-07-19T10:00:00Z,-15.169655424644148,-0.7424999999999999
2026-07-19T11:00:00Z,-25.731840709039474,-2.6775
2026-07-19T12:00:00Z,-32.4751327493595,-4.9975000000000005
2026-07-19T13:00:00Z,-29.308252972643928,-4.955
2026-07-19T14:00:00Z,-20.059995449691627,-2.4375
2026-07-19T15:00:00Z,13.435761858872851,-0.395
2026-07-19T16:00:00Z,54.35415749493878,47.8425
2026-07-19T17:00:00Z,106.72024640486345,117.16
2026-07-19T18:00:00Z,132.9583686737816,144.1225
2026-07-19T19:00:00Z,138.9973695209006,149.68
2026-07-19T20:00:00Z,133.721088222126,149.6575
2026-07-19T21:00:00Z,124.80047835536706,138.2025
2026-07-19T22:00:00Z,110.84705522570088,147.4525
2026-07-19T23:00:00Z,105.16462491677336,138.48250000000002
2026-07-20T00:00:00Z,102.92637388225619,128.85500000000002
2026-07-20T01:00:00Z,103.01769537675344,123.53
2026-07-20T02:00:00Z,105.64697719914614,131.27
2026-07-20T03:00:00Z,114.75871066161342,138.79
2026-07-20T04:00:00Z,122.75950985292626,149.31
2026-07-20T05:00:00Z,114.74528352783759,150.5275
2026-07-20T06:00:00Z,89.05714607128968,130.9975
2026-07-20T07:00:00Z,54.947021544120716,92.7175
2026-07-20T08:00:00Z,35.56741330197394,60.2725
2026-07-20T09:00:00Z,24.162116385485,15.7875
2026-07-20T10:00:00Z,18.032020036405086,7.6625
2026-07-20T11:00:00Z,13.44117699851573,0.015
2026-07-20T12:00:00Z,9.566147763529855,0.0075
2026-07-20T13:00:00Z,12.000160805726154,0.9575
2026-07-20T14:00:00Z,26.796515119545496,15.105
2026-07-20T15:00:00Z,51.65473572029314,74.7625
2026-07-20T16:00:00Z,85.85862099407272,118.4125
2026-07-20T17:00:00Z,131.18355060566594,158.7625
2026-07-20T18:00:00Z,152.36344595726916,178.245
2026-07-20T19:00:00Z,153.44302393238314,179.73
2026-07-20T20:00:00Z,143.1859839267666,174.815
2026-07-20T21:00:00Z,131.1790254655216,159.4675
2026-07-20T22:00:00Z,129.11113939087528,148.7775
2026-07-20T23:00:00Z,125.4164355562558,149.52
2026-07-21T00:00:00Z,119.42809285950068,143.39
2026-07-21T01:00:00Z,122.23115495312948,138.8675
2026-07-21T02:00:00Z,128.3057513669964,139.2525
2026-07-21T03:00:00Z,137.0089290558132,144.9125
2026-07-21T04:00:00Z,145.68258578737033,157.65
2026-07-21T05:00:00Z,142.89975997962435,154.4275
2026-07-21T06:00:00Z,119.14776437263478,145.3775
2026-07-21T07:00:00Z,82.15756147560498,114.9525
2026-07-21T08:00:00Z,57.1636836529523,83.69
2026-07-21T09:00:00Z,25.908355884856164,43.6375
2026-07-21T10:00:00Z,12.758313547023306,7.052499999999999
2026-07-21T11:00:00Z,8.589686198736956,1.01
2026-07-21T12:00:00Z,9.245142212368819,1.0025
2026-07-21T13:00:00Z,14.40768555264762,13.670000000000002
2026-07-21T14:00:00Z,41.913091878304805,62.2325
2026-07-21T15:00:00Z,78.78654906771179,102.565
2026-07-21T16:00:00Z,113.42492330859747,135.365
2026-07-21T17:00:00Z,151.1341672392327,153.61
2026-07-21T18:00:00Z,171.2903395440765,172.0
2026-07-21T19:00:00Z,173.9559241256943,174.5625
2026-07-21T20:00:00Z,156.37833600277028,168.3175
2026-07-21T21:00:00Z,138.98298859007485,155.1875
2026-07-21T22:00:00Z,129.22981156906675,152.19
2026-07-21T23:00:00Z,126.23401005037535,148.2875
2026-07-22T00:00:00Z,113.26741436605172,143.2325
2026-07-22T01:00:00Z,109.5413146037087,134.91250000000002
2026-07-22T02:00:00Z,113.77218000401598,130.66500000000002
2026-07-22T03:00:00Z,118.3533068077279,135.9575
2026-07-22T04:00:00Z,130.3371623176756,149.41
2026-07-22T05:00:00Z,124.51256932739369,145.345
2026-07-22T06:00:00Z,104.61316185323388,131.98250000000002
2026-07-22T07:00:00Z,70.30696612890969,90.9425
2026-07-22T08:00:00Z,49.374774642976355,66.1525
2026-07-22T09:00:00Z,28.950190292658604,30.935
2026-07-22T10:00:00Z,15.388559210081858,10.385
2026-07-22T11:00:00Z,6.0515753866330755,1.29
2026-07-22T12:00:00Z,3.959090484497125,0.0375
2026-07-22T13:00:00Z,5.742774420445485,0.4975
2026-07-22T14:00:00Z,26.63588347741063,9.15
2026-07-22T15:00:00Z,52.53294847533415,63.21
2026-07-22T16:00:00Z,82.56477486576982,108.1
2026-07-22T17:00:00Z,112.91834805772923,137.8275
2026-07-22T18:00:00Z,132.16967882415383,157.01
2026-07-22T19:00:00Z,132.93495136136093,161.76
2026-07-22T20:00:00Z,122.6449439471257,157.61
2026-07-22T21:00:00Z,111.87251696933598,143.5425
2026-07-22T22:00:00Z,104.48194766788762,142.755
2026-07-22T23:00:00Z,102.93941043656282,137.345
2026-07-23T00:00:00Z,98.86191621952436,133.66
2026-07-23T01:00:00Z,101.90586835818735,132.965
2026-07-23T02:00:00Z,105.99675440976483,136.24
2026-07-23T03:00:00Z,121.01390679636519,143.045
2026-07-23T04:00:00Z,131.503914499147,159.18
2026-07-23T05:00:00Z,128.1784352611558,167.8725
2026-07-23T06:00:00Z,112.4444148449996,159.9525
2026-07-23T07:00:00Z,83.44212639951935,134.3275
2026-07-23T08:00:00Z,59.347202179071,101.98
2026-07-23T09:00:00Z,34.566868761662825,79.53999999999999
2026-07-23T10:00:00Z,8.466730724211715,31.0925
2026-07-23T11:00:00Z,-6.215172131850295,4.3025
2026-07-23T12:00:00Z,-6.957957211067551,0.0
2026-07-23T13:00:00Z,-4.977611191019093,0.03
2026-07-23T14:00:00Z,22.0064327493999,21.9975
2026-07-23T15:00:00Z,59.22188567483521,96.705
2026-07-23T16:00:00Z,103.39930063320479,142.64
2026-07-23T17:00:00Z,148.63704528276196,166.1
2026-07-23T18:00:00Z,170.91180651862624,185.015
2026-07-23T19:00:00Z,173.83763817264565,190.0
2026-07-23T20:00:00Z,158.44476607332874,186.5425
2026-07-23T21:00:00Z,145.30606656980825,170.42000000000002
2026-07-23T22:00:00Z,136.0505259172736,161.0025
2026-07-23T23:00:00Z,132.74230446894137,157.1375
2026-07-24T00:00:00Z,127.83835730613532,151.8125
2026-07-24T01:00:00Z,128.28828760509555,153.3275
2026-07-24T02:00:00Z,133.18411836410522,155.66
2026-07-24T03:00:00Z,142.9887171914087,161.1675
2026-07-24T04:00:00Z,153.38152241905186,172.54
2026-07-24T05:00:00Z,150.1516878227549,167.3875
2026-07-24T06:00:00Z,126.49323700856806,159.9975
2026-07-24T07:00:00Z,90.72493907221019,132.6025
2026-07-24T08:00:00Z,65.49347853467202,102.315
2026-07-24T09:00:00Z,29.706817452761108,75.6625
2026-07-24T10:00:00Z,1.732369701616065,44.7425
2026-07-24T11:00:00Z,-17.42305911961489,21.025
2026-07-24T12:00:00Z,-21.126068690973568,6.485
2026-07-24T13:00:00Z,-15.622869300986707,14.29
2026-07-24T14:00:00Z,6.419588252956544,68.965
2026-07-24T15:00:00Z,62.22394961116315,114.0175
2026-07-24T16:00:00Z,110.9802446352041,154.66500000000002
2026-07-24T17:00:00Z,152.79318647091057,180.135
2026-07-24T18:00:00Z,173.42714437139287,200.0425
2026-07-24T19:00:00Z,176.2021567381787,203.1725
2026-07-24T20:00:00Z,162.40550797255,194.5175
2026-07-24T21:00:00Z,147.65657326777813,180.115
2026-07-24T22:00:00Z,141.5814465409107,167.135
2026-07-24T23:00:00Z,136.50729070714075,161.61
2026-07-25T00:00:00Z,130.20241887811693,160.4275
2026-07-25T01:00:00Z,132.6172785225971,159.8525
2026-07-25T02:00:00Z,130.40970541327576,152.0125
2026-07-25T03:00:00Z,134.04035257721765,146.2525
2026-07-25T04:00:00Z,131.6310197438874,135.38
2026-07-25T05:00:00Z,113.01322519157333,115.305
2026-07-25T06:00:00Z,81.69127156409489,83.51
2026-07-25T07:00:00Z,37.26230710331991,11.1675
2026-07-25T08:00:00Z,12.95986835257709,-0.1175
2026-07-25T09:00:00Z,-9.04818999310342,-2.6075
2026-07-25T10:00:00Z,-25.718293136041297,-5.955
2026-07-25T11:00:00Z,-31.948121859337533,-9.9475
2026-07-25T12:00:00Z,-29.3511994642256,-12.28
2026-07-25T13:00:00Z,-16.833789317587303,-3.3525
2026-07-25T14:00:00Z,17.314114225871755,-0.32
2026-07-25T15:00:00Z,63.00263395259226,11.25
2026-07-25T16:00:00Z,108.11203004456189,95.195
2026-07-25T17:00:00Z,148.98981408669482,157.42
2026-07-25T18:00:00Z,168.2713704964525,170.31
2026-07-25T19:00:00Z,165.33296985566858,169.075
2026-07-25T20:00:00Z,156.8936282296743,165.48250000000002
2026-07-25T21:00:00Z,148.89915255335325,160.0
2026-07-25T22:00:00Z,143.1006939487516,153.03
2026-07-25T23:00:00Z,139.0976427629011,146.45499999999998
2026-07-26T00:00:00Z,131.47557536445171,148.025
2026-07-26T01:00:00Z,130.95779004339042,153.5925
2026-07-26T02:00:00Z,130.41301702902467,147.07999999999998
2026-07-26T03:00:00Z,129.14933456135887,137.9925
2026-07-26T04:00:00Z,122.61160359840417,124.8625
2026-07-26T05:00:00Z,105.4088293917693,110.1775
2026-07-26T06:00:00Z,80.82474070339607,93.76
2026-07-26T07:00:00Z,46.96039870567272,55.1825
2026-07-26T08:00:00Z,28.20620886387082,7.140000000000001
2026-07-26T09:00:00Z,6.836584455720924,-0.005
2026-07-26T10:00:00Z,-5.984179387277791,-0.075
2026-07-26T11:00:00Z,-10.766843955859883,-0.2674999999999999
2026-07-26T12:00:00Z,-6.783769191713006,-0.67
2026-07-26T13:00:00Z,9.213703701382968,-0.86
2026-07-26T14:00:00Z,22.879463422431392,0.8624999999999999
2026-07-26T15:00:00Z,52.48618261097645,51.8225
2026-07-26T16:00:00Z,93.76532755319936,109.25
2026-07-26T17:00:00Z,139.28219699735826,139.29
2026-07-26T18:00:00Z,153.42970587073475,151.6825
2026-07-26T19:00:00Z,149.28835723872695,150.9425
2026-07-26T20:00:00Z,142.42607723339268,147.9975
2026-07-26T21:00:00Z,127.40666438521838,136.795
2026-07-26T22:00:00Z,93.42731015378465,86.0425
2026-07-26T23:00:00Z,86.51258758522756,70.6575
2026-07-27T00:00:00Z,79.32556810862877,61.7
2026-07-27T01:00:00Z,81.95259808029641,62.6375
2026-07-27T02:00:00Z,83.35730755837274,71.175
2026-07-27T03:00:00Z,93.33446925980536,91.02
2026-07-27T04:00:00Z,110.5165077930927,117.5575
2026-07-27T05:00:00Z,112.59513546147565,128.975
2026-07-27T06:00:00Z,98.67425557734289,118.975
2026-07-27T07:00:00Z,66.68614926527302,74.935
2026-07-27T08:00:00Z,35.24574380674924,23.7875
2026-07-27T09:00:00Z,19.513162527715657,0.98
2026-07-27T10:00:00Z,11.522664641553234,-0.01
2026-07-27T11:00:00Z,6.6236596861973,-0.1475
2026-07-27T12:00:00Z,7.120266004509489,-0.7050000000000001
2026-07-27T13:00:00Z,7.07238457541213,-0.08
2026-07-27T14:00:00Z,22.579253649098654,-0.0125
2026-07-27T15:00:00Z,55.11022547624981,14.4025
2026-07-27T16:00:00Z,96.49300855162662,97.29
2026-07-27T17:00:00Z,135.3244889355194,149.13
2026-07-27T18:00:00Z,154.3082846661835,173.7225
2026-07-27T19:00:00Z,159.44217564218837,178.995
2026-07-27T20:00:00Z,152.42899070023466,171.1075
2026-07-27T21:00:00Z,136.94362513212718,157.9875
2026-07-27T22:00:00Z,114.91641388133093,161.0025
2026-07-27T23:00:00Z,109.61792349917738,148.3075
2026-07-28T00:00:00Z,101.50707289297719,141.33
2026-07-28T01:00:00Z,106.03205738506188,135.87
2026-07-28T02:00:00Z,112.03298337448439,139.935
2026-07-28T03:00:00Z,123.29435036999226,149.7425
2026-07-28T04:00:00Z,136.91858466491226,167.555
2026-07-28T05:00:00Z,133.65273655460885,162.27499999999998
2026-07-28T06:00:00Z,109.57049143183902,144.16
2026-07-28T07:00:00Z,70.28438775959546,109.0225
2026-07-28T08:00:00Z,25.559936472927973,36.7675
2026-07-28T09:00:00Z,3.704371252701094,3.43
2026-07-28T10:00:00Z,-9.064561984599578,-0.0125
2026-07-28T11:00:00Z,-11.438128673446002,-0.0875
2026-07-28T12:00:00Z,-10.06291032022392,-0.03
2026-07-28T13:00:00Z,-0.5738327523121285,3.4025
2026-07-28T14:00:00Z,23.697892382768607,44.74
2026-07-28T15:00:00Z,70.77361757680275,107.6275
2026-07-28T16:00:00Z,125.14603290190007,156.9725
2026-07-28T17:00:00Z,172.76040450463984,198.8575
2026-07-28T18:00:00Z,190.9411301668148,216.755
2026-07-28T19:00:00Z,183.01241372561344,209.9275
2026-07-28T20:00:00Z,167.43916117151718,193.9575
2026-07-28T21:00:00Z,153.5213243052148,172.2625
2026-07-28T22:00:00Z,140.65688224512877,156.7575
2026-07-28T23:00:00Z,134.4509666599809,148.45
2026-07-29T00:00:00Z,124.16967862103452,137.2075
2026-07-29T01:00:00Z,119.76685572404757,135.0025
2026-07-29T02:00:00Z,124.30371905143109,140.3275
2026-07-29T03:00:00Z,133.15188869294303,148.51
2026-07-29T04:00:00Z,145.93773141819798,168.5725
2026-07-29T05:00:00Z,143.75954256441676,161.095
2026-07-29T06:00:00Z,121.1408057765919,146.1725
2026-07-29T07:00:00Z,85.61795344694701,122.11
2026-07-29T08:00:00Z,37.419589827712144,85.2875
2026-07-29T09:00:00Z,13.177993914159572,29.035
2026-07-29T10:00:00Z,1.413983440760461,1.2374999999999998
2026-07-29T11:00:00Z,-4.653618567755672,-0.0425
2026-07-29T12:00:00Z,-4.016278007600846,-0.0225
2026-07-29T13:00:00Z,6.228169962080372,7.375
2026-07-29T14:00:00Z,41.007453438319985,76.35
2026-07-29T15:00:00Z,101.68519989850769,125.3425
2026-07-29T16:00:00Z,152.760428444926,162.315
2026-07-29T17:00:00Z,200.44782466799086,244.395
2026-07-29T18:00:00Z,214.59587773405485,263.64750000000004
2026-07-29T19:00:00Z,196.90182945891505,224.705
2026-07-29T20:00:00Z,173.170453945663,192.925
2026-07-29T21:00:00Z,151.48329956616067,167.3125
2026-07-29T22:00:00Z,140.01948158046713,149.755
2026-07-29T23:00:00Z,133.61114982059115,142.385
2026-07-30T00:00:00Z,123.10858184113344,139.9975
2026-07-30T01:00:00Z,121.36379315649299,135.53
2026-07-30T02:00:00Z,121.84283613586905,132.7225
2026-07-30T03:00:00Z,126.25004657120093,137.6075
2026-07-30T04:00:00Z,136.01677236777272,148.46
2026-07-30T05:00:00Z,129.7099574172636,147.745
2026-07-30T06:00:00Z,108.45067018037787,139.045
2026-07-30T07:00:00Z,83.07385469111765,118.115
2026-07-30T08:00:00Z,50.35397828836975,85.0
2026-07-30T09:00:00Z,25.118474280815626,34.6
2026-07-30T10:00:00Z,9.235133585683514,6.3525
2026-07-30T11:00:00Z,5.581384762128437,2.67
2026-07-30T12:00:00Z,14.765989535697017,14.9225
2026-07-30T13:00:00Z,30.309408352049623,62.4325
2026-07-30T14:00:00Z,71.29985863782952,98.1525
2026-07-30T15:00:00Z,108.16505696352223,126.8025
2026-07-30T16:00:00Z,146.47945775685594,149.2775
2026-07-30T17:00:00Z,191.92880652129648,173.77
2026-07-30T18:00:00Z,196.45273958950477,198.31
2026-07-30T19:00:00Z,189.07816733474996,207.03
2026-07-30T20:00:00Z,165.3762294516728,190.2975
2026-07-30T21:00:00Z,157.11942275215497,170.82999999999998
2026-07-30T22:00:00Z,144.58088121523141,168.21
2026-07-30T23:00:00Z,145.14280763924643,162.9525
2026-07-31T00:00:00Z,134.77517610122894,155.16
2026-07-31T01:00:00Z,135.14454196822751,154.1725
2026-07-31T02:00:00Z,139.26438106047885,157.34
2026-07-31T03:00:00Z,150.03302554133282,165.5125
2026-07-31T04:00:00Z,157.66589703275895,179.08749999999998
2026-07-31T05:00:00Z,153.47185935851815,172.5275
2026-07-31T06:00:00Z,133.01940498620584,159.0775
2026-07-31T07:00:00Z,103.07241708812194,139.3875
2026-07-31T08:00:00Z,74.04402790936751,119.605
2026-07-31T09:00:00Z,33.02916911909033,101.17
2026-07-31T10:00:00Z,18.42618830176547,94.1175
2026-07-31T11:00:00Z,14.566378330162863,83.2675
2026-07-31T12:00:00Z,21.45801574605523,86.285
2026-07-31T13:00:00Z,49.46600015631885,103.135
2026-07-31T14:00:00Z,75.45432846581936,120.865
2026-07-31T15:00:00Z,106.88128430328126,147.4925
2026-07-31T16:00:00Z,137.01449434360782,162.3075
2026-07-31T17:00:00Z,164.46764736375673,184.885
2026-07-31T18:00:00Z,174.95653935758716,192.74
2026-07-31T19:00:00Z,171.69159190037988,195.64
2026-07-31T20:00:00Z,161.46843358608737,191.13
2026-07-31T21:00:00Z,148.86228708364075,170.1475
2026-07-31T22:00:00Z,139.52802103531926,169.4375
2026-07-31T23:00:00Z,137.1873453263695,162.6575
2026-08-01T00:00:00Z,131.1876389462695,156.995
2026-08-01T01:00:00Z,127.04619034543585,154.60750000000002
2026-08-01T02:00:00Z,125.07552513377615,154.5225
2026-08-01T03:00:00Z,129.86353717275657,155.51749999999998
2026-08-01T04:00:00Z,131.99342550163252,154.79000000000002
2026-08-01T05:00:00Z,122.28007233173996,146.4225
2026-08-01T06:00:00Z,106.97420697364281,140.4075
2026-08-01T07:00:00Z,82.59562087641288,123.2725
2026-08-01T08:00:00Z,61.21009750017129,100.9225
2026-08-01T09:00:00Z,28.444509952100077,57.1525
2026-08-01T10:00:00Z,8.457395790225576,16.715
2026-08-01T11:00:00Z,-2.375032555692002,0.4075
2026-08-01T12:00:00Z,-4.042658894324731,0.0
2026-08-01T13:00:00Z,2.3986236507422234,3.0775
2026-08-01T14:00:00Z,25.36685622571914,45.5175
2026-08-01T15:00:00Z,73.67981603965386,107.565
2026-08-01T16:00:00Z,114.85010801069151,145.135
2026-08-01T17:00:00Z,155.2650700827598,168.535
2026-08-01T18:00:00Z,170.96190623654434,180.9625
2026-08-01T19:00:00Z,165.3605724197392,180.6775
2026-08-01T20:00:00Z,150.99802287189814,178.5475
2026-08-01T21:00:00Z,139.1709484789095,170.0
2026-08-01T22:00:00Z,130.52386220523871,169.625
2026-08-01T23:00:00Z,126.30679692342835,159.915
2026-08-02T00:00:00Z,119.11175097821217,156.8375
2026-08-02T01:00:00Z,119.87498061937433,154.4425
2026-08-02T02:00:00Z,120.96555197446372,153.5925
2026-08-02T03:00:00Z,123.28853643037634,159.3275
2026-08-02T04:00:00Z,118.96614098098175,151.39749999999998
2026-08-02T05:00:00Z,102.54203660049214,138.7
2026-08-02T06:00:00Z,78.51114934413955,122.18
2026-08-02T07:00:00Z,47.36665210316956,62.685
2026-08-02T08:00:00Z,9.749493813750249,3.155
2026-08-02T09:00:00Z,-11.838448638927773,-0.26
2026-08-02T10:00:00Z,-27.64355021424784,-1.275
2026-08-02T11:00:00Z,-33.6190281364365,-3.73
2026-08-02T12:00:00Z,-31.326767542959217,-1.785
2026-08-02T13:00:00Z,-19.537453095635684,-1.1775
2026-08-02T14:00:00Z,10.838405671182613,2.915
2026-08-02T15:00:00Z,71.14519344940767,95.4125
2026-08-02T16:00:00Z,119.70765865954988,148.1575
2026-08-02T17:00:00Z,159.35812249651363,176.8925
2026-08-02T18:00:00Z,168.94233091953026,185.6875
2026-08-02T19:00:00Z,154.78955344248976,177.69
2026-08-02T20:00:00Z,136.9270635743652,167.72750000000002
2026-08-02T21:00:00Z,125.22962309199099,152.8325
2026-08-02T22:00:00Z,111.44688342577442,139.7925
2026-08-02T23:00:00Z,105.48180317779787,135.11
2026-08-03T00:00:00Z,102.37377776328647,131.94
2026-08-03T01:00:00Z,103.91251609045045,129.7875
2026-08-03T02:00:00Z,108.17011235473556,132.7375
2026-08-03T03:00:00Z,121.00774544524573,144.29999999999998
2026-08-03T04:00:00Z,129.49280186204095,169.225
2026-08-03T05:00:00Z,122.70709914033495,164.49
2026-08-03T06:00:00Z,104.75181876623094,150.0
2026-08-03T07:00:00Z,69.50028115924391,135.1225
2026-08-03T08:00:00Z,22.98971312691021,110.785
2026-08-03T09:00:00Z,3.378114548238756,69.6775
2026-08-03T10:00:00Z,-10.16993501953084,26.03
2026-08-03T11:00:00Z,-13.034499934502804,16.3875
2026-08-03T12:00:00Z,-6.41760269981755,22.555
2026-08-03T13:00:00Z,7.31341034902124,60.8125
2026-08-03T14:00:00Z,38.16294904031071,102.8075
2026-08-03T15:00:00Z,88.45851604956327,139.8
2026-08-03T16:00:00Z,132.58934396932747,169.0275
2026-08-03T17:00:00Z,165.10607150610744,205.7675
2026-08-03T18:00:00Z,168.50243993779196,200.675
2026-08-03T19:00:00Z,150.3630603689399,185.8075
2026-08-03T20:00:00Z,133.41924105454535,174.43
2026-08-03T21:00:00Z,123.19544203554074,157.1375
2026-08-03T22:00:00Z,110.26238618916074,154.0
2026-08-03T23:00:00Z,108.15259585318998,144.7175
2026-08-04T00:00:00Z,103.6704156546171,138.995
2026-08-04T01:00:00Z,104.91112096021867,137.105
2026-08-04T02:00:00Z,110.49785732336335,143.165
2026-08-04T03:00:00Z,127.90901964660256,156.9525
2026-08-04T04:00:00Z,141.4881503149494,170.9325
2026-08-04T05:00:00Z,140.82046519648017,169.2825
2026-08-04T06:00:00Z,126.69945328883055,161.49
2026-08-04T07:00:00Z,98.83853006727352,146.5375
2026-08-04T08:00:00Z,71.6821856006754,124.51
2026-08-04T09:00:00Z,34.05738918022814,103.7375
2026-08-04T10:00:00Z,14.72047444512512,87.3125
2026-08-04T11:00:00Z,12.426397532562746,76.465
2026-08-04T12:00:00Z,14.297372350829576,84.0625
2026-08-04T13:00:00Z,32.33327865664735,109.4575
2026-08-04T14:00:00Z,69.98532736956236,127.4375
2026-08-04T15:00:00Z,109.64532601769083,154.9625
2026-08-04T16:00:00Z,148.68205553010904,175.5475
2026-08-04T17:00:00Z,182.62791758159665,228.0
2026-08-04T18:00:00Z,190.12890339118542,240.005
2026-08-04T19:00:00Z,176.07238176880958,212.045
2026-08-04T20:00:00Z,159.80916886695866,185.1275
2026-08-04T21:00:00Z,145.40254858913787,163.065
2026-08-04T22:00:00Z,133.93026157145152,155.1925
2026-08-04T23:00:00Z,127.13239022623111,149.3475
2026-08-05T00:00:00Z,119.8120254953649,148.05
2026-08-05T01:00:00Z,117.60801514502573,144.255
2026-08-05T02:00:00Z,121.83791733191575,139.345
2026-08-05T03:00:00Z,129.56252839612984,144.2525
2026-08-05T04:00:00Z,134.00146985906485,157.18
2026-08-05T05:00:00Z,129.43672208569689,154.685
2026-08-05T06:00:00Z,106.18240350211434,139.7975
2026-08-05T07:00:00Z,74.89682628731174,112.0375
2026-08-05T08:00:00Z,43.751539344548505,64.45
2026-08-05T09:00:00Z,10.095888616636074,8.3325
2026-08-05T10:00:00Z,-5.279670846859304,-0.0375
2026-08-05T11:00:00Z,-11.090560978472055,-0.5425
2026-08-05T12:00:00Z,-1.4962901197060745,-0.14
2026-08-05T13:00:00Z,13.053132116638423,-0.0174999999999999
2026-08-05T14:00:00Z,53.430138214030755,6.8275
2026-08-05T15:00:00Z,93.96018655048566,72.33500000000001
2026-08-05T16:00:00Z,134.34740575136533,135.07999999999998
2026-08-05T17:00:00Z,182.22784292618127,173.8975
2026-08-05T18:00:00Z,196.56785776944358,187.4625
2026-08-05T19:00:00Z,186.09760978248153,203.7375
2026-08-05T20:00:00Z,166.45201417428507,190.8125
2026-08-05T21:00:00Z,147.58591550934415,166.105
2026-08-05T22:00:00Z,128.07706832915423,162.5125
2026-08-05T23:00:00Z,122.33397760925274,155.2025
2026-08-06T00:00:00Z,111.48306649015828,146.6975
2026-08-06T01:00:00Z,112.65611726382801,137.83
2026-08-06T02:00:00Z,111.20534307878418,134.06
2026-08-06T03:00:00Z,118.80767064092889,135.7525
2026-08-06T04:00:00Z,130.03351263462864,156.0475
2026-08-06T05:00:00Z,125.23406844116778,149.32999999999998
2026-08-06T06:00:00Z,101.63269267060787,139.2225
2026-08-06T07:00:00Z,66.51937630836574,95.57
2026-08-06T08:00:00Z,31.480053346674687,25.085
2026-08-06T09:00:00Z,-10.412971844105911,0.145
2026-08-06T10:00:00Z,-24.22796698375616,-0.0849999999999999
2026-08-06T11:00:00Z,-35.30015461950232,-1.3575
2026-08-06T12:00:00Z,-32.47754310413059,-1.29
2026-08-06T13:00:00Z,-23.5918051986077,-0.335
2026-08-06T14:00:00Z,6.771775400146552,0.0075
2026-08-06T15:00:00Z,48.29669757863453,38.425
2026-08-06T16:00:00Z,92.58819864085542,114.48
2026-08-06T17:00:00Z,134.07448687028324,143.1775
2026-08-06T18:00:00Z,149.56617014832494,162.6925
2026-08-06T19:00:00Z,148.65114419010337,167.14
2026-08-06T20:00:00Z,137.9599755168559,169.45499999999998
2026-08-06T21:00:00Z,123.12579569555135,158.4475
2026-08-06T22:00:00Z,120.66271722308088,145.0725
2026-08-06T23:00:00Z,117.96514623352667,138.655
2026-08-07T00:00:00Z,109.76130141784145,131.12
2026-08-07T01:00:00Z,109.62763376933648,129.0675
2026-08-07T02:00:00Z,115.82470144632686,131.575
2026-08-07T03:00:00Z,126.39527370527898,141.33249999999998
2026-08-07T04:00:00Z,140.27970761852316,156.16750000000002
2026-08-07T05:00:00Z,135.28377849281745,154.9725
2026-08-07T06:00:00Z,110.9445530652515,145.5775
2026-08-07T07:00:00Z,77.355531209759,126.1175
2026-08-07T08:00:00Z,43.24833208238105,102.1625
2026-08-07T09:00:00Z,13.550150844421466,66.5125
2026-08-07T10:00:00Z,2.9166995926291577,28.15
2026-08-07T11:00:00Z,-3.982161871180324,13.0175
2026-08-07T12:00:00Z,-1.858694762256519,18.7275
2026-08-07T13:00:00Z,2.1984035013828986,44.34
2026-08-07T14:00:00Z,28.959765411755214,87.34
2026-08-07T15:00:00Z,67.5975362347063,118.6675
2026-08-07T16:00:00Z,115.33313154729458,144.71
2026-08-07T17:00:00Z,153.48112584786878,172.6025
2026-08-07T18:00:00Z,167.21439714051394,195.1225
2026-08-07T19:00:00Z,164.06483130513988,194.65
2026-08-07T20:00:00Z,151.15956462128423,178.0875
2026-08-07T21:00:00Z,140.79201844728414,166.095
2026-08-07T22:00:00Z,131.58641833745713,155.74
2026-08-07T23:00:00Z,127.68515512076537,149.0
2026-08-08T00:00:00Z,123.89529180585129,145.2375
2026-08-08T01:00:00Z,124.04797865151687,145.92
2026-08-08T02:00:00Z,126.84982931059682,143.865
2026-08-08T03:00:00Z,130.99398241575608,145.695
2026-08-08T04:00:00Z,131.797855811132,146.2625
2026-08-08T05:00:00Z,114.54610166283283,137.6975
2026-08-08T06:00:00Z,82.90693831451553,115.0325
2026-08-08T07:00:00Z,36.36918242663039,62.545
2026-08-08T08:00:00Z,7.96263653755949,3.86
2026-08-08T09:00:00Z,-18.6919916345598,-1.5174999999999998
2026-08-08T10:00:00Z,-40.91707671353903,-5.9875
2026-08-08T11:00:00Z,-50.94483683325126,-10.9975
2026-08-08T12:00:00Z,-46.32667130919735,-12.1525
2026-08-08T13:00:00Z,-29.833317103734828,-7.012499999999999
2026-08-08T14:00:00Z,5.511582634629107,-0.5625
2026-08-08T15:00:00Z,62.09714182775605,68.16499999999999
2026-08-08T16:00:00Z,116.31678523884082,140.0
2026-08-08T17:00:00Z,161.38851993252598,167.865
2026-08-08T18:00:00Z,176.07561254278022,184.6575
2026-08-08T19:00:00Z,161.81064326675067,179.4975
2026-08-08T20:00:00Z,143.91866867926063,170.85
2026-08-08T21:00:00Z,129.87975308192978,154.42000000000002
2026-08-08T22:00:00Z,116.8590912197256,145.27499999999998
2026-08-08T23:00:00Z,110.03834521626347,139.345
2026-08-09T00:00:00Z,101.09176853227115,136.4425
2026-08-09T01:00:00Z,100.57410886673009,133.95
2026-08-09T02:00:00Z,101.63229092043431,134.0275
2026-08-09T03:00:00Z,105.93727014219537,135.0
2026-08-09T04:00:00Z,105.85301184661128,131.7975
2026-08-09T05:00:00Z,89.9000139558026,118.1875
2026-08-09T06:00:00Z,61.85235498632652,91.6275
2026-08-09T07:00:00Z,16.062230319270945,27.49
2026-08-09T08:00:00Z,-16.91529576659083,0.3025
2026-08-09T09:00:00Z,-27.81876331687471,-0.0475
2026-08-09T10:00:00Z,-36.77868985229571,-2.6500000000000004
2026-08-09T11:00:00Z,-36.6167972277987,-5.08
2026-08-09T12:00:00Z,-28.504063774190072,-2.0625
2026-08-09T13:00:00Z,-13.606818953318765,-0.0325
2026-08-09T14:00:00Z,11.231769796573246,3.78
2026-08-09T15:00:00Z,72.37590342465923,82.45
2026-08-09T16:00:00Z,128.21024815179487,151.1875
2026-08-09T17:00:00Z,168.6929233474605,169.0275
2026-08-09T18:00:00Z,179.85934546908288,176.09
2026-08-09T19:00:00Z,169.0390127140423,174.1325
2026-08-09T20:00:00Z,153.1191898517102,170.0
2026-08-09T21:00:00Z,140.71009755323468,157.15
2026-08-09T22:00:00Z,126.9300200737251,146.4725
2026-08-09T23:00:00Z,125.83214159911674,138.015
2026-08-10T00:00:00Z,125.92875437232479,131.495
2026-08-10T01:00:00Z,126.51219428386472,126.925
2026-08-10T02:00:00Z,128.89385317780904,127.475
2026-08-10T03:00:00Z,138.58787348136485,143.075
2026-08-10T04:00:00Z,152.0009937350215,163.2425
2026-08-10T05:00:00Z,141.98132035569563,164.70749999999998
2026-08-10T06:00:00Z,116.30828784956438,160.885
2026-08-10T07:00:00Z,75.28328377429447,138.8825
2026-08-10T08:00:00Z,43.93825338273065,111.6075
2026-08-10T09:00:00Z,17.078869092407466,79.1375
2026-08-10T10:00:00Z,3.286851999810594,36.785
2026-08-10T11:00:00Z,-2.618563489680355,9.1425
2026-08-10T12:00:00Z,-1.4465825950444042,4.3375
2026-08-10T13:00:00Z,12.960304586566068,10.0
2026-08-10T14:00:00Z,27.06619644248088,48.9475
2026-08-10T15:00:00Z,66.82811051795699,106.1575
2026-08-10T16:00:00Z,110.53215558648571,137.7
2026-08-10T17:00:00Z,143.57990572945818,165.70749999999998
2026-08-10T18:00:00Z,155.78114775928205,176.9525
2026-08-10T19:00:00Z,149.0731233666721,181.5325
2026-08-10T20:00:00Z,136.23207256121756,169.185
2026-08-10T21:00:00Z,122.89179650073112,151.44
2026-08-10T22:00:00Z,106.98677729327127,139.1975
2026-08-10T23:00:00Z,102.45595875555105,140.9875
2026-08-11T00:00:00Z,94.99352446981172,136.1975
2026-08-11T01:00:00Z,96.91023342575627,128.7325
2026-08-11T02:00:00Z,99.72691204790488,129.9225
2026-08-11T03:00:00Z,111.90515755520602,140.04
2026-08-11T04:00:00Z,126.39023140747133,156.7925
2026-08-11T05:00:00Z,123.19060526484489,157.86
2026-08-11T06:00:00Z,100.91736820289135,143.7875
2026-08-11T07:00:00Z,67.302380051694,110.825
2026-08-11T08:00:00Z,29.124409370481473,57.8475
2026-08-11T09:00:00Z,6.057557312663334,9.5325
2026-08-11T10:00:00Z,-13.7233547430707,0.0175
2026-08-11T11:00:00Z,-21.39479285137284,-0.1025
2026-08-11T12:00:00Z,-18.92880484978079,-0.09
2026-08-11T13:00:00Z,-9.961585070117678,3.1375
2026-08-11T14:00:00Z,21.167453136109863,44.4825
2026-08-11T15:00:00Z,78.66606429523156,109.875
2026-08-11T16:00:00Z,130.09880191184862,146.4975
2026-08-11T17:00:00Z,173.14105565703971,178.29000000000002
2026-08-11T18:00:00Z,189.81897145310836,198.9775
2026-08-11T19:00:00Z,180.95172220161814,189.34
2026-08-11T20:00:00Z,163.9485746423528,172.92000000000002
2026-08-11T21:00:00Z,152.36329598828732,154.1
2026-08-11T22:00:00Z,142.80698359791234,155.2825
2026-08-11T23:00:00Z,143.7969012514354,149.505
2026-08-12T00:00:00Z,137.87640705319842,143.3
2026-08-12T01:00:00Z,137.75863680885226,139.7525
2026-08-12T02:00:00Z,140.53905792305525,139.9
2026-08-12T03:00:00Z,150.91475140850514,153.5
2026-08-12T04:00:00Z,163.17362659666884,172.575
2026-08-12T05:00:00Z,152.89285991554175,167.5425
2026-08-12T06:00:00Z,122.98615915907887,155.2125
2026-08-12T07:00:00Z,78.86469476209953,128.7275
2026-08-12T08:00:00Z,30.29832550359754,87.585
2026-08-12T09:00:00Z,-2.3358417824132687,40.3425
2026-08-12T10:00:00Z,-16.465163487938085,14.75
2026-08-12T11:00:00Z,-23.151999374018047,3.55
2026-08-12T12:00:00Z,-15.994735892906874,14.97
2026-08-12T13:00:00Z,-6.102840363899574,40.7375
2026-08-12T14:00:00Z,27.02307059023535,97.7075
2026-08-12T15:00:00Z,88.14147660079465,140.5875
2026-08-12T16:00:00Z,138.19150265621795,183.5225
2026-08-12T17:00:00Z,179.64325737961184,300.0
2026-08-12T18:00:00Z,187.76041160977238,300.2075
2026-08-12T19:00:00Z,169.79932587881814,229.62
2026-08-12T20:00:00Z,148.58820316122717,190.6625
2026-08-12T21:00:00Z,132.20911666163977,172.1
2026-08-12T22:00:00Z,120.19080276324493,154.1025
2026-08-12T23:00:00Z,117.34545899226961,147.5925
2026-08-13T00:00:00Z,111.74813051578347,143.4225
2026-08-13T01:00:00Z,113.55987015623957,142.7225
2026-08-13T02:00:00Z,118.92481679358809,144.92000000000002
2026-08-13T03:00:00Z,131.64706976640394,157.3975
2026-08-13T04:00:00Z,146.33848655649547,174.23250000000002
2026-08-13T05:00:00Z,137.04916444588838,171.0975
2026-08-13T06:00:00Z,111.96290548460992,156.8
2026-08-13T07:00:00Z,78.51549317341214,135.65
2026-08-13T08:00:00Z,35.895319925731684,109.595
2026-08-13T09:00:00Z,11.032669685881345,51.7275
2026-08-13T10:00:00Z,-4.98562327007491,2.805
2026-08-13T11:00:00Z,-12.11177590468921,0.0
2026-08-13T12:00:00Z,-6.453131235465506,2.52
2026-08-13T13:00:00Z,10.783933524466022,44.44
2026-08-13T14:00:00Z,44.61351622964794,111.4775
2026-08-13T15:00:00Z,98.87108767062023,150.0075
2026-08-13T16:00:00Z,152.82937978366158,203.9975
2026-08-13T17:00:00Z,210.84090593170325,326.6
2026-08-13T18:00:00Z,210.95249034407033,338.8625
2026-08-13T19:00:00Z,171.7054826846814,270.01
2026-08-13T20:00:00Z,145.47773539907416,213.4825
2026-08-13T21:00:00Z,128.06079326743605,176.1725
2026-08-13T22:00:00Z,112.81914998470386,158.8675
2026-08-13T23:00:00Z,108.13523416988255,151.86
2026-08-14T00:00:00Z,102.01510355781787,145.73000000000002
2026-08-14T01:00:00Z,103.8009186440505,142.05
2026-08-14T02:00:00Z,110.78533460068792,143.9075
2026-08-14T03:00:00Z,124.03860964353981,154.6975
2026-08-14T04:00:00Z,138.2992521789464,171.95999999999998
2026-08-14T05:00:00Z,132.17951634931796,170.0825
2026-08-14T06:00:00Z,113.41714472941774,151.835
2026-08-14T07:00:00Z,84.1447069094994,135.20000000000002
2026-08-14T08:00:00Z,49.6209411830291,104.4625
2026-08-14T09:00:00Z,19.099848388791244,63.615
2026-08-14T10:00:00Z,-3.2461532156550987,25.0
2026-08-14T11:00:00Z,-7.280315186312805,8.0025
2026-08-14T12:00:00Z,-2.103166358982719,17.305
2026-08-14T13:00:00Z,18.825592721756436,65.79
2026-08-14T14:00:00Z,58.13267254459388,116.32
2026-08-14T15:00:00Z,114.45299314826622,143.655
2026-08-14T16:00:00Z,167.4756899654211,179.99
2026-08-14T17:00:00Z,225.61361895779135,246.81
2026-08-14T18:00:00Z,225.58771608231635,263.725
2026-08-14T19:00:00Z,191.7749375969659,231.57
2026-08-14T20:00:00Z,162.87612630464838,198.0
2026-08-14T21:00:00Z,140.93020954214097,177.5175
2026-08-14T22:00:00Z,124.4251775690752,169.4475
2026-08-14T23:00:00Z,119.23221603473243,162.3975
2026-08-15T00:00:00Z,114.76687056962047,156.9025
2026-08-15T01:00:00Z,115.24717803560038,156.9375
2026-08-15T02:00:00Z,116.55842119149322,154.515
2026-08-15T03:00:00Z,121.33252151168745,153.8425
2026-08-15T04:00:00Z,127.7983608614822,156.9825
2026-08-15T05:00:00Z,116.09608283307283,151.935
2026-08-15T06:00:00Z,90.71830029528464,137.2825
2026-08-15T07:00:00Z,65.78817375386852,109.675
2026-08-15T08:00:00Z,33.815889866524365,60.995000000000005
2026-08-15T09:00:00Z,11.903969075797107,21.215
2026-08-15T10:00:00Z,-3.63763158589002,4.3675
2026-08-15T11:00:00Z,-13.426350905068205,1.0074999999999998
2026-08-15T12:00:00Z,-9.777562353144958,4.32
2026-08-15T13:00:00Z,13.71137519466437,15.0975
2026-08-15T14:00:00Z,44.36229801630182,68.5875
2026-08-15T15:00:00Z,90.65830605598086,130.4625
2026-08-15T16:00:00Z,135.61419834651386,164.5125
2026-08-15T17:00:00Z,178.73002858544885,179.965
2026-08-15T18:00:00Z,185.97817819917435,184.99
2026-08-15T19:00:00Z,171.10567857168292,183.3425
2026-08-15T20:00:00Z,158.06359466654115,179.5925
2026-08-15T21:00:00Z,147.60342618683356,173.99
2026-08-15T22:00:00Z,137.74450976474748,174.3125
2026-08-15T23:00:00Z,136.32741758687712,168.58749999999998
2026-08-16T00:00:00Z,128.57461361112314,165.32999999999998
2026-08-16T01:00:00Z,123.01444649422615,157.535
2026-08-16T02:00:00Z,124.64551826035125,156.9
2026-08-16T03:00:00Z,125.52118596978195,156.945
2026-08-16T04:00:00Z,127.15728132114373,156.6
2026-08-16T05:00:00Z,121.35307176254031,150.37
2026-08-16T06:00:00Z,101.15559895269989,145.83249999999998
2026-08-16T07:00:00Z,71.42881840663476,124.365
2026-08-16T08:00:00Z,38.87708867389296,96.9
2026-08-16T09:00:00Z,5.03410429237158,61.23
2026-08-16T10:00:00Z,-12.461321445216598,43.53
2026-08-16T11:00:00Z,-19.324015401266394,27.3375
2026-08-16T12:00:00Z,-16.486940800757466,36.5575
2026-08-16T13:00:00Z,-3.481443211022764,67.7025
2026-08-16T14:00:00Z,40.391638285433714,116.135
2026-08-16T15:00:00Z,86.64817968471485,145.325
2026-08-16T16:00:00Z,128.51202745854164,169.4375
2026-08-16T17:00:00Z,157.38113261325523,187.97
2026-08-16T18:00:00Z,168.59457822886736,200.0175
2026-08-16T19:00:00Z,161.7513657363072,205.675
2026-08-16T20:00:00Z,156.53582431449985,206.535
2026-08-16T21:00:00Z,147.25058317821345,192.6475
2026-08-16T22:00:00Z,145.42558997750314,192.1275
2026-08-16T23:00:00Z,142.29932340341122,178.81
2026-08-17T00:00:00Z,139.30225812790889,163.9
2026-08-17T01:00:00Z,137.27081226187505,160.28
2026-08-17T02:00:00Z,140.81167197607502,159.07
2026-08-17T03:00:00Z,151.94117799779838,174.9675
2026-08-17T04:00:00Z,168.57175421679977,197.4
2026-08-17T05:00:00Z,171.52308906218425,205.15
2026-08-17T06:00:00Z,164.65321232531977,208.6125
2026-08-17T07:00:00Z,145.63754630467096,198.79
2026-08-17T08:00:00Z,125.58872290548669,175.4875
2026-08-17T09:00:00Z,110.48658517820003,166.9725
2026-08-17T10:00:00Z,97.68920587028632,154.285
2026-08-17T11:00:00Z,85.23204923307993,150.1925
2026-08-17T12:00:00Z,81.03363476005484,141.2975
2026-08-17T13:00:00Z,78.62275201625879,139.885
2026-08-17T14:00:00Z,92.57894177998003,140.085
2026-08-17T15:00:00Z,113.0249069344271,152.0225
2026-08-17T16:00:00Z,135.99590738678984,177.1
2026-08-17T17:00:00Z,160.42626537851527,204.1025
2026-08-17T18:00:00Z,170.01967714503579,213.4
2026-08-17T19:00:00Z,164.807191334506,210.0025
2026-08-17T20:00:00Z,157.57988718449295,197.705
2026-08-17T21:00:00Z,146.17684350087322,179.92000000000002
2026-08-17T22:00:00Z,137.70783568840935,173.5675
2026-08-17T23:00:00Z,132.51221716085152,159.7875
2026-08-18T00:00:00Z,124.04420365889209,150.805
2026-08-18T01:00:00Z,126.90744859014976,148.39249999999998
2026-08-18T02:00:00Z,131.1438818973327,149.22
2026-08-18T03:00:00Z,142.5751300360496,159.03
2026-08-18T04:00:00Z,160.17131058836065,187.78
2026-08-18T05:00:00Z,164.02784665528173,192.5725
2026-08-18T06:00:00Z,159.55428943538797,185.22
2026-08-18T07:00:00Z,144.24088574157986,161.43
2026-08-18T08:00:00Z,128.58673238028985,152.3825
2026-08-18T09:00:00Z,115.6229092857443,145.64249999999998
2026-08-18T10:00:00Z,108.97387426706472,136.575
2026-08-18T11:00:00Z,103.36602375739969,131.8525
2026-08-18T12:00:00Z,97.71086344309481,130.5375
2026-08-18T13:00:00Z,92.91338417527916,132.4425
2026-08-18T14:00:00Z,101.4933383094674,138.9475
2026-08-18T15:00:00Z,122.64840115829895,154.1525
2026-08-18T16:00:00Z,142.1051166245582,178.555
2026-08-18T17:00:00Z,163.0228466041511,197.6825
2026-08-18T18:00:00Z,167.21833812121474,200.395
2026-08-18T19:00:00Z,157.27836613433047,198.795
2026-08-18T20:00:00Z,143.4219837681098,191.385
2026-08-18T21:00:00Z,128.28500484637442,177.1425
2026-08-18T22:00:00Z,126.48620498335755,176.6
2026-08-18T23:00:00Z,119.61265221286003,157.6
2026-08-19T00:00:00Z,109.90437164570154,151.4125
2026-08-19T01:00:00Z,109.06653838119078,147.3
2026-08-19T02:00:00Z,113.57681355453619,148.995
2026-08-19T03:00:00Z,122.16916823943845,161.665
2026-08-19T04:00:00Z,140.43473859139732,184.7375
2026-08-19T05:00:00Z,140.0676230019533,192.63
2026-08-19T06:00:00Z,128.93042968500444,190.865
2026-08-19T07:00:00Z,104.32909355852038,169.675
2026-08-19T08:00:00Z,83.33943300864506,152.66750000000002
2026-08-19T09:00:00Z,65.93058384928204,142.96
2026-08-19T10:00:00Z,54.835134074900935,136.08249999999998
2026-08-19T11:00:00Z,48.25880853594359,128.20499999999998
2026-08-19T12:00:00Z,53.97548639307962,127.7725
2026-08-19T13:00:00Z,49.76084258377479,131.0075
2026-08-19T14:00:00Z,67.13418525003704,138.3175
2026-08-19T15:00:00Z,93.74084477022623,153.6425
2026-08-19T16:00:00Z,127.83449259486241,183.735
2026-08-19T17:00:00Z,162.78131768116245,207.5525
2026-08-19T18:00:00Z,171.21376657215887,209.445
2026-08-19T19:00:00Z,169.19000706536673,206.1225
2026-08-19T20:00:00Z,159.15766926699914,199.0975
2026-08-19T21:00:00Z,148.42437838431158,186.5475
2026-08-19T22:00:00Z,136.64150866244466,172.7125
2026-08-19T23:00:00Z,130.30799546201538,162.35000000000002
2026-08-20T00:00:00Z,123.41101518964732,153.73250000000002
2026-08-20T01:00:00Z,121.89989341458919,147.99
2026-08-20T02:00:00Z,126.06501738973853,148.4925
2026-08-20T03:00:00Z,136.58503632620034,159.55
2026-08-20T04:00:00Z,153.7376901804675,182.8
2026-08-20T05:00:00Z,154.1413995441967,186.4325
2026-08-20T06:00:00Z,137.00182179375793,171.7475
2026-08-20T07:00:00Z,106.64458326555514,154.505
2026-08-20T08:00:00Z,79.13012601802066,135.74
2026-08-20T09:00:00Z,56.633381662440605,109.455
2026-08-20T10:00:00Z,39.18838687111869,83.63
2026-08-20T11:00:00Z,29.80979220744927,63.7075
2026-08-20T12:00:00Z,32.360922532166605,69.44
2026-08-20T13:00:00Z,42.732730508666535,91.2075
2026-08-20T14:00:00Z,65.94108444112555,106.005
2026-08-20T15:00:00Z,98.60968231502471,144.2
2026-08-20T16:00:00Z,139.4706462456914,164.245
2026-08-20T17:00:00Z,177.68865445921725,192.2225
2026-08-20T18:00:00Z,186.62157696375465,200.6
2026-08-20T19:00:00Z,172.811316484332,195.6175
2026-08-20T20:00:00Z,155.4979597680301,187.9275
2026-08-20T21:00:00Z,138.8914941026471,173.015
2026-08-20T22:00:00Z,127.46670686120136,170.35
2026-08-20T23:00:00Z,121.39934071454601,160.49
2026-08-21T00:00:00Z,113.13860851154416,152.4875
2026-08-21T01:00:00Z,114.186394040771,151.47500000000002
2026-08-21T02:00:00Z,120.15126291780544,153.21
2026-08-21T03:00:00Z,131.71051161198574,165.875
2026-08-21T04:00:00Z,150.03639890191874,189.21
2026-08-21T05:00:00Z,148.3019411109516,193.89
2026-08-21T06:00:00Z,130.526733778866,192.585
2026-08-21T07:00:00Z,110.49503626770128,167.82999999999998
2026-08-21T08:00:00Z,91.62824000757405,149.0
2026-08-21T09:00:00Z,76.66613450407458,138.8825
2026-08-21T10:00:00Z,69.73770156286747,135.21
2026-08-21T11:00:00Z,69.98351624472599,140.495
2026-08-21T12:00:00Z,78.1229792630038,141.1725
2026-08-21T13:00:00Z,93.56202500867022,149.7475
2026-08-21T14:00:00Z,109.29315295374653,166.49
2026-08-21T15:00:00Z,133.23138292763386,186.2075
2026-08-21T16:00:00Z,150.88228559527903,196.99
2026-08-21T17:00:00Z,172.09780627432218,204.415
2026-08-21T18:00:00Z,169.36994260307603,203.905
2026-08-21T19:00:00Z,159.57722500592905,198.715
2026-08-21T20:00:00Z,148.35429248767136,187.3575
2026-08-21T21:00:00Z,137.7762177964799,173.5
2026-08-21T22:00:00Z,128.82852726384365,168.0075
2026-08-21T23:00:00Z,121.7136983791217,161.535
2026-08-22T00:00:00Z,114.77867320976043,158.7125
2026-08-22T01:00:00Z,110.9878925333314,154.39
2026-08-22T02:00:00Z,111.41603972195654,148.5
2026-08-22T03:00:00Z,113.31077757514913,145.5075
2026-08-22T04:00:00Z,117.68687125859304,153.89
2026-08-22T05:00:00Z,111.63047875644094,144.005
2026-08-22T06:00:00Z,96.222447149202,128.13
2026-08-22T07:00:00Z,71.82732842852035,90.2675
2026-08-22T08:00:00Z,46.53291733859726,50.295
2026-08-22T09:00:00Z,28.67610666513078,19.8125
2026-08-22T10:00:00Z,6.006440469813128,0.9975
2026-08-22T11:00:00Z,-3.072656448297977,-0.005
2026-08-22T12:00:00Z,-5.47745110488205,-0.01
2026-08-22T13:00:00Z,-1.4733784926480382,-0.0975
2026-08-22T14:00:00Z,27.3650707274632,-0.0025
2026-08-22T15:00:00Z,60.919417702686204,28.39
2026-08-22T16:00:00Z,96.9542775515581,105.0725
2026-08-22T17:00:00Z,133.5789691264752,149.15
2026-08-22T18:00:00Z,140.3453167680604,164.1625
2026-08-22T19:00:00Z,131.3419573153365,168.2025
2026-08-22T20:00:00Z,120.78217364850605,155.70749999999998
2026-08-22T21:00:00Z,112.60382005201319,141.12
2026-08-22T22:00:00Z,105.83931900929551,132.6725
2026-08-22T23:00:00Z,103.16776954604883,125.82
2026-08-23T00:00:00Z,98.39320136962056,119.365
2026-08-23T01:00:00Z,96.39654204911218,116.21
2026-08-23T02:00:00Z,99.15613830242931,114.7425
2026-08-23T03:00:00Z,98.8546139120584,116.735
2026-08-23T04:00:00Z,105.53201428032952,116.7075
2026-08-23T05:00:00Z,91.49102636002095,102.0925
2026-08-23T06:00:00Z,62.84920758760347,49.83
2026-08-23T07:00:00Z,30.770459800435034,1.005
2026-08-23T08:00:00Z,-3.151739614826738,-0.5700000000000001
2026-08-23T09:00:00Z,-16.51220914576473,-1.83
2026-08-23T10:00:00Z,-28.632265815782546,-3.035
2026-08-23T11:00:00Z,-31.811601488060077,-4.9975000000000005
2026-08-23T12:00:00Z,-28.78048802125818,-4.2325
2026-08-23T13:00:00Z,-20.985717370047098,-1.4775
2026-08-23T14:00:00Z,6.702974388794146,-0.5325
2026-08-23T15:00:00Z,42.30358396206364,48.375
2026-08-23T16:00:00Z,97.5297685640022,144.4225
2026-08-23T17:00:00Z,143.51741586432956,180.2
2026-08-23T18:00:00Z,156.43209017682483,185.89
2026-08-23T19:00:00Z,155.05224644145966,178.05
2026-08-23T20:00:00Z,143.38046054557407,172.6775
2026-08-23T21:00:00Z,134.28850147597453,165.45
2026-08-23T22:00:00Z,131.98589660550604,160.93
2026-08-23T23:00:00Z,127.3510884263341,152.6225
2026-08-24T00:00:00Z,125.15701119235669,147.8825
2026-08-24T01:00:00Z,128.5348738303575,148.735
2026-08-24T02:00:00Z,133.7502661639909,151.2975
2026-08-24T03:00:00Z,147.6807501182219,172.67000000000002
2026-08-24T04:00:00Z,165.22626207010583,205.67
2026-08-24T05:00:00Z,161.4871401819343,206.4
2026-08-24T06:00:00Z,126.34449004147109,176.78
2026-08-24T07:00:00Z,83.895315003869,141.345
2026-08-24T08:00:00Z,58.821211912350975,112.5725
2026-08-24T09:00:00Z,35.99703389615696,80.26
2026-08-24T10:00:00Z,24.141404620441328,55.6325
2026-08-24T11:00:00Z,17.811838730356627,34.145
2026-08-24T12:00:00Z,17.988145928620185,35.6575
2026-08-24T13:00:00Z,24.623213573636306,72.4975
2026-08-24T14:00:00Z,56.72985126589252,102.0875
2026-08-24T15:00:00Z,96.47097771897572,143.46
2026-08-24T16:00:00Z,150.7996027319917,182.335
2026-08-24T17:00:00Z,186.07177115663967,219.37
2026-08-24T18:00:00Z,184.97654656007305,219.5275
2026-08-24T19:00:00Z,168.19697673126447,188.0275
2026-08-24T20:00:00Z,154.06082494102895,171.775
2026-08-24T21:00:00Z,141.93635008616644,154.725
2026-08-24T22:00:00Z,131.06720173719668,152.34
2026-08-24T23:00:00Z,123.98184108882215,146.825
2026-08-25T00:00:00Z,116.18885548576803,142.415
2026-08-25T01:00:00Z,118.60562182803984,140.005
2026-08-25T02:00:00Z,121.09194572474534,141.62
2026-08-25T03:00:00Z,131.9565698955144,149.57999999999998
2026-08-25T04:00:00Z,148.94106272214847,171.415
2026-08-25T05:00:00Z,145.61763505948983,180.66
2026-08-25T06:00:00Z,126.09309982002023,171.405
2026-08-25T07:00:00Z,98.09020201004785,145.4375
2026-08-25T08:00:00Z,72.0767433547619,117.46
2026-08-25T09:00:00Z,49.08289541883417,83.145
2026-08-25T10:00:00Z,23.445855259473298,67.1575
2026-08-25T11:00:00Z,16.3747659000625,62.2075
2026-08-25T12:00:00Z,30.309273205066006,68.4625
2026-08-25T13:00:00Z,45.46696026030948,84.9975
2026-08-25T14:00:00Z,70.93669112581259,114.4025
2026-08-25T15:00:00Z,105.05449271424436,147.0525
2026-08-25T16:00:00Z,141.09343506502398,178.7825
2026-08-25T17:00:00Z,167.89885786174753,209.3075
2026-08-25T18:00:00Z,163.0723030916515,205.1425
2026-08-25T19:00:00Z,140.05547079832365,182.4925
2026-08-25T20:00:00Z,125.81226245847232,172.26749999999998
2026-08-25T21:00:00Z,114.62948688622129,159.66
2026-08-25T22:00:00Z,113.7847741398596,164.0275
2026-08-25T23:00:00Z,110.65592032401857,157.0575
2026-08-26T00:00:00Z,104.0910098067419,151.64249999999998
2026-08-26T01:00:00Z,104.4670576341824,149.6
2026-08-26T02:00:00Z,110.66360187037665,151.7575
2026-08-26T03:00:00Z,121.68156370621935,160.465
2026-08-26T04:00:00Z,140.6679176673502,185.13
2026-08-26T05:00:00Z,145.52736476190475,195.5375
2026-08-26T06:00:00Z,135.13769552867507,193.52
2026-08-26T07:00:00Z,106.18892391869835,166.6225
2026-08-26T08:00:00Z,75.87291122679478,137.48
2026-08-26T09:00:00Z,46.60907734040657,120.66
2026-08-26T10:00:00Z,20.968846421751437,98.605
2026-08-26T11:00:00Z,14.322642797007774,89.54
2026-08-26T12:00:00Z,29.640734688125804,91.97
2026-08-26T13:00:00Z,38.80266905458541,102.5525
2026-08-26T14:00:00Z,61.500625179707285,122.5075
2026-08-26T15:00:00Z,94.61603891573196,156.97
2026-08-26T16:00:00Z,130.67104081821003,185.625
2026-08-26T17:00:00Z,159.86581617795338,211.245
2026-08-26T18:00:00Z,154.95536155317393,201.7775
2026-08-26T19:00:00Z,134.47961098445,178.6925
2026-08-26T20:00:00Z,115.76898609466042,163.58749999999998
2026-08-26T21:00:00Z,103.24469620419174,151.1125
2026-08-26T22:00:00Z,94.9306522568286,148.555
2026-08-26T23:00:00Z,91.8588828702768,142.175
2026-08-27T00:00:00Z,87.02865123176453,135.17000000000002
2026-08-27T01:00:00Z,87.58420297839265,134.4225
2026-08-27T02:00:00Z,89.61849357640068,136.19
2026-08-27T03:00:00Z,98.78966291579698,146.56
2026-08-27T04:00:00Z,115.80155277747205,167.58249999999998
2026-08-27T05:00:00Z,117.41256059187563,174.14499999999998
2026-08-27T06:00:00Z,101.66917100104055,160.3875
2026-08-27T07:00:00Z,72.51241209336305,124.6525
2026-08-27T08:00:00Z,43.837027693779376,104.1025
2026-08-27T09:00:00Z,11.376757632781377,57.5775
2026-08-27T10:00:00Z,-1.8065701950504973,21.6825
2026-08-27T11:00:00Z,-7.149570602090208,6.5725
2026-08-27T12:00:00Z,-2.406156794234775,14.1925
2026-08-27T13:00:00Z,12.384303175941312,45.3825
2026-08-27T14:00:00Z,49.546932700631466,96.15
2026-08-27T15:00:00Z,92.41380440284152,141.7
2026-08-27T16:00:00Z,134.41635611868142,173.8125
2026-08-27T17:00:00Z,159.2901537196327,199.2625
2026-08-27T18:00:00Z,150.48053513073194,191.4875
2026-08-27T19:00:00Z,131.7323045432264,175.92000000000002
2026-08-27T20:00:00Z,116.0340974249595,164.92000000000002
2026-08-27T21:00:00Z,104.61245508666642,150.39
2026-08-27T22:00:00Z,102.81731556408987,139.52249999999998
2026-08-27T23:00:00Z,106.29909438272138,139.2875
2026-08-28T00:00:00Z,100.55334385677234,138.2425
2026-08-28T01:00:00Z,103.1825875003152,138.8
2026-08-28T02:00:00Z,107.40272155920259,139.09
2026-08-28T03:00:00Z,117.57761649339182,146.76749999999998
2026-08-28T04:00:00Z,139.29978590888575,171.0075
2026-08-28T05:00:00Z,141.90956655743264,177.98
2026-08-28T06:00:00Z,131.69276115853955,169.47
2026-08-28T07:00:00Z,111.3540833569242,155.1525
2026-08-28T08:00:00Z,98.44026381151156,137.64
2026-08-28T09:00:00Z,77.52663960081796,121.5825
2026-08-28T10:00:00Z,60.008120251293796,110.89
2026-08-28T11:00:00Z,49.077551658761735,96.2375
2026-08-28T12:00:00Z,54.98074106877169,104.0
2026-08-28T13:00:00Z,64.91438021378879,114.37
2026-08-28T14:00:00Z,85.00034303198387,119.56
2026-08-28T15:00:00Z,116.64644686903758,143.2025
2026-08-28T16:00:00Z,139.25082583876622,160.48
2026-08-28T17:00:00Z,159.8320485882245,172.54
2026-08-28T18:00:00Z,150.82486624118883,176.76999999999998
2026-08-28T19:00:00Z,138.78171958417744,166.11
2026-08-28T20:00:00Z,123.45545567740673,161.445
2026-08-28T21:00:00Z,105.5804175989638,145.1325
2026-08-28T22:00:00Z,87.86975796317604,141.58
